ISO-10303-21;
HEADER;
FILE_DESCRIPTION (( 'STEP AP214' ),
    '1' );
FILE_NAME ('Bateria_Lítio.STEP',
    '2025-02-03T15:38:45',
    ( '' ),
    ( '' ),
    'SwSTEP 2.0',
    'SolidWorks 2023',
    '' );
FILE_SCHEMA (( 'AUTOMOTIVE_DESIGN' ));
ENDSEC;

DATA;
#1 = B_SPLINE_CURVE_WITH_KNOTS ( 'NONE', 3,
 ( #638, #1601, #596, #277, #452, #1884, #2043, #1233 ),
 .UNSPECIFIED., .F., .F.,
 ( 4, 2, 2, 4 ),
 ( 1.971141739478221053E-07, 0.0003160599242738619725, 0.0004739913293238044961, 0.0006319227343737469655 ),
 .UNSPECIFIED. ) ;
#2 = CARTESIAN_POINT ( 'NONE',  ( 0.000000000000000000, 64.00000000000000000, 0.000000000000000000 ) ) ;
#3 = CARTESIAN_POINT ( 'NONE',  ( 5.427984782584698742, 64.74069619900592443, 1.741280046526084480 ) ) ;
#4 = AXIS2_PLACEMENT_3D ( 'NONE', #1969, #522, #1620 ) ;
#5 = VERTEX_POINT ( 'NONE', #1023 ) ;
#6 = CARTESIAN_POINT ( 'NONE',  ( -1.679355475539301645, 64.75000000000000000, 5.342262178775593284 ) ) ;
#7 = FILL_AREA_STYLE ('',( #1435 ) ) ;
#8 = EDGE_CURVE ( 'NONE', #1525, #1443, #1684, .T. ) ;
#9 = SURFACE_SIDE_STYLE ('',( #112 ) ) ;
#10 = SURFACE_STYLE_FILL_AREA ( #487 ) ;
#11 = SURFACE_STYLE_FILL_AREA ( #65 ) ;
#12 = UNCERTAINTY_MEASURE_WITH_UNIT (LENGTH_MEASURE( 1.000000000000000082E-05 ), #1082, 'distance_accuracy_value', 'NONE');
#13 = CARTESIAN_POINT ( 'NONE',  ( 5.342262178775607495, 64.75000000000000000, -1.679355475539257680 ) ) ;
#14 = ORIENTED_EDGE ( 'NONE', *, *, #55, .T. ) ;
#15 = FILL_AREA_STYLE ('',( #1269 ) ) ;
#16 = PRESENTATION_LAYER_ASSIGNMENT (  '', '', ( #1486 ) ) ;
#17 = SURFACE_STYLE_FILL_AREA ( #301 ) ;
#18 = CARTESIAN_POINT ( 'NONE',  ( 0.000000000000000000, 64.00000000000000000, -6.999999999999999112 ) ) ;
#19 = EDGE_LOOP ( 'NONE', ( #1731, #1000 ) ) ;
#20 = DIRECTION ( 'NONE',  ( 0.000000000000000000, 1.000000000000000000, 0.000000000000000000 ) ) ;
#21 = MECHANICAL_DESIGN_GEOMETRIC_PRESENTATION_REPRESENTATION (  '', ( #1549 ), #1550 ) ;
#22 = EDGE_CURVE ( 'NONE', #685, #1653, #52, .T. ) ;
#23 = FILL_AREA_STYLE_COLOUR ( '', #1482 ) ;
#24 =( LENGTH_UNIT ( ) NAMED_UNIT ( * ) SI_UNIT ( .MILLI., .METRE. ) );
#25 = EDGE_LOOP ( 'NONE', ( #699, #41 ) ) ;
#26 = DIRECTION ( 'NONE',  ( 0.000000000000000000, 1.000000000000000000, 0.000000000000000000 ) ) ;
#27 = CARTESIAN_POINT ( 'NONE',  ( 5.186735045225424834, 64.75000000000000000, -1.502590952530191704 ) ) ;
#28 =( GEOMETRIC_REPRESENTATION_CONTEXT ( 3 ) GLOBAL_UNCERTAINTY_ASSIGNED_CONTEXT ( ( #251 ) ) GLOBAL_UNIT_ASSIGNED_CONTEXT ( ( #955, #40, #824 ) ) REPRESENTATION_CONTEXT ( 'NONE', 'WORKASPACE' ) );
#29 = EDGE_LOOP ( 'NONE', ( #100, #1935, #1947, #1630 ) ) ;
#30 = DIRECTION ( 'NONE',  ( 0.000000000000000000, 0.000000000000000000, -1.000000000000000000 ) ) ;
#31 = AXIS2_PLACEMENT_3D ( 'NONE', #858, #2047, #1060 ) ;
#32 = CYLINDRICAL_SURFACE ( 'NONE', #972, 0.7143966439049403983 ) ;
#33 = EDGE_CURVE ( 'NONE', #637, #976, #1953, .T. ) ;
#34 = CARTESIAN_POINT ( 'NONE',  ( 0.000000000000000000, -0.2500000000000000000, 0.000000000000000000 ) ) ;
#35 = AXIS2_PLACEMENT_3D ( 'NONE', #1511, #1367, #2011 ) ;
#36 = ADVANCED_FACE ( 'NONE', ( #754 ), #1406, .F. ) ;
#37 = DIRECTION ( 'NONE',  ( -0.000000000000000000, -1.000000000000000000, -0.000000000000000000 ) ) ;
#38 = DIRECTION ( 'NONE',  ( -0.000000000000000000, -1.000000000000000000, -0.000000000000000000 ) ) ;
#39 = ORIENTED_EDGE ( 'NONE', *, *, #1909, .F. ) ;
#40 =( NAMED_UNIT ( * ) PLANE_ANGLE_UNIT ( ) SI_UNIT ( $, .RADIAN. ) );
#41 = ORIENTED_EDGE ( 'NONE', *, *, #1809, .F. ) ;
#42 = CARTESIAN_POINT ( 'NONE',  ( 0.000000000000000000, 64.00000000000000000, -9.000000000000000000 ) ) ;
#43 = UNCERTAINTY_MEASURE_WITH_UNIT (LENGTH_MEASURE( 1.000000000000000082E-05 ), #1465, 'distance_accuracy_value', 'NONE');
#44 = FILL_AREA_STYLE_COLOUR ( '', #529 ) ;
#45 = CIRCLE ( 'NONE', #1813, 0.5000000000000004441 ) ;
#46 = EDGE_LOOP ( 'NONE', ( #907, #355, #129, #1394 ) ) ;
#47 = DIRECTION ( 'NONE',  ( 0.000000000000000000, 1.000000000000000000, 0.000000000000000000 ) ) ;
#48 = DIRECTION ( 'NONE',  ( 0.000000000000000000, 1.000000000000000000, 0.000000000000000000 ) ) ;
#49 = ORIENTED_EDGE ( 'NONE', *, *, #1327, .T. ) ;
#50 = SURFACE_STYLE_FILL_AREA ( #526 ) ;
#51 = CIRCLE ( 'NONE', #635, 0.7143966439049406203 ) ;
#52 = CIRCLE ( 'NONE', #601, 5.999999999999999112 ) ;
#53 = SURFACE_STYLE_FILL_AREA ( #1485 ) ;
#54 = AXIS2_PLACEMENT_3D ( 'NONE', #1059, #1835, #82 ) ;
#55 = EDGE_CURVE ( 'NONE', #717, #1154, #1028, .T. ) ;
#56 = ORIENTED_EDGE ( 'NONE', *, *, #2004, .F. ) ;
#57 = CYLINDRICAL_SURFACE ( 'NONE', #1747, 5.399999999999645972 ) ;
#58 = ORIENTED_EDGE ( 'NONE', *, *, #55, .F. ) ;
#59 = PRESENTATION_STYLE_ASSIGNMENT (( #1318 ) ) ;
#60 = VERTEX_POINT ( 'NONE', #779 ) ;
#61 = SURFACE_SIDE_STYLE ('',( #1493 ) ) ;
#62 = DIRECTION ( 'NONE',  ( 0.000000000000000000, 1.000000000000000000, -0.000000000000000000 ) ) ;
#63 = ORIENTED_EDGE ( 'NONE', *, *, #1461, .T. ) ;
#64 = ADVANCED_FACE ( 'NONE', ( #116 ), #581, .T. ) ;
#65 = FILL_AREA_STYLE ('',( #633 ) ) ;
#66 = FILL_AREA_STYLE ('',( #1989 ) ) ;
#67 = CIRCLE ( 'NONE', #1263, 6.999999999999999112 ) ;
#68 = CARTESIAN_POINT ( 'NONE',  ( 1.835296699752298366, 64.35000000000000853, 5.712415078045850692 ) ) ;
#69 = CIRCLE ( 'NONE', #713, 8.499999999999998224 ) ;
#70 = ORIENTED_EDGE ( 'NONE', *, *, #359, .F. ) ;
#71 = SURFACE_STYLE_USAGE ( .BOTH. , #1510 ) ;
#72 = VECTOR ( 'NONE', #157, 1000.000000000000000 ) ;
#73 =( LENGTH_UNIT ( ) NAMED_UNIT ( * ) SI_UNIT ( .MILLI., .METRE. ) );
#74 = ORIENTED_EDGE ( 'NONE', *, *, #866, .T. ) ;
#75 = DIRECTION ( 'NONE',  ( 0.000000000000000000, 1.000000000000000000, 0.000000000000000000 ) ) ;
#76 =( GEOMETRIC_REPRESENTATION_CONTEXT ( 3 ) GLOBAL_UNCERTAINTY_ASSIGNED_CONTEXT ( ( #508 ) ) GLOBAL_UNIT_ASSIGNED_CONTEXT ( ( #1066, #1865, #1396 ) ) REPRESENTATION_CONTEXT ( 'NONE', 'WORKASPACE' ) );
#77 = STYLED_ITEM ( 'NONE', ( #1404 ), #2056 ) ;
#78 = CARTESIAN_POINT ( 'NONE',  ( 5.712415078045528283, 64.00000000000000000, -1.835296699751983063 ) ) ;
#79 = ORIENTED_EDGE ( 'NONE', *, *, #503, .T. ) ;
#80 = DIRECTION ( 'NONE',  ( 0.000000000000000000, 0.000000000000000000, -1.000000000000000000 ) ) ;
#81 = VERTEX_POINT ( 'NONE', #2039 ) ;
#82 = DIRECTION ( 'NONE',  ( 0.000000000000000000, 0.000000000000000000, 1.000000000000000000 ) ) ;
#83 =( NAMED_UNIT ( * ) PLANE_ANGLE_UNIT ( ) SI_UNIT ( $, .RADIAN. ) );
#84 = ADVANCED_FACE ( 'NONE', ( #284 ), #1913, .F. ) ;
#85 = AXIS2_PLACEMENT_3D ( 'NONE', #885, #721, #266 ) ;
#86 = FILL_AREA_STYLE ('',( #868 ) ) ;
#87 = ADVANCED_FACE ( 'NONE', ( #1159 ), #1819, .F. ) ;
#88 = UNCERTAINTY_MEASURE_WITH_UNIT (LENGTH_MEASURE( 1.000000000000000082E-05 ), #1068, 'distance_accuracy_value', 'NONE');
#89 = VERTEX_POINT ( 'NONE', #509 ) ;
#90 = MECHANICAL_DESIGN_GEOMETRIC_PRESENTATION_REPRESENTATION (  '', ( #1640 ), #1798 ) ;
#91 = ORIENTED_EDGE ( 'NONE', *, *, #1123, .F. ) ;
#92 = B_SPLINE_CURVE_WITH_KNOTS ( 'NONE', 3,
 ( #1094, #937, #620, #752, #598, #1592, #1911, #281 ),
 .UNSPECIFIED., .F., .F.,
 ( 4, 2, 2, 4 ),
 ( 1.971141738491204265E-07, 0.0003160599242738313438, 0.0004739913293238079113, 0.0006319227343737845873 ),
 .UNSPECIFIED. ) ;
#93 = DIRECTION ( 'NONE',  ( 0.000000000000000000, -1.000000000000000000, 0.000000000000000000 ) ) ;
#94 = PRESENTATION_LAYER_ASSIGNMENT (  '', '', ( #961 ) ) ;
#95 = EDGE_CURVE ( 'NONE', #206, #1833, #1344, .T. ) ;
#96 = ORIENTED_EDGE ( 'NONE', *, *, #121, .T. ) ;
#97 = PRODUCT ( 'Bateria_L\X2\00ed\X0\tio', 'Bateria_L\X2\00ed\X0\tio', '', ( #1898 ) ) ;
#98 = MECHANICAL_DESIGN_GEOMETRIC_PRESENTATION_REPRESENTATION (  '', ( #961 ), #590 ) ;
#99 = AXIS2_PLACEMENT_3D ( 'NONE', #194, #495, #796 ) ;
#100 = ORIENTED_EDGE ( 'NONE', *, *, #922, .F. ) ;
#101 = DIRECTION ( 'NONE',  ( 1.000000000000000000, -0.000000000000000000, 1.224646799147353207E-16 ) ) ;
#102 = STYLED_ITEM ( 'NONE', ( #357 ), #1943 ) ;
#103 = FACE_OUTER_BOUND ( 'NONE', #708, .T. ) ;
#104 = CARTESIAN_POINT ( 'NONE',  ( 0.000000000000000000, 64.00000000000000000, 0.000000000000000000 ) ) ;
#105 = FILL_AREA_STYLE_COLOUR ( '', #776 ) ;
#106 = CLOSED_SHELL ( 'NONE', ( #1004, #1943, #1215, #220, #780, #1015, #275, #658, #153, #160, #1420, #1856, #1906, #1288, #176, #36, #1119, #1515, #1922, #234, #1031, #603, #317 ) ) ;
#107 = EDGE_CURVE ( 'NONE', #461, #350, #1278, .T. ) ;
#108 =( GEOMETRIC_REPRESENTATION_CONTEXT ( 3 ) GLOBAL_UNCERTAINTY_ASSIGNED_CONTEXT ( ( #1033 ) ) GLOBAL_UNIT_ASSIGNED_CONTEXT ( ( #1213, #1866, #235 ) ) REPRESENTATION_CONTEXT ( 'NONE', 'WORKASPACE' ) );
#109 = ORIENTED_EDGE ( 'NONE', *, *, #719, .F. ) ;
#110 =( LENGTH_UNIT ( ) NAMED_UNIT ( * ) SI_UNIT ( .MILLI., .METRE. ) );
#111 = DIRECTION ( 'NONE',  ( -0.000000000000000000, -1.000000000000000000, -0.000000000000000000 ) ) ;
#112 = SURFACE_STYLE_FILL_AREA ( #646 ) ;
#113 = CYLINDRICAL_SURFACE ( 'NONE', #1624, 0.7143966439049401762 ) ;
#114 = LINE ( 'NONE', #136, #1018 ) ;
#115 = VECTOR ( 'NONE', #1395, 1000.000000000000000 ) ;
#116 = FACE_OUTER_BOUND ( 'NONE', #1903, .T. ) ;
#117 = CARTESIAN_POINT ( 'NONE',  ( 0.000000000000000000, 64.75000000000000000, 0.000000000000000000 ) ) ;
#118 = FILL_AREA_STYLE ('',( #1715 ) ) ;
#119 = ORIENTED_EDGE ( 'NONE', *, *, #1769, .T. ) ;
#120 = CARTESIAN_POINT ( 'NONE',  ( 0.000000000000000000, 0.5000000000000000000, -6.999999999999999112 ) ) ;
#121 = EDGE_CURVE ( 'NONE', #1999, #1789, #835, .T. ) ;
#122 = FILL_AREA_STYLE ('',( #750 ) ) ;
#123 =( NAMED_UNIT ( * ) PLANE_ANGLE_UNIT ( ) SI_UNIT ( $, .RADIAN. ) );
#124 = COLOUR_RGB ( '',0.3843137254901960453, 0.7294117647058823151, 1.000000000000000000 ) ;
#125 =( NAMED_UNIT ( * ) PLANE_ANGLE_UNIT ( ) SI_UNIT ( $, .RADIAN. ) );
#126 = FILL_AREA_STYLE ('',( #1254 ) ) ;
#127 = CARTESIAN_POINT ( 'NONE',  ( 0.000000000000000000, 64.40000000000000568, -5.999999999999999112 ) ) ;
#128 = CARTESIAN_POINT ( 'NONE',  ( 5.186735045225432827, 64.75000000000000000, 1.502590952530811430 ) ) ;
#129 = ORIENTED_EDGE ( 'NONE', *, *, #1225, .T. ) ;
#130 = DIRECTION ( 'NONE',  ( 0.000000000000000000, 1.000000000000000000, -0.000000000000000000 ) ) ;
#131 = AXIS2_PLACEMENT_3D ( 'NONE', #2024, #1216, #1429 ) ;
#132 = DIRECTION ( 'NONE',  ( 0.000000000000000000, 1.000000000000000000, 0.000000000000000000 ) ) ;
#133 = CIRCLE ( 'NONE', #828, 5.999999999999999112 ) ;
#134 = CARTESIAN_POINT ( 'NONE',  ( -1.835296699752291483, 64.00000000000000000, -5.712415078045216532 ) ) ;
#135 = CARTESIAN_POINT ( 'NONE',  ( 0.000000000000000000, 0.5000000000000004441, 0.000000000000000000 ) ) ;
#136 = CARTESIAN_POINT ( 'NONE',  ( 1.835296699752298366, 64.00000000000000000, 5.712415078045850692 ) ) ;
#137 = SHAPE_DEFINITION_REPRESENTATION ( #1362, #794 ) ;
#138 = DIRECTION ( 'NONE',  ( 0.000000000000000000, 0.000000000000000000, 1.000000000000000000 ) ) ;
#139 = CARTESIAN_POINT ( 'NONE',  ( 1.801134819141255283, 64.67227621057827491, -5.558272214358190411 ) ) ;
#140 = AXIS2_PLACEMENT_3D ( 'NONE', #290, #874, #1246 ) ;
#141 = ORIENTED_EDGE ( 'NONE', *, *, #687, .F. ) ;
#142 = FACE_OUTER_BOUND ( 'NONE', #1609, .T. ) ;
#143 =( NAMED_UNIT ( * ) SI_UNIT ( $, .STERADIAN. ) SOLID_ANGLE_UNIT ( ) );
#144 = CIRCLE ( 'NONE', #54, 5.999999999999999112 ) ;
#145 = ORIENTED_EDGE ( 'NONE', *, *, #707, .T. ) ;
#146 = CARTESIAN_POINT ( 'NONE',  ( 5.186735045225432827, 64.00000000000000000, 1.502590952530811430 ) ) ;
#147 =( NAMED_UNIT ( * ) SI_UNIT ( $, .STERADIAN. ) SOLID_ANGLE_UNIT ( ) );
#148 = CARTESIAN_POINT ( 'NONE',  ( 5.515662857857518198, 64.70177179493047959, 1.785497497603728556 ) ) ;
#149 =( NAMED_UNIT ( * ) SI_UNIT ( $, .STERADIAN. ) SOLID_ANGLE_UNIT ( ) );
#150 = FILL_AREA_STYLE ('',( #1748 ) ) ;
#151 = DIRECTION ( 'NONE',  ( 0.000000000000000000, -0.000000000000000000, 1.000000000000000000 ) ) ;
#152 = MECHANICAL_DESIGN_GEOMETRIC_PRESENTATION_REPRESENTATION (  '', ( #1141 ), #804 ) ;
#153 = ADVANCED_FACE ( 'NONE', ( #829 ), #839, .T. ) ;
#154 = PRESENTATION_LAYER_ASSIGNMENT (  '', '', ( #1640 ) ) ;
#155 = ORIENTED_EDGE ( 'NONE', *, *, #1212, .F. ) ;
#156 = CARTESIAN_POINT ( 'NONE',  ( -1.832753844873317162, 64.56048560185431029, 5.667363097442159159 ) ) ;
#157 = DIRECTION ( 'NONE',  ( -0.000000000000000000, 1.000000000000000000, -0.000000000000000000 ) ) ;
#158 = CYLINDRICAL_SURFACE ( 'NONE', #691, 5.999999999999999112 ) ;
#159 = SURFACE_SIDE_STYLE ('',( #973 ) ) ;
#160 = ADVANCED_FACE ( 'NONE', ( #1672 ), #1799, .T. ) ;
#161 = ORIENTED_EDGE ( 'NONE', *, *, #329, .T. ) ;
#162 = AXIS2_PLACEMENT_3D ( 'NONE', #2051, #1803, #1302 ) ;
#163 = FACE_OUTER_BOUND ( 'NONE', #1013, .T. ) ;
#164 = ORIENTED_EDGE ( 'NONE', *, *, #1668, .T. ) ;
#165 = FILL_AREA_STYLE_COLOUR ( '', #1021 ) ;
#166 = SURFACE_STYLE_USAGE ( .BOTH. , #1613 ) ;
#167 = CIRCLE ( 'NONE', #1399, 0.7143966439049402872 ) ;
#168 = DIRECTION ( 'NONE',  ( 0.000000000000000000, 1.000000000000000000, 0.000000000000000000 ) ) ;
#169 = SURFACE_STYLE_USAGE ( .BOTH. , #159 ) ;
#170 = UNCERTAINTY_MEASURE_WITH_UNIT (LENGTH_MEASURE( 1.000000000000000082E-05 ), #339, 'distance_accuracy_value', 'NONE');
#171 = PRESENTATION_STYLE_ASSIGNMENT (( #1617 ) ) ;
#172 = CARTESIAN_POINT ( 'NONE',  ( 0.000000000000000000, 0.000000000000000000, 0.000000000000000000 ) ) ;
#173 = ORIENTED_EDGE ( 'NONE', *, *, #1292, .F. ) ;
#174 = CARTESIAN_POINT ( 'NONE',  ( -5.515662857857698498, 64.70177179493047959, -1.785497497603186101 ) ) ;
#175 = AXIS2_PLACEMENT_3D ( 'NONE', #1373, #2018, #1234 ) ;
#176 = ADVANCED_FACE ( 'NONE', ( #1680 ), #1387, .F. ) ;
#177 = VERTEX_POINT ( 'NONE', #1530 ) ;
#178 = CIRCLE ( 'NONE', #1343, 6.499999999999999112 ) ;
#179 = PLANE ( 'NONE',  #1594 ) ;
#180 = AXIS2_PLACEMENT_3D ( 'NONE', #892, #1052, #447 ) ;
#181 = EDGE_CURVE ( 'NONE', #1971, #768, #144, .T. ) ;
#182 = CARTESIAN_POINT ( 'NONE',  ( -5.186735045225435492, 64.75000000000000000, 1.502590952530817425 ) ) ;
#183 = DIRECTION ( 'NONE',  ( -0.000000000000000000, 1.000000000000000000, -0.000000000000000000 ) ) ;
#184 = ORIENTED_EDGE ( 'NONE', *, *, #95, .T. ) ;
#185 = FILL_AREA_STYLE_COLOUR ( '', #609 ) ;
#186 = DIRECTION ( 'NONE',  ( 0.000000000000000000, 0.000000000000000000, -1.000000000000000000 ) ) ;
#187 = STYLED_ITEM ( 'NONE', ( #428 ), #467 ) ;
#188 = ORIENTED_EDGE ( 'NONE', *, *, #370, .T. ) ;
#189 = PLANE ( 'NONE',  #1982 ) ;
#190 = CIRCLE ( 'NONE', #1071, 5.399999999999616662 ) ;
#191 = CARTESIAN_POINT ( 'NONE',  ( 0.000000000000000000, 64.40000000000000568, 0.000000000000000000 ) ) ;
#192 = PRESENTATION_LAYER_ASSIGNMENT (  '', '', ( #654 ) ) ;
#193 = ORIENTED_EDGE ( 'NONE', *, *, #820, .T. ) ;
#194 = CARTESIAN_POINT ( 'NONE',  ( 0.000000000000000000, -0.2500000000000000000, 0.000000000000000000 ) ) ;
#195 = VERTEX_POINT ( 'NONE', #711 ) ;
#196 = COLOUR_RGB ( '',0.3843137254901960453, 0.7294117647058823151, 1.000000000000000000 ) ;
#197 = UNCERTAINTY_MEASURE_WITH_UNIT (LENGTH_MEASURE( 1.000000000000000082E-05 ), #73, 'distance_accuracy_value', 'NONE');
#198 = CARTESIAN_POINT ( 'NONE',  ( 0.000000000000000000, 64.35000000000000853, 0.000000000000000000 ) ) ;
#199 = CIRCLE ( 'NONE', #1777, 9.000000000000000000 ) ;
#200 = EDGE_CURVE ( 'NONE', #1306, #844, #1921, .T. ) ;
#201 = VECTOR ( 'NONE', #1447, 1000.000000000000000 ) ;
#202 = DIRECTION ( 'NONE',  ( 0.000000000000000000, 0.000000000000000000, 1.000000000000000000 ) ) ;
#203 = PRESENTATION_STYLE_ASSIGNMENT (( #1924 ) ) ;
#204 = ORIENTED_EDGE ( 'NONE', *, *, #1273, .T. ) ;
#205 = DIRECTION ( 'NONE',  ( 0.000000000000000000, 0.000000000000000000, -1.000000000000000000 ) ) ;
#206 = VERTEX_POINT ( 'NONE', #1551 ) ;
#207 = CARTESIAN_POINT ( 'NONE',  ( -1.835296699752283711, 64.00000000000000000, 5.712415078045823158 ) ) ;
#208 = AXIS2_PLACEMENT_3D ( 'NONE', #104, #1217, #1871 ) ;
#209 = CARTESIAN_POINT ( 'NONE',  ( 0.000000000000000000, 84.29898987322333426, 0.000000000000000000 ) ) ;
#210 = MANIFOLD_SOLID_BREP ( 'Ressalto-extrusão3', #1521 ) ;
#211 = EDGE_CURVE ( 'NONE', #397, #1443, #1374, .T. ) ;
#212 = ORIENTED_EDGE ( 'NONE', *, *, #1476, .F. ) ;
#213 = CARTESIAN_POINT ( 'NONE',  ( -1.502590952530500346, 64.00000000000000000, 5.186735045225740137 ) ) ;
#214 = ORIENTED_EDGE ( 'NONE', *, *, #576, .T. ) ;
#215 = DIRECTION ( 'NONE',  ( -0.000000000000000000, -1.000000000000000000, 0.000000000000000000 ) ) ;
#216 = CIRCLE ( 'NONE', #1428, 0.7143966439049397321 ) ;
#217 = VECTOR ( 'NONE', #841, 1000.000000000000000 ) ;
#218 = CARTESIAN_POINT ( 'NONE',  ( 0.000000000000000000, 64.35000000000000853, 0.000000000000000000 ) ) ;
#219 = VERTEX_POINT ( 'NONE', #587 ) ;
#220 = ADVANCED_FACE ( 'NONE', ( #1221 ), #1876, .T. ) ;
#221 = SURFACE_STYLE_USAGE ( .BOTH. , #1405 ) ;
#222 = ORIENTED_EDGE ( 'NONE', *, *, #1981, .T. ) ;
#223 = DIRECTION ( 'NONE',  ( 0.000000000000000000, -1.000000000000000000, 0.000000000000000000 ) ) ;
#224 = PRESENTATION_LAYER_ASSIGNMENT (  '', '', ( #748 ) ) ;
#225 = SURFACE_SIDE_STYLE ('',( #11 ) ) ;
#226 = FACE_OUTER_BOUND ( 'NONE', #521, .T. ) ;
#227 = AXIS2_PLACEMENT_3D ( 'NONE', #1570, #424, #2059 ) ;
#228 = PLANE ( 'NONE',  #1363 ) ;
#229 = STYLED_ITEM ( 'NONE', ( #374 ), #1403 ) ;
#230 = ORIENTED_EDGE ( 'NONE', *, *, #980, .T. ) ;
#231 = CIRCLE ( 'NONE', #1126, 5.999999999999999112 ) ;
#232 = ORIENTED_EDGE ( 'NONE', *, *, #1879, .T. ) ;
#233 = SURFACE_STYLE_USAGE ( .BOTH. , #856 ) ;
#234 = ADVANCED_FACE ( 'NONE', ( #466 ), #1886, .T. ) ;
#235 =( NAMED_UNIT ( * ) SI_UNIT ( $, .STERADIAN. ) SOLID_ANGLE_UNIT ( ) );
#236 = EDGE_CURVE ( 'NONE', #1632, #2016, #231, .T. ) ;
#237 = TOROIDAL_SURFACE ( 'NONE', #1587, 8.499999999999998224, 0.5000000000000000000 ) ;
#238 = STYLED_ITEM ( 'NONE', ( #1432 ), #84 ) ;
#239 = AXIS2_PLACEMENT_3D ( 'NONE', #1186, #2017, #1045 ) ;
#240 = CYLINDRICAL_SURFACE ( 'NONE', #300, 6.999999999999999112 ) ;
#241 = VERTEX_POINT ( 'NONE', #1247 ) ;
#242 = EDGE_LOOP ( 'NONE', ( #334, #954 ) ) ;
#243 = DIRECTION ( 'NONE',  ( 0.000000000000000000, 0.000000000000000000, -1.000000000000000000 ) ) ;
#244 = CARTESIAN_POINT ( 'NONE',  ( -1.835296699752283711, 64.00000000000000000, 5.712415078045823158 ) ) ;
#245 = DIRECTION ( 'NONE',  ( -0.000000000000000000, -1.000000000000000000, -0.000000000000000000 ) ) ;
#246 = SURFACE_STYLE_USAGE ( .BOTH. , #1019 ) ;
#247 = EDGE_CURVE ( 'NONE', #1194, #1268, #1402, .T. ) ;
#248 = AXIS2_PLACEMENT_3D ( 'NONE', #117, #449, #623 ) ;
#249 = PRESENTATION_LAYER_ASSIGNMENT (  '', '', ( #2062 ) ) ;
#250 = CARTESIAN_POINT ( 'NONE',  ( 1.125517989408451935, 64.00000000000000000, -5.793512224513365005 ) ) ;
#251 = UNCERTAINTY_MEASURE_WITH_UNIT (LENGTH_MEASURE( 1.000000000000000082E-05 ), #955, 'distance_accuracy_value', 'NONE');
#252 = ORIENTED_EDGE ( 'NONE', *, *, #1339, .F. ) ;
#253 =( GEOMETRIC_REPRESENTATION_CONTEXT ( 3 ) GLOBAL_UNCERTAINTY_ASSIGNED_CONTEXT ( ( #197 ) ) GLOBAL_UNIT_ASSIGNED_CONTEXT ( ( #73, #1544, #741 ) ) REPRESENTATION_CONTEXT ( 'NONE', 'WORKASPACE' ) );
#254 = EDGE_LOOP ( 'NONE', ( #79, #1537, #862, #930, #1915 ) ) ;
#255 = DIRECTION ( 'NONE',  ( 0.000000000000000000, -1.000000000000000000, 0.000000000000000000 ) ) ;
#256 = FILL_AREA_STYLE_COLOUR ( '', #1545 ) ;
#257 = MECHANICAL_DESIGN_GEOMETRIC_PRESENTATION_REPRESENTATION (  '', ( #2062 ), #1043 ) ;
#258 =( LENGTH_UNIT ( ) NAMED_UNIT ( * ) SI_UNIT ( .MILLI., .METRE. ) );
#259 = DIRECTION ( 'NONE',  ( 0.000000000000000000, 1.000000000000000000, 0.000000000000000000 ) ) ;
#260 = AXIS2_PLACEMENT_3D ( 'NONE', #1599, #437, #151 ) ;
#261 = CARTESIAN_POINT ( 'NONE',  ( 0.000000000000000000, 64.00000000000000000, 0.000000000000000000 ) ) ;
#262 = EDGE_CURVE ( 'NONE', #653, #854, #442, .T. ) ;
#263 = DIRECTION ( 'NONE',  ( 0.000000000000000000, 0.000000000000000000, 1.000000000000000000 ) ) ;
#264 = CARTESIAN_POINT ( 'NONE',  ( -1.125517989408450603, 64.75000000000000000, -5.793512224513365005 ) ) ;
#265 = ORIENTED_EDGE ( 'NONE', *, *, #1292, .T. ) ;
#266 = DIRECTION ( 'NONE',  ( 0.000000000000000000, 0.000000000000000000, -1.000000000000000000 ) ) ;
#267 = CARTESIAN_POINT ( 'NONE',  ( 5.793512224513676756, 64.75000000000000000, 1.125517989408759911 ) ) ;
#268 =( LENGTH_UNIT ( ) NAMED_UNIT ( * ) SI_UNIT ( .MILLI., .METRE. ) );
#269 = CARTESIAN_POINT ( 'NONE',  ( 1.502590952530505009, 64.00000000000000000, -5.186735045225120189 ) ) ;
#270 = DIRECTION ( 'NONE',  ( -0.000000000000000000, 1.000000000000000000, -0.000000000000000000 ) ) ;
#271 = AXIS2_PLACEMENT_3D ( 'NONE', #2026, #1888, #420 ) ;
#272 = CARTESIAN_POINT ( 'NONE',  ( 0.000000000000000000, 84.29898987322333426, 0.000000000000000000 ) ) ;
#273 = FILL_AREA_STYLE_COLOUR ( '', #1841 ) ;
#274 = CARTESIAN_POINT ( 'NONE',  ( 1.502590952530505897, 64.00000000000000000, 5.186735045225739249 ) ) ;
#275 = ADVANCED_FACE ( 'NONE', ( #1114 ), #1201, .T. ) ;
#276 = VERTEX_POINT ( 'NONE', #643 ) ;
#277 = CARTESIAN_POINT ( 'NONE',  ( -1.801254325400043266, 64.67188729656388091, -5.558669985542835867 ) ) ;
#278 = PRESENTATION_STYLE_ASSIGNMENT (( #1719 ) ) ;
#279 = ORIENTED_EDGE ( 'NONE', *, *, #2019, .T. ) ;
#280 = SURFACE_SIDE_STYLE ('',( #407 ) ) ;
#281 = CARTESIAN_POINT ( 'NONE',  ( 1.679355475539305642, 64.75000000000000000, 5.342262178775592396 ) ) ;
#282 = AXIS2_PLACEMENT_3D ( 'NONE', #1434, #1304, #532 ) ;
#283 = APPLICATION_PROTOCOL_DEFINITION ( 'draft international standard', 'automotive_design', 1998, #349 ) ;
#284 = FACE_OUTER_BOUND ( 'NONE', #1350, .T. ) ;
#285 = VECTOR ( 'NONE', #1964, 1000.000000000000000 ) ;
#286 = DIRECTION ( 'NONE',  ( 0.000000000000000000, -0.000000000000000000, 1.000000000000000000 ) ) ;
#287 = CARTESIAN_POINT ( 'NONE',  ( 1.835296699752291927, 64.00000000000000000, -5.712415078045216532 ) ) ;
#288 = ORIENTED_EDGE ( 'NONE', *, *, #687, .T. ) ;
#289 = DIRECTION ( 'NONE',  ( 0.000000000000000000, 1.000000000000000000, 0.000000000000000000 ) ) ;
#290 = CARTESIAN_POINT ( 'NONE',  ( 0.000000000000000000, 64.75000000000000000, 0.000000000000000000 ) ) ;
#291 = CARTESIAN_POINT ( 'NONE',  ( -1.835296699752291483, 64.00000000000000000, -5.712415078045216532 ) ) ;
#292 = EDGE_CURVE ( 'NONE', #1064, #2003, #942, .T. ) ;
#293 = LINE ( 'NONE', #579, #1187 ) ;
#294 = TOROIDAL_SURFACE ( 'NONE', #2000, 6.499999999999999112, 0.5000000000000000000 ) ;
#295 = MECHANICAL_DESIGN_GEOMETRIC_PRESENTATION_REPRESENTATION (  '', ( #621 ), #1536 ) ;
#296 = CARTESIAN_POINT ( 'NONE',  ( 0.000000000000000000, 84.29898987322333426, 0.000000000000000000 ) ) ;
#297 =( NAMED_UNIT ( * ) PLANE_ANGLE_UNIT ( ) SI_UNIT ( $, .RADIAN. ) );
#298 = ORIENTED_EDGE ( 'NONE', *, *, #408, .T. ) ;
#299 = DIRECTION ( 'NONE',  ( -0.000000000000000000, 1.000000000000000000, -0.000000000000000000 ) ) ;
#300 = AXIS2_PLACEMENT_3D ( 'NONE', #2, #1240, #1579 ) ;
#301 = FILL_AREA_STYLE ('',( #932 ) ) ;
#302 = DIRECTION ( 'NONE',  ( 0.000000000000000000, 0.000000000000000000, 1.000000000000000000 ) ) ;
#303 = EDGE_CURVE ( 'NONE', #1064, #60, #2020, .T. ) ;
#304 = CARTESIAN_POINT ( 'NONE',  ( 8.572527594031472204E-16, 0.2500000000000000000, -6.999999999999999112 ) ) ;
#305 = DIRECTION ( 'NONE',  ( 0.000000000000000000, 1.000000000000000000, 0.000000000000000000 ) ) ;
#306 = CARTESIAN_POINT ( 'NONE',  ( 1.712599186817070462, 64.75000000000034106, -5.383063534160198671 ) ) ;
#307 = DIRECTION ( 'NONE',  ( 0.000000000000000000, -0.000000000000000000, 1.000000000000000000 ) ) ;
#308 = PRESENTATION_LAYER_ASSIGNMENT (  '', '', ( #102 ) ) ;
#309 = AXIS2_PLACEMENT_3D ( 'NONE', #939, #914, #263 ) ;
#310 = VERTEX_POINT ( 'NONE', #134 ) ;
#311 = LINE ( 'NONE', #905, #115 ) ;
#312 = STYLED_ITEM ( 'NONE', ( #1810 ), #160 ) ;
#313 = EDGE_LOOP ( 'NONE', ( #1838, #1743, #49, #1883 ) ) ;
#314 =( NAMED_UNIT ( * ) PLANE_ANGLE_UNIT ( ) SI_UNIT ( $, .RADIAN. ) );
#315 = AXIS2_PLACEMENT_3D ( 'NONE', #1575, #970, #1425 ) ;
#316 =( NAMED_UNIT ( * ) SI_UNIT ( $, .STERADIAN. ) SOLID_ANGLE_UNIT ( ) );
#317 = ADVANCED_FACE ( 'NONE', ( #1744 ), #2064, .F. ) ;
#318 = CARTESIAN_POINT ( 'NONE',  ( 5.793512224513675868, 64.00000000000000000, -1.125517989408142849 ) ) ;
#319 = UNCERTAINTY_MEASURE_WITH_UNIT (LENGTH_MEASURE( 1.000000000000000082E-05 ), #1554, 'distance_accuracy_value', 'NONE');
#320 = CARTESIAN_POINT ( 'NONE',  ( 8.572527594031472204E-16, 0.5000000000000000000, -6.999999999999999112 ) ) ;
#321 = COLOUR_RGB ( '',0.3843137254901960453, 0.7294117647058823151, 1.000000000000000000 ) ;
#322 = ORIENTED_EDGE ( 'NONE', *, *, #1079, .T. ) ;
#323 = CARTESIAN_POINT ( 'NONE',  ( 0.000000000000000000, 0.5000000000000004441, 0.000000000000000000 ) ) ;
#324 = ORIENTED_EDGE ( 'NONE', *, *, #1092, .F. ) ;
#325 = DIRECTION ( 'NONE',  ( 0.000000000000000000, 0.000000000000000000, -1.000000000000000000 ) ) ;
#326 = FILL_AREA_STYLE_COLOUR ( '', #534 ) ;
#327 = ADVANCED_FACE ( 'NONE', ( #1623 ), #179, .T. ) ;
#328 = CARTESIAN_POINT ( 'NONE',  ( 8.572527594031470232E-16, 84.29898987322333426, 6.999999999999999112 ) ) ;
#329 = EDGE_CURVE ( 'NONE', #1268, #1675, #402, .T. ) ;
#330 = ORIENTED_EDGE ( 'NONE', *, *, #965, .F. ) ;
#331 = LINE ( 'NONE', #1791, #1462 ) ;
#332 =( GEOMETRIC_REPRESENTATION_CONTEXT ( 3 ) GLOBAL_UNCERTAINTY_ASSIGNED_CONTEXT ( ( #789 ) ) GLOBAL_UNIT_ASSIGNED_CONTEXT ( ( #1760, #756, #941 ) ) REPRESENTATION_CONTEXT ( 'NONE', 'WORKASPACE' ) );
#333 =( LENGTH_UNIT ( ) NAMED_UNIT ( * ) SI_UNIT ( .MILLI., .METRE. ) );
#334 = ORIENTED_EDGE ( 'NONE', *, *, #200, .F. ) ;
#335 = CARTESIAN_POINT ( 'NONE',  ( 1.364521900847950321E-15, 64.00000000000000000, 3.391384395534657870E-13 ) ) ;
#336 =( NAMED_UNIT ( * ) PLANE_ANGLE_UNIT ( ) SI_UNIT ( $, .RADIAN. ) );
#337 =( GEOMETRIC_REPRESENTATION_CONTEXT ( 3 ) GLOBAL_UNCERTAINTY_ASSIGNED_CONTEXT ( ( #12 ) ) GLOBAL_UNIT_ASSIGNED_CONTEXT ( ( #1082, #971, #1116 ) ) REPRESENTATION_CONTEXT ( 'NONE', 'WORKASPACE' ) );
#338 = MECHANICAL_DESIGN_GEOMETRIC_PRESENTATION_REPRESENTATION (  '', ( #1168 ), #1618 ) ;
#339 =( LENGTH_UNIT ( ) NAMED_UNIT ( * ) SI_UNIT ( .MILLI., .METRE. ) );
#340 = FILL_AREA_STYLE_COLOUR ( '', #1967 ) ;
#341 = UNCERTAINTY_MEASURE_WITH_UNIT (LENGTH_MEASURE( 1.000000000000000082E-05 ), #493, 'distance_accuracy_value', 'NONE');
#342 = DIRECTION ( 'NONE',  ( 0.000000000000000000, 0.000000000000000000, 1.000000000000000000 ) ) ;
#343 = ORIENTED_EDGE ( 'NONE', *, *, #558, .F. ) ;
#344 = DIRECTION ( 'NONE',  ( -0.000000000000000000, 1.000000000000000000, -0.000000000000000000 ) ) ;
#345 = VERTEX_POINT ( 'NONE', #1484 ) ;
#346 = FACE_OUTER_BOUND ( 'NONE', #1533, .T. ) ;
#347 = UNCERTAINTY_MEASURE_WITH_UNIT (LENGTH_MEASURE( 1.000000000000000082E-05 ), #258, 'distance_accuracy_value', 'NONE');
#348 = DIRECTION ( 'NONE',  ( 0.000000000000000000, -1.000000000000000000, 0.000000000000000000 ) ) ;
#349 = APPLICATION_CONTEXT ( 'automotive_design' ) ;
#350 = VERTEX_POINT ( 'NONE', #1138 ) ;
#351 = CARTESIAN_POINT ( 'NONE',  ( -5.558272214358307650, 64.67227621057827491, -1.801134819140877363 ) ) ;
#352 = COLOUR_RGB ( '',0.7529411764705882248, 0.7529411764705882248, 0.7529411764705882248 ) ;
#353 = CARTESIAN_POINT ( 'NONE',  ( 0.000000000000000000, 64.00000000000000000, 0.000000000000000000 ) ) ;
#354 = CIRCLE ( 'NONE', #1527, 5.999999999999999112 ) ;
#355 = ORIENTED_EDGE ( 'NONE', *, *, #1691, .T. ) ;
#356 = EDGE_CURVE ( 'NONE', #1976, #461, #1979, .T. ) ;
#357 = PRESENTATION_STYLE_ASSIGNMENT (( #166 ) ) ;
#358 = SURFACE_STYLE_USAGE ( .BOTH. , #225 ) ;
#359 = EDGE_CURVE ( 'NONE', #1064, #844, #1298, .T. ) ;
#360 = SURFACE_STYLE_USAGE ( .BOTH. , #798 ) ;
#361 = AXIS2_PLACEMENT_3D ( 'NONE', #296, #37, #1757 ) ;
#362 = FILL_AREA_STYLE_COLOUR ( '', #196 ) ;
#363 = EDGE_LOOP ( 'NONE', ( #1649, #230 ) ) ;
#364 =( NAMED_UNIT ( * ) SI_UNIT ( $, .STERADIAN. ) SOLID_ANGLE_UNIT ( ) );
#365 = ORIENTED_EDGE ( 'NONE', *, *, #292, .T. ) ;
#366 = AXIS2_PLACEMENT_3D ( 'NONE', #1781, #665, #812 ) ;
#367 = DIRECTION ( 'NONE',  ( -0.000000000000000000, 1.000000000000000000, -0.000000000000000000 ) ) ;
#368 = DIRECTION ( 'NONE',  ( -0.000000000000000000, -1.000000000000000000, -0.000000000000000000 ) ) ;
#369 = CARTESIAN_POINT ( 'NONE',  ( 8.572527594031472204E-16, 64.00000000000000000, -6.999999999999999112 ) ) ;
#370 = EDGE_CURVE ( 'NONE', #814, #1080, #1859, .T. ) ;
#371 = PRESENTATION_LAYER_ASSIGNMENT (  '', '', ( #996 ) ) ;
#372 = ORIENTED_EDGE ( 'NONE', *, *, #1703, .F. ) ;
#373 = CARTESIAN_POINT ( 'NONE',  ( 7.347880794884116778E-16, 64.00000000000000000, 5.999999999999999112 ) ) ;
#374 = PRESENTATION_STYLE_ASSIGNMENT (( #1652 ) ) ;
#375 = AXIS2_PLACEMENT_3D ( 'NONE', #267, #1385, #1056 ) ;
#376 = ORIENTED_EDGE ( 'NONE', *, *, #1450, .F. ) ;
#377 = PRESENTATION_STYLE_ASSIGNMENT (( #1158 ) ) ;
#378 = COLOUR_RGB ( '',0.6666666666666666297, 0.6980392156862744724, 0.7686274509803920907 ) ;
#379 = DIRECTION ( 'NONE',  ( 0.000000000000000000, -1.000000000000000000, 0.000000000000000000 ) ) ;
#380 = ORIENTED_EDGE ( 'NONE', *, *, #1997, .T. ) ;
#381 = EDGE_CURVE ( 'NONE', #81, #5, #843, .T. ) ;
#382 = PRESENTATION_STYLE_ASSIGNMENT (( #1704 ) ) ;
#383 = ORIENTED_EDGE ( 'NONE', *, *, #405, .F. ) ;
#384 = CARTESIAN_POINT ( 'NONE',  ( 1.364521900847950321E-15, 64.75000000000000000, 3.391384395534657870E-13 ) ) ;
#385 = VECTOR ( 'NONE', #792, 1000.000000000000000 ) ;
#386 = VECTOR ( 'NONE', #1702, 1000.000000000000000 ) ;
#387 = CYLINDRICAL_SURFACE ( 'NONE', #2044, 0.7143966439049397321 ) ;
#388 = VERTEX_POINT ( 'NONE', #1794 ) ;
#389 = ADVANCED_FACE ( 'NONE', ( #995 ), #189, .T. ) ;
#390 = ORIENTED_EDGE ( 'NONE', *, *, #1646, .T. ) ;
#391 = DIRECTION ( 'NONE',  ( 0.000000000000000000, 0.000000000000000000, 1.000000000000000000 ) ) ;
#392 = STYLED_ITEM ( 'NONE', ( #1897 ), #1179 ) ;
#393 = CARTESIAN_POINT ( 'NONE',  ( 7.960204194457794491E-16, 0.2500000000000000000, 6.499999999999999112 ) ) ;
#394 = UNCERTAINTY_MEASURE_WITH_UNIT (LENGTH_MEASURE( 1.000000000000000082E-05 ), #838, 'distance_accuracy_value', 'NONE');
#395 = VERTEX_POINT ( 'NONE', #1010 ) ;
#396 = FILL_AREA_STYLE_COLOUR ( '', #1836 ) ;
#397 = VERTEX_POINT ( 'NONE', #1671 ) ;
#398 = SURFACE_SIDE_STYLE ('',( #1188 ) ) ;
#399 = AXIS2_PLACEMENT_3D ( 'NONE', #1728, #132, #1742 ) ;
#400 = CLOSED_SHELL ( 'NONE', ( #1658, #2023, #84, #936, #419, #1546, #1446, #847, #1992, #389, #1054, #64, #1824, #751 ) ) ;
#401 = VERTEX_POINT ( 'NONE', #42 ) ;
#402 = CIRCLE ( 'NONE', #1854, 5.399999999999616662 ) ;
#403 =( LENGTH_UNIT ( ) NAMED_UNIT ( * ) SI_UNIT ( .MILLI., .METRE. ) );
#404 = ORIENTED_EDGE ( 'NONE', *, *, #247, .F. ) ;
#405 = EDGE_CURVE ( 'NONE', #60, #616, #178, .T. ) ;
#406 = PRESENTATION_STYLE_ASSIGNMENT (( #1692 ) ) ;
#407 = SURFACE_STYLE_FILL_AREA ( #122 ) ;
#408 = EDGE_CURVE ( 'NONE', #89, #206, #434, .T. ) ;
#409 = CARTESIAN_POINT ( 'NONE',  ( 1.364521900847950321E-15, 64.00000000000000000, 3.391384395534657870E-13 ) ) ;
#410 = ORIENTED_EDGE ( 'NONE', *, *, #891, .T. ) ;
#411 = CIRCLE ( 'NONE', #1426, 0.7143966439049406203 ) ;
#412 = ORIENTED_EDGE ( 'NONE', *, *, #381, .T. ) ;
#413 = CYLINDRICAL_SURFACE ( 'NONE', #239, 9.000000000000000000 ) ;
#414 = CARTESIAN_POINT ( 'NONE',  ( 1.102182119232617714E-15, 0.5000000000000004441, 9.000000000000000000 ) ) ;
#415 = APPLICATION_CONTEXT ( 'automotive_design' ) ;
#416 =( GEOMETRIC_REPRESENTATION_CONTEXT ( 3 ) GLOBAL_UNCERTAINTY_ASSIGNED_CONTEXT ( ( #480 ) ) GLOBAL_UNIT_ASSIGNED_CONTEXT ( ( #1839, #718, #2014 ) ) REPRESENTATION_CONTEXT ( 'NONE', 'WORKASPACE' ) );
#417 = DIRECTION ( 'NONE',  ( 0.000000000000000000, 0.000000000000000000, -1.000000000000000000 ) ) ;
#418 =( GEOMETRIC_REPRESENTATION_CONTEXT ( 3 ) GLOBAL_UNCERTAINTY_ASSIGNED_CONTEXT ( ( #648 ) ) GLOBAL_UNIT_ASSIGNED_CONTEXT ( ( #964, #974, #1466 ) ) REPRESENTATION_CONTEXT ( 'NONE', 'WORKASPACE' ) );
#419 = ADVANCED_FACE ( 'NONE', ( #733 ), #413, .T. ) ;
#420 = DIRECTION ( 'NONE',  ( 1.000000000000000000, 0.000000000000000000, 0.000000000000000000 ) ) ;
#421 = CARTESIAN_POINT ( 'NONE',  ( 0.000000000000000000, 64.50000000000000000, 0.000000000000000000 ) ) ;
#422 = DIRECTION ( 'NONE',  ( -0.000000000000000000, -1.000000000000000000, -0.000000000000000000 ) ) ;
#423 = DIRECTION ( 'NONE',  ( 0.000000000000000000, 0.000000000000000000, -1.000000000000000000 ) ) ;
#424 = DIRECTION ( 'NONE',  ( -1.000000000000000000, 0.000000000000000000, 0.000000000000000000 ) ) ;
#425 = CIRCLE ( 'NONE', #1539, 5.999999999999999112 ) ;
#426 = AXIS2_PLACEMENT_3D ( 'NONE', #1907, #1091, #1895 ) ;
#427 = ORIENTED_EDGE ( 'NONE', *, *, #1621, .T. ) ;
#428 = PRESENTATION_STYLE_ASSIGNMENT (( #233 ) ) ;
#429 = DIRECTION ( 'NONE',  ( 0.000000000000000000, 0.000000000000000000, -1.000000000000000000 ) ) ;
#430 = FILL_AREA_STYLE ('',( #1523 ) ) ;
#431 = LINE ( 'NONE', #291, #386 ) ;
#432 = CIRCLE ( 'NONE', #1193, 0.7143966439049406203 ) ;
#433 = CARTESIAN_POINT ( 'NONE',  ( 8.572527594031470232E-16, 64.40000000000000568, 6.999999999999999112 ) ) ;
#434 = CIRCLE ( 'NONE', #1625, 0.7143966439049401762 ) ;
#435 =( NAMED_UNIT ( * ) SI_UNIT ( $, .STERADIAN. ) SOLID_ANGLE_UNIT ( ) );
#436 = CARTESIAN_POINT ( 'NONE',  ( 1.835296699752291927, 64.35000000000000853, -5.712415078045216532 ) ) ;
#437 = DIRECTION ( 'NONE',  ( 0.000000000000000000, 1.000000000000000000, 0.000000000000000000 ) ) ;
#438 = ORIENTED_EDGE ( 'NONE', *, *, #1577, .T. ) ;
#439 = CARTESIAN_POINT ( 'NONE',  ( -1.741280046525667480, 64.74069619900593864, 5.427984782584830192 ) ) ;
#440 = DIRECTION ( 'NONE',  ( -0.000000000000000000, 1.000000000000000000, -0.000000000000000000 ) ) ;
#441 = ORIENTED_EDGE ( 'NONE', *, *, #540, .F. ) ;
#442 = LINE ( 'NONE', #146, #72 ) ;
#443 = FACE_OUTER_BOUND ( 'NONE', #1149, .T. ) ;
#444 = LINE ( 'NONE', #1414, #826 ) ;
#445 = MECHANICAL_DESIGN_GEOMETRIC_PRESENTATION_REPRESENTATION (  '', ( #1697 ), #28 ) ;
#446 = CARTESIAN_POINT ( 'NONE',  ( 5.383063534160165808, 64.75000000000035527, 1.712599186817139296 ) ) ;
#447 = DIRECTION ( 'NONE',  ( 0.000000000000000000, 0.000000000000000000, 1.000000000000000000 ) ) ;
#448 = AXIS2_PLACEMENT_3D ( 'NONE', #1121, #519, #1628 ) ;
#449 = DIRECTION ( 'NONE',  ( 0.000000000000000000, 1.000000000000000000, 0.000000000000000000 ) ) ;
#450 = CARTESIAN_POINT ( 'NONE',  ( 0.000000000000000000, 64.00000000000000000, 0.000000000000000000 ) ) ;
#451 = ORIENTED_EDGE ( 'NONE', *, *, #2033, .T. ) ;
#452 = CARTESIAN_POINT ( 'NONE',  ( -1.785564282739770192, 64.70162568483833354, -5.515859247580618074 ) ) ;
#453 = DIRECTION ( 'NONE',  ( 0.000000000000000000, 0.000000000000000000, -1.000000000000000000 ) ) ;
#454 = STYLED_ITEM ( 'NONE', ( #1440 ), #1535 ) ;
#455 = EDGE_CURVE ( 'NONE', #1314, #473, #562, .T. ) ;
#456 = SURFACE_STYLE_FILL_AREA ( #1436 ) ;
#457 = LINE ( 'NONE', #1745, #723 ) ;
#458 = CARTESIAN_POINT ( 'NONE',  ( 0.000000000000000000, 0.5000000000000000000, 0.000000000000000000 ) ) ;
#459 = DIRECTION ( 'NONE',  ( -0.000000000000000000, -1.000000000000000000, -0.000000000000000000 ) ) ;
#460 = SURFACE_STYLE_FILL_AREA ( #1891 ) ;
#461 = VERTEX_POINT ( 'NONE', #1843 ) ;
#462 = DIRECTION ( 'NONE',  ( -0.000000000000000000, -1.000000000000000000, -0.000000000000000000 ) ) ;
#463 = AXIS2_PLACEMENT_3D ( 'NONE', #763, #910, #1878 ) ;
#464 = DIRECTION ( 'NONE',  ( 0.000000000000000000, 1.000000000000000000, 0.000000000000000000 ) ) ;
#465 = MECHANICAL_DESIGN_GEOMETRIC_PRESENTATION_REPRESENTATION (  '', ( #996 ), #1267 ) ;
#466 = FACE_OUTER_BOUND ( 'NONE', #1826, .T. ) ;
#467 = ADVANCED_FACE ( 'NONE', ( #1718 ), #1360, .F. ) ;
#468 = PRESENTATION_LAYER_ASSIGNMENT (  '', '', ( #1993 ) ) ;
#469 = FILL_AREA_STYLE ('',( #488 ) ) ;
#470 = SURFACE_SIDE_STYLE ('',( #729 ) ) ;
#471 = SURFACE_STYLE_FILL_AREA ( #1556 ) ;
#472 = PRESENTATION_LAYER_ASSIGNMENT (  '', '', ( #77 ) ) ;
#473 = VERTEX_POINT ( 'NONE', #1699 ) ;
#474 = SURFACE_SIDE_STYLE ('',( #1916 ) ) ;
#475 =( LENGTH_UNIT ( ) NAMED_UNIT ( * ) SI_UNIT ( .MILLI., .METRE. ) );
#476 = AXIS2_PLACEMENT_3D ( 'NONE', #2021, #553, #575 ) ;
#477 = DIRECTION ( 'NONE',  ( -0.000000000000000000, -1.000000000000000000, -0.000000000000000000 ) ) ;
#478 = FACE_OUTER_BOUND ( 'NONE', #1163, .T. ) ;
#479 = EDGE_CURVE ( 'NONE', #5, #81, #1636, .T. ) ;
#480 = UNCERTAINTY_MEASURE_WITH_UNIT (LENGTH_MEASURE( 1.000000000000000082E-05 ), #1839, 'distance_accuracy_value', 'NONE');
#481 = CIRCLE ( 'NONE', #1145, 0.7143966439049397321 ) ;
#482 = MECHANICAL_DESIGN_GEOMETRIC_PRESENTATION_REPRESENTATION (  '', ( #1386 ), #909 ) ;
#483 = VERTEX_POINT ( 'NONE', #1372 ) ;
#484 = SURFACE_STYLE_USAGE ( .BOTH. , #474 ) ;
#485 = DIRECTION ( 'NONE',  ( 0.000000000000000000, 1.000000000000000000, 0.000000000000000000 ) ) ;
#486 = VERTEX_POINT ( 'NONE', #1864 ) ;
#487 = FILL_AREA_STYLE ('',( #44 ) ) ;
#488 = FILL_AREA_STYLE_COLOUR ( '', #352 ) ;
#489 = MECHANICAL_DESIGN_GEOMETRIC_PRESENTATION_REPRESENTATION (  '', ( #821 ), #619 ) ;
#490 = FACE_OUTER_BOUND ( 'NONE', #46, .T. ) ;
#491 = EDGE_CURVE ( 'NONE', #1035, #1588, #481, .T. ) ;
#492 = ORIENTED_EDGE ( 'NONE', *, *, #1196, .F. ) ;
#493 =( LENGTH_UNIT ( ) NAMED_UNIT ( * ) SI_UNIT ( .MILLI., .METRE. ) );
#494 = CIRCLE ( 'NONE', #1046, 8.499999999999998224 ) ;
#495 = DIRECTION ( 'NONE',  ( -0.000000000000000000, 1.000000000000000000, -0.000000000000000000 ) ) ;
#496 = STYLED_ITEM ( 'NONE', ( #879 ), #1054 ) ;
#497 = ORIENTED_EDGE ( 'NONE', *, *, #517, .F. ) ;
#498 = DIRECTION ( 'NONE',  ( -0.000000000000000000, -1.000000000000000000, -0.000000000000000000 ) ) ;
#499 = CARTESIAN_POINT ( 'NONE',  ( 0.000000000000000000, 64.75000000000000000, 0.000000000000000000 ) ) ;
#500 = FILL_AREA_STYLE ('',( #362 ) ) ;
#501 = ORIENTED_EDGE ( 'NONE', *, *, #107, .T. ) ;
#502 = PRESENTATION_LAYER_ASSIGNMENT (  '', '', ( #238 ) ) ;
#503 = EDGE_CURVE ( 'NONE', #1016, #945, #1, .T. ) ;
#504 = CARTESIAN_POINT ( 'NONE',  ( 0.000000000000000000, 64.00000000000000000, 0.000000000000000000 ) ) ;
#505 = VERTEX_POINT ( 'NONE', #614 ) ;
#506 = DIRECTION ( 'NONE',  ( 0.000000000000000000, 0.000000000000000000, -1.000000000000000000 ) ) ;
#507 =( LENGTH_UNIT ( ) NAMED_UNIT ( * ) SI_UNIT ( .MILLI., .METRE. ) );
#508 = UNCERTAINTY_MEASURE_WITH_UNIT (LENGTH_MEASURE( 1.000000000000000082E-05 ), #1066, 'distance_accuracy_value', 'NONE');
#509 = CARTESIAN_POINT ( 'NONE',  ( -5.712415078045524730, 64.00000000000000000, 1.835296699752603011 ) ) ;
#510 = CARTESIAN_POINT ( 'NONE',  ( 0.000000000000000000, 0.5000000000000000000, 0.000000000000000000 ) ) ;
#511 = VECTOR ( 'NONE', #367, 1000.000000000000000 ) ;
#512 = ORIENTED_EDGE ( 'NONE', *, *, #831, .T. ) ;
#513 = FACE_OUTER_BOUND ( 'NONE', #1725, .T. ) ;
#514 = FILL_AREA_STYLE_COLOUR ( '', #1088 ) ;
#515 = COLOUR_RGB ( '',0.6666666666666666297, 0.6980392156862744724, 0.7686274509803920907 ) ;
#516 = ORIENTED_EDGE ( 'NONE', *, *, #1327, .F. ) ;
#517 = EDGE_CURVE ( 'NONE', #1080, #1371, #578, .T. ) ;
#518 =( NAMED_UNIT ( * ) PLANE_ANGLE_UNIT ( ) SI_UNIT ( $, .RADIAN. ) );
#519 = DIRECTION ( 'NONE',  ( 0.000000000000000000, 1.000000000000000000, 0.000000000000000000 ) ) ;
#520 = PRESENTATION_LAYER_ASSIGNMENT (  '', '', ( #821 ) ) ;
#521 = EDGE_LOOP ( 'NONE', ( #14, #559 ) ) ;
#522 = DIRECTION ( 'NONE',  ( 0.000000000000000000, -1.000000000000000000, 0.000000000000000000 ) ) ;
#523 = CARTESIAN_POINT ( 'NONE',  ( 0.000000000000000000, 84.29898987322333426, -6.999999999999999112 ) ) ;
#524 = ORIENTED_EDGE ( 'NONE', *, *, #630, .F. ) ;
#525 = CIRCLE ( 'NONE', #366, 8.499999999999998224 ) ;
#526 = FILL_AREA_STYLE ('',( #1129 ) ) ;
#527 = EDGE_CURVE ( 'NONE', #483, #461, #1310, .T. ) ;
#528 = SURFACE_STYLE_USAGE ( .BOTH. , #1828 ) ;
#529 = COLOUR_RGB ( '',0.6666666666666666297, 0.6980392156862744724, 0.7686274509803920907 ) ;
#530 = FACE_OUTER_BOUND ( 'NONE', #917, .T. ) ;
#531 = EDGE_LOOP ( 'NONE', ( #894, #827 ) ) ;
#532 = DIRECTION ( 'NONE',  ( 0.000000000000000000, 0.000000000000000000, -1.000000000000000000 ) ) ;
#533 = DIRECTION ( 'NONE',  ( 0.000000000000000000, 1.000000000000000000, 0.000000000000000000 ) ) ;
#534 = COLOUR_RGB ( '',0.6666666666666666297, 0.6980392156862744724, 0.7686274509803920907 ) ;
#535 = ORIENTED_EDGE ( 'NONE', *, *, #33, .T. ) ;
#536 = AXIS2_PLACEMENT_3D ( 'NONE', #956, #1610, #783 ) ;
#537 = DIRECTION ( 'NONE',  ( 0.000000000000000000, 0.000000000000000000, 1.000000000000000000 ) ) ;
#538 = EDGE_CURVE ( 'NONE', #2003, #1306, #311, .T. ) ;
#539 = DIRECTION ( 'NONE',  ( 0.000000000000000000, -0.000000000000000000, 1.000000000000000000 ) ) ;
#540 = EDGE_CURVE ( 'NONE', #685, #667, #1750, .T. ) ;
#541 = EDGE_LOOP ( 'NONE', ( #441, #791, #427, #1433 ) ) ;
#542 = PRESENTATION_STYLE_ASSIGNMENT (( #71 ) ) ;
#543 = ORIENTED_EDGE ( 'NONE', *, *, #455, .T. ) ;
#544 = CIRCLE ( 'NONE', #1726, 5.399999999999645972 ) ;
#545 = AXIS2_PLACEMENT_3D ( 'NONE', #2022, #1069, #1214 ) ;
#546 =( LENGTH_UNIT ( ) NAMED_UNIT ( * ) SI_UNIT ( .MILLI., .METRE. ) );
#547 =( GEOMETRIC_REPRESENTATION_CONTEXT ( 3 ) GLOBAL_UNCERTAINTY_ASSIGNED_CONTEXT ( ( #1635 ) ) GLOBAL_UNIT_ASSIGNED_CONTEXT ( ( #1228, #125, #2027 ) ) REPRESENTATION_CONTEXT ( 'NONE', 'WORKASPACE' ) );
#548 = CARTESIAN_POINT ( 'NONE',  ( -5.666789924613196305, 64.56103549950884712, 1.832579271177282143 ) ) ;
#549 = ORIENTED_EDGE ( 'NONE', *, *, #107, .F. ) ;
#550 = ORIENTED_EDGE ( 'NONE', *, *, #1109, .T. ) ;
#551 =( NAMED_UNIT ( * ) SI_UNIT ( $, .STERADIAN. ) SOLID_ANGLE_UNIT ( ) );
#552 = TOROIDAL_SURFACE ( 'NONE', #850, 8.499999999999998224, 0.5000000000000000000 ) ;
#553 = DIRECTION ( 'NONE',  ( 0.000000000000000000, 1.000000000000000000, 0.000000000000000000 ) ) ;
#554 =( GEOMETRIC_REPRESENTATION_CONTEXT ( 3 ) GLOBAL_UNCERTAINTY_ASSIGNED_CONTEXT ( ( #1994 ) ) GLOBAL_UNIT_ASSIGNED_CONTEXT ( ( #1036, #1026, #1220 ) ) REPRESENTATION_CONTEXT ( 'NONE', 'WORKASPACE' ) );
#555 = DIRECTION ( 'NONE',  ( 1.000000000000000000, 0.000000000000000000, -1.224646799147353207E-16 ) ) ;
#556 = UNCERTAINTY_MEASURE_WITH_UNIT (LENGTH_MEASURE( 1.000000000000000082E-05 ), #1336, 'distance_accuracy_value', 'NONE');
#557 = ORIENTED_EDGE ( 'NONE', *, *, #1491, .T. ) ;
#558 = EDGE_CURVE ( 'NONE', #1236, #1194, #2025, .T. ) ;
#559 = ORIENTED_EDGE ( 'NONE', *, *, #880, .T. ) ;
#560 = FILL_AREA_STYLE_COLOUR ( '', #515 ) ;
#561 = FACE_OUTER_BOUND ( 'NONE', #806, .T. ) ;
#562 = CIRCLE ( 'NONE', #982, 6.999999999999999112 ) ;
#563 = EDGE_CURVE ( 'NONE', #5, #1817, #626, .T. ) ;
#564 = FILL_AREA_STYLE_COLOUR ( '', #1313 ) ;
#565 = CARTESIAN_POINT ( 'NONE',  ( 5.712415078045528283, 64.35000000000000853, -1.835296699751983063 ) ) ;
#566 = CIRCLE ( 'NONE', #1162, 0.7143966439049406203 ) ;
#567 = AXIS2_PLACEMENT_3D ( 'NONE', #209, #987, #1988 ) ;
#568 = SURFACE_STYLE_FILL_AREA ( #706 ) ;
#569 = SURFACE_STYLE_USAGE ( .BOTH. , #1566 ) ;
#570 = CARTESIAN_POINT ( 'NONE',  ( 8.572527594031472204E-16, 64.00000000000000000, -6.999999999999999112 ) ) ;
#571 = ORIENTED_EDGE ( 'NONE', *, *, #8, .F. ) ;
#572 = PRESENTATION_LAYER_ASSIGNMENT (  '', '', ( #1690 ) ) ;
#573 = ORIENTED_EDGE ( 'NONE', *, *, #1703, .T. ) ;
#574 = SURFACE_STYLE_USAGE ( .BOTH. , #865 ) ;
#575 = DIRECTION ( 'NONE',  ( 0.000000000000000000, 0.000000000000000000, 1.000000000000000000 ) ) ;
#576 = EDGE_CURVE ( 'NONE', #1525, #1468, #737, .T. ) ;
#577 = CARTESIAN_POINT ( 'NONE',  ( 0.000000000000000000, 64.50000000000000000, 0.000000000000000000 ) ) ;
#578 = CIRCLE ( 'NONE', #1352, 0.7143966439049397321 ) ;
#579 = CARTESIAN_POINT ( 'NONE',  ( -5.712415078045524730, 64.00000000000000000, 1.835296699752603011 ) ) ;
#580 = APPLICATION_PROTOCOL_DEFINITION ( 'draft international standard', 'automotive_design', 1998, #415 ) ;
#581 = PLANE ( 'NONE',  #867 ) ;
#582 = DIRECTION ( 'NONE',  ( 0.000000000000000000, 0.000000000000000000, -1.000000000000000000 ) ) ;
#583 = EDGE_LOOP ( 'NONE', ( #1770, #595, #1341, #1679 ) ) ;
#584 = FILL_AREA_STYLE_COLOUR ( '', #1597 ) ;
#585 = SURFACE_STYLE_FILL_AREA ( #1027 ) ;
#586 =( GEOMETRIC_REPRESENTATION_CONTEXT ( 3 ) GLOBAL_UNCERTAINTY_ASSIGNED_CONTEXT ( ( #1454 ) ) GLOBAL_UNIT_ASSIGNED_CONTEXT ( ( #403, #1342, #1985 ) ) REPRESENTATION_CONTEXT ( 'NONE', 'WORKASPACE' ) );
#587 = CARTESIAN_POINT ( 'NONE',  ( -5.712415078045527395, 64.00000000000000000, -1.835296699751976623 ) ) ;
#588 = DIRECTION ( 'NONE',  ( -0.000000000000000000, 1.000000000000000000, -0.000000000000000000 ) ) ;
#589 = DIRECTION ( 'NONE',  ( -0.000000000000000000, -1.000000000000000000, -0.000000000000000000 ) ) ;
#590 =( GEOMETRIC_REPRESENTATION_CONTEXT ( 3 ) GLOBAL_UNCERTAINTY_ASSIGNED_CONTEXT ( ( #1933 ) ) GLOBAL_UNIT_ASSIGNED_CONTEXT ( ( #1366, #1202, #1040 ) ) REPRESENTATION_CONTEXT ( 'NONE', 'WORKASPACE' ) );
#591 = FILL_AREA_STYLE_COLOUR ( '', #1659 ) ;
#592 = CARTESIAN_POINT ( 'NONE',  ( 0.000000000000000000, 84.29898987322333426, -5.999999999999999112 ) ) ;
#593 = DIRECTION ( 'NONE',  ( -0.000000000000000000, 1.000000000000000000, -0.000000000000000000 ) ) ;
#594 = STYLED_ITEM ( 'NONE', ( #1272 ), #275 ) ;
#595 = ORIENTED_EDGE ( 'NONE', *, *, #645, .F. ) ;
#596 = CARTESIAN_POINT ( 'NONE',  ( -1.832579271177037006, 64.56103549950888976, -5.666789924613262031 ) ) ;
#597 = SURFACE_STYLE_USAGE ( .BOTH. , #1753 ) ;
#598 = CARTESIAN_POINT ( 'NONE',  ( 1.785564282739544595, 64.70162568483833354, 5.515859247580690905 ) ) ;
#599 = CIRCLE ( 'NONE', #725, 0.7143966439049406203 ) ;
#600 = CARTESIAN_POINT ( 'NONE',  ( 0.000000000000000000, 64.50000000000000000, 6.999999999999999112 ) ) ;
#601 = AXIS2_PLACEMENT_3D ( 'NONE', #1890, #305, #611 ) ;
#602 = DIRECTION ( 'NONE',  ( 0.000000000000000000, 1.000000000000000000, 0.000000000000000000 ) ) ;
#603 = ADVANCED_FACE ( 'NONE', ( #142 ), #1740, .T. ) ;
#604 = ORIENTED_EDGE ( 'NONE', *, *, #1981, .F. ) ;
#605 = CARTESIAN_POINT ( 'NONE',  ( -1.785497497603336869, 64.70177179493047959, 5.515662857857632773 ) ) ;
#606 = DIRECTION ( 'NONE',  ( -0.000000000000000000, -1.000000000000000000, -0.000000000000000000 ) ) ;
#607 = CARTESIAN_POINT ( 'NONE',  ( -5.793512224513673203, 64.00000000000000000, 1.125517989408762798 ) ) ;
#608 = DIRECTION ( 'NONE',  ( -0.000000000000000000, 1.000000000000000000, -0.000000000000000000 ) ) ;
#609 = COLOUR_RGB ( '',0.6666666666666666297, 0.6980392156862744724, 0.7686274509803920907 ) ;
#610 = DIRECTION ( 'NONE',  ( 0.000000000000000000, 0.000000000000000000, -1.000000000000000000 ) ) ;
#611 = DIRECTION ( 'NONE',  ( 0.000000000000000000, 0.000000000000000000, 1.000000000000000000 ) ) ;
#612 = DIRECTION ( 'NONE',  ( -0.000000000000000000, 1.000000000000000000, -0.000000000000000000 ) ) ;
#613 = ORIENTED_EDGE ( 'NONE', *, *, #1668, .F. ) ;
#614 = CARTESIAN_POINT ( 'NONE',  ( 1.071565949253933927E-15, 0.000000000000000000, -8.499999999999998224 ) ) ;
#615 = AXIS2_PLACEMENT_3D ( 'NONE', #948, #259, #286 ) ;
#616 = VERTEX_POINT ( 'NONE', #918 ) ;
#617 = DIRECTION ( 'NONE',  ( -0.000000000000000000, 1.000000000000000000, -0.000000000000000000 ) ) ;
#618 = FILL_AREA_STYLE ('',( #326 ) ) ;
#619 =( GEOMETRIC_REPRESENTATION_CONTEXT ( 3 ) GLOBAL_UNCERTAINTY_ASSIGNED_CONTEXT ( ( #1627 ) ) GLOBAL_UNIT_ASSIGNED_CONTEXT ( ( #1832, #1381, #2028 ) ) REPRESENTATION_CONTEXT ( 'NONE', 'WORKASPACE' ) );
#620 = CARTESIAN_POINT ( 'NONE',  ( 1.832579271176942193, 64.56103549950884712, 5.666789924613325091 ) ) ;
#621 = STYLED_ITEM ( 'NONE', ( #203 ), #953 ) ;
#622 =( NAMED_UNIT ( * ) PLANE_ANGLE_UNIT ( ) SI_UNIT ( $, .RADIAN. ) );
#623 = DIRECTION ( 'NONE',  ( 0.000000000000000000, 0.000000000000000000, 1.000000000000000000 ) ) ;
#624 =( NAMED_UNIT ( * ) PLANE_ANGLE_UNIT ( ) SI_UNIT ( $, .RADIAN. ) );
#625 = ORIENTED_EDGE ( 'NONE', *, *, #491, .F. ) ;
#626 = LINE ( 'NONE', #120, #385 ) ;
#627 = SURFACE_STYLE_USAGE ( .BOTH. , #1752 ) ;
#628 = PRODUCT_RELATED_PRODUCT_CATEGORY ( 'part', '', ( #97 ) ) ;
#629 = SURFACE_STYLE_USAGE ( .BOTH. , #9 ) ;
#630 = EDGE_CURVE ( 'NONE', #1986, #1874, #216, .T. ) ;
#631 = CARTESIAN_POINT ( 'NONE',  ( 0.000000000000000000, 0.000000000000000000, 0.000000000000000000 ) ) ;
#632 =( GEOMETRIC_REPRESENTATION_CONTEXT ( 3 ) GLOBAL_UNCERTAINTY_ASSIGNED_CONTEXT ( ( #347 ) ) GLOBAL_UNIT_ASSIGNED_CONTEXT ( ( #258, #1887, #1589 ) ) REPRESENTATION_CONTEXT ( 'NONE', 'WORKASPACE' ) );
#633 = FILL_AREA_STYLE_COLOUR ( '', #1489 ) ;
#634 = CARTESIAN_POINT ( 'NONE',  ( -1.679355475539704434, 64.75000000000000000, -5.342262178775467163 ) ) ;
#635 = AXIS2_PLACEMENT_3D ( 'NONE', #770, #1423, #453 ) ;
#636 = PRESENTATION_LAYER_ASSIGNMENT (  '', '', ( #1685 ) ) ;
#637 = VERTEX_POINT ( 'NONE', #1258 ) ;
#638 = CARTESIAN_POINT ( 'NONE',  ( -1.835296699752291483, 64.35000000000000853, -5.712415078045216532 ) ) ;
#639 = CARTESIAN_POINT ( 'NONE',  ( 0.000000000000000000, 0.5000000000000004441, 0.000000000000000000 ) ) ;
#640 = MECHANICAL_DESIGN_GEOMETRIC_PRESENTATION_REPRESENTATION (  '', ( #312 ), #108 ) ;
#641 = FACE_OUTER_BOUND ( 'NONE', #978, .T. ) ;
#642 = VERTEX_POINT ( 'NONE', #1904 ) ;
#643 = CARTESIAN_POINT ( 'NONE',  ( 0.000000000000000000, 64.00000000000000000, -5.999999999999999112 ) ) ;
#644 = FACE_OUTER_BOUND ( 'NONE', #1076, .T. ) ;
#645 = EDGE_CURVE ( 'NONE', #1793, #1016, #1105, .T. ) ;
#646 = FILL_AREA_STYLE ('',( #23 ) ) ;
#647 = PLANE ( 'NONE',  #615 ) ;
#648 = UNCERTAINTY_MEASURE_WITH_UNIT (LENGTH_MEASURE( 1.000000000000000082E-05 ), #964, 'distance_accuracy_value', 'NONE');
#649 = PRESENTATION_LAYER_ASSIGNMENT (  '', '', ( #1697 ) ) ;
#650 = ORIENTED_EDGE ( 'NONE', *, *, #922, .T. ) ;
#651 = CARTESIAN_POINT ( 'NONE',  ( -5.383063534160330121, 64.75000000000035527, -1.712599186816635033 ) ) ;
#652 = DIRECTION ( 'NONE',  ( 0.000000000000000000, 0.000000000000000000, 1.000000000000000000 ) ) ;
#653 = VERTEX_POINT ( 'NONE', #1926 ) ;
#654 = STYLED_ITEM ( 'NONE', ( #1735 ), #1478 ) ;
#655 = UNCERTAINTY_MEASURE_WITH_UNIT (LENGTH_MEASURE( 1.000000000000000082E-05 ), #1914, 'distance_accuracy_value', 'NONE');
#656 = DIRECTION ( 'NONE',  ( -0.000000000000000000, -1.000000000000000000, -0.000000000000000000 ) ) ;
#657 =( NAMED_UNIT ( * ) SI_UNIT ( $, .STERADIAN. ) SOLID_ANGLE_UNIT ( ) );
#658 = ADVANCED_FACE ( 'NONE', ( #782 ), #703, .T. ) ;
#659 = ORIENTED_EDGE ( 'NONE', *, *, #479, .F. ) ;
#660 = DIRECTION ( 'NONE',  ( 0.000000000000000000, 1.000000000000000000, 0.000000000000000000 ) ) ;
#661 = CIRCLE ( 'NONE', #463, 5.399999999999616662 ) ;
#662 = ORIENTED_EDGE ( 'NONE', *, *, #1151, .F. ) ;
#663 =( NAMED_UNIT ( * ) SI_UNIT ( $, .STERADIAN. ) SOLID_ANGLE_UNIT ( ) );
#664 = CIRCLE ( 'NONE', #2045, 9.000000000000000000 ) ;
#665 = DIRECTION ( 'NONE',  ( 0.000000000000000000, 1.000000000000000000, 0.000000000000000000 ) ) ;
#666 = EDGE_CURVE ( 'NONE', #1817, #395, #1173, .T. ) ;
#667 = VERTEX_POINT ( 'NONE', #373 ) ;
#668 = CARTESIAN_POINT ( 'NONE',  ( 1.364521900847950321E-15, 64.00000000000000000, 3.391384395534657870E-13 ) ) ;
#669 = CIRCLE ( 'NONE', #1847, 9.000000000000000000 ) ;
#670 = COLOUR_RGB ( '',0.6666666666666666297, 0.6980392156862744724, 0.7686274509803920907 ) ;
#671 = DIRECTION ( 'NONE',  ( 0.000000000000000000, 0.000000000000000000, 1.000000000000000000 ) ) ;
#672 = ORIENTED_EDGE ( 'NONE', *, *, #795, .T. ) ;
#673 = STYLED_ITEM ( 'NONE', ( #406 ), #210 ) ;
#674 = COLOUR_RGB ( '',0.6666666666666666297, 0.6980392156862744724, 0.7686274509803920907 ) ;
#675 = SURFACE_SIDE_STYLE ('',( #53 ) ) ;
#676 = ORIENTED_EDGE ( 'NONE', *, *, #630, .T. ) ;
#677 = DIRECTION ( 'NONE',  ( 0.000000000000000000, 0.000000000000000000, 1.000000000000000000 ) ) ;
#678 = EDGE_LOOP ( 'NONE', ( #1509, #1244, #1958, #881 ) ) ;
#679 = DIRECTION ( 'NONE',  ( -0.000000000000000000, -1.000000000000000000, 0.000000000000000000 ) ) ;
#680 = PLANE ( 'NONE',  #31 ) ;
#681 = FILL_AREA_STYLE_COLOUR ( '', #990 ) ;
#682 = AXIS2_PLACEMENT_3D ( 'NONE', #1442, #1087, #582 ) ;
#683 = ORIENTED_EDGE ( 'NONE', *, *, #2019, .F. ) ;
#684 = CARTESIAN_POINT ( 'NONE',  ( -5.342262178775607495, 64.75000000000000000, -1.679355475539257458 ) ) ;
#685 = VERTEX_POINT ( 'NONE', #1771 ) ;
#686 = DIRECTION ( 'NONE',  ( 0.000000000000000000, -0.000000000000000000, -1.000000000000000000 ) ) ;
#687 = EDGE_CURVE ( 'NONE', #177, #1999, #331, .T. ) ;
#688 = PRESENTATION_STYLE_ASSIGNMENT (( #528 ) ) ;
#689 = EDGE_CURVE ( 'NONE', #345, #1793, #1790, .T. ) ;
#690 = SURFACE_STYLE_FILL_AREA ( #66 ) ;
#691 = AXIS2_PLACEMENT_3D ( 'NONE', #499, #1787, #1438 ) ;
#692 = ORIENTED_EDGE ( 'NONE', *, *, #1388, .F. ) ;
#693 = PRESENTATION_STYLE_ASSIGNMENT (( #863 ) ) ;
#694 = ORIENTED_EDGE ( 'NONE', *, *, #370, .F. ) ;
#695 = SURFACE_STYLE_FILL_AREA ( #1209 ) ;
#696 =( NAMED_UNIT ( * ) SI_UNIT ( $, .STERADIAN. ) SOLID_ANGLE_UNIT ( ) );
#697 = EDGE_CURVE ( 'NONE', #1588, #653, #544, .T. ) ;
#698 = CARTESIAN_POINT ( 'NONE',  ( -5.428536937059337042, 64.74050949239190800, 1.741590488784976687 ) ) ;
#699 = ORIENTED_EDGE ( 'NONE', *, *, #455, .F. ) ;
#700 = EDGE_LOOP ( 'NONE', ( #985, #1100, #1483, #781 ) ) ;
#701 = PRESENTATION_STYLE_ASSIGNMENT (( #574 ) ) ;
#702 = AXIS2_PLACEMENT_3D ( 'NONE', #458, #1085, #1430 ) ;
#703 = TOROIDAL_SURFACE ( 'NONE', #1800, 5.599999999999998757, 0.4000000000000000222 ) ;
#704 =( NAMED_UNIT ( * ) PLANE_ANGLE_UNIT ( ) SI_UNIT ( $, .RADIAN. ) );
#705 = CIRCLE ( 'NONE', #1701, 5.599999999999998757 ) ;
#706 = FILL_AREA_STYLE ('',( #681 ) ) ;
#707 = EDGE_CURVE ( 'NONE', #195, #1675, #1503, .T. ) ;
#708 = EDGE_LOOP ( 'NONE', ( #119, #1825 ) ) ;
#709 = EDGE_LOOP ( 'NONE', ( #380, #1171, #1005, #1585 ) ) ;
#710 = CIRCLE ( 'NONE', #1153, 6.999999999999999112 ) ;
#711 = CARTESIAN_POINT ( 'NONE',  ( -1.502590952530500346, 64.00000000000000000, 5.186735045225740137 ) ) ;
#712 = LINE ( 'NONE', #1249, #1007 ) ;
#713 = AXIS2_PLACEMENT_3D ( 'NONE', #1401, #589, #890 ) ;
#714 =( LENGTH_UNIT ( ) NAMED_UNIT ( * ) SI_UNIT ( .MILLI., .METRE. ) );
#715 = PRESENTATION_LAYER_ASSIGNMENT (  '', '', ( #229 ) ) ;
#716 = UNCERTAINTY_MEASURE_WITH_UNIT (LENGTH_MEASURE( 1.000000000000000082E-05 ), #268, 'distance_accuracy_value', 'NONE');
#717 = VERTEX_POINT ( 'NONE', #834 ) ;
#718 =( NAMED_UNIT ( * ) PLANE_ANGLE_UNIT ( ) SI_UNIT ( $, .RADIAN. ) );
#719 = EDGE_CURVE ( 'NONE', #89, #1976, #354, .T. ) ;
#720 = ORIENTED_EDGE ( 'NONE', *, *, #795, .F. ) ;
#721 = DIRECTION ( 'NONE',  ( 0.000000000000000000, -1.000000000000000000, 0.000000000000000000 ) ) ;
#722 = CYLINDRICAL_SURFACE ( 'NONE', #175, 6.999999999999999112 ) ;
#723 = VECTOR ( 'NONE', #1541, 1000.000000000000000 ) ;
#724 = CARTESIAN_POINT ( 'NONE',  ( 5.558669985542958436, 64.67188729656388091, -1.801254325399668677 ) ) ;
#725 = AXIS2_PLACEMENT_3D ( 'NONE', #740, #1580, #1084 ) ;
#726 = CARTESIAN_POINT ( 'NONE',  ( 5.712415078045529171, 64.00000000000000000, 1.835296699752600347 ) ) ;
#727 = COLOUR_RGB ( '',0.6666666666666666297, 0.6980392156862744724, 0.7686274509803920907 ) ;
#728 = FILL_AREA_STYLE_COLOUR ( '', #1320 ) ;
#729 = SURFACE_STYLE_FILL_AREA ( #126 ) ;
#730 = FACE_OUTER_BOUND ( 'NONE', #807, .T. ) ;
#731 = SURFACE_SIDE_STYLE ('',( #1661 ) ) ;
#732 = EDGE_LOOP ( 'NONE', ( #1547, #412 ) ) ;
#733 = FACE_OUTER_BOUND ( 'NONE', #1619, .T. ) ;
#734 = CARTESIAN_POINT ( 'NONE',  ( 1.040949779275249943E-15, 0.5000000000000004441, -8.499999999999998224 ) ) ;
#735 = DIRECTION ( 'NONE',  ( 0.000000000000000000, 0.000000000000000000, 1.000000000000000000 ) ) ;
#736 = ADVANCED_FACE ( 'NONE', ( #967 ), #785, .T. ) ;
#737 = CIRCLE ( 'NONE', #1928, 6.999999999999999112 ) ;
#738 = CIRCLE ( 'NONE', #1174, 8.499999999999998224 ) ;
#739 = FACE_OUTER_BOUND ( 'NONE', #29, .T. ) ;
#740 = CARTESIAN_POINT ( 'NONE',  ( -1.125517989408448827, 64.00000000000000000, 5.793512224513984066 ) ) ;
#741 =( NAMED_UNIT ( * ) SI_UNIT ( $, .STERADIAN. ) SOLID_ANGLE_UNIT ( ) );
#742 =( NAMED_UNIT ( * ) PLANE_ANGLE_UNIT ( ) SI_UNIT ( $, .RADIAN. ) );
#743 = CARTESIAN_POINT ( 'NONE',  ( -5.186735045225435492, 64.00000000000000000, 1.502590952530817425 ) ) ;
#744 = ORIENTED_EDGE ( 'NONE', *, *, #999, .T. ) ;
#745 = CARTESIAN_POINT ( 'NONE',  ( 1.364521900847950321E-15, 64.00000000000000000, 3.391384395534657870E-13 ) ) ;
#746 = DIRECTION ( 'NONE',  ( 1.224646799147353454E-16, 0.000000000000000000, -1.000000000000000000 ) ) ;
#747 = ADVANCED_FACE ( 'NONE', ( #513 ), #294, .T. ) ;
#748 = STYLED_ITEM ( 'NONE', ( #1351 ), #780 ) ;
#749 = PRESENTATION_STYLE_ASSIGNMENT (( #1563 ) ) ;
#750 = FILL_AREA_STYLE_COLOUR ( '', #813 ) ;
#751 = ADVANCED_FACE ( 'NONE', ( #1001 ), #552, .T. ) ;
#752 = CARTESIAN_POINT ( 'NONE',  ( 1.801254325399856748, 64.67188729656389512, 5.558669985542909586 ) ) ;
#753 =( NAMED_UNIT ( * ) PLANE_ANGLE_UNIT ( ) SI_UNIT ( $, .RADIAN. ) );
#754 = FACE_OUTER_BOUND ( 'NONE', #1382, .T. ) ;
#755 = FACE_OUTER_BOUND ( 'NONE', #1044, .T. ) ;
#756 =( NAMED_UNIT ( * ) PLANE_ANGLE_UNIT ( ) SI_UNIT ( $, .RADIAN. ) );
#757 = MECHANICAL_DESIGN_GEOMETRIC_PRESENTATION_REPRESENTATION (  '', ( #229 ), #859 ) ;
#758 = ORIENTED_EDGE ( 'NONE', *, *, #1184, .F. ) ;
#759 = CARTESIAN_POINT ( 'NONE',  ( -1.835296699752283711, 64.35000000000000853, 5.712415078045823158 ) ) ;
#760 =( NAMED_UNIT ( * ) PLANE_ANGLE_UNIT ( ) SI_UNIT ( $, .RADIAN. ) );
#761 = CARTESIAN_POINT ( 'NONE',  ( -5.793512224513674091, 64.75000000000000000, -1.125517989408139963 ) ) ;
#762 = AXIS2_PLACEMENT_3D ( 'NONE', #1700, #111, #429 ) ;
#763 = CARTESIAN_POINT ( 'NONE',  ( 1.364521900847950321E-15, 64.00000000000000000, 3.391384395534657870E-13 ) ) ;
#764 = FACE_OUTER_BOUND ( 'NONE', #541, .T. ) ;
#765 = SURFACE_SIDE_STYLE ('',( #1568 ) ) ;
#766 =( LENGTH_UNIT ( ) NAMED_UNIT ( * ) SI_UNIT ( .MILLI., .METRE. ) );
#767 = MECHANICAL_DESIGN_GEOMETRIC_PRESENTATION_REPRESENTATION (  '', ( #1690 ), #1315 ) ;
#768 = VERTEX_POINT ( 'NONE', #1676 ) ;
#769 = DIRECTION ( 'NONE',  ( 0.000000000000000000, 1.000000000000000000, -0.000000000000000000 ) ) ;
#770 = CARTESIAN_POINT ( 'NONE',  ( -5.793512224513674091, 64.00000000000000000, -1.125517989408139963 ) ) ;
#771 = STYLED_ITEM ( 'NONE', ( #701 ), #419 ) ;
#772 = ORIENTED_EDGE ( 'NONE', *, *, #1881, .F. ) ;
#773 = DIRECTION ( 'NONE',  ( 0.000000000000000000, 0.000000000000000000, -1.000000000000000000 ) ) ;
#774 = AXIS2_PLACEMENT_3D ( 'NONE', #1326, #1786, #30 ) ;
#775 = SURFACE_SIDE_STYLE ('',( #1553 ) ) ;
#776 = COLOUR_RGB ( '',0.7921568627450980005, 0.8196078431372548767, 0.9333333333333333481 ) ;
#777 = CARTESIAN_POINT ( 'NONE',  ( 5.558272214358122021, 64.67227621057828912, 1.801134819141432253 ) ) ;
#778 = EDGE_CURVE ( 'NONE', #945, #814, #1329, .T. ) ;
#779 = CARTESIAN_POINT ( 'NONE',  ( 0.000000000000000000, -0.2500000000000000000, -6.499999999999999112 ) ) ;
#780 = ADVANCED_FACE ( 'NONE', ( #882 ), #1706, .T. ) ;
#781 = ORIENTED_EDGE ( 'NONE', *, *, #1621, .F. ) ;
#782 = FACE_OUTER_BOUND ( 'NONE', #583, .T. ) ;
#783 = DIRECTION ( 'NONE',  ( 0.000000000000000000, 0.000000000000000000, 1.000000000000000000 ) ) ;
#784 = PRESENTATION_LAYER_ASSIGNMENT (  '', '', ( #1189 ) ) ;
#785 = TOROIDAL_SURFACE ( 'NONE', #4, 6.499999999999999112, 0.5000000000000000000 ) ;
#786 = SURFACE_STYLE_FILL_AREA ( #469 ) ;
#787 = PRODUCT_DEFINITION_CONTEXT ( 'detailed design', #415, 'design' ) ;
#788 = DIRECTION ( 'NONE',  ( 0.000000000000000000, 0.000000000000000000, -1.000000000000000000 ) ) ;
#789 = UNCERTAINTY_MEASURE_WITH_UNIT (LENGTH_MEASURE( 1.000000000000000082E-05 ), #1760, 'distance_accuracy_value', 'NONE');
#790 = SURFACE_STYLE_USAGE ( .BOTH. , #2040 ) ;
#791 = ORIENTED_EDGE ( 'NONE', *, *, #22, .T. ) ;
#792 = DIRECTION ( 'NONE',  ( -0.000000000000000000, -1.000000000000000000, -0.000000000000000000 ) ) ;
#793 = CARTESIAN_POINT ( 'NONE',  ( 5.712415078045528283, 64.35000000000000853, -1.835296699751983063 ) ) ;
#794 = ADVANCED_BREP_SHAPE_REPRESENTATION ( 'Bateria_L\X2\00ed\X0\tio', ( #953, #886, #210, #1582, #271 ), #1276 ) ;
#795 = EDGE_CURVE ( 'NONE', #1885, #1986, #920, .T. ) ;
#796 = DIRECTION ( 'NONE',  ( 0.000000000000000000, 0.000000000000000000, 1.000000000000000000 ) ) ;
#797 = ORIENTED_EDGE ( 'NONE', *, *, #820, .F. ) ;
#798 = SURFACE_SIDE_STYLE ('',( #10 ) ) ;
#799 =( GEOMETRIC_REPRESENTATION_CONTEXT ( 3 ) GLOBAL_UNCERTAINTY_ASSIGNED_CONTEXT ( ( #1309 ) ) GLOBAL_UNIT_ASSIGNED_CONTEXT ( ( #507, #336, #1262 ) ) REPRESENTATION_CONTEXT ( 'NONE', 'WORKASPACE' ) );
#800 = SURFACE_SIDE_STYLE ('',( #786 ) ) ;
#801 = FILL_AREA_STYLE ('',( #1142 ) ) ;
#802 = LINE ( 'NONE', #1132, #1508 ) ;
#803 = MECHANICAL_DESIGN_GEOMETRIC_PRESENTATION_REPRESENTATION (  '', ( #77 ), #975 ) ;
#804 =( GEOMETRIC_REPRESENTATION_CONTEXT ( 3 ) GLOBAL_UNCERTAINTY_ASSIGNED_CONTEXT ( ( #556 ) ) GLOBAL_UNIT_ASSIGNED_CONTEXT ( ( #1336, #1937, #1633 ) ) REPRESENTATION_CONTEXT ( 'NONE', 'WORKASPACE' ) );
#805 = MECHANICAL_DESIGN_GEOMETRIC_PRESENTATION_REPRESENTATION (  '', ( #1685 ), #1312 ) ;
#806 = EDGE_LOOP ( 'NONE', ( #1842, #659, #1919, #1502 ) ) ;
#807 = EDGE_LOOP ( 'NONE', ( #141, #1892, #1925, #279 ) ) ;
#808 = DIRECTION ( 'NONE',  ( -0.000000000000000000, 1.000000000000000000, -0.000000000000000000 ) ) ;
#809 = CYLINDRICAL_SURFACE ( 'NONE', #832, 0.7143966439049406203 ) ;
#810 = CARTESIAN_POINT ( 'NONE',  ( 0.000000000000000000, 64.50000000000000000, 0.000000000000000000 ) ) ;
#811 =( LENGTH_UNIT ( ) NAMED_UNIT ( * ) SI_UNIT ( .MILLI., .METRE. ) );
#812 = DIRECTION ( 'NONE',  ( 0.000000000000000000, 0.000000000000000000, 1.000000000000000000 ) ) ;
#813 = COLOUR_RGB ( '',0.3843137254901960453, 0.7294117647058823151, 1.000000000000000000 ) ;
#814 = VERTEX_POINT ( 'NONE', #916 ) ;
#815 = DIRECTION ( 'NONE',  ( -0.000000000000000000, -1.000000000000000000, 0.000000000000000000 ) ) ;
#816 = ORIENTED_EDGE ( 'NONE', *, *, #200, .T. ) ;
#817 = MECHANICAL_DESIGN_GEOMETRIC_PRESENTATION_REPRESENTATION (  '', ( #454 ), #1529 ) ;
#818 = CARTESIAN_POINT ( 'NONE',  ( 0.000000000000000000, 0.5000000000000000000, 0.000000000000000000 ) ) ;
#819 = UNCERTAINTY_MEASURE_WITH_UNIT (LENGTH_MEASURE( 1.000000000000000082E-05 ), #333, 'distance_accuracy_value', 'NONE');
#820 = EDGE_CURVE ( 'NONE', #1035, #1874, #1738, .T. ) ;
#821 = STYLED_ITEM ( 'NONE', ( #542 ), #751 ) ;
#822 = STYLED_ITEM ( 'NONE', ( #1584 ), #886 ) ;
#823 = ORIENTED_EDGE ( 'NONE', *, *, #1809, .T. ) ;
#824 =( NAMED_UNIT ( * ) SI_UNIT ( $, .STERADIAN. ) SOLID_ANGLE_UNIT ( ) );
#825 =( NAMED_UNIT ( * ) PLANE_ANGLE_UNIT ( ) SI_UNIT ( $, .RADIAN. ) );
#826 = VECTOR ( 'NONE', #608, 1000.000000000000000 ) ;
#827 = ORIENTED_EDGE ( 'NONE', *, *, #1123, .T. ) ;
#828 = AXIS2_PLACEMENT_3D ( 'NONE', #504, #48, #1112 ) ;
#829 = FACE_OUTER_BOUND ( 'NONE', #1600, .T. ) ;
#830 = LINE ( 'NONE', #1487, #1463 ) ;
#831 = EDGE_CURVE ( 'NONE', #206, #1181, #1557, .T. ) ;
#832 = AXIS2_PLACEMENT_3D ( 'NONE', #1449, #1308, #1795 ) ;
#833 = ORIENTED_EDGE ( 'NONE', *, *, #2060, .F. ) ;
#834 = CARTESIAN_POINT ( 'NONE',  ( 0.000000000000000000, 64.40000000000000568, -6.999999999999999112 ) ) ;
#835 = CIRCLE ( 'NONE', #2013, 9.000000000000000000 ) ;
#836 =( NAMED_UNIT ( * ) SI_UNIT ( $, .STERADIAN. ) SOLID_ANGLE_UNIT ( ) );
#837 = ORIENTED_EDGE ( 'NONE', *, *, #866, .F. ) ;
#838 =( LENGTH_UNIT ( ) NAMED_UNIT ( * ) SI_UNIT ( .MILLI., .METRE. ) );
#839 = TOROIDAL_SURFACE ( 'NONE', #2015, 5.599999999999998757, 0.4000000000000000222 ) ;
#840 = DIRECTION ( 'NONE',  ( 0.000000000000000000, 0.000000000000000000, 1.000000000000000000 ) ) ;
#841 = DIRECTION ( 'NONE',  ( -0.000000000000000000, 1.000000000000000000, -0.000000000000000000 ) ) ;
#842 = SURFACE_SIDE_STYLE ('',( #1108 ) ) ;
#843 = CIRCLE ( 'NONE', #774, 6.999999999999999112 ) ;
#844 = VERTEX_POINT ( 'NONE', #320 ) ;
#845 = CARTESIAN_POINT ( 'NONE',  ( -5.427984782584866608, 64.74069619900593864, -1.741280046525566449 ) ) ;
#846 = STYLED_ITEM ( 'NONE', ( #171 ), #1658 ) ;
#847 = ADVANCED_FACE ( 'NONE', ( #902, #951 ), #1872, .F. ) ;
#848 = ORIENTED_EDGE ( 'NONE', *, *, #1017, .T. ) ;
#849 =( NAMED_UNIT ( * ) SI_UNIT ( $, .STERADIAN. ) SOLID_ANGLE_UNIT ( ) );
#850 = AXIS2_PLACEMENT_3D ( 'NONE', #1206, #1164, #1192 ) ;
#851 = ORIENTED_EDGE ( 'NONE', *, *, #689, .T. ) ;
#852 = DIRECTION ( 'NONE',  ( 0.000000000000000000, 1.000000000000000000, 0.000000000000000000 ) ) ;
#853 = FILL_AREA_STYLE ('',( #273 ) ) ;
#854 = VERTEX_POINT ( 'NONE', #128 ) ;
#855 = CIRCLE ( 'NONE', #227, 0.5000000000000004441 ) ;
#856 = SURFACE_SIDE_STYLE ('',( #695 ) ) ;
#857 = EDGE_CURVE ( 'NONE', #1874, #1632, #1724, .T. ) ;
#858 = CARTESIAN_POINT ( 'NONE',  ( 0.000000000000000000, 64.40000000000000568, 0.000000000000000000 ) ) ;
#859 =( GEOMETRIC_REPRESENTATION_CONTEXT ( 3 ) GLOBAL_UNCERTAINTY_ASSIGNED_CONTEXT ( ( #819 ) ) GLOBAL_UNIT_ASSIGNED_CONTEXT ( ( #333, #825, #836 ) ) REPRESENTATION_CONTEXT ( 'NONE', 'WORKASPACE' ) );
#860 = MECHANICAL_DESIGN_GEOMETRIC_PRESENTATION_REPRESENTATION (  '', ( #594 ), #1051 ) ;
#861 = PRESENTATION_STYLE_ASSIGNMENT (( #1693 ) ) ;
#862 = ORIENTED_EDGE ( 'NONE', *, *, #1349, .F. ) ;
#863 = SURFACE_STYLE_USAGE ( .BOTH. , #731 ) ;
#864 = ORIENTED_EDGE ( 'NONE', *, *, #356, .T. ) ;
#865 = SURFACE_SIDE_STYLE ('',( #1346 ) ) ;
#866 = EDGE_CURVE ( 'NONE', #1968, #1999, #855, .T. ) ;
#867 = AXIS2_PLACEMENT_3D ( 'NONE', #1390, #1705, #1880 ) ;
#868 = FILL_AREA_STYLE_COLOUR ( '', #1576 ) ;
#869 = UNCERTAINTY_MEASURE_WITH_UNIT (LENGTH_MEASURE( 1.000000000000000082E-05 ), #1900, 'distance_accuracy_value', 'NONE');
#870 = ORIENTED_EDGE ( 'NONE', *, *, #1109, .F. ) ;
#871 = COLOUR_RGB ( '',0.3843137254901960453, 0.7294117647058823151, 1.000000000000000000 ) ;
#872 = ORIENTED_EDGE ( 'NONE', *, *, #576, .F. ) ;
#873 =( NAMED_UNIT ( * ) PLANE_ANGLE_UNIT ( ) SI_UNIT ( $, .RADIAN. ) );
#874 = DIRECTION ( 'NONE',  ( 0.000000000000000000, 1.000000000000000000, 0.000000000000000000 ) ) ;
#875 = VECTOR ( 'NONE', #344, 1000.000000000000000 ) ;
#876 = DIRECTION ( 'NONE',  ( -0.000000000000000000, 1.000000000000000000, -0.000000000000000000 ) ) ;
#877 = CARTESIAN_POINT ( 'NONE',  ( 8.572527594031472204E-16, 0.5000000000000000000, 6.999999999999999112 ) ) ;
#878 = TOROIDAL_SURFACE ( 'NONE', #1431, 5.599999999999998757, 0.4000000000000000222 ) ;
#879 = PRESENTATION_STYLE_ASSIGNMENT (( #1032 ) ) ;
#880 = EDGE_CURVE ( 'NONE', #1154, #717, #710, .T. ) ;
#881 = ORIENTED_EDGE ( 'NONE', *, *, #903, .F. ) ;
#882 = FACE_OUTER_BOUND ( 'NONE', #1670, .T. ) ;
#883 = STYLED_ITEM ( 'NONE', ( #693 ), #747 ) ;
#884 = ORIENTED_EDGE ( 'NONE', *, *, #1593, .T. ) ;
#885 = CARTESIAN_POINT ( 'NONE',  ( 0.000000000000000000, 0.5000000000000000000, 0.000000000000000000 ) ) ;
#886 = MANIFOLD_SOLID_BREP ( 'Filete4', #400 ) ;
#887 = DIRECTION ( 'NONE',  ( 0.000000000000000000, 0.000000000000000000, 1.000000000000000000 ) ) ;
#888 = CARTESIAN_POINT ( 'NONE',  ( -1.125517989408450603, 64.00000000000000000, -5.793512224513365005 ) ) ;
#889 = AXIS2_PLACEMENT_3D ( 'NONE', #2037, #1377, #1868 ) ;
#890 = DIRECTION ( 'NONE',  ( 0.000000000000000000, 0.000000000000000000, 1.000000000000000000 ) ) ;
#891 = EDGE_CURVE ( 'NONE', #401, #1739, #1437, .T. ) ;
#892 = CARTESIAN_POINT ( 'NONE',  ( -1.125517989408448827, 64.00000000000000000, 5.793512224513984066 ) ) ;
#893 = FILL_AREA_STYLE ('',( #396 ) ) ;
#894 = ORIENTED_EDGE ( 'NONE', *, *, #965, .T. ) ;
#895 = CARTESIAN_POINT ( 'NONE',  ( 5.793512224513675868, 64.00000000000000000, -1.125517989408142849 ) ) ;
#896 = CARTESIAN_POINT ( 'NONE',  ( 0.000000000000000000, 0.5000000000000004441, -9.000000000000000000 ) ) ;
#897 = PRESENTATION_LAYER_ASSIGNMENT (  '', '', ( #1549 ) ) ;
#898 = FILL_AREA_STYLE_COLOUR ( '', #1910 ) ;
#899 = COLOUR_RGB ( '',0.6666666666666666297, 0.6980392156862744724, 0.7686274509803920907 ) ;
#900 = DIRECTION ( 'NONE',  ( -3.552713678800500929E-15, 0.000000000000000000, 1.000000000000000000 ) ) ;
#901 = SURFACE_STYLE_USAGE ( .BOTH. , #915 ) ;
#902 = FACE_OUTER_BOUND ( 'NONE', #531, .T. ) ;
#903 = EDGE_CURVE ( 'NONE', #1739, #642, #525, .T. ) ;
#904 = ORIENTED_EDGE ( 'NONE', *, *, #303, .T. ) ;
#905 = CARTESIAN_POINT ( 'NONE',  ( 0.000000000000000000, -0.2500000000000000000, 6.999999999999999112 ) ) ;
#906 = EDGE_CURVE ( 'NONE', #1468, #1525, #67, .T. ) ;
#907 = ORIENTED_EDGE ( 'NONE', *, *, #381, .F. ) ;
#908 = CARTESIAN_POINT ( 'NONE',  ( 0.000000000000000000, 0.000000000000000000, -6.999999999999999112 ) ) ;
#909 =( GEOMETRIC_REPRESENTATION_CONTEXT ( 3 ) GLOBAL_UNCERTAINTY_ASSIGNED_CONTEXT ( ( #1797 ) ) GLOBAL_UNIT_ASSIGNED_CONTEXT ( ( #546, #83, #1499 ) ) REPRESENTATION_CONTEXT ( 'NONE', 'WORKASPACE' ) );
#910 = DIRECTION ( 'NONE',  ( -0.000000000000000000, -1.000000000000000000, 0.000000000000000000 ) ) ;
#911 =( LENGTH_UNIT ( ) NAMED_UNIT ( * ) SI_UNIT ( .MILLI., .METRE. ) );
#912 = DIRECTION ( 'NONE',  ( 0.000000000000000000, 1.000000000000000000, 0.000000000000000000 ) ) ;
#913 = MECHANICAL_DESIGN_GEOMETRIC_PRESENTATION_REPRESENTATION (  '', ( #1998 ), #1765 ) ;
#914 = DIRECTION ( 'NONE',  ( 0.000000000000000000, 1.000000000000000000, 0.000000000000000000 ) ) ;
#915 = SURFACE_SIDE_STYLE ('',( #1255 ) ) ;
#916 = CARTESIAN_POINT ( 'NONE',  ( -1.502590952530502122, 64.75000000000000000, -5.186735045225121077 ) ) ;
#917 = EDGE_LOOP ( 'NONE', ( #884, #1641, #524, #1058, #1205 ) ) ;
#918 = CARTESIAN_POINT ( 'NONE',  ( 8.266365894244633347E-16, -0.2500000000000000000, 6.499999999999999112 ) ) ;
#919 = CARTESIAN_POINT ( 'NONE',  ( 0.000000000000000000, 0.2500000000000000000, 6.999999999999999112 ) ) ;
#920 = CIRCLE ( 'NONE', #682, 5.399999999999674394 ) ;
#921 = CARTESIAN_POINT ( 'NONE',  ( 0.000000000000000000, 64.35000000000000853, 0.000000000000000000 ) ) ;
#922 = EDGE_CURVE ( 'NONE', #1257, #1268, #802, .T. ) ;
#923 = PRESENTATION_STYLE_ASSIGNMENT (( #1564 ) ) ;
#924 = SURFACE_STYLE_USAGE ( .BOTH. , #775 ) ;
#925 = AXIS2_PLACEMENT_3D ( 'NONE', #810, #168, #1300 ) ;
#926 = CARTESIAN_POINT ( 'NONE',  ( 5.667363097442036590, 64.56048560185431029, 1.832753844873660443 ) ) ;
#927 = SURFACE_SIDE_STYLE ('',( #471 ) ) ;
#928 = DIRECTION ( 'NONE',  ( 0.000000000000000000, 0.000000000000000000, 1.000000000000000000 ) ) ;
#929 = AXIS2_PLACEMENT_3D ( 'NONE', #1612, #660, #652 ) ;
#930 = ORIENTED_EDGE ( 'NONE', *, *, #1844, .F. ) ;
#931 = CARTESIAN_POINT ( 'NONE',  ( 1.125517989408451935, 64.00000000000000000, -5.793512224513365005 ) ) ;
#932 = FILL_AREA_STYLE_COLOUR ( '', #1716 ) ;
#933 = ORIENTED_EDGE ( 'NONE', *, *, #527, .F. ) ;
#934 = CARTESIAN_POINT ( 'NONE',  ( -1.125517989408450603, 64.00000000000000000, -5.793512224513365005 ) ) ;
#935 = DIRECTION ( 'NONE',  ( -0.000000000000000000, 1.000000000000000000, -0.000000000000000000 ) ) ;
#936 = ADVANCED_FACE ( 'NONE', ( #490 ), #1657, .F. ) ;
#937 = CARTESIAN_POINT ( 'NONE',  ( 1.835296699752229754, 64.45682438411937198, 5.712415078045265382 ) ) ;
#938 = DIRECTION ( 'NONE',  ( 0.000000000000000000, 0.000000000000000000, 1.000000000000000000 ) ) ;
#939 = CARTESIAN_POINT ( 'NONE',  ( 0.000000000000000000, 64.40000000000000568, 0.000000000000000000 ) ) ;
#940 = CARTESIAN_POINT ( 'NONE',  ( 1.785497497603578676, 64.70177179493045116, -5.515662857857582146 ) ) ;
#941 =( NAMED_UNIT ( * ) SI_UNIT ( $, .STERADIAN. ) SOLID_ANGLE_UNIT ( ) );
#942 = CIRCLE ( 'NONE', #1494, 6.999999999999999112 ) ;
#943 = VERTEX_POINT ( 'NONE', #13 ) ;
#944 = CARTESIAN_POINT ( 'NONE',  ( -1.801134819141054777, 64.67227621057827491, 5.558272214358240149 ) ) ;
#945 = VERTEX_POINT ( 'NONE', #634 ) ;
#946 = DIRECTION ( 'NONE',  ( -0.000000000000000000, 1.000000000000000000, -0.000000000000000000 ) ) ;
#947 = PRESENTATION_LAYER_ASSIGNMENT (  '', '', ( #846 ) ) ;
#948 = CARTESIAN_POINT ( 'NONE',  ( 0.000000000000000000, 64.00000000000000000, 0.000000000000000000 ) ) ;
#949 = DIRECTION ( 'NONE',  ( 0.000000000000000000, 1.000000000000000000, 0.000000000000000000 ) ) ;
#950 = PRESENTATION_STYLE_ASSIGNMENT (( #901 ) ) ;
#951 = FACE_BOUND ( 'NONE', #19, .T. ) ;
#952 = EDGE_CURVE ( 'NONE', #1154, #473, #1966, .T. ) ;
#953 = MANIFOLD_SOLID_BREP ( 'Filete2', #1412 ) ;
#954 = ORIENTED_EDGE ( 'NONE', *, *, #1531, .F. ) ;
#955 =( LENGTH_UNIT ( ) NAMED_UNIT ( * ) SI_UNIT ( .MILLI., .METRE. ) );
#956 = CARTESIAN_POINT ( 'NONE',  ( 0.000000000000000000, 64.00000000000000000, 8.499999999999998224 ) ) ;
#957 = DIRECTION ( 'NONE',  ( -1.776356839400250465E-15, 0.000000000000000000, 1.000000000000000000 ) ) ;
#958 = DIRECTION ( 'NONE',  ( -0.000000000000000000, 1.000000000000000000, -0.000000000000000000 ) ) ;
#959 = PRESENTATION_LAYER_ASSIGNMENT (  '', '', ( #1869 ) ) ;
#960 = FACE_OUTER_BOUND ( 'NONE', #1660, .T. ) ;
#961 = STYLED_ITEM ( 'NONE', ( #861 ), #1015 ) ;
#962 = UNCERTAINTY_MEASURE_WITH_UNIT (LENGTH_MEASURE( 1.000000000000000082E-05 ), #714, 'distance_accuracy_value', 'NONE');
#963 = SURFACE_SIDE_STYLE ('',( #1780 ) ) ;
#964 =( LENGTH_UNIT ( ) NAMED_UNIT ( * ) SI_UNIT ( .MILLI., .METRE. ) );
#965 = EDGE_CURVE ( 'NONE', #1968, #505, #494, .T. ) ;
#966 = ORIENTED_EDGE ( 'NONE', *, *, #1170, .F. ) ;
#967 = FACE_OUTER_BOUND ( 'NONE', #1009, .T. ) ;
#968 = PRESENTATION_LAYER_ASSIGNMENT (  '', '', ( #392 ) ) ;
#969 = ORIENTED_EDGE ( 'NONE', *, *, #1063, .T. ) ;
#970 = DIRECTION ( 'NONE',  ( -1.000000000000000000, -0.000000000000000000, -0.000000000000000000 ) ) ;
#971 =( NAMED_UNIT ( * ) PLANE_ANGLE_UNIT ( ) SI_UNIT ( $, .RADIAN. ) );
#972 = AXIS2_PLACEMENT_3D ( 'NONE', #1908, #958, #1634 ) ;
#973 = SURFACE_STYLE_FILL_AREA ( #1293 ) ;
#974 =( NAMED_UNIT ( * ) PLANE_ANGLE_UNIT ( ) SI_UNIT ( $, .RADIAN. ) );
#975 =( GEOMETRIC_REPRESENTATION_CONTEXT ( 3 ) GLOBAL_UNCERTAINTY_ASSIGNED_CONTEXT ( ( #319 ) ) GLOBAL_UNIT_ASSIGNED_CONTEXT ( ( #1554, #1378, #2055 ) ) REPRESENTATION_CONTEXT ( 'NONE', 'WORKASPACE' ) );
#976 = VERTEX_POINT ( 'NONE', #68 ) ;
#977 = DIRECTION ( 'NONE',  ( -0.000000000000000000, -1.000000000000000000, -0.000000000000000000 ) ) ;
#978 = EDGE_LOOP ( 'NONE', ( #969, #1128, #1175, #512 ) ) ;
#979 = DIRECTION ( 'NONE',  ( -0.000000000000000000, 1.000000000000000000, -0.000000000000000000 ) ) ;
#980 = EDGE_CURVE ( 'NONE', #616, #60, #1973, .T. ) ;
#981 = CARTESIAN_POINT ( 'NONE',  ( 1.679355475539305642, 64.75000000000000000, 5.342262178775592396 ) ) ;
#982 = AXIS2_PLACEMENT_3D ( 'NONE', #1875, #1987, #1834 ) ;
#983 = ORIENTED_EDGE ( 'NONE', *, *, #1476, .T. ) ;
#984 = SURFACE_STYLE_USAGE ( .BOTH. , #61 ) ;
#985 = ORIENTED_EDGE ( 'NONE', *, *, #1212, .T. ) ;
#986 = UNCERTAINTY_MEASURE_WITH_UNIT (LENGTH_MEASURE( 1.000000000000000082E-05 ), #475, 'distance_accuracy_value', 'NONE');
#987 = DIRECTION ( 'NONE',  ( -0.000000000000000000, -1.000000000000000000, -0.000000000000000000 ) ) ;
#988 = PRESENTATION_STYLE_ASSIGNMENT (( #360 ) ) ;
#989 = SURFACE_SIDE_STYLE ('',( #1282 ) ) ;
#990 = COLOUR_RGB ( '',0.6666666666666666297, 0.6980392156862744724, 0.7686274509803920907 ) ;
#991 = EDGE_LOOP ( 'NONE', ( #1448, #1335, #535, #324 ) ) ;
#992 = LINE ( 'NONE', #523, #201 ) ;
#993 = MECHANICAL_DESIGN_GEOMETRIC_PRESENTATION_REPRESENTATION (  '', ( #392 ), #337 ) ;
#994 = ORIENTED_EDGE ( 'NONE', *, *, #491, .T. ) ;
#995 = FACE_OUTER_BOUND ( 'NONE', #732, .T. ) ;
#996 = STYLED_ITEM ( 'NONE', ( #1271 ), #1259 ) ;
#997 = CARTESIAN_POINT ( 'NONE',  ( 0.000000000000000000, 0.5000000000000004441, 0.000000000000000000 ) ) ;
#998 = PRESENTATION_STYLE_ASSIGNMENT (( #1957 ) ) ;
#999 = EDGE_CURVE ( 'NONE', #350, #388, #1103, .T. ) ;
#1000 = ORIENTED_EDGE ( 'NONE', *, *, #1225, .F. ) ;
#1001 = FACE_OUTER_BOUND ( 'NONE', #678, .T. ) ;
#1002 = FACE_OUTER_BOUND ( 'NONE', #1133, .T. ) ;
#1003 = EDGE_LOOP ( 'NONE', ( #155, #1950 ) ) ;
#1004 = ADVANCED_FACE ( 'NONE', ( #1177 ), #1822, .T. ) ;
#1005 = ORIENTED_EDGE ( 'NONE', *, *, #1531, .T. ) ;
#1006 = AXIS2_PLACEMENT_3D ( 'NONE', #1111, #462, #1090 ) ;
#1007 = VECTOR ( 'NONE', #1376, 1000.000000000000000 ) ;
#1008 = DIRECTION ( 'NONE',  ( 0.000000000000000000, 0.000000000000000000, 1.000000000000000000 ) ) ;
#1009 = EDGE_LOOP ( 'NONE', ( #1774, #1984, #383, #1303 ) ) ;
#1010 = CARTESIAN_POINT ( 'NONE',  ( 8.572527594031472204E-16, 0.000000000000000000, 6.999999999999999112 ) ) ;
#1011 = DIRECTION ( 'NONE',  ( -0.000000000000000000, 1.000000000000000000, -0.000000000000000000 ) ) ;
#1012 = AXIS2_PLACEMENT_3D ( 'NONE', #450, #1902, #928 ) ;
#1013 = EDGE_LOOP ( 'NONE', ( #1332, #1110, #823, #692 ) ) ;
#1014 = FILL_AREA_STYLE_COLOUR ( '', #1115 ) ;
#1015 = ADVANCED_FACE ( 'NONE', ( #2002 ), #228, .F. ) ;
#1016 = VERTEX_POINT ( 'NONE', #1507 ) ;
#1017 = EDGE_CURVE ( 'NONE', #667, #276, #425, .T. ) ;
#1018 = VECTOR ( 'NONE', #1756, 1000.000000000000000 ) ;
#1019 = SURFACE_SIDE_STYLE ('',( #690 ) ) ;
#1020 = CIRCLE ( 'NONE', #929, 5.999999999999999112 ) ;
#1021 = COLOUR_RGB ( '',0.6666666666666666297, 0.6980392156862744724, 0.7686274509803920907 ) ;
#1022 = DIRECTION ( 'NONE',  ( -1.224646799147351482E-16, 0.000000000000000000, -1.000000000000000000 ) ) ;
#1023 = CARTESIAN_POINT ( 'NONE',  ( 0.000000000000000000, 0.5000000000000000000, -6.999999999999999112 ) ) ;
#1024 = AXIS2_PLACEMENT_3D ( 'NONE', #135, #1867, #1048 ) ;
#1025 = EDGE_LOOP ( 'NONE', ( #1354, #864, #501, #966 ) ) ;
#1026 =( NAMED_UNIT ( * ) PLANE_ANGLE_UNIT ( ) SI_UNIT ( $, .RADIAN. ) );
#1027 = FILL_AREA_STYLE ('',( #256 ) ) ;
#1028 = CIRCLE ( 'NONE', #309, 6.999999999999999112 ) ;
#1029 = AXIS2_PLACEMENT_3D ( 'NONE', #1540, #245, #417 ) ;
#1030 = SURFACE_STYLE_FILL_AREA ( #1199 ) ;
#1031 = ADVANCED_FACE ( 'NONE', ( #530 ), #387, .F. ) ;
#1032 = SURFACE_STYLE_USAGE ( .BOTH. , #1846 ) ;
#1033 = UNCERTAINTY_MEASURE_WITH_UNIT (LENGTH_MEASURE( 1.000000000000000082E-05 ), #1213, 'distance_accuracy_value', 'NONE');
#1034 = EDGE_LOOP ( 'NONE', ( #1522, #58, #1960, #543 ) ) ;
#1035 = VERTEX_POINT ( 'NONE', #78 ) ;
#1036 =( LENGTH_UNIT ( ) NAMED_UNIT ( * ) SI_UNIT ( .MILLI., .METRE. ) );
#1037 = PRESENTATION_LAYER_ASSIGNMENT (  '', '', ( #1998 ) ) ;
#1038 = CARTESIAN_POINT ( 'NONE',  ( -5.712415078045527395, 64.35000000000000853, -1.835296699751976623 ) ) ;
#1039 =( GEOMETRIC_REPRESENTATION_CONTEXT ( 3 ) GLOBAL_UNCERTAINTY_ASSIGNED_CONTEXT ( ( #1460 ) ) GLOBAL_UNIT_ASSIGNED_CONTEXT ( ( #811, #622, #1464 ) ) REPRESENTATION_CONTEXT ( 'NONE', 'WORKASPACE' ) );
#1040 =( NAMED_UNIT ( * ) SI_UNIT ( $, .STERADIAN. ) SOLID_ANGLE_UNIT ( ) );
#1041 = SURFACE_STYLE_FILL_AREA ( #1241 ) ;
#1042 = ORIENTED_EDGE ( 'NONE', *, *, #1830, .T. ) ;
#1043 =( GEOMETRIC_REPRESENTATION_CONTEXT ( 3 ) GLOBAL_UNCERTAINTY_ASSIGNED_CONTEXT ( ( #341 ) ) GLOBAL_UNIT_ASSIGNED_CONTEXT ( ( #493, #1948, #1333 ) ) REPRESENTATION_CONTEXT ( 'NONE', 'WORKASPACE' ) );
#1044 = EDGE_LOOP ( 'NONE', ( #758, #410, #1505, #1749 ) ) ;
#1045 = DIRECTION ( 'NONE',  ( 0.000000000000000000, 0.000000000000000000, -1.000000000000000000 ) ) ;
#1046 = AXIS2_PLACEMENT_3D ( 'NONE', #172, #1152, #1934 ) ;
#1047 = SURFACE_SIDE_STYLE ('',( #1030 ) ) ;
#1048 = DIRECTION ( 'NONE',  ( 0.000000000000000000, 0.000000000000000000, 1.000000000000000000 ) ) ;
#1049 = LINE ( 'NONE', #726, #1334 ) ;
#1050 = EDGE_CURVE ( 'NONE', #2003, #616, #45, .T. ) ;
#1051 =( GEOMETRIC_REPRESENTATION_CONTEXT ( 3 ) GLOBAL_UNCERTAINTY_ASSIGNED_CONTEXT ( ( #88 ) ) GLOBAL_UNIT_ASSIGNED_CONTEXT ( ( #1068, #760, #1732 ) ) REPRESENTATION_CONTEXT ( 'NONE', 'WORKASPACE' ) );
#1052 = DIRECTION ( 'NONE',  ( -0.000000000000000000, 1.000000000000000000, -0.000000000000000000 ) ) ;
#1053 = DIRECTION ( 'NONE',  ( 0.000000000000000000, 1.000000000000000000, 0.000000000000000000 ) ) ;
#1054 = ADVANCED_FACE ( 'NONE', ( #1681 ), #240, .F. ) ;
#1055 = ORIENTED_EDGE ( 'NONE', *, *, #1665, .T. ) ;
#1056 = DIRECTION ( 'NONE',  ( 0.000000000000000000, 0.000000000000000000, -1.000000000000000000 ) ) ;
#1057 = MECHANICAL_DESIGN_GEOMETRIC_PRESENTATION_REPRESENTATION (  '', ( #1518 ), #1131 ) ;
#1058 = ORIENTED_EDGE ( 'NONE', *, *, #1840, .T. ) ;
#1059 = CARTESIAN_POINT ( 'NONE',  ( 0.000000000000000000, 64.00000000000000000, 0.000000000000000000 ) ) ;
#1060 = DIRECTION ( 'NONE',  ( 0.000000000000000000, -0.000000000000000000, 1.000000000000000000 ) ) ;
#1061 = CARTESIAN_POINT ( 'NONE',  ( 0.000000000000000000, 64.00000000000000000, 6.999999999999999112 ) ) ;
#1062 = CARTESIAN_POINT ( 'NONE',  ( 1.364521900847950321E-15, 64.00000000000000000, 3.391384395534657870E-13 ) ) ;
#1063 = EDGE_CURVE ( 'NONE', #1181, #486, #1941, .T. ) ;
#1064 = VERTEX_POINT ( 'NONE', #304 ) ;
#1065 = CARTESIAN_POINT ( 'NONE',  ( 1.125517989408453934, 64.75000000000000000, 5.793512224513984066 ) ) ;
#1066 =( LENGTH_UNIT ( ) NAMED_UNIT ( * ) SI_UNIT ( .MILLI., .METRE. ) );
#1067 = ORIENTED_EDGE ( 'NONE', *, *, #1959, .T. ) ;
#1068 =( LENGTH_UNIT ( ) NAMED_UNIT ( * ) SI_UNIT ( .MILLI., .METRE. ) );
#1069 = DIRECTION ( 'NONE',  ( 0.000000000000000000, 1.000000000000000000, 0.000000000000000000 ) ) ;
#1070 = AXIS2_PLACEMENT_3D ( 'NONE', #1065, #1245, #1560 ) ;
#1071 = AXIS2_PLACEMENT_3D ( 'NONE', #1062, #1723, #1569 ) ;
#1072 = FACE_OUTER_BOUND ( 'NONE', #709, .T. ) ;
#1073 = FACE_OUTER_BOUND ( 'NONE', #1785, .T. ) ;
#1074 = FILL_AREA_STYLE ('',( #591 ) ) ;
#1075 = SURFACE_SIDE_STYLE ('',( #460 ) ) ;
#1076 = EDGE_LOOP ( 'NONE', ( #193, #2029, #1421, #613 ) ) ;
#1077 = CARTESIAN_POINT ( 'NONE',  ( 1.125517989408451935, 64.75000000000000000, -5.793512224513365005 ) ) ;
#1078 = CYLINDRICAL_SURFACE ( 'NONE', #1093, 6.999999999999999112 ) ;
#1079 = EDGE_CURVE ( 'NONE', #976, #1236, #92, .T. ) ;
#1080 = VERTEX_POINT ( 'NONE', #2048 ) ;
#1081 = PRESENTATION_LAYER_ASSIGNMENT (  '', '', ( #1331 ) ) ;
#1082 =( LENGTH_UNIT ( ) NAMED_UNIT ( * ) SI_UNIT ( .MILLI., .METRE. ) );
#1083 = CIRCLE ( 'NONE', #1479, 5.999999999999999112 ) ;
#1084 = DIRECTION ( 'NONE',  ( 0.000000000000000000, 0.000000000000000000, -1.000000000000000000 ) ) ;
#1085 = DIRECTION ( 'NONE',  ( 0.000000000000000000, -1.000000000000000000, 0.000000000000000000 ) ) ;
#1086 = CARTESIAN_POINT ( 'NONE',  ( 5.186735045225424834, 64.00000000000000000, -1.502590952530191704 ) ) ;
#1087 = DIRECTION ( 'NONE',  ( -0.000000000000000000, -1.000000000000000000, 0.000000000000000000 ) ) ;
#1088 = COLOUR_RGB ( '',0.7529411764705882248, 0.7529411764705882248, 0.7529411764705882248 ) ;
#1089 = ORIENTED_EDGE ( 'NONE', *, *, #2004, .T. ) ;
#1090 = DIRECTION ( 'NONE',  ( 0.000000000000000000, 0.000000000000000000, 1.000000000000000000 ) ) ;
#1091 = DIRECTION ( 'NONE',  ( -0.000000000000000000, -1.000000000000000000, 0.000000000000000000 ) ) ;
#1092 = EDGE_CURVE ( 'NONE', #1971, #976, #114, .T. ) ;
#1093 = AXIS2_PLACEMENT_3D ( 'NONE', #272, #1227, #610 ) ;
#1094 = CARTESIAN_POINT ( 'NONE',  ( 1.835296699752298366, 64.35000000000000853, 5.712415078045850692 ) ) ;
#1095 = STYLED_ITEM ( 'NONE', ( #1229 ), #64 ) ;
#1096 = SURFACE_STYLE_USAGE ( .BOTH. , #800 ) ;
#1097 = SURFACE_STYLE_FILL_AREA ( #1498 ) ;
#1098 = PRESENTATION_STYLE_ASSIGNMENT (( #1380 ) ) ;
#1099 = CARTESIAN_POINT ( 'NONE',  ( 0.000000000000000000, 64.75000000000000000, 0.000000000000000000 ) ) ;
#1100 = ORIENTED_EDGE ( 'NONE', *, *, #540, .T. ) ;
#1101 = PRESENTATION_STYLE_ASSIGNMENT (( #484 ) ) ;
#1102 =( NAMED_UNIT ( * ) PLANE_ANGLE_UNIT ( ) SI_UNIT ( $, .RADIAN. ) );
#1103 = B_SPLINE_CURVE_WITH_KNOTS ( 'NONE', 3,
 ( #1340, #1500, #548, #1983, #1190, #698, #1161, #1829 ),
 .UNSPECIFIED., .F., .F.,
 ( 4, 2, 2, 4 ),
 ( 1.971141738911913354E-07, 0.0003160599242738310727, 0.0004739913293238000509, 0.0006319227343737691916 ),
 .UNSPECIFIED. ) ;
#1104 = CYLINDRICAL_SURFACE ( 'NONE', #762, 5.999999999999999112 ) ;
#1105 = CIRCLE ( 'NONE', #1006, 5.999999999999999112 ) ;
#1106 = CARTESIAN_POINT ( 'NONE',  ( 1.364521900847950321E-15, 64.00000000000000000, 5.399999999999955946 ) ) ;
#1107 = CIRCLE ( 'NONE', #448, 0.7143966439049397321 ) ;
#1108 = SURFACE_STYLE_FILL_AREA ( #500 ) ;
#1109 = EDGE_CURVE ( 'NONE', #1257, #195, #661, .T. ) ;
#1110 = ORIENTED_EDGE ( 'NONE', *, *, #952, .T. ) ;
#1111 = CARTESIAN_POINT ( 'NONE',  ( 0.000000000000000000, 64.35000000000000853, 0.000000000000000000 ) ) ;
#1112 = DIRECTION ( 'NONE',  ( 0.000000000000000000, 0.000000000000000000, 1.000000000000000000 ) ) ;
#1113 = ORIENTED_EDGE ( 'NONE', *, *, #1170, .T. ) ;
#1114 = FACE_OUTER_BOUND ( 'NONE', #1761, .T. ) ;
#1115 = COLOUR_RGB ( '',0.3843137254901960453, 0.7294117647058823151, 1.000000000000000000 ) ;
#1116 =( NAMED_UNIT ( * ) SI_UNIT ( $, .STERADIAN. ) SOLID_ANGLE_UNIT ( ) );
#1117 = MECHANICAL_DESIGN_GEOMETRIC_PRESENTATION_REPRESENTATION (  '', ( #822 ), #2041 ) ;
#1118 = UNCERTAINTY_MEASURE_WITH_UNIT (LENGTH_MEASURE( 1.000000000000000082E-05 ), #911, 'distance_accuracy_value', 'NONE');
#1119 = ADVANCED_FACE ( 'NONE', ( #739 ), #1389, .T. ) ;
#1120 = UNCERTAINTY_MEASURE_WITH_UNIT (LENGTH_MEASURE( 1.000000000000000082E-05 ), #2032, 'distance_accuracy_value', 'NONE');
#1121 = CARTESIAN_POINT ( 'NONE',  ( 5.793512224513675868, 64.75000000000000000, -1.125517989408142849 ) ) ;
#1122 = CARTESIAN_POINT ( 'NONE',  ( 0.000000000000000000, 64.00000000000000000, 0.000000000000000000 ) ) ;
#1123 = EDGE_CURVE ( 'NONE', #505, #1968, #69, .T. ) ;
#1124 = ORIENTED_EDGE ( 'NONE', *, *, #906, .F. ) ;
#1125 = CARTESIAN_POINT ( 'NONE',  ( 0.000000000000000000, 64.00000000000000000, 0.000000000000000000 ) ) ;
#1126 = AXIS2_PLACEMENT_3D ( 'NONE', #921, #477, #957 ) ;
#1127 = CARTESIAN_POINT ( 'NONE',  ( 0.000000000000000000, 84.29898987322333426, 0.000000000000000000 ) ) ;
#1128 = ORIENTED_EDGE ( 'NONE', *, *, #1172, .F. ) ;
#1129 = FILL_AREA_STYLE_COLOUR ( '', #871 ) ;
#1130 = UNCERTAINTY_MEASURE_WITH_UNIT (LENGTH_MEASURE( 1.000000000000000082E-05 ), #766, 'distance_accuracy_value', 'NONE');
#1131 =( GEOMETRIC_REPRESENTATION_CONTEXT ( 3 ) GLOBAL_UNCERTAINTY_ASSIGNED_CONTEXT ( ( #986 ) ) GLOBAL_UNIT_ASSIGNED_CONTEXT ( ( #475, #1102, #143 ) ) REPRESENTATION_CONTEXT ( 'NONE', 'WORKASPACE' ) );
#1132 = CARTESIAN_POINT ( 'NONE',  ( 1.364521900847950321E-15, 64.00000000000000000, 5.399999999999955946 ) ) ;
#1133 = EDGE_LOOP ( 'NONE', ( #933, #1814, #1424, #549 ) ) ;
#1134 = FILL_AREA_STYLE ('',( #185 ) ) ;
#1135 = AXIS2_PLACEMENT_3D ( 'NONE', #934, #617, #1775 ) ;
#1136 = CARTESIAN_POINT ( 'NONE',  ( -1.502590952530502122, 64.00000000000000000, -5.186735045225121077 ) ) ;
#1137 = ORIENTED_EDGE ( 'NONE', *, *, #1844, .T. ) ;
#1138 = CARTESIAN_POINT ( 'NONE',  ( -5.712415078045524730, 64.35000000000000853, 1.835296699752603011 ) ) ;
#1139 = CARTESIAN_POINT ( 'NONE',  ( 0.000000000000000000, 64.50000000000000000, -9.000000000000000000 ) ) ;
#1140 = FILL_AREA_STYLE_COLOUR ( '', #378 ) ;
#1141 = STYLED_ITEM ( 'NONE', ( #377 ), #389 ) ;
#1142 = FILL_AREA_STYLE_COLOUR ( '', #321 ) ;
#1143 = DIRECTION ( 'NONE',  ( 0.000000000000000000, 0.000000000000000000, -1.000000000000000000 ) ) ;
#1144 = CIRCLE ( 'NONE', #248, 5.599999999999998757 ) ;
#1145 = AXIS2_PLACEMENT_3D ( 'NONE', #895, #1548, #1893 ) ;
#1146 = EDGE_LOOP ( 'NONE', ( #492, #1409 ) ) ;
#1147 = DIRECTION ( 'NONE',  ( 0.000000000000000000, 0.000000000000000000, 1.000000000000000000 ) ) ;
#1148 = SURFACE_SIDE_STYLE ('',( #1816 ) ) ;
#1149 = EDGE_LOOP ( 'NONE', ( #1345, #330, #74, #683 ) ) ;
#1150 = STYLED_ITEM ( 'NONE', ( #382 ), #1446 ) ;
#1151 = EDGE_CURVE ( 'NONE', #653, #768, #167, .T. ) ;
#1152 = DIRECTION ( 'NONE',  ( -0.000000000000000000, -1.000000000000000000, -0.000000000000000000 ) ) ;
#1153 = AXIS2_PLACEMENT_3D ( 'NONE', #1256, #602, #1408 ) ;
#1154 = VERTEX_POINT ( 'NONE', #433 ) ;
#1155 = FILL_AREA_STYLE_COLOUR ( '', #1772 ) ;
#1156 = CARTESIAN_POINT ( 'NONE',  ( 1.364521900847950321E-15, 64.75000000000000000, 3.391384395534657870E-13 ) ) ;
#1157 = ORIENTED_EDGE ( 'NONE', *, *, #906, .T. ) ;
#1158 = SURFACE_STYLE_USAGE ( .BOTH. , #1951 ) ;
#1159 = FACE_OUTER_BOUND ( 'NONE', #700, .T. ) ;
#1160 = EDGE_CURVE ( 'NONE', #768, #637, #1049, .T. ) ;
#1161 = CARTESIAN_POINT ( 'NONE',  ( -5.383397163353890846, 64.75000000000001421, 1.712871017801317786 ) ) ;
#1162 = AXIS2_PLACEMENT_3D ( 'NONE', #888, #2054, #1552 ) ;
#1163 = EDGE_LOOP ( 'NONE', ( #851, #1831, #1622, #2052, #1042 ) ) ;
#1164 = DIRECTION ( 'NONE',  ( 0.000000000000000000, 1.000000000000000000, 0.000000000000000000 ) ) ;
#1165 = COLOUR_RGB ( '',0.7529411764705882248, 0.7529411764705882248, 0.7529411764705882248 ) ;
#1166 = ORIENTED_EDGE ( 'NONE', *, *, #980, .F. ) ;
#1167 =( NAMED_UNIT ( * ) PLANE_ANGLE_UNIT ( ) SI_UNIT ( $, .RADIAN. ) );
#1168 = STYLED_ITEM ( 'NONE', ( #749 ), #220 ) ;
#1169 = DIRECTION ( 'NONE',  ( 0.000000000000000000, 1.000000000000000000, 0.000000000000000000 ) ) ;
#1170 = EDGE_CURVE ( 'NONE', #89, #350, #293, .T. ) ;
#1171 = ORIENTED_EDGE ( 'NONE', *, *, #359, .T. ) ;
#1172 = EDGE_CURVE ( 'NONE', #1833, #486, #444, .T. ) ;
#1173 = CIRCLE ( 'NONE', #282, 6.999999999999999112 ) ;
#1174 = AXIS2_PLACEMENT_3D ( 'NONE', #577, #1398, #735 ) ;
#1175 = ORIENTED_EDGE ( 'NONE', *, *, #95, .F. ) ;
#1176 =( LENGTH_UNIT ( ) NAMED_UNIT ( * ) SI_UNIT ( .MILLI., .METRE. ) );
#1177 = FACE_OUTER_BOUND ( 'NONE', #1208, .T. ) ;
#1178 = UNCERTAINTY_MEASURE_WITH_UNIT (LENGTH_MEASURE( 1.000000000000000082E-05 ), #1328, 'distance_accuracy_value', 'NONE');
#1179 = ADVANCED_FACE ( 'NONE', ( #1072 ), #1250, .T. ) ;
#1180 = AXIS2_PLACEMENT_3D ( 'NONE', #264, #852, #1182 ) ;
#1181 = VERTEX_POINT ( 'NONE', #182 ) ;
#1182 = DIRECTION ( 'NONE',  ( 0.000000000000000000, 0.000000000000000000, 1.000000000000000000 ) ) ;
#1183 = AXIS2_PLACEMENT_3D ( 'NONE', #510, #1629, #1143 ) ;
#1184 = EDGE_CURVE ( 'NONE', #401, #177, #199, .T. ) ;
#1185 = ORIENTED_EDGE ( 'NONE', *, *, #211, .T. ) ;
#1186 = CARTESIAN_POINT ( 'NONE',  ( 0.000000000000000000, 64.50000000000000000, 0.000000000000000000 ) ) ;
#1187 = VECTOR ( 'NONE', #270, 1000.000000000000000 ) ;
#1188 = SURFACE_STYLE_FILL_AREA ( #430 ) ;
#1189 = STYLED_ITEM ( 'NONE', ( #1555 ), #1420 ) ;
#1190 = CARTESIAN_POINT ( 'NONE',  ( -5.515859247580561231, 64.70162568483833354, 1.785564282739929842 ) ) ;
#1191 = EDGE_LOOP ( 'NONE', ( #1513, #848 ) ) ;
#1192 = DIRECTION ( 'NONE',  ( 0.000000000000000000, 0.000000000000000000, 1.000000000000000000 ) ) ;
#1193 = AXIS2_PLACEMENT_3D ( 'NONE', #761, #2035, #1411 ) ;
#1194 = VERTEX_POINT ( 'NONE', #1801 ) ;
#1195 = DIRECTION ( 'NONE',  ( 0.000000000000000000, -0.000000000000000000, -1.000000000000000000 ) ) ;
#1196 = EDGE_CURVE ( 'NONE', #1443, #397, #1512, .T. ) ;
#1197 = AXIS2_PLACEMENT_3D ( 'NONE', #1417, #422, #900 ) ;
#1198 = PRESENTATION_LAYER_ASSIGNMENT (  '', '', ( #312 ) ) ;
#1199 = FILL_AREA_STYLE ('',( #564 ) ) ;
#1200 = CARTESIAN_POINT ( 'NONE',  ( 5.712415078045331107, 64.45682438411945725, -1.835296699751960858 ) ) ;
#1201 = TOROIDAL_SURFACE ( 'NONE', #1416, 5.599999999999998757, 0.4000000000000000222 ) ;
#1202 =( NAMED_UNIT ( * ) PLANE_ANGLE_UNIT ( ) SI_UNIT ( $, .RADIAN. ) );
#1203 = B_SPLINE_CURVE_WITH_KNOTS ( 'NONE', 3,
 ( #1595, #446, #3, #148, #777, #926, #1252, #1301 ),
 .UNSPECIFIED., .F., .F.,
 ( 4, 2, 2, 4 ),
 ( 0.0002432956881044242236, 0.0004008380685852446206, 0.0005583804490660649635, 0.0008734652100277041312 ),
 .UNSPECIFIED. ) ;
#1204 = CARTESIAN_POINT ( 'NONE',  ( 0.000000000000000000, 64.75000000000000000, 0.000000000000000000 ) ) ;
#1205 = ORIENTED_EDGE ( 'NONE', *, *, #517, .T. ) ;
#1206 = CARTESIAN_POINT ( 'NONE',  ( 0.000000000000000000, 64.00000000000000000, 0.000000000000000000 ) ) ;
#1207 = PRESENTATION_LAYER_ASSIGNMENT (  '', '', ( #1141 ) ) ;
#1208 = EDGE_LOOP ( 'NONE', ( #870, #650, #161, #1978 ) ) ;
#1209 = FILL_AREA_STYLE ('',( #560 ) ) ;
#1210 = CARTESIAN_POINT ( 'NONE',  ( 0.000000000000000000, 0.2500000000000000000, 0.000000000000000000 ) ) ;
#1211 = TOROIDAL_SURFACE ( 'NONE', #1501, 8.499999999999998224, 0.5000000000000000000 ) ;
#1212 = EDGE_CURVE ( 'NONE', #1653, #685, #1083, .T. ) ;
#1213 =( LENGTH_UNIT ( ) NAMED_UNIT ( * ) SI_UNIT ( .MILLI., .METRE. ) );
#1214 = DIRECTION ( 'NONE',  ( 0.000000000000000000, 0.000000000000000000, 1.000000000000000000 ) ) ;
#1215 = ADVANCED_FACE ( 'NONE', ( #1932 ), #158, .T. ) ;
#1216 = DIRECTION ( 'NONE',  ( -0.000000000000000000, -1.000000000000000000, 0.000000000000000000 ) ) ;
#1217 = DIRECTION ( 'NONE',  ( -0.000000000000000000, 1.000000000000000000, -0.000000000000000000 ) ) ;
#1218 = CARTESIAN_POINT ( 'NONE',  ( 1.835296699752291927, 64.35000000000000853, -5.712415078045216532 ) ) ;
#1219 = ORIENTED_EDGE ( 'NONE', *, *, #408, .F. ) ;
#1220 =( NAMED_UNIT ( * ) SI_UNIT ( $, .STERADIAN. ) SOLID_ANGLE_UNIT ( ) );
#1221 = FACE_OUTER_BOUND ( 'NONE', #991, .T. ) ;
#1222 = DIRECTION ( 'NONE',  ( 0.000000000000000000, 0.000000000000000000, 1.000000000000000000 ) ) ;
#1223 = MECHANICAL_DESIGN_GEOMETRIC_PRESENTATION_REPRESENTATION (  '', ( #496 ), #1439 ) ;
#1224 = CARTESIAN_POINT ( 'NONE',  ( 5.793512224513676756, 64.00000000000000000, 1.125517989408759911 ) ) ;
#1225 = EDGE_CURVE ( 'NONE', #395, #1817, #1746, .T. ) ;
#1226 = AXIS2_PLACEMENT_3D ( 'NONE', #335, #946, #1930 ) ;
#1227 = DIRECTION ( 'NONE',  ( -0.000000000000000000, -1.000000000000000000, -0.000000000000000000 ) ) ;
#1228 =( LENGTH_UNIT ( ) NAMED_UNIT ( * ) SI_UNIT ( .MILLI., .METRE. ) );
#1229 = PRESENTATION_STYLE_ASSIGNMENT (( #1583 ) ) ;
#1230 = DIRECTION ( 'NONE',  ( -0.000000000000000000, -1.000000000000000000, -0.000000000000000000 ) ) ;
#1231 = PRESENTATION_STYLE_ASSIGNMENT (( #790 ) ) ;
#1232 = ORIENTED_EDGE ( 'NONE', *, *, #121, .F. ) ;
#1233 = CARTESIAN_POINT ( 'NONE',  ( -1.679355475539704434, 64.75000000000000000, -5.342262178775467163 ) ) ;
#1234 = DIRECTION ( 'NONE',  ( 0.000000000000000000, 0.000000000000000000, -1.000000000000000000 ) ) ;
#1235 = CIRCLE ( 'NONE', #399, 0.7143966439049406203 ) ;
#1236 = VERTEX_POINT ( 'NONE', #981 ) ;
#1237 = CARTESIAN_POINT ( 'NONE',  ( 1.071565949253933927E-15, 64.50000000000000000, -8.499999999999998224 ) ) ;
#1238 = CIRCLE ( 'NONE', #536, 0.5000000000000004441 ) ;
#1239 =( GEOMETRIC_REPRESENTATION_CONTEXT ( 3 ) GLOBAL_UNCERTAINTY_ASSIGNED_CONTEXT ( ( #1848 ) ) GLOBAL_UNIT_ASSIGNED_CONTEXT ( ( #1736, #1596, #149 ) ) REPRESENTATION_CONTEXT ( 'NONE', 'WORKASPACE' ) );
#1240 = DIRECTION ( 'NONE',  ( -0.000000000000000000, 1.000000000000000000, -0.000000000000000000 ) ) ;
#1241 = FILL_AREA_STYLE ('',( #728 ) ) ;
#1242 =( NAMED_UNIT ( * ) SI_UNIT ( $, .STERADIAN. ) SOLID_ANGLE_UNIT ( ) );
#1243 = FILL_AREA_STYLE_COLOUR ( '', #1645 ) ;
#1244 = ORIENTED_EDGE ( 'NONE', *, *, #1415, .F. ) ;
#1245 = DIRECTION ( 'NONE',  ( 0.000000000000000000, 1.000000000000000000, 0.000000000000000000 ) ) ;
#1246 = DIRECTION ( 'NONE',  ( 0.000000000000000000, 0.000000000000000000, 1.000000000000000000 ) ) ;
#1247 = CARTESIAN_POINT ( 'NONE',  ( 5.342262178775452952, 64.75000000000000000, 1.679355475539749065 ) ) ;
#1248 = MECHANICAL_DESIGN_GEOMETRIC_PRESENTATION_REPRESENTATION (  '', ( #1150 ), #547 ) ;
#1249 = CARTESIAN_POINT ( 'NONE',  ( -5.712415078045527395, 64.00000000000000000, -1.835296699751976623 ) ) ;
#1250 = CYLINDRICAL_SURFACE ( 'NONE', #1615, 6.999999999999999112 ) ;
#1251 = SURFACE_STYLE_FILL_AREA ( #7 ) ;
#1252 = CARTESIAN_POINT ( 'NONE',  ( 5.712415078048414863, 64.45668679033602189, 1.835296699752932525 ) ) ;
#1253 = CIRCLE ( 'NONE', #35, 0.7143966439049401762 ) ;
#1254 = FILL_AREA_STYLE_COLOUR ( '', #670 ) ;
#1255 = SURFACE_STYLE_FILL_AREA ( #150 ) ;
#1256 = CARTESIAN_POINT ( 'NONE',  ( 0.000000000000000000, 64.40000000000000568, 0.000000000000000000 ) ) ;
#1257 = VERTEX_POINT ( 'NONE', #1106 ) ;
#1258 = CARTESIAN_POINT ( 'NONE',  ( 5.712415078045529171, 64.35000000000000853, 1.835296699752600347 ) ) ;
#1259 = ADVANCED_FACE ( 'NONE', ( #960 ), #1452, .T. ) ;
#1260 = ORIENTED_EDGE ( 'NONE', *, *, #292, .F. ) ;
#1261 =( NAMED_UNIT ( * ) SI_UNIT ( $, .STERADIAN. ) SOLID_ANGLE_UNIT ( ) );
#1262 =( NAMED_UNIT ( * ) SI_UNIT ( $, .STERADIAN. ) SOLID_ANGLE_UNIT ( ) );
#1263 = AXIS2_PLACEMENT_3D ( 'NONE', #1122, #1639, #342 ) ;
#1264 = STYLED_ITEM ( 'NONE', ( #988 ), #1215 ) ;
#1265 = FACE_OUTER_BOUND ( 'NONE', #25, .T. ) ;
#1266 = CARTESIAN_POINT ( 'NONE',  ( 1.679355475539705322, 64.75000000000000000, -5.342262178775467163 ) ) ;
#1267 =( GEOMETRIC_REPRESENTATION_CONTEXT ( 3 ) GLOBAL_UNCERTAINTY_ASSIGNED_CONTEXT ( ( #1120 ) ) GLOBAL_UNIT_ASSIGNED_CONTEXT ( ( #2032, #1562, #364 ) ) REPRESENTATION_CONTEXT ( 'NONE', 'WORKASPACE' ) );
#1268 = VERTEX_POINT ( 'NONE', #1792 ) ;
#1269 = FILL_AREA_STYLE_COLOUR ( '', #1559 ) ;
#1270 = DIRECTION ( 'NONE',  ( 0.000000000000000000, 0.000000000000000000, 1.000000000000000000 ) ) ;
#1271 = PRESENTATION_STYLE_ASSIGNMENT (( #629 ) ) ;
#1272 = PRESENTATION_STYLE_ASSIGNMENT (( #597 ) ) ;
#1273 = EDGE_CURVE ( 'NONE', #1368, #854, #1651, .T. ) ;
#1274 = CARTESIAN_POINT ( 'NONE',  ( 5.383397163354054271, 64.75000000000001421, -1.712871017800809526 ) ) ;
#1275 = CIRCLE ( 'NONE', #375, 0.7143966439049402872 ) ;
#1276 =( GEOMETRIC_REPRESENTATION_CONTEXT ( 3 ) GLOBAL_UNCERTAINTY_ASSIGNED_CONTEXT ( ( #1118 ) ) GLOBAL_UNIT_ASSIGNED_CONTEXT ( ( #911, #753, #1722 ) ) REPRESENTATION_CONTEXT ( 'NONE', 'WORKASPACE' ) );
#1277 = DIRECTION ( 'NONE',  ( 0.000000000000000000, 0.000000000000000000, -1.000000000000000000 ) ) ;
#1278 = CIRCLE ( 'NONE', #1754, 5.999999999999999112 ) ;
#1279 =( LENGTH_UNIT ( ) NAMED_UNIT ( * ) SI_UNIT ( .MILLI., .METRE. ) );
#1280 = UNCERTAINTY_MEASURE_WITH_UNIT (LENGTH_MEASURE( 1.000000000000000082E-05 ), #1419, 'distance_accuracy_value', 'NONE');
#1281 = AXIS2_PLACEMENT_3D ( 'NONE', #2034, #93, #1710 ) ;
#1282 = SURFACE_STYLE_FILL_AREA ( #1944 ) ;
#1283 = ORIENTED_EDGE ( 'NONE', *, *, #1092, .T. ) ;
#1284 = DIRECTION ( 'NONE',  ( 0.000000000000000000, 0.000000000000000000, 1.000000000000000000 ) ) ;
#1285 = PRESENTATION_STYLE_ASSIGNMENT (( #627 ) ) ;
#1286 = ORIENTED_EDGE ( 'NONE', *, *, #329, .F. ) ;
#1287 = CARTESIAN_POINT ( 'NONE',  ( 0.000000000000000000, 0.2500000000000000000, 0.000000000000000000 ) ) ;
#1288 = ADVANCED_FACE ( 'NONE', ( #641 ), #57, .T. ) ;
#1289 = VECTOR ( 'NONE', #1444, 1000.000000000000000 ) ;
#1290 = DIRECTION ( 'NONE',  ( 0.000000000000000000, 0.000000000000000000, 1.000000000000000000 ) ) ;
#1291 = CIRCLE ( 'NONE', #545, 6.999999999999999112 ) ;
#1292 = EDGE_CURVE ( 'NONE', #1236, #241, #1400, .T. ) ;
#1293 = FILL_AREA_STYLE ('',( #340 ) ) ;
#1294 = ORIENTED_EDGE ( 'NONE', *, *, #1184, .T. ) ;
#1295 = CARTESIAN_POINT ( 'NONE',  ( -5.712415078048602268, 64.45668679033600768, -1.835296699752334559 ) ) ;
#1296 = LINE ( 'NONE', #1458, #1942 ) ;
#1297 = ORIENTED_EDGE ( 'NONE', *, *, #1593, .F. ) ;
#1298 = LINE ( 'NONE', #1644, #511 ) ;
#1299 = CARTESIAN_POINT ( 'NONE',  ( -1.502590952530502122, 64.00000000000000000, -5.186735045225121077 ) ) ;
#1300 = DIRECTION ( 'NONE',  ( 0.000000000000000000, 0.000000000000000000, 1.000000000000000000 ) ) ;
#1301 = CARTESIAN_POINT ( 'NONE',  ( 5.712415078045529171, 64.35000000000000853, 1.835296699752600347 ) ) ;
#1302 = DIRECTION ( 'NONE',  ( 1.224646799147353454E-16, 0.000000000000000000, -1.000000000000000000 ) ) ;
#1303 = ORIENTED_EDGE ( 'NONE', *, *, #303, .F. ) ;
#1304 = DIRECTION ( 'NONE',  ( 0.000000000000000000, -1.000000000000000000, 0.000000000000000000 ) ) ;
#1305 = FACE_OUTER_BOUND ( 'NONE', #1034, .T. ) ;
#1306 = VERTEX_POINT ( 'NONE', #1316 ) ;
#1307 = SURFACE_SIDE_STYLE ('',( #1472 ) ) ;
#1308 = DIRECTION ( 'NONE',  ( -0.000000000000000000, 1.000000000000000000, -0.000000000000000000 ) ) ;
#1309 = UNCERTAINTY_MEASURE_WITH_UNIT (LENGTH_MEASURE( 1.000000000000000082E-05 ), #507, 'distance_accuracy_value', 'NONE');
#1310 = B_SPLINE_CURVE_WITH_KNOTS ( 'NONE', 3,
 ( #6, #1586, #439, #605, #944, #156, #1410, #759 ),
 .UNSPECIFIED., .F., .F.,
 ( 4, 2, 2, 4 ),
 ( 0.0002432956881041798715, 0.0004008380685850083730, 0.0005583804490658369557, 0.0008734652100274940129 ),
 .UNSPECIFIED. ) ;
#1311 = AXIS2_PLACEMENT_3D ( 'NONE', #734, #101, #746 ) ;
#1312 =( GEOMETRIC_REPRESENTATION_CONTEXT ( 3 ) GLOBAL_UNCERTAINTY_ASSIGNED_CONTEXT ( ( #1357 ) ) GLOBAL_UNIT_ASSIGNED_CONTEXT ( ( #1954, #1663, #696 ) ) REPRESENTATION_CONTEXT ( 'NONE', 'WORKASPACE' ) );
#1313 = COLOUR_RGB ( '',0.7921568627450980005, 0.8196078431372548767, 0.9333333333333333481 ) ;
#1314 = VERTEX_POINT ( 'NONE', #18 ) ;
#1315 =( GEOMETRIC_REPRESENTATION_CONTEXT ( 3 ) GLOBAL_UNCERTAINTY_ASSIGNED_CONTEXT ( ( #394 ) ) GLOBAL_UNIT_ASSIGNED_CONTEXT ( ( #838, #1167, #663 ) ) REPRESENTATION_CONTEXT ( 'NONE', 'WORKASPACE' ) );
#1316 = CARTESIAN_POINT ( 'NONE',  ( 0.000000000000000000, 0.5000000000000000000, 6.999999999999999112 ) ) ;
#1317 = ORIENTED_EDGE ( 'NONE', *, *, #1461, .F. ) ;
#1318 = SURFACE_STYLE_USAGE ( .BOTH. , #1307 ) ;
#1319 =( NAMED_UNIT ( * ) SI_UNIT ( $, .STERADIAN. ) SOLID_ANGLE_UNIT ( ) );
#1320 = COLOUR_RGB ( '',0.3843137254901960453, 0.7294117647058823151, 1.000000000000000000 ) ;
#1321 = ORIENTED_EDGE ( 'NONE', *, *, #262, .F. ) ;
#1322 = PRESENTATION_STYLE_ASSIGNMENT (( #984 ) ) ;
#1323 = LINE ( 'NONE', #1136, #2005 ) ;
#1324 = ORIENTED_EDGE ( 'NONE', *, *, #1063, .F. ) ;
#1325 = CIRCLE ( 'NONE', #702, 6.999999999999999112 ) ;
#1326 = CARTESIAN_POINT ( 'NONE',  ( 0.000000000000000000, 0.5000000000000000000, 0.000000000000000000 ) ) ;
#1327 = EDGE_CURVE ( 'NONE', #310, #219, #133, .T. ) ;
#1328 =( LENGTH_UNIT ( ) NAMED_UNIT ( * ) SI_UNIT ( .MILLI., .METRE. ) );
#1329 = CIRCLE ( 'NONE', #1180, 0.7143966439049406203 ) ;
#1330 = CARTESIAN_POINT ( 'NONE',  ( 0.000000000000000000, 64.00000000000000000, 0.000000000000000000 ) ) ;
#1331 = STYLED_ITEM ( 'NONE', ( #998 ), #936 ) ;
#1332 = ORIENTED_EDGE ( 'NONE', *, *, #880, .F. ) ;
#1333 =( NAMED_UNIT ( * ) SI_UNIT ( $, .STERADIAN. ) SOLID_ANGLE_UNIT ( ) );
#1334 = VECTOR ( 'NONE', #1565, 1000.000000000000000 ) ;
#1335 = ORIENTED_EDGE ( 'NONE', *, *, #1160, .T. ) ;
#1336 =( LENGTH_UNIT ( ) NAMED_UNIT ( * ) SI_UNIT ( .MILLI., .METRE. ) );
#1337 = AXIS2_PLACEMENT_3D ( 'NONE', #1603, #606, #325 ) ;
#1338 = DIRECTION ( 'NONE',  ( -0.000000000000000000, -1.000000000000000000, 0.000000000000000000 ) ) ;
#1339 = EDGE_CURVE ( 'NONE', #1572, #1194, #1296, .T. ) ;
#1340 = CARTESIAN_POINT ( 'NONE',  ( -5.712415078045524730, 64.35000000000000853, 1.835296699752603011 ) ) ;
#1341 = ORIENTED_EDGE ( 'NONE', *, *, #689, .F. ) ;
#1342 =( NAMED_UNIT ( * ) PLANE_ANGLE_UNIT ( ) SI_UNIT ( $, .RADIAN. ) );
#1343 = AXIS2_PLACEMENT_3D ( 'NONE', #1538, #2030, #243 ) ;
#1344 = CIRCLE ( 'NONE', #1590, 5.399999999999645972 ) ;
#1345 = ORIENTED_EDGE ( 'NONE', *, *, #1959, .F. ) ;
#1346 = SURFACE_STYLE_FILL_AREA ( #1688 ) ;
#1347 = DIRECTION ( 'NONE',  ( 0.000000000000000000, 0.000000000000000000, 1.000000000000000000 ) ) ;
#1348 = DIRECTION ( 'NONE',  ( 0.000000000000000000, 1.000000000000000000, 0.000000000000000000 ) ) ;
#1349 = EDGE_CURVE ( 'NONE', #1885, #814, #1323, .T. ) ;
#1350 = EDGE_LOOP ( 'NONE', ( #1124, #573, #1185, #571 ) ) ;
#1351 = PRESENTATION_STYLE_ASSIGNMENT (( #1686 ) ) ;
#1352 = AXIS2_PLACEMENT_3D ( 'NONE', #1077, #130, #1573 ) ;
#1353 =( GEOMETRIC_REPRESENTATION_CONTEXT ( 3 ) GLOBAL_UNCERTAINTY_ASSIGNED_CONTEXT ( ( #43 ) ) GLOBAL_UNIT_ASSIGNED_CONTEXT ( ( #1465, #1802, #657 ) ) REPRESENTATION_CONTEXT ( 'NONE', 'WORKASPACE' ) );
#1354 = ORIENTED_EDGE ( 'NONE', *, *, #719, .T. ) ;
#1355 = AXIS2_PLACEMENT_3D ( 'NONE', #421, #912, #1504 ) ;
#1356 = SURFACE_STYLE_FILL_AREA ( #86 ) ;
#1357 = UNCERTAINTY_MEASURE_WITH_UNIT (LENGTH_MEASURE( 1.000000000000000082E-05 ), #1954, 'distance_accuracy_value', 'NONE');
#1358 = ORIENTED_EDGE ( 'NONE', *, *, #33, .F. ) ;
#1359 = EDGE_LOOP ( 'NONE', ( #744, #63, #1528, #1219, #1113 ) ) ;
#1360 = PLANE ( 'NONE',  #1965 ) ;
#1361 = CARTESIAN_POINT ( 'NONE',  ( 0.000000000000000000, 0.000000000000000000, 8.499999999999998224 ) ) ;
#1362 = PRODUCT_DEFINITION_SHAPE ( 'NONE', 'NONE',  #1574 ) ;
#1363 = AXIS2_PLACEMENT_3D ( 'NONE', #261, #1348, #539 ) ;
#1364 = CARTESIAN_POINT ( 'NONE',  ( 1.125517989408453934, 64.00000000000000000, 5.793512224513984066 ) ) ;
#1365 = CARTESIAN_POINT ( 'NONE',  ( -5.186735045225429275, 64.00000000000000000, -1.502590952530191259 ) ) ;
#1366 =( LENGTH_UNIT ( ) NAMED_UNIT ( * ) SI_UNIT ( .MILLI., .METRE. ) );
#1367 = DIRECTION ( 'NONE',  ( 0.000000000000000000, 1.000000000000000000, 0.000000000000000000 ) ) ;
#1368 = VERTEX_POINT ( 'NONE', #27 ) ;
#1369 = CIRCLE ( 'NONE', #1311, 0.5000000000000004441 ) ;
#1370 = EDGE_CURVE ( 'NONE', #276, #667, #1020, .T. ) ;
#1371 = VERTEX_POINT ( 'NONE', #1970 ) ;
#1372 = CARTESIAN_POINT ( 'NONE',  ( -1.679355475539301645, 64.75000000000000000, 5.342262178775593284 ) ) ;
#1373 = CARTESIAN_POINT ( 'NONE',  ( 0.000000000000000000, 0.5000000000000000000, 0.000000000000000000 ) ) ;
#1374 = CIRCLE ( 'NONE', #476, 6.999999999999999112 ) ;
#1375 =( NAMED_UNIT ( * ) SI_UNIT ( $, .STERADIAN. ) SOLID_ANGLE_UNIT ( ) );
#1376 = DIRECTION ( 'NONE',  ( -0.000000000000000000, 1.000000000000000000, -0.000000000000000000 ) ) ;
#1377 = DIRECTION ( 'NONE',  ( -0.000000000000000000, 1.000000000000000000, -0.000000000000000000 ) ) ;
#1378 =( NAMED_UNIT ( * ) PLANE_ANGLE_UNIT ( ) SI_UNIT ( $, .RADIAN. ) );
#1379 = SURFACE_STYLE_FILL_AREA ( #853 ) ;
#1380 = SURFACE_STYLE_USAGE ( .BOTH. , #927 ) ;
#1381 =( NAMED_UNIT ( * ) PLANE_ANGLE_UNIT ( ) SI_UNIT ( $, .RADIAN. ) );
#1382 = EDGE_LOOP ( 'NONE', ( #1496, #1804, #833, #145, #1721 ) ) ;
#1383 = MECHANICAL_DESIGN_GEOMETRIC_PRESENTATION_REPRESENTATION (  '', ( #187 ), #1664 ) ;
#1384 = CARTESIAN_POINT ( 'NONE',  ( -5.793512224513673203, 64.00000000000000000, 1.125517989408762798 ) ) ;
#1385 = DIRECTION ( 'NONE',  ( 0.000000000000000000, 1.000000000000000000, -0.000000000000000000 ) ) ;
#1386 = STYLED_ITEM ( 'NONE', ( #1516 ), #1730 ) ;
#1387 = CYLINDRICAL_SURFACE ( 'NONE', #1591, 0.7143966439049406203 ) ;
#1388 = EDGE_CURVE ( 'NONE', #717, #1314, #992, .T. ) ;
#1389 = CYLINDRICAL_SURFACE ( 'NONE', #889, 5.399999999999616662 ) ;
#1390 = CARTESIAN_POINT ( 'NONE',  ( 0.000000000000000000, 64.00000000000000000, 0.000000000000000000 ) ) ;
#1391 =( NAMED_UNIT ( * ) SI_UNIT ( $, .STERADIAN. ) SOLID_ANGLE_UNIT ( ) );
#1392 = SURFACE_STYLE_FILL_AREA ( #118 ) ;
#1393 = MECHANICAL_DESIGN_GEOMETRIC_PRESENTATION_REPRESENTATION (  '', ( #1869 ), #332 ) ;
#1394 = ORIENTED_EDGE ( 'NONE', *, *, #563, .F. ) ;
#1395 = DIRECTION ( 'NONE',  ( -0.000000000000000000, 1.000000000000000000, -0.000000000000000000 ) ) ;
#1396 =( NAMED_UNIT ( * ) SI_UNIT ( $, .STERADIAN. ) SOLID_ANGLE_UNIT ( ) );
#1397 = VECTOR ( 'NONE', #38, 1000.000000000000000 ) ;
#1398 = DIRECTION ( 'NONE',  ( 0.000000000000000000, 1.000000000000000000, 0.000000000000000000 ) ) ;
#1399 = AXIS2_PLACEMENT_3D ( 'NONE', #1224, #1712, #1543 ) ;
#1400 = CIRCLE ( 'NONE', #1678, 5.599999999999998757 ) ;
#1401 = CARTESIAN_POINT ( 'NONE',  ( 0.000000000000000000, 0.000000000000000000, 0.000000000000000000 ) ) ;
#1402 = CIRCLE ( 'NONE', #426, 5.399999999999616662 ) ;
#1403 = ADVANCED_FACE ( 'NONE', ( #1305 ), #1495, .T. ) ;
#1404 = PRESENTATION_STYLE_ASSIGNMENT (( #569 ) ) ;
#1405 = SURFACE_SIDE_STYLE ('',( #1379 ) ) ;
#1406 = CYLINDRICAL_SURFACE ( 'NONE', #180, 0.7143966439049406203 ) ;
#1407 = CARTESIAN_POINT ( 'NONE',  ( 1.741280046525983893, 64.74069619900593864, -5.427984782584738710 ) ) ;
#1408 = DIRECTION ( 'NONE',  ( 0.000000000000000000, 0.000000000000000000, 1.000000000000000000 ) ) ;
#1409 = ORIENTED_EDGE ( 'NONE', *, *, #211, .F. ) ;
#1410 = CARTESIAN_POINT ( 'NONE',  ( -1.835296699752598570, 64.45668679033602189, 5.712415078048525885 ) ) ;
#1411 = DIRECTION ( 'NONE',  ( 0.000000000000000000, 0.000000000000000000, -1.000000000000000000 ) ) ;
#1412 = CLOSED_SHELL ( 'NONE', ( #736, #1179, #1259, #327, #467, #747 ) ) ;
#1413 =( GEOMETRIC_REPRESENTATION_CONTEXT ( 3 ) GLOBAL_UNCERTAINTY_ASSIGNED_CONTEXT ( ( #869 ) ) GLOBAL_UNIT_ASSIGNED_CONTEXT ( ( #1900, #742, #435 ) ) REPRESENTATION_CONTEXT ( 'NONE', 'WORKASPACE' ) );
#1414 = CARTESIAN_POINT ( 'NONE',  ( -5.186735045225429275, 64.00000000000000000, -1.502590952530191259 ) ) ;
#1415 = EDGE_CURVE ( 'NONE', #177, #401, #664, .T. ) ;
#1416 = AXIS2_PLACEMENT_3D ( 'NONE', #1764, #20, #302 ) ;
#1417 = CARTESIAN_POINT ( 'NONE',  ( 0.000000000000000000, 64.35000000000000853, 0.000000000000000000 ) ) ;
#1418 = CARTESIAN_POINT ( 'NONE',  ( 0.000000000000000000, 64.50000000000000000, 0.000000000000000000 ) ) ;
#1419 =( LENGTH_UNIT ( ) NAMED_UNIT ( * ) SI_UNIT ( .MILLI., .METRE. ) );
#1420 = ADVANCED_FACE ( 'NONE', ( #1002 ), #878, .T. ) ;
#1421 = ORIENTED_EDGE ( 'NONE', *, *, #236, .T. ) ;
#1422 = DIRECTION ( 'NONE',  ( 0.000000000000000000, 0.000000000000000000, -1.000000000000000000 ) ) ;
#1423 = DIRECTION ( 'NONE',  ( 0.000000000000000000, 1.000000000000000000, -0.000000000000000000 ) ) ;
#1424 = ORIENTED_EDGE ( 'NONE', *, *, #999, .F. ) ;
#1425 = DIRECTION ( 'NONE',  ( 0.000000000000000000, 0.000000000000000000, 1.000000000000000000 ) ) ;
#1426 = AXIS2_PLACEMENT_3D ( 'NONE', #1567, #62, #1669 ) ;
#1427 = CARTESIAN_POINT ( 'NONE',  ( 5.515859247580739755, 64.70162568483833354, -1.785564282739382280 ) ) ;
#1428 = AXIS2_PLACEMENT_3D ( 'NONE', #931, #769, #1422 ) ;
#1429 = DIRECTION ( 'NONE',  ( 0.000000000000000000, 0.000000000000000000, -1.000000000000000000 ) ) ;
#1430 = DIRECTION ( 'NONE',  ( 0.000000000000000000, 0.000000000000000000, -1.000000000000000000 ) ) ;
#1431 = AXIS2_PLACEMENT_3D ( 'NONE', #2049, #533, #1008 ) ;
#1432 = PRESENTATION_STYLE_ASSIGNMENT (( #2050 ) ) ;
#1433 = ORIENTED_EDGE ( 'NONE', *, *, #1017, .F. ) ;
#1434 = CARTESIAN_POINT ( 'NONE',  ( 0.000000000000000000, 0.000000000000000000, 0.000000000000000000 ) ) ;
#1435 = FILL_AREA_STYLE_COLOUR ( '', #1165 ) ;
#1436 = FILL_AREA_STYLE ('',( #165 ) ) ;
#1437 = CIRCLE ( 'NONE', #162, 0.5000000000000004441 ) ;
#1438 = DIRECTION ( 'NONE',  ( 0.000000000000000000, 0.000000000000000000, -1.000000000000000000 ) ) ;
#1439 =( GEOMETRIC_REPRESENTATION_CONTEXT ( 3 ) GLOBAL_UNCERTAINTY_ASSIGNED_CONTEXT ( ( #962 ) ) GLOBAL_UNIT_ASSIGNED_CONTEXT ( ( #714, #123, #147 ) ) REPRESENTATION_CONTEXT ( 'NONE', 'WORKASPACE' ) );
#1440 = PRESENTATION_STYLE_ASSIGNMENT (( #1096 ) ) ;
#1441 = CARTESIAN_POINT ( 'NONE',  ( -1.502590952530500346, 64.75000000000000000, 5.186735045225740137 ) ) ;
#1442 = CARTESIAN_POINT ( 'NONE',  ( 1.364521900847950321E-15, 64.00000000000000000, 3.391384395534657870E-13 ) ) ;
#1443 = VERTEX_POINT ( 'NONE', #600 ) ;
#1444 = DIRECTION ( 'NONE',  ( -0.000000000000000000, -1.000000000000000000, -0.000000000000000000 ) ) ;
#1445 = FACE_OUTER_BOUND ( 'NONE', #1643, .T. ) ;
#1446 = ADVANCED_FACE ( 'NONE', ( #103, #2038 ), #1870, .T. ) ;
#1447 = DIRECTION ( 'NONE',  ( -0.000000000000000000, -1.000000000000000000, -0.000000000000000000 ) ) ;
#1448 = ORIENTED_EDGE ( 'NONE', *, *, #181, .T. ) ;
#1449 = CARTESIAN_POINT ( 'NONE',  ( -5.793512224513674091, 64.00000000000000000, -1.125517989408139963 ) ) ;
#1450 = EDGE_CURVE ( 'NONE', #1675, #483, #411, .T. ) ;
#1451 = AXIS2_PLACEMENT_3D ( 'NONE', #1210, #440, #2031 ) ;
#1452 = CYLINDRICAL_SURFACE ( 'NONE', #99, 6.999999999999999112 ) ;
#1453 = VECTOR ( 'NONE', #2057, 1000.000000000000000 ) ;
#1454 = UNCERTAINTY_MEASURE_WITH_UNIT (LENGTH_MEASURE( 1.000000000000000082E-05 ), #403, 'distance_accuracy_value', 'NONE');
#1455 = FILL_AREA_STYLE_COLOUR ( '', #1707 ) ;
#1456 = ORIENTED_EDGE ( 'NONE', *, *, #1491, .F. ) ;
#1457 = CARTESIAN_POINT ( 'NONE',  ( 0.000000000000000000, 64.35000000000000853, 0.000000000000000000 ) ) ;
#1458 = CARTESIAN_POINT ( 'NONE',  ( 1.502590952530505897, 64.00000000000000000, 5.186735045225739249 ) ) ;
#1459 = ORIENTED_EDGE ( 'NONE', *, *, #1349, .T. ) ;
#1460 = UNCERTAINTY_MEASURE_WITH_UNIT (LENGTH_MEASURE( 1.000000000000000082E-05 ), #811, 'distance_accuracy_value', 'NONE');
#1461 = EDGE_CURVE ( 'NONE', #388, #1181, #1253, .T. ) ;
#1462 = VECTOR ( 'NONE', #1481, 1000.000000000000000 ) ;
#1463 = VECTOR ( 'NONE', #1608, 1000.000000000000000 ) ;
#1464 =( NAMED_UNIT ( * ) SI_UNIT ( $, .STERADIAN. ) SOLID_ANGLE_UNIT ( ) );
#1465 =( LENGTH_UNIT ( ) NAMED_UNIT ( * ) SI_UNIT ( .MILLI., .METRE. ) );
#1466 =( NAMED_UNIT ( * ) SI_UNIT ( $, .STERADIAN. ) SOLID_ANGLE_UNIT ( ) );
#1467 = PRESENTATION_LAYER_ASSIGNMENT (  '', '', ( #1150 ) ) ;
#1468 = VERTEX_POINT ( 'NONE', #570 ) ;
#1469 = DIRECTION ( 'NONE',  ( -0.000000000000000000, -1.000000000000000000, 0.000000000000000000 ) ) ;
#1470 = DIRECTION ( 'NONE',  ( -0.000000000000000000, 1.000000000000000000, -0.000000000000000000 ) ) ;
#1471 = ORIENTED_EDGE ( 'NONE', *, *, #8, .T. ) ;
#1472 = SURFACE_STYLE_FILL_AREA ( #1818 ) ;
#1473 = VECTOR ( 'NONE', #593, 1000.000000000000000 ) ;
#1474 = B_SPLINE_CURVE_WITH_KNOTS ( 'NONE', 3,
 ( #1266, #306, #1407, #940, #139, #2058, #1598, #1218 ),
 .UNSPECIFIED., .F., .F.,
 ( 4, 2, 2, 4 ),
 ( 0.0002432956881048895631, 0.0004008380685856953235, 0.0005583804490665010296, 0.0008734652100281124418 ),
 .UNSPECIFIED. ) ;
#1475 = PRESENTATION_LAYER_ASSIGNMENT (  '', '', ( #621 ) ) ;
#1476 = EDGE_CURVE ( 'NONE', #943, #1371, #705, .T. ) ;
#1477 = DIRECTION ( 'NONE',  ( -0.000000000000000000, 1.000000000000000000, -0.000000000000000000 ) ) ;
#1478 = ADVANCED_FACE ( 'NONE', ( #764 ), #1779, .F. ) ;
#1479 = AXIS2_PLACEMENT_3D ( 'NONE', #191, #1614, #1923 ) ;
#1480 = ORIENTED_EDGE ( 'NONE', *, *, #1946, .T. ) ;
#1481 = DIRECTION ( 'NONE',  ( -0.000000000000000000, -1.000000000000000000, -0.000000000000000000 ) ) ;
#1482 = COLOUR_RGB ( '',0.6666666666666666297, 0.6980392156862744724, 0.7686274509803920907 ) ;
#1483 = ORIENTED_EDGE ( 'NONE', *, *, #1370, .F. ) ;
#1484 = CARTESIAN_POINT ( 'NONE',  ( -5.342262178775607495, 64.75000000000000000, -1.679355475539257458 ) ) ;
#1485 = FILL_AREA_STYLE ('',( #1607 ) ) ;
#1486 = STYLED_ITEM ( 'NONE', ( #278 ), #1992 ) ;
#1487 = CARTESIAN_POINT ( 'NONE',  ( 5.712415078045528283, 64.00000000000000000, -1.835296699751983063 ) ) ;
#1488 =( NAMED_UNIT ( * ) PLANE_ANGLE_UNIT ( ) SI_UNIT ( $, .RADIAN. ) );
#1489 = COLOUR_RGB ( '',0.7529411764705882248, 0.7529411764705882248, 0.7529411764705882248 ) ;
#1490 = PRESENTATION_LAYER_ASSIGNMENT (  '', '', ( #673 ) ) ;
#1491 = EDGE_CURVE ( 'NONE', #241, #637, #1203, .T. ) ;
#1492 = ORIENTED_EDGE ( 'NONE', *, *, #1079, .F. ) ;
#1493 = SURFACE_STYLE_FILL_AREA ( #1134 ) ;
#1494 = AXIS2_PLACEMENT_3D ( 'NONE', #1287, #808, #773 ) ;
#1495 = CYLINDRICAL_SURFACE ( 'NONE', #1578, 6.999999999999999112 ) ;
#1496 = ORIENTED_EDGE ( 'NONE', *, *, #527, .T. ) ;
#1497 = DIRECTION ( 'NONE',  ( 0.000000000000000000, -1.000000000000000000, 0.000000000000000000 ) ) ;
#1498 = FILL_AREA_STYLE ('',( #1140 ) ) ;
#1499 =( NAMED_UNIT ( * ) SI_UNIT ( $, .STERADIAN. ) SOLID_ANGLE_UNIT ( ) );
#1500 = CARTESIAN_POINT ( 'NONE',  ( -5.712415078045146366, 64.45682438411944304, 1.835296699752560157 ) ) ;
#1501 = AXIS2_PLACEMENT_3D ( 'NONE', #1956, #1647, #202 ) ;
#1502 = ORIENTED_EDGE ( 'NONE', *, *, #666, .T. ) ;
#1503 = LINE ( 'NONE', #213, #875 ) ;
#1504 = DIRECTION ( 'NONE',  ( 0.000000000000000000, -0.000000000000000000, 1.000000000000000000 ) ) ;
#1505 = ORIENTED_EDGE ( 'NONE', *, *, #1769, .F. ) ;
#1506 = LINE ( 'NONE', #369, #217 ) ;
#1507 = CARTESIAN_POINT ( 'NONE',  ( -1.835296699752291483, 64.35000000000000853, -5.712415078045216532 ) ) ;
#1508 = VECTOR ( 'NONE', #1477, 1000.000000000000000 ) ;
#1509 = ORIENTED_EDGE ( 'NONE', *, *, #891, .F. ) ;
#1510 = SURFACE_SIDE_STYLE ('',( #1667 ) ) ;
#1511 = CARTESIAN_POINT ( 'NONE',  ( -5.793512224513673203, 64.75000000000000000, 1.125517989408762798 ) ) ;
#1512 = CIRCLE ( 'NONE', #925, 6.999999999999999112 ) ;
#1513 = ORIENTED_EDGE ( 'NONE', *, *, #1370, .T. ) ;
#1514 = PRESENTATION_STYLE_ASSIGNMENT (( #358 ) ) ;
#1515 = ADVANCED_FACE ( 'NONE', ( #1073 ), #1581, .F. ) ;
#1516 = PRESENTATION_STYLE_ASSIGNMENT (( #246 ) ) ;
#1517 = DIRECTION ( 'NONE',  ( 0.000000000000000000, 0.000000000000000000, 1.000000000000000000 ) ) ;
#1518 = STYLED_ITEM ( 'NONE', ( #1285 ), #2023 ) ;
#1519 = EDGE_LOOP ( 'NONE', ( #672, #676, #797, #994, #1929, #1806, #1849, #1089, #390, #550, #1708, #109, #298, #184, #451, #516, #1137 ) ) ;
#1520 = SURFACE_SIDE_STYLE ('',( #1534 ) ) ;
#1521 = CLOSED_SHELL ( 'NONE', ( #87, #2056, #1403, #1535, #1478, #1730 ) ) ;
#1522 = ORIENTED_EDGE ( 'NONE', *, *, #952, .F. ) ;
#1523 = FILL_AREA_STYLE_COLOUR ( '', #899 ) ;
#1524 = DIRECTION ( 'NONE',  ( -0.000000000000000000, 1.000000000000000000, -0.000000000000000000 ) ) ;
#1525 = VERTEX_POINT ( 'NONE', #1899 ) ;
#1526 = CARTESIAN_POINT ( 'NONE',  ( 0.000000000000000000, 0.2500000000000000000, 0.000000000000000000 ) ) ;
#1527 = AXIS2_PLACEMENT_3D ( 'NONE', #1125, #47, #1147 ) ;
#1528 = ORIENTED_EDGE ( 'NONE', *, *, #831, .F. ) ;
#1529 =( GEOMETRIC_REPRESENTATION_CONTEXT ( 3 ) GLOBAL_UNCERTAINTY_ASSIGNED_CONTEXT ( ( #1939 ) ) GLOBAL_UNIT_ASSIGNED_CONTEXT ( ( #1279, #1767, #1616 ) ) REPRESENTATION_CONTEXT ( 'NONE', 'WORKASPACE' ) );
#1530 = CARTESIAN_POINT ( 'NONE',  ( 1.102182119232617714E-15, 64.00000000000000000, 9.000000000000000000 ) ) ;
#1531 = EDGE_CURVE ( 'NONE', #844, #1306, #1325, .T. ) ;
#1532 = UNCERTAINTY_MEASURE_WITH_UNIT (LENGTH_MEASURE( 1.000000000000000082E-05 ), #110, 'distance_accuracy_value', 'NONE');
#1533 = EDGE_LOOP ( 'NONE', ( #557, #1558, #662, #2012, #222 ) ) ;
#1534 = SURFACE_STYLE_FILL_AREA ( #893 ) ;
#1535 = ADVANCED_FACE ( 'NONE', ( #1265, #1912 ), #647, .F. ) ;
#1536 =( GEOMETRIC_REPRESENTATION_CONTEXT ( 3 ) GLOBAL_UNCERTAINTY_ASSIGNED_CONTEXT ( ( #1768 ) ) GLOBAL_UNIT_ASSIGNED_CONTEXT ( ( #24, #1488, #1812 ) ) REPRESENTATION_CONTEXT ( 'NONE', 'WORKASPACE' ) );
#1537 = ORIENTED_EDGE ( 'NONE', *, *, #778, .T. ) ;
#1538 = CARTESIAN_POINT ( 'NONE',  ( 0.000000000000000000, -0.2500000000000000000, 0.000000000000000000 ) ) ;
#1539 = AXIS2_PLACEMENT_3D ( 'NONE', #1330, #1169, #1974 ) ;
#1540 = CARTESIAN_POINT ( 'NONE',  ( 0.000000000000000000, 64.75000000000000000, 0.000000000000000000 ) ) ;
#1541 = DIRECTION ( 'NONE',  ( -0.000000000000000000, 1.000000000000000000, -0.000000000000000000 ) ) ;
#1542 = AXIS2_PLACEMENT_3D ( 'NONE', #1156, #815, #1949 ) ;
#1543 = DIRECTION ( 'NONE',  ( 0.000000000000000000, 0.000000000000000000, -1.000000000000000000 ) ) ;
#1544 =( NAMED_UNIT ( * ) PLANE_ANGLE_UNIT ( ) SI_UNIT ( $, .RADIAN. ) );
#1545 = COLOUR_RGB ( '',0.3843137254901960453, 0.7294117647058823151, 1.000000000000000000 ) ;
#1546 = ADVANCED_FACE ( 'NONE', ( #730 ), #1901, .T. ) ;
#1547 = ORIENTED_EDGE ( 'NONE', *, *, #479, .T. ) ;
#1548 = DIRECTION ( 'NONE',  ( 0.000000000000000000, 1.000000000000000000, 0.000000000000000000 ) ) ;
#1549 = STYLED_ITEM ( 'NONE', ( #688 ), #153 ) ;
#1550 =( GEOMETRIC_REPRESENTATION_CONTEXT ( 3 ) GLOBAL_UNCERTAINTY_ASSIGNED_CONTEXT ( ( #1178 ) ) GLOBAL_UNIT_ASSIGNED_CONTEXT ( ( #1328, #518, #849 ) ) REPRESENTATION_CONTEXT ( 'NONE', 'WORKASPACE' ) );
#1551 = CARTESIAN_POINT ( 'NONE',  ( -5.186735045225435492, 64.00000000000000000, 1.502590952530817425 ) ) ;
#1552 = DIRECTION ( 'NONE',  ( 0.000000000000000000, 0.000000000000000000, 1.000000000000000000 ) ) ;
#1553 = SURFACE_STYLE_FILL_AREA ( #1734 ) ;
#1554 =( LENGTH_UNIT ( ) NAMED_UNIT ( * ) SI_UNIT ( .MILLI., .METRE. ) );
#1555 = PRESENTATION_STYLE_ASSIGNMENT (( #221 ) ) ;
#1556 = FILL_AREA_STYLE ('',( #105 ) ) ;
#1557 = LINE ( 'NONE', #743, #1473 ) ;
#1558 = ORIENTED_EDGE ( 'NONE', *, *, #1160, .F. ) ;
#1559 = COLOUR_RGB ( '',0.6666666666666666297, 0.6980392156862744724, 0.7686274509803920907 ) ;
#1560 = DIRECTION ( 'NONE',  ( 0.000000000000000000, 0.000000000000000000, 1.000000000000000000 ) ) ;
#1561 = COLOUR_RGB ( '',0.7529411764705882248, 0.7529411764705882248, 0.7529411764705882248 ) ;
#1562 =( NAMED_UNIT ( * ) PLANE_ANGLE_UNIT ( ) SI_UNIT ( $, .RADIAN. ) );
#1563 = SURFACE_STYLE_USAGE ( .BOTH. , #398 ) ;
#1564 = SURFACE_STYLE_USAGE ( .BOTH. , #280 ) ;
#1565 = DIRECTION ( 'NONE',  ( -0.000000000000000000, 1.000000000000000000, -0.000000000000000000 ) ) ;
#1566 = SURFACE_SIDE_STYLE ('',( #1251 ) ) ;
#1567 = CARTESIAN_POINT ( 'NONE',  ( -1.125517989408448827, 64.75000000000000000, 5.793512224513984066 ) ) ;
#1568 = SURFACE_STYLE_FILL_AREA ( #1074 ) ;
#1569 = DIRECTION ( 'NONE',  ( 0.000000000000000000, 0.000000000000000000, -1.000000000000000000 ) ) ;
#1570 = CARTESIAN_POINT ( 'NONE',  ( 0.000000000000000000, 0.5000000000000004441, 8.499999999999998224 ) ) ;
#1571 = PRESENTATION_LAYER_ASSIGNMENT (  '', '', ( #883 ) ) ;
#1572 = VERTEX_POINT ( 'NONE', #274 ) ;
#1573 = DIRECTION ( 'NONE',  ( 0.000000000000000000, 0.000000000000000000, -1.000000000000000000 ) ) ;
#1574 = PRODUCT_DEFINITION ( 'UNKNOWN', '', #1656, #787 ) ;
#1575 = CARTESIAN_POINT ( 'NONE',  ( 0.000000000000000000, 0.2500000000000000000, -6.499999999999999112 ) ) ;
#1576 = COLOUR_RGB ( '',0.3843137254901960453, 0.7294117647058823151, 1.000000000000000000 ) ;
#1577 = EDGE_CURVE ( 'NONE', #388, #483, #1144, .T. ) ;
#1578 = AXIS2_PLACEMENT_3D ( 'NONE', #1127, #977, #186 ) ;
#1579 = DIRECTION ( 'NONE',  ( 0.000000000000000000, 0.000000000000000000, 1.000000000000000000 ) ) ;
#1580 = DIRECTION ( 'NONE',  ( 0.000000000000000000, 1.000000000000000000, -0.000000000000000000 ) ) ;
#1581 = CYLINDRICAL_SURFACE ( 'NONE', #1733, 0.7143966439049397321 ) ;
#1582 = MANIFOLD_SOLID_BREP ( 'Corte-extrusão3', #106 ) ;
#1583 = SURFACE_STYLE_USAGE ( .BOTH. , #470 ) ;
#1584 = PRESENTATION_STYLE_ASSIGNMENT (( #1737 ) ) ;
#1585 = ORIENTED_EDGE ( 'NONE', *, *, #538, .F. ) ;
#1586 = CARTESIAN_POINT ( 'NONE',  ( -1.712599186816705199, 64.75000000000035527, 5.383063534160297259 ) ) ;
#1587 = AXIS2_PLACEMENT_3D ( 'NONE', #323, #464, #1270 ) ;
#1588 = VERTEX_POINT ( 'NONE', #1086 ) ;
#1589 =( NAMED_UNIT ( * ) SI_UNIT ( $, .STERADIAN. ) SOLID_ANGLE_UNIT ( ) );
#1590 = AXIS2_PLACEMENT_3D ( 'NONE', #1654, #1338, #788 ) ;
#1591 = AXIS2_PLACEMENT_3D ( 'NONE', #1364, #876, #887 ) ;
#1592 = CARTESIAN_POINT ( 'NONE',  ( 1.741590488784561019, 64.74050949239189379, 5.428536937059465828 ) ) ;
#1593 = EDGE_CURVE ( 'NONE', #1371, #1632, #1474, .T. ) ;
#1594 = AXIS2_PLACEMENT_3D ( 'NONE', #1972, #223, #1827 ) ;
#1595 = CARTESIAN_POINT ( 'NONE',  ( 5.342262178775452952, 64.75000000000000000, 1.679355475539749065 ) ) ;
#1596 =( NAMED_UNIT ( * ) PLANE_ANGLE_UNIT ( ) SI_UNIT ( $, .RADIAN. ) );
#1597 = COLOUR_RGB ( '',0.3843137254901960453, 0.7294117647058823151, 1.000000000000000000 ) ;
#1598 = CARTESIAN_POINT ( 'NONE',  ( 1.835296699752668514, 64.45668679033605031, -5.712415078048492134 ) ) ;
#1599 = CARTESIAN_POINT ( 'NONE',  ( 0.000000000000000000, 0.000000000000000000, 0.000000000000000000 ) ) ;
#1600 = EDGE_LOOP ( 'NONE', ( #1456, #173, #1492, #1358 ) ) ;
#1601 = CARTESIAN_POINT ( 'NONE',  ( -1.835296699752291483, 64.45682438411948567, -5.712415078045217420 ) ) ;
#1602 = DIRECTION ( 'NONE',  ( 0.000000000000000000, 1.000000000000000000, 0.000000000000000000 ) ) ;
#1603 = CARTESIAN_POINT ( 'NONE',  ( 0.000000000000000000, 64.75000000000000000, 0.000000000000000000 ) ) ;
#1604 = COLOUR_RGB ( '',0.3843137254901960453, 0.7294117647058823151, 1.000000000000000000 ) ;
#1605 = CARTESIAN_POINT ( 'NONE',  ( 5.428536937059505796, 64.74050949239190800, -1.741590488784455548 ) ) ;
#1606 = DIRECTION ( 'NONE',  ( 0.000000000000000000, 1.000000000000000000, 0.000000000000000000 ) ) ;
#1607 = FILL_AREA_STYLE_COLOUR ( '', #727 ) ;
#1608 = DIRECTION ( 'NONE',  ( -0.000000000000000000, 1.000000000000000000, -0.000000000000000000 ) ) ;
#1609 = EDGE_LOOP ( 'NONE', ( #188, #1995, #720, #1459 ) ) ;
#1610 = DIRECTION ( 'NONE',  ( -1.000000000000000000, 0.000000000000000000, 0.000000000000000000 ) ) ;
#1611 = AXIS2_PLACEMENT_3D ( 'NONE', #1099, #1053, #307 ) ;
#1612 = CARTESIAN_POINT ( 'NONE',  ( 0.000000000000000000, 64.00000000000000000, 0.000000000000000000 ) ) ;
#1613 = SURFACE_SIDE_STYLE ('',( #1766 ) ) ;
#1614 = DIRECTION ( 'NONE',  ( 0.000000000000000000, 1.000000000000000000, 0.000000000000000000 ) ) ;
#1615 = AXIS2_PLACEMENT_3D ( 'NONE', #34, #1776, #1955 ) ;
#1616 =( NAMED_UNIT ( * ) SI_UNIT ( $, .STERADIAN. ) SOLID_ANGLE_UNIT ( ) );
#1617 = SURFACE_STYLE_USAGE ( .BOTH. , #963 ) ;
#1618 =( GEOMETRIC_REPRESENTATION_CONTEXT ( 3 ) GLOBAL_UNCERTAINTY_ASSIGNED_CONTEXT ( ( #1683 ) ) GLOBAL_UNIT_ASSIGNED_CONTEXT ( ( #1176, #314, #1261 ) ) REPRESENTATION_CONTEXT ( 'NONE', 'WORKASPACE' ) );
#1619 = EDGE_LOOP ( 'NONE', ( #1294, #288, #96, #39 ) ) ;
#1620 = DIRECTION ( 'NONE',  ( 0.000000000000000000, 0.000000000000000000, -1.000000000000000000 ) ) ;
#1621 = EDGE_CURVE ( 'NONE', #1653, #276, #1759, .T. ) ;
#1622 = ORIENTED_EDGE ( 'NONE', *, *, #2033, .F. ) ;
#1623 = FACE_OUTER_BOUND ( 'NONE', #363, .T. ) ;
#1624 = AXIS2_PLACEMENT_3D ( 'NONE', #607, #588, #1222 ) ;
#1625 = AXIS2_PLACEMENT_3D ( 'NONE', #1384, #75, #391 ) ;
#1626 = MECHANICAL_DESIGN_GEOMETRIC_PRESENTATION_REPRESENTATION (  '', ( #1095 ), #1413 ) ;
#1627 = UNCERTAINTY_MEASURE_WITH_UNIT (LENGTH_MEASURE( 1.000000000000000082E-05 ), #1832, 'distance_accuracy_value', 'NONE');
#1628 = DIRECTION ( 'NONE',  ( 0.000000000000000000, 0.000000000000000000, 1.000000000000000000 ) ) ;
#1629 = DIRECTION ( 'NONE',  ( -0.000000000000000000, -1.000000000000000000, -0.000000000000000000 ) ) ;
#1630 = ORIENTED_EDGE ( 'NONE', *, *, #247, .T. ) ;
#1631 = CARTESIAN_POINT ( 'NONE',  ( -5.712415078045527395, 64.35000000000000853, -1.835296699751976623 ) ) ;
#1632 = VERTEX_POINT ( 'NONE', #436 ) ;
#1633 =( NAMED_UNIT ( * ) SI_UNIT ( $, .STERADIAN. ) SOLID_ANGLE_UNIT ( ) );
#1634 = DIRECTION ( 'NONE',  ( 0.000000000000000000, 0.000000000000000000, 1.000000000000000000 ) ) ;
#1635 = UNCERTAINTY_MEASURE_WITH_UNIT (LENGTH_MEASURE( 1.000000000000000082E-05 ), #1228, 'distance_accuracy_value', 'NONE');
#1636 = CIRCLE ( 'NONE', #85, 6.999999999999999112 ) ;
#1637 = CARTESIAN_POINT ( 'NONE',  ( 0.000000000000000000, 64.00000000000000000, 0.000000000000000000 ) ) ;
#1638 = VECTOR ( 'NONE', #1230, 1000.000000000000000 ) ;
#1639 = DIRECTION ( 'NONE',  ( 0.000000000000000000, 1.000000000000000000, 0.000000000000000000 ) ) ;
#1640 = STYLED_ITEM ( 'NONE', ( #950 ), #1546 ) ;
#1641 = ORIENTED_EDGE ( 'NONE', *, *, #857, .F. ) ;
#1642 = DIRECTION ( 'NONE',  ( -0.000000000000000000, 1.000000000000000000, -0.000000000000000000 ) ) ;
#1643 = EDGE_LOOP ( 'NONE', ( #91, #1067, #1232, #837 ) ) ;
#1644 = CARTESIAN_POINT ( 'NONE',  ( 8.572527594031472204E-16, -0.2500000000000000000, -6.999999999999999112 ) ) ;
#1645 = COLOUR_RGB ( '',0.7921568627450980005, 0.8196078431372548767, 0.9333333333333333481 ) ;
#1646 = EDGE_CURVE ( 'NONE', #1572, #1257, #190, .T. ) ;
#1647 = DIRECTION ( 'NONE',  ( 0.000000000000000000, 1.000000000000000000, 0.000000000000000000 ) ) ;
#1648 = MECHANICAL_DESIGN_GEOMETRIC_PRESENTATION_REPRESENTATION (  '', ( #1264 ), #1709 ) ;
#1649 = ORIENTED_EDGE ( 'NONE', *, *, #405, .T. ) ;
#1650 = DIRECTION ( 'NONE',  ( 0.000000000000000000, 0.000000000000000000, 1.000000000000000000 ) ) ;
#1651 = CIRCLE ( 'NONE', #1542, 5.399999999999645972 ) ;
#1652 = SURFACE_STYLE_USAGE ( .BOTH. , #1148 ) ;
#1653 = VERTEX_POINT ( 'NONE', #127 ) ;
#1654 = CARTESIAN_POINT ( 'NONE',  ( 1.364521900847950321E-15, 64.00000000000000000, 3.391384395534657870E-13 ) ) ;
#1655 = VECTOR ( 'NONE', #935, 1000.000000000000000 ) ;
#1656 = PRODUCT_DEFINITION_FORMATION_WITH_SPECIFIED_SOURCE ( 'ANY', '', #97, .NOT_KNOWN. ) ;
#1657 = CYLINDRICAL_SURFACE ( 'NONE', #1183, 6.999999999999999112 ) ;
#1658 = ADVANCED_FACE ( 'NONE', ( #755 ), #1211, .T. ) ;
#1659 = COLOUR_RGB ( '',0.3843137254901960453, 0.7294117647058823151, 1.000000000000000000 ) ;
#1660 = EDGE_LOOP ( 'NONE', ( #70, #365, #1936, #816 ) ) ;
#1661 = SURFACE_STYLE_FILL_AREA ( #1815 ) ;
#1662 = ORIENTED_EDGE ( 'NONE', *, *, #558, .T. ) ;
#1663 =( NAMED_UNIT ( * ) PLANE_ANGLE_UNIT ( ) SI_UNIT ( $, .RADIAN. ) );
#1664 =( GEOMETRIC_REPRESENTATION_CONTEXT ( 3 ) GLOBAL_UNCERTAINTY_ASSIGNED_CONTEXT ( ( #1532 ) ) GLOBAL_UNIT_ASSIGNED_CONTEXT ( ( #110, #873, #551 ) ) REPRESENTATION_CONTEXT ( 'NONE', 'WORKASPACE' ) );
#1665 = EDGE_CURVE ( 'NONE', #943, #1368, #1107, .T. ) ;
#1666 = ORIENTED_EDGE ( 'NONE', *, *, #1879, .F. ) ;
#1667 = SURFACE_STYLE_FILL_AREA ( #1996 ) ;
#1668 = EDGE_CURVE ( 'NONE', #1035, #2016, #830, .T. ) ;
#1669 = DIRECTION ( 'NONE',  ( 0.000000000000000000, 0.000000000000000000, -1.000000000000000000 ) ) ;
#1670 = EDGE_LOOP ( 'NONE', ( #497, #694, #1717, #1480, #1861, #1324, #1317, #438, #376, #1286, #404, #343, #265, #604, #1698, #1695, #983 ) ) ;
#1671 = CARTESIAN_POINT ( 'NONE',  ( 8.572527594031472204E-16, 64.50000000000000000, -6.999999999999999112 ) ) ;
#1672 = FACE_OUTER_BOUND ( 'NONE', #1025, .T. ) ;
#1673 = FACE_BOUND ( 'NONE', #1003, .T. ) ;
#1674 = MECHANICAL_DESIGN_GEOMETRIC_PRESENTATION_REPRESENTATION (  '', ( #748 ), #416 ) ;
#1675 = VERTEX_POINT ( 'NONE', #1441 ) ;
#1676 = CARTESIAN_POINT ( 'NONE',  ( 5.712415078045529171, 64.00000000000000000, 1.835296699752600347 ) ) ;
#1677 = PRESENTATION_LAYER_ASSIGNMENT (  '', '', ( #496 ) ) ;
#1678 = AXIS2_PLACEMENT_3D ( 'NONE', #1927, #485, #677 ) ;
#1679 = ORIENTED_EDGE ( 'NONE', *, *, #1946, .F. ) ;
#1680 = FACE_OUTER_BOUND ( 'NONE', #1863, .T. ) ;
#1681 = FACE_OUTER_BOUND ( 'NONE', #1687, .T. ) ;
#1682 = CIRCLE ( 'NONE', #1451, 6.999999999999999112 ) ;
#1683 = UNCERTAINTY_MEASURE_WITH_UNIT (LENGTH_MEASURE( 1.000000000000000082E-05 ), #1176, 'distance_accuracy_value', 'NONE');
#1684 = LINE ( 'NONE', #1061, #1453 ) ;
#1685 = STYLED_ITEM ( 'NONE', ( #1514 ), #87 ) ;
#1686 = SURFACE_STYLE_USAGE ( .BOTH. , #1520 ) ;
#1687 = EDGE_LOOP ( 'NONE', ( #372, #872, #1471, #2042 ) ) ;
#1688 = FILL_AREA_STYLE ('',( #584 ) ) ;
#1689 = SURFACE_SIDE_STYLE ('',( #585 ) ) ;
#1690 = STYLED_ITEM ( 'NONE', ( #59 ), #327 ) ;
#1691 = EDGE_CURVE ( 'NONE', #81, #395, #1845, .T. ) ;
#1692 = SURFACE_STYLE_USAGE ( .BOTH. , #1047 ) ;
#1693 = SURFACE_STYLE_USAGE ( .BOTH. , #1837 ) ;
#1694 = AXIS2_PLACEMENT_3D ( 'NONE', #1961, #679, #1807 ) ;
#1695 = ORIENTED_EDGE ( 'NONE', *, *, #1665, .F. ) ;
#1696 = MECHANICAL_DESIGN_GEOMETRIC_PRESENTATION_REPRESENTATION (  '', ( #654 ), #1039 ) ;
#1697 = STYLED_ITEM ( 'NONE', ( #1101 ), #658 ) ;
#1698 = ORIENTED_EDGE ( 'NONE', *, *, #1273, .F. ) ;
#1699 = CARTESIAN_POINT ( 'NONE',  ( 8.572527594031470232E-16, 64.00000000000000000, 6.999999999999999112 ) ) ;
#1700 = CARTESIAN_POINT ( 'NONE',  ( 0.000000000000000000, 64.75000000000000000, 0.000000000000000000 ) ) ;
#1701 = AXIS2_PLACEMENT_3D ( 'NONE', #1204, #1606, #938 ) ;
#1702 = DIRECTION ( 'NONE',  ( -0.000000000000000000, 1.000000000000000000, -0.000000000000000000 ) ) ;
#1703 = EDGE_CURVE ( 'NONE', #1468, #397, #1506, .T. ) ;
#1704 = SURFACE_STYLE_USAGE ( .BOTH. , #1713 ) ;
#1705 = DIRECTION ( 'NONE',  ( 0.000000000000000000, 1.000000000000000000, 0.000000000000000000 ) ) ;
#1706 = PLANE ( 'NONE',  #1611 ) ;
#1707 = COLOUR_RGB ( '',0.6666666666666666297, 0.6980392156862744724, 0.7686274509803920907 ) ;
#1708 = ORIENTED_EDGE ( 'NONE', *, *, #2060, .T. ) ;
#1709 =( GEOMETRIC_REPRESENTATION_CONTEXT ( 3 ) GLOBAL_UNCERTAINTY_ASSIGNED_CONTEXT ( ( #170 ) ) GLOBAL_UNIT_ASSIGNED_CONTEXT ( ( #339, #1940, #316 ) ) REPRESENTATION_CONTEXT ( 'NONE', 'WORKASPACE' ) );
#1710 = DIRECTION ( 'NONE',  ( 0.000000000000000000, 0.000000000000000000, -1.000000000000000000 ) ) ;
#1711 = LINE ( 'NONE', #269, #1655 ) ;
#1712 = DIRECTION ( 'NONE',  ( 0.000000000000000000, 1.000000000000000000, -0.000000000000000000 ) ) ;
#1713 = SURFACE_SIDE_STYLE ('',( #1041 ) ) ;
#1714 =( NAMED_UNIT ( * ) PLANE_ANGLE_UNIT ( ) SI_UNIT ( $, .RADIAN. ) );
#1715 = FILL_AREA_STYLE_COLOUR ( '', #124 ) ;
#1716 = COLOUR_RGB ( '',0.3843137254901960453, 0.7294117647058823151, 1.000000000000000000 ) ;
#1717 = ORIENTED_EDGE ( 'NONE', *, *, #778, .F. ) ;
#1718 = FACE_OUTER_BOUND ( 'NONE', #242, .T. ) ;
#1719 = SURFACE_STYLE_USAGE ( .BOTH. , #1689 ) ;
#1720 = PRESENTATION_LAYER_ASSIGNMENT (  '', '', ( #1095 ) ) ;
#1721 = ORIENTED_EDGE ( 'NONE', *, *, #1450, .T. ) ;
#1722 =( NAMED_UNIT ( * ) SI_UNIT ( $, .STERADIAN. ) SOLID_ANGLE_UNIT ( ) );
#1723 = DIRECTION ( 'NONE',  ( -0.000000000000000000, -1.000000000000000000, 0.000000000000000000 ) ) ;
#1724 = LINE ( 'NONE', #287, #1811 ) ;
#1725 = EDGE_LOOP ( 'NONE', ( #2061, #1260, #904, #1166 ) ) ;
#1726 = AXIS2_PLACEMENT_3D ( 'NONE', #668, #1469, #205 ) ;
#1727 = CARTESIAN_POINT ( 'NONE',  ( 0.000000000000000000, 64.00000000000000000, 0.000000000000000000 ) ) ;
#1728 = CARTESIAN_POINT ( 'NONE',  ( 1.125517989408453934, 64.00000000000000000, 5.793512224513984066 ) ) ;
#1729 = MECHANICAL_DESIGN_GEOMETRIC_PRESENTATION_REPRESENTATION (  '', ( #846 ), #1353 ) ;
#1730 = ADVANCED_FACE ( 'NONE', ( #1673, #226 ), #680, .T. ) ;
#1731 = ORIENTED_EDGE ( 'NONE', *, *, #666, .F. ) ;
#1732 =( NAMED_UNIT ( * ) SI_UNIT ( $, .STERADIAN. ) SOLID_ANGLE_UNIT ( ) );
#1733 = AXIS2_PLACEMENT_3D ( 'NONE', #318, #183, #138 ) ;
#1734 = FILL_AREA_STYLE ('',( #898 ) ) ;
#1735 = PRESENTATION_STYLE_ASSIGNMENT (( #169 ) ) ;
#1736 =( LENGTH_UNIT ( ) NAMED_UNIT ( * ) SI_UNIT ( .MILLI., .METRE. ) );
#1737 = SURFACE_STYLE_USAGE ( .BOTH. , #1075 ) ;
#1738 = CIRCLE ( 'NONE', #1012, 5.999999999999999112 ) ;
#1739 = VERTEX_POINT ( 'NONE', #1237 ) ;
#1740 = CYLINDRICAL_SURFACE ( 'NONE', #1990, 5.399999999999674394 ) ;
#1741 = MECHANICAL_DESIGN_GEOMETRIC_PRESENTATION_REPRESENTATION (  '', ( #1331 ), #418 ) ;
#1742 = DIRECTION ( 'NONE',  ( 0.000000000000000000, 0.000000000000000000, 1.000000000000000000 ) ) ;
#1743 = ORIENTED_EDGE ( 'NONE', *, *, #1821, .F. ) ;
#1744 = FACE_OUTER_BOUND ( 'NONE', #254, .T. ) ;
#1745 = CARTESIAN_POINT ( 'NONE',  ( 5.186735045225424834, 64.00000000000000000, -1.502590952530191704 ) ) ;
#1746 = CIRCLE ( 'NONE', #1975, 6.999999999999999112 ) ;
#1747 = AXIS2_PLACEMENT_3D ( 'NONE', #1805, #1470, #671 ) ;
#1748 = FILL_AREA_STYLE_COLOUR ( '', #1604 ) ;
#1749 = ORIENTED_EDGE ( 'NONE', *, *, #2036, .F. ) ;
#1750 = LINE ( 'NONE', #2053, #1289 ) ;
#1751 = TOROIDAL_SURFACE ( 'NONE', #1024, 8.499999999999998224, 0.5000000000000000000 ) ;
#1752 = SURFACE_SIDE_STYLE ('',( #17 ) ) ;
#1753 = SURFACE_SIDE_STYLE ('',( #456 ) ) ;
#1754 = AXIS2_PLACEMENT_3D ( 'NONE', #218, #368, #840 ) ;
#1755 = MECHANICAL_DESIGN_GEOMETRIC_PRESENTATION_REPRESENTATION (  '', ( #673 ), #1851 ) ;
#1756 = DIRECTION ( 'NONE',  ( -0.000000000000000000, 1.000000000000000000, -0.000000000000000000 ) ) ;
#1757 = DIRECTION ( 'NONE',  ( 0.000000000000000000, 0.000000000000000000, -1.000000000000000000 ) ) ;
#1758 = DIRECTION ( 'NONE',  ( 0.000000000000000000, 1.000000000000000000, 0.000000000000000000 ) ) ;
#1759 = LINE ( 'NONE', #592, #1638 ) ;
#1760 =( LENGTH_UNIT ( ) NAMED_UNIT ( * ) SI_UNIT ( .MILLI., .METRE. ) );
#1761 = EDGE_LOOP ( 'NONE', ( #1297, #212, #772, #1852 ) ) ;
#1762 = VECTOR ( 'NONE', #979, 1000.000000000000000 ) ;
#1763 = PRESENTATION_LAYER_ASSIGNMENT (  '', '', ( #187 ) ) ;
#1764 = CARTESIAN_POINT ( 'NONE',  ( 0.000000000000000000, 64.35000000000000853, 0.000000000000000000 ) ) ;
#1765 =( GEOMETRIC_REPRESENTATION_CONTEXT ( 3 ) GLOBAL_UNCERTAINTY_ASSIGNED_CONTEXT ( ( #1130 ) ) GLOBAL_UNIT_ASSIGNED_CONTEXT ( ( #766, #1714, #1391 ) ) REPRESENTATION_CONTEXT ( 'NONE', 'WORKASPACE' ) );
#1766 = SURFACE_STYLE_FILL_AREA ( #618 ) ;
#1767 =( NAMED_UNIT ( * ) PLANE_ANGLE_UNIT ( ) SI_UNIT ( $, .RADIAN. ) );
#1768 = UNCERTAINTY_MEASURE_WITH_UNIT (LENGTH_MEASURE( 1.000000000000000082E-05 ), #24, 'distance_accuracy_value', 'NONE');
#1769 = EDGE_CURVE ( 'NONE', #642, #1739, #738, .T. ) ;
#1770 = ORIENTED_EDGE ( 'NONE', *, *, #503, .F. ) ;
#1771 = CARTESIAN_POINT ( 'NONE',  ( 7.347880794884116778E-16, 64.40000000000000568, 5.999999999999999112 ) ) ;
#1772 = COLOUR_RGB ( '',0.6666666666666666297, 0.6980392156862744724, 0.7686274509803920907 ) ;
#1773 = FILL_AREA_STYLE ('',( #514 ) ) ;
#1774 = ORIENTED_EDGE ( 'NONE', *, *, #1997, .F. ) ;
#1775 = DIRECTION ( 'NONE',  ( 0.000000000000000000, 0.000000000000000000, 1.000000000000000000 ) ) ;
#1776 = DIRECTION ( 'NONE',  ( -0.000000000000000000, 1.000000000000000000, -0.000000000000000000 ) ) ;
#1777 = AXIS2_PLACEMENT_3D ( 'NONE', #1637, #656, #1290 ) ;
#1778 = PRESENTATION_LAYER_ASSIGNMENT (  '', '', ( #1264 ) ) ;
#1779 = CYLINDRICAL_SURFACE ( 'NONE', #361, 5.999999999999999112 ) ;
#1780 = SURFACE_STYLE_FILL_AREA ( #801 ) ;
#1781 = CARTESIAN_POINT ( 'NONE',  ( 0.000000000000000000, 64.50000000000000000, 0.000000000000000000 ) ) ;
#1782 = PRESENTATION_LAYER_ASSIGNMENT (  '', '', ( #594 ) ) ;
#1783 = ORIENTED_EDGE ( 'NONE', *, *, #1881, .T. ) ;
#1784 = DIRECTION ( 'NONE',  ( -0.000000000000000000, 1.000000000000000000, -0.000000000000000000 ) ) ;
#1785 = EDGE_LOOP ( 'NONE', ( #1783, #1055, #1666, #625, #164 ) ) ;
#1786 = DIRECTION ( 'NONE',  ( 0.000000000000000000, -1.000000000000000000, 0.000000000000000000 ) ) ;
#1787 = DIRECTION ( 'NONE',  ( -0.000000000000000000, -1.000000000000000000, -0.000000000000000000 ) ) ;
#1788 = MECHANICAL_DESIGN_GEOMETRIC_PRESENTATION_REPRESENTATION (  '', ( #771 ), #554 ) ;
#1789 = VERTEX_POINT ( 'NONE', #896 ) ;
#1790 = B_SPLINE_CURVE_WITH_KNOTS ( 'NONE', 3,
 ( #684, #651, #845, #174, #351, #1977, #1295, #1631 ),
 .UNSPECIFIED., .F., .F.,
 ( 4, 2, 2, 4 ),
 ( 0.0002432956881046482469, 0.0004008380685854699178, 0.0005583804490662916701, 0.0008734652100279077444 ),
 .UNSPECIFIED. ) ;
#1791 = CARTESIAN_POINT ( 'NONE',  ( 1.102182119232617714E-15, 64.50000000000000000, 9.000000000000000000 ) ) ;
#1792 = CARTESIAN_POINT ( 'NONE',  ( 1.364521900847950321E-15, 64.75000000000000000, 5.399999999999955946 ) ) ;
#1793 = VERTEX_POINT ( 'NONE', #1038 ) ;
#1794 = CARTESIAN_POINT ( 'NONE',  ( -5.342262178775451176, 64.75000000000000000, 1.679355475539753062 ) ) ;
#1795 = DIRECTION ( 'NONE',  ( 0.000000000000000000, 0.000000000000000000, 1.000000000000000000 ) ) ;
#1796 = EDGE_CURVE ( 'NONE', #219, #1793, #712, .T. ) ;
#1797 = UNCERTAINTY_MEASURE_WITH_UNIT (LENGTH_MEASURE( 1.000000000000000082E-05 ), #546, 'distance_accuracy_value', 'NONE');
#1798 =( GEOMETRIC_REPRESENTATION_CONTEXT ( 3 ) GLOBAL_UNCERTAINTY_ASSIGNED_CONTEXT ( ( #655 ) ) GLOBAL_UNIT_ASSIGNED_CONTEXT ( ( #1914, #297, #1242 ) ) REPRESENTATION_CONTEXT ( 'NONE', 'WORKASPACE' ) );
#1799 = CYLINDRICAL_SURFACE ( 'NONE', #1029, 5.999999999999999112 ) ;
#1800 = AXIS2_PLACEMENT_3D ( 'NONE', #1457, #26, #1650 ) ;
#1801 = CARTESIAN_POINT ( 'NONE',  ( 1.502590952530505897, 64.75000000000000000, 5.186735045225739249 ) ) ;
#1802 =( NAMED_UNIT ( * ) PLANE_ANGLE_UNIT ( ) SI_UNIT ( $, .RADIAN. ) );
#1803 = DIRECTION ( 'NONE',  ( 1.000000000000000000, -0.000000000000000000, 1.224646799147353207E-16 ) ) ;
#1804 = ORIENTED_EDGE ( 'NONE', *, *, #356, .F. ) ;
#1805 = CARTESIAN_POINT ( 'NONE',  ( 1.364521900847950321E-15, 64.00000000000000000, 3.391384395534657870E-13 ) ) ;
#1806 = ORIENTED_EDGE ( 'NONE', *, *, #1151, .T. ) ;
#1807 = DIRECTION ( 'NONE',  ( 0.000000000000000000, 0.000000000000000000, -1.000000000000000000 ) ) ;
#1808 = MECHANICAL_DESIGN_GEOMETRIC_PRESENTATION_REPRESENTATION (  '', ( #883 ), #586 ) ;
#1809 = EDGE_CURVE ( 'NONE', #473, #1314, #1291, .T. ) ;
#1810 = PRESENTATION_STYLE_ASSIGNMENT (( #1963 ) ) ;
#1811 = VECTOR ( 'NONE', #612, 1000.000000000000000 ) ;
#1812 =( NAMED_UNIT ( * ) SI_UNIT ( $, .STERADIAN. ) SOLID_ANGLE_UNIT ( ) );
#1813 = AXIS2_PLACEMENT_3D ( 'NONE', #393, #555, #1022 ) ;
#1814 = ORIENTED_EDGE ( 'NONE', *, *, #1577, .F. ) ;
#1815 = FILL_AREA_STYLE ('',( #1155 ) ) ;
#1816 = SURFACE_STYLE_FILL_AREA ( #1773 ) ;
#1817 = VERTEX_POINT ( 'NONE', #908 ) ;
#1818 = FILL_AREA_STYLE ('',( #2046 ) ) ;
#1819 = CYLINDRICAL_SURFACE ( 'NONE', #567, 5.999999999999999112 ) ;
#1820 = MECHANICAL_DESIGN_GEOMETRIC_PRESENTATION_REPRESENTATION (  '', ( #1486 ), #76 ) ;
#1821 = EDGE_CURVE ( 'NONE', #310, #1016, #431, .T. ) ;
#1822 = CYLINDRICAL_SURFACE ( 'NONE', #1873, 5.399999999999616662 ) ;
#1823 = MECHANICAL_DESIGN_GEOMETRIC_PRESENTATION_REPRESENTATION (  '', ( #238 ), #1239 ) ;
#1824 = ADVANCED_FACE ( 'NONE', ( #443 ), #1751, .T. ) ;
#1825 = ORIENTED_EDGE ( 'NONE', *, *, #903, .T. ) ;
#1826 = EDGE_LOOP ( 'NONE', ( #204, #1321, #2006, #232 ) ) ;
#1827 = DIRECTION ( 'NONE',  ( 0.000000000000000000, -0.000000000000000000, -1.000000000000000000 ) ) ;
#1828 = SURFACE_SIDE_STYLE ('',( #1097 ) ) ;
#1829 = CARTESIAN_POINT ( 'NONE',  ( -5.342262178775451176, 64.75000000000000000, 1.679355475539753062 ) ) ;
#1830 = EDGE_CURVE ( 'NONE', #486, #345, #432, .T. ) ;
#1831 = ORIENTED_EDGE ( 'NONE', *, *, #1796, .F. ) ;
#1832 =( LENGTH_UNIT ( ) NAMED_UNIT ( * ) SI_UNIT ( .MILLI., .METRE. ) );
#1833 = VERTEX_POINT ( 'NONE', #1365 ) ;
#1834 = DIRECTION ( 'NONE',  ( 0.000000000000000000, 0.000000000000000000, 1.000000000000000000 ) ) ;
#1835 = DIRECTION ( 'NONE',  ( 0.000000000000000000, 1.000000000000000000, 0.000000000000000000 ) ) ;
#1836 = COLOUR_RGB ( '',0.6666666666666666297, 0.6980392156862744724, 0.7686274509803920907 ) ;
#1837 = SURFACE_SIDE_STYLE ('',( #568 ) ) ;
#1838 = ORIENTED_EDGE ( 'NONE', *, *, #645, .T. ) ;
#1839 =( LENGTH_UNIT ( ) NAMED_UNIT ( * ) SI_UNIT ( .MILLI., .METRE. ) );
#1840 = EDGE_CURVE ( 'NONE', #1986, #1080, #1711, .T. ) ;
#1841 = COLOUR_RGB ( '',0.6666666666666666297, 0.6980392156862744724, 0.7686274509803920907 ) ;
#1842 = ORIENTED_EDGE ( 'NONE', *, *, #1691, .F. ) ;
#1843 = CARTESIAN_POINT ( 'NONE',  ( -1.835296699752283711, 64.35000000000000853, 5.712415078045823158 ) ) ;
#1844 = EDGE_CURVE ( 'NONE', #310, #1885, #566, .T. ) ;
#1845 = LINE ( 'NONE', #877, #285 ) ;
#1846 = SURFACE_SIDE_STYLE ('',( #1356 ) ) ;
#1847 = AXIS2_PLACEMENT_3D ( 'NONE', #639, #1602, #1918 ) ;
#1848 = UNCERTAINTY_MEASURE_WITH_UNIT (LENGTH_MEASURE( 1.000000000000000082E-05 ), #1736, 'distance_accuracy_value', 'NONE');
#1849 = ORIENTED_EDGE ( 'NONE', *, *, #181, .F. ) ;
#1850 = DIRECTION ( 'NONE',  ( 0.000000000000000000, -1.000000000000000000, 0.000000000000000000 ) ) ;
#1851 =( GEOMETRIC_REPRESENTATION_CONTEXT ( 3 ) GLOBAL_UNCERTAINTY_ASSIGNED_CONTEXT ( ( #716 ) ) GLOBAL_UNIT_ASSIGNED_CONTEXT ( ( #268, #704, #1375 ) ) REPRESENTATION_CONTEXT ( 'NONE', 'WORKASPACE' ) );
#1852 = ORIENTED_EDGE ( 'NONE', *, *, #236, .F. ) ;
#1853 = CARTESIAN_POINT ( 'NONE',  ( 1.502590952530505009, 64.00000000000000000, -5.186735045225120189 ) ) ;
#1854 = AXIS2_PLACEMENT_3D ( 'NONE', #384, #215, #506 ) ;
#1855 = PRESENTATION_LAYER_ASSIGNMENT (  '', '', ( #771 ) ) ;
#1856 = ADVANCED_FACE ( 'NONE', ( #2008 ), #113, .F. ) ;
#1857 = CARTESIAN_POINT ( 'NONE',  ( 5.666789924613381046, 64.56103549950890397, -1.832579271176694613 ) ) ;
#1858 = CARTESIAN_POINT ( 'NONE',  ( 0.000000000000000000, -0.2500000000000000000, 0.000000000000000000 ) ) ;
#1859 = CIRCLE ( 'NONE', #1694, 5.399999999999674394 ) ;
#1860 = DIRECTION ( 'NONE',  ( -0.000000000000000000, -1.000000000000000000, -0.000000000000000000 ) ) ;
#1861 = ORIENTED_EDGE ( 'NONE', *, *, #1830, .F. ) ;
#1862 = AXIS2_PLACEMENT_3D ( 'NONE', #1418, #459, #423 ) ;
#1863 = EDGE_LOOP ( 'NONE', ( #322, #1662, #252, #56, #1283 ) ) ;
#1864 = CARTESIAN_POINT ( 'NONE',  ( -5.186735045225429275, 64.75000000000000000, -1.502590952530191259 ) ) ;
#1865 =( NAMED_UNIT ( * ) PLANE_ANGLE_UNIT ( ) SI_UNIT ( $, .RADIAN. ) );
#1866 =( NAMED_UNIT ( * ) PLANE_ANGLE_UNIT ( ) SI_UNIT ( $, .RADIAN. ) );
#1867 = DIRECTION ( 'NONE',  ( 0.000000000000000000, 1.000000000000000000, 0.000000000000000000 ) ) ;
#1868 = DIRECTION ( 'NONE',  ( 0.000000000000000000, 0.000000000000000000, 1.000000000000000000 ) ) ;
#1869 = STYLED_ITEM ( 'NONE', ( #1231 ), #847 ) ;
#1870 = PLANE ( 'NONE',  #1355 ) ;
#1871 = DIRECTION ( 'NONE',  ( 0.000000000000000000, 0.000000000000000000, 1.000000000000000000 ) ) ;
#1872 = PLANE ( 'NONE',  #260 ) ;
#1873 = AXIS2_PLACEMENT_3D ( 'NONE', #409, #1524, #1991 ) ;
#1874 = VERTEX_POINT ( 'NONE', #1896 ) ;
#1875 = CARTESIAN_POINT ( 'NONE',  ( 0.000000000000000000, 64.00000000000000000, 0.000000000000000000 ) ) ;
#1876 = CYLINDRICAL_SURFACE ( 'NONE', #1337, 5.999999999999999112 ) ;
#1877 = PRESENTATION_LAYER_ASSIGNMENT (  '', '', ( #1168 ) ) ;
#1878 = DIRECTION ( 'NONE',  ( 0.000000000000000000, 0.000000000000000000, -1.000000000000000000 ) ) ;
#1879 = EDGE_CURVE ( 'NONE', #1588, #1368, #457, .T. ) ;
#1880 = DIRECTION ( 'NONE',  ( 0.000000000000000000, -0.000000000000000000, 1.000000000000000000 ) ) ;
#1881 = EDGE_CURVE ( 'NONE', #2016, #943, #1945, .T. ) ;
#1882 = CIRCLE ( 'NONE', #140, 5.599999999999998757 ) ;
#1883 = ORIENTED_EDGE ( 'NONE', *, *, #1796, .T. ) ;
#1884 = CARTESIAN_POINT ( 'NONE',  ( -1.741590488784872326, 64.74050949239190800, -5.428536937059378786 ) ) ;
#1885 = VERTEX_POINT ( 'NONE', #1299 ) ;
#1886 = CYLINDRICAL_SURFACE ( 'NONE', #1226, 5.399999999999645972 ) ;
#1887 =( NAMED_UNIT ( * ) PLANE_ANGLE_UNIT ( ) SI_UNIT ( $, .RADIAN. ) );
#1888 = DIRECTION ( 'NONE',  ( 0.000000000000000000, 0.000000000000000000, 1.000000000000000000 ) ) ;
#1889 = DIRECTION ( 'NONE',  ( 0.000000000000000000, 0.000000000000000000, 1.000000000000000000 ) ) ;
#1890 = CARTESIAN_POINT ( 'NONE',  ( 0.000000000000000000, 64.40000000000000568, 0.000000000000000000 ) ) ;
#1891 = FILL_AREA_STYLE ('',( #1243 ) ) ;
#1892 = ORIENTED_EDGE ( 'NONE', *, *, #1415, .T. ) ;
#1893 = DIRECTION ( 'NONE',  ( 0.000000000000000000, 0.000000000000000000, 1.000000000000000000 ) ) ;
#1894 = CARTESIAN_POINT ( 'NONE',  ( 1.835296699752298366, 64.00000000000000000, 5.712415078045850692 ) ) ;
#1895 = DIRECTION ( 'NONE',  ( 0.000000000000000000, 0.000000000000000000, -1.000000000000000000 ) ) ;
#1896 = CARTESIAN_POINT ( 'NONE',  ( 1.835296699752291927, 64.00000000000000000, -5.712415078045216532 ) ) ;
#1897 = PRESENTATION_STYLE_ASSIGNMENT (( #924 ) ) ;
#1898 = PRODUCT_CONTEXT ( 'NONE', #349, 'mechanical' ) ;
#1899 = CARTESIAN_POINT ( 'NONE',  ( 0.000000000000000000, 64.00000000000000000, 6.999999999999999112 ) ) ;
#1900 =( LENGTH_UNIT ( ) NAMED_UNIT ( * ) SI_UNIT ( .MILLI., .METRE. ) );
#1901 = CYLINDRICAL_SURFACE ( 'NONE', #1862, 9.000000000000000000 ) ;
#1902 = DIRECTION ( 'NONE',  ( 0.000000000000000000, 1.000000000000000000, 0.000000000000000000 ) ) ;
#1903 = EDGE_LOOP ( 'NONE', ( #214, #1157 ) ) ;
#1904 = CARTESIAN_POINT ( 'NONE',  ( 0.000000000000000000, 64.50000000000000000, 8.499999999999998224 ) ) ;
#1905 = AXIS2_PLACEMENT_3D ( 'NONE', #1858, #379, #2010 ) ;
#1906 = ADVANCED_FACE ( 'NONE', ( #478 ), #809, .F. ) ;
#1907 = CARTESIAN_POINT ( 'NONE',  ( 1.364521900847950321E-15, 64.75000000000000000, 3.391384395534657870E-13 ) ) ;
#1908 = CARTESIAN_POINT ( 'NONE',  ( 5.793512224513676756, 64.00000000000000000, 1.125517989408759911 ) ) ;
#1909 = EDGE_CURVE ( 'NONE', #401, #1789, #1938, .T. ) ;
#1910 = COLOUR_RGB ( '',0.6666666666666666297, 0.6980392156862744724, 0.7686274509803920907 ) ;
#1911 = CARTESIAN_POINT ( 'NONE',  ( 1.712871017800886131, 64.74999999999998579, 5.383397163354023185 ) ) ;
#1912 = FACE_BOUND ( 'NONE', #1191, .T. ) ;
#1913 = CYLINDRICAL_SURFACE ( 'NONE', #208, 6.999999999999999112 ) ;
#1914 =( LENGTH_UNIT ( ) NAMED_UNIT ( * ) SI_UNIT ( .MILLI., .METRE. ) );
#1915 = ORIENTED_EDGE ( 'NONE', *, *, #1821, .T. ) ;
#1916 = SURFACE_STYLE_FILL_AREA ( #15 ) ;
#1917 = VECTOR ( 'NONE', #498, 1000.000000000000000 ) ;
#1918 = DIRECTION ( 'NONE',  ( 0.000000000000000000, 0.000000000000000000, 1.000000000000000000 ) ) ;
#1919 = ORIENTED_EDGE ( 'NONE', *, *, #563, .T. ) ;
#1920 = CARTESIAN_POINT ( 'NONE',  ( 5.342262178775607495, 64.75000000000000000, -1.679355475539257680 ) ) ;
#1921 = CIRCLE ( 'NONE', #1281, 6.999999999999999112 ) ;
#1922 = ADVANCED_FACE ( 'NONE', ( #346 ), #32, .F. ) ;
#1923 = DIRECTION ( 'NONE',  ( 0.000000000000000000, 0.000000000000000000, 1.000000000000000000 ) ) ;
#1924 = SURFACE_STYLE_USAGE ( .BOTH. , #989 ) ;
#1925 = ORIENTED_EDGE ( 'NONE', *, *, #1909, .T. ) ;
#1926 = CARTESIAN_POINT ( 'NONE',  ( 5.186735045225432827, 64.00000000000000000, 1.502590952530811430 ) ) ;
#1927 = CARTESIAN_POINT ( 'NONE',  ( 0.000000000000000000, 64.75000000000000000, 0.000000000000000000 ) ) ;
#1928 = AXIS2_PLACEMENT_3D ( 'NONE', #1727, #289, #2063 ) ;
#1929 = ORIENTED_EDGE ( 'NONE', *, *, #697, .T. ) ;
#1930 = DIRECTION ( 'NONE',  ( 0.000000000000000000, 0.000000000000000000, 1.000000000000000000 ) ) ;
#1931 = PRESENTATION_LAYER_ASSIGNMENT (  '', '', ( #1386 ) ) ;
#1932 = FACE_OUTER_BOUND ( 'NONE', #313, .T. ) ;
#1933 = UNCERTAINTY_MEASURE_WITH_UNIT (LENGTH_MEASURE( 1.000000000000000082E-05 ), #1366, 'distance_accuracy_value', 'NONE');
#1934 = DIRECTION ( 'NONE',  ( 0.000000000000000000, 0.000000000000000000, 1.000000000000000000 ) ) ;
#1935 = ORIENTED_EDGE ( 'NONE', *, *, #1646, .F. ) ;
#1936 = ORIENTED_EDGE ( 'NONE', *, *, #538, .T. ) ;
#1937 =( NAMED_UNIT ( * ) PLANE_ANGLE_UNIT ( ) SI_UNIT ( $, .RADIAN. ) );
#1938 = LINE ( 'NONE', #1139, #1917 ) ;
#1939 = UNCERTAINTY_MEASURE_WITH_UNIT (LENGTH_MEASURE( 1.000000000000000082E-05 ), #1279, 'distance_accuracy_value', 'NONE');
#1940 =( NAMED_UNIT ( * ) PLANE_ANGLE_UNIT ( ) SI_UNIT ( $, .RADIAN. ) );
#1941 = CIRCLE ( 'NONE', #131, 5.399999999999645972 ) ;
#1942 = VECTOR ( 'NONE', #1784, 1000.000000000000000 ) ;
#1943 = ADVANCED_FACE ( 'NONE', ( #644 ), #1104, .T. ) ;
#1944 = FILL_AREA_STYLE ('',( #1455 ) ) ;
#1945 = B_SPLINE_CURVE_WITH_KNOTS ( 'NONE', 3,
 ( #565, #1200, #1857, #724, #1427, #1605, #1274, #1920 ),
 .UNSPECIFIED., .F., .F.,
 ( 4, 2, 2, 4 ),
 ( 1.971141739195794064E-07, 0.0003160599242738547626, 0.0004739913293238078029, 0.0006319227343737608433 ),
 .UNSPECIFIED. ) ;
#1946 = EDGE_CURVE ( 'NONE', #945, #345, #1882, .T. ) ;
#1947 = ORIENTED_EDGE ( 'NONE', *, *, #1339, .T. ) ;
#1948 =( NAMED_UNIT ( * ) PLANE_ANGLE_UNIT ( ) SI_UNIT ( $, .RADIAN. ) );
#1949 = DIRECTION ( 'NONE',  ( 0.000000000000000000, 0.000000000000000000, -1.000000000000000000 ) ) ;
#1950 = ORIENTED_EDGE ( 'NONE', *, *, #22, .F. ) ;
#1951 = SURFACE_SIDE_STYLE ('',( #50 ) ) ;
#1952 = MECHANICAL_DESIGN_GEOMETRIC_PRESENTATION_REPRESENTATION (  '', ( #1993 ), #632 ) ;
#1953 = CIRCLE ( 'NONE', #1197, 5.999999999999999112 ) ;
#1954 =( LENGTH_UNIT ( ) NAMED_UNIT ( * ) SI_UNIT ( .MILLI., .METRE. ) );
#1955 = DIRECTION ( 'NONE',  ( 0.000000000000000000, 0.000000000000000000, 1.000000000000000000 ) ) ;
#1956 = CARTESIAN_POINT ( 'NONE',  ( 0.000000000000000000, 64.00000000000000000, 0.000000000000000000 ) ) ;
#1957 = SURFACE_STYLE_USAGE ( .BOTH. , #842 ) ;
#1958 = ORIENTED_EDGE ( 'NONE', *, *, #2036, .T. ) ;
#1959 = EDGE_CURVE ( 'NONE', #505, #1789, #1369, .T. ) ;
#1960 = ORIENTED_EDGE ( 'NONE', *, *, #1388, .T. ) ;
#1961 = CARTESIAN_POINT ( 'NONE',  ( 1.364521900847950321E-15, 64.75000000000000000, 3.391384395534657870E-13 ) ) ;
#1962 = PRESENTATION_LAYER_ASSIGNMENT (  '', '', ( #454 ) ) ;
#1963 = SURFACE_STYLE_USAGE ( .BOTH. , #675 ) ;
#1964 = DIRECTION ( 'NONE',  ( -0.000000000000000000, -1.000000000000000000, -0.000000000000000000 ) ) ;
#1965 = AXIS2_PLACEMENT_3D ( 'NONE', #2007, #255, #1195 ) ;
#1966 = LINE ( 'NONE', #328, #1397 ) ;
#1967 = COLOUR_RGB ( '',0.7529411764705882248, 0.7529411764705882248, 0.7529411764705882248 ) ;
#1968 = VERTEX_POINT ( 'NONE', #1361 ) ;
#1969 = CARTESIAN_POINT ( 'NONE',  ( 0.000000000000000000, 0.2500000000000000000, 0.000000000000000000 ) ) ;
#1970 = CARTESIAN_POINT ( 'NONE',  ( 1.679355475539705322, 64.75000000000000000, -5.342262178775467163 ) ) ;
#1971 = VERTEX_POINT ( 'NONE', #1894 ) ;
#1972 = CARTESIAN_POINT ( 'NONE',  ( 0.000000000000000000, -0.2500000000000000000, 0.000000000000000000 ) ) ;
#1973 = CIRCLE ( 'NONE', #1905, 6.499999999999999112 ) ;
#1974 = DIRECTION ( 'NONE',  ( 0.000000000000000000, 0.000000000000000000, 1.000000000000000000 ) ) ;
#1975 = AXIS2_PLACEMENT_3D ( 'NONE', #631, #348, #1277 ) ;
#1976 = VERTEX_POINT ( 'NONE', #244 ) ;
#1977 = CARTESIAN_POINT ( 'NONE',  ( -5.667363097442220443, 64.56048560185431029, -1.832753844873073579 ) ) ;
#1978 = ORIENTED_EDGE ( 'NONE', *, *, #707, .F. ) ;
#1979 = LINE ( 'NONE', #207, #1762 ) ;
#1980 = PRESENTATION_LAYER_ASSIGNMENT (  '', '', ( #1518 ) ) ;
#1981 = EDGE_CURVE ( 'NONE', #854, #241, #1275, .T. ) ;
#1982 = AXIS2_PLACEMENT_3D ( 'NONE', #818, #1497, #686 ) ;
#1983 = CARTESIAN_POINT ( 'NONE',  ( -5.558669985542779912, 64.67188729656389512, 1.801254325400228673 ) ) ;
#1984 = ORIENTED_EDGE ( 'NONE', *, *, #1050, .T. ) ;
#1985 =( NAMED_UNIT ( * ) SI_UNIT ( $, .STERADIAN. ) SOLID_ANGLE_UNIT ( ) );
#1986 = VERTEX_POINT ( 'NONE', #1853 ) ;
#1987 = DIRECTION ( 'NONE',  ( 0.000000000000000000, 1.000000000000000000, 0.000000000000000000 ) ) ;
#1988 = DIRECTION ( 'NONE',  ( 0.000000000000000000, 0.000000000000000000, -1.000000000000000000 ) ) ;
#1989 = FILL_AREA_STYLE_COLOUR ( '', #1561 ) ;
#1990 = AXIS2_PLACEMENT_3D ( 'NONE', #745, #299, #1284 ) ;
#1991 = DIRECTION ( 'NONE',  ( 0.000000000000000000, 0.000000000000000000, 1.000000000000000000 ) ) ;
#1992 = ADVANCED_FACE ( 'NONE', ( #561 ), #722, .F. ) ;
#1993 = STYLED_ITEM ( 'NONE', ( #923 ), #1824 ) ;
#1994 = UNCERTAINTY_MEASURE_WITH_UNIT (LENGTH_MEASURE( 1.000000000000000082E-05 ), #1036, 'distance_accuracy_value', 'NONE');
#1995 = ORIENTED_EDGE ( 'NONE', *, *, #1840, .F. ) ;
#1996 = FILL_AREA_STYLE ('',( #1014 ) ) ;
#1997 = EDGE_CURVE ( 'NONE', #2003, #1064, #1682, .T. ) ;
#1998 = STYLED_ITEM ( 'NONE', ( #1098 ), #1582 ) ;
#1999 = VERTEX_POINT ( 'NONE', #414 ) ;
#2000 = AXIS2_PLACEMENT_3D ( 'NONE', #1526, #1850, #80 ) ;
#2001 = PRESENTATION_LAYER_ASSIGNMENT (  '', '', ( #822 ) ) ;
#2002 = FACE_OUTER_BOUND ( 'NONE', #1519, .T. ) ;
#2003 = VERTEX_POINT ( 'NONE', #919 ) ;
#2004 = EDGE_CURVE ( 'NONE', #1971, #1572, #1235, .T. ) ;
#2005 = VECTOR ( 'NONE', #1642, 1000.000000000000000 ) ;
#2006 = ORIENTED_EDGE ( 'NONE', *, *, #697, .F. ) ;
#2007 = CARTESIAN_POINT ( 'NONE',  ( 0.000000000000000000, 0.5000000000000000000, 0.000000000000000000 ) ) ;
#2008 = FACE_OUTER_BOUND ( 'NONE', #1359, .T. ) ;
#2009 = MECHANICAL_DESIGN_GEOMETRIC_PRESENTATION_REPRESENTATION (  '', ( #102 ), #799 ) ;
#2010 = DIRECTION ( 'NONE',  ( 0.000000000000000000, 0.000000000000000000, -1.000000000000000000 ) ) ;
#2011 = DIRECTION ( 'NONE',  ( 0.000000000000000000, 0.000000000000000000, 1.000000000000000000 ) ) ;
#2012 = ORIENTED_EDGE ( 'NONE', *, *, #262, .T. ) ;
#2013 = AXIS2_PLACEMENT_3D ( 'NONE', #997, #1758, #1347 ) ;
#2014 =( NAMED_UNIT ( * ) SI_UNIT ( $, .STERADIAN. ) SOLID_ANGLE_UNIT ( ) );
#2015 = AXIS2_PLACEMENT_3D ( 'NONE', #198, #949, #537 ) ;
#2016 = VERTEX_POINT ( 'NONE', #793 ) ;
#2017 = DIRECTION ( 'NONE',  ( -0.000000000000000000, -1.000000000000000000, -0.000000000000000000 ) ) ;
#2018 = DIRECTION ( 'NONE',  ( -0.000000000000000000, -1.000000000000000000, -0.000000000000000000 ) ) ;
#2019 = EDGE_CURVE ( 'NONE', #1789, #1999, #669, .T. ) ;
#2020 = CIRCLE ( 'NONE', #315, 0.5000000000000004441 ) ;
#2021 = CARTESIAN_POINT ( 'NONE',  ( 0.000000000000000000, 64.50000000000000000, 0.000000000000000000 ) ) ;
#2022 = CARTESIAN_POINT ( 'NONE',  ( 0.000000000000000000, 64.00000000000000000, 0.000000000000000000 ) ) ;
#2023 = ADVANCED_FACE ( 'NONE', ( #1445 ), #237, .T. ) ;
#2024 = CARTESIAN_POINT ( 'NONE',  ( 1.364521900847950321E-15, 64.75000000000000000, 3.391384395534657870E-13 ) ) ;
#2025 = CIRCLE ( 'NONE', #1070, 0.7143966439049406203 ) ;
#2026 = CARTESIAN_POINT ( 'NONE',  ( 0.000000000000000000, 0.000000000000000000, 0.000000000000000000 ) ) ;
#2027 =( NAMED_UNIT ( * ) SI_UNIT ( $, .STERADIAN. ) SOLID_ANGLE_UNIT ( ) );
#2028 =( NAMED_UNIT ( * ) SI_UNIT ( $, .STERADIAN. ) SOLID_ANGLE_UNIT ( ) );
#2029 = ORIENTED_EDGE ( 'NONE', *, *, #857, .T. ) ;
#2030 = DIRECTION ( 'NONE',  ( 0.000000000000000000, -1.000000000000000000, 0.000000000000000000 ) ) ;
#2031 = DIRECTION ( 'NONE',  ( 0.000000000000000000, 0.000000000000000000, -1.000000000000000000 ) ) ;
#2032 =( LENGTH_UNIT ( ) NAMED_UNIT ( * ) SI_UNIT ( .MILLI., .METRE. ) );
#2033 = EDGE_CURVE ( 'NONE', #1833, #219, #51, .T. ) ;
#2034 = CARTESIAN_POINT ( 'NONE',  ( 0.000000000000000000, 0.5000000000000000000, 0.000000000000000000 ) ) ;
#2035 = DIRECTION ( 'NONE',  ( 0.000000000000000000, 1.000000000000000000, -0.000000000000000000 ) ) ;
#2036 = EDGE_CURVE ( 'NONE', #177, #642, #1238, .T. ) ;
#2037 = CARTESIAN_POINT ( 'NONE',  ( 1.364521900847950321E-15, 64.00000000000000000, 3.391384395534657870E-13 ) ) ;
#2038 = FACE_BOUND ( 'NONE', #1146, .T. ) ;
#2039 = CARTESIAN_POINT ( 'NONE',  ( 8.572527594031472204E-16, 0.5000000000000000000, 6.999999999999999112 ) ) ;
#2040 = SURFACE_SIDE_STYLE ('',( #1392 ) ) ;
#2041 =( GEOMETRIC_REPRESENTATION_CONTEXT ( 3 ) GLOBAL_UNCERTAINTY_ASSIGNED_CONTEXT ( ( #1280 ) ) GLOBAL_UNIT_ASSIGNED_CONTEXT ( ( #1419, #624, #1319 ) ) REPRESENTATION_CONTEXT ( 'NONE', 'WORKASPACE' ) );
#2042 = ORIENTED_EDGE ( 'NONE', *, *, #1196, .T. ) ;
#2043 = CARTESIAN_POINT ( 'NONE',  ( -1.712871017801241624, 64.75000000000001421, -5.383397163353919268 ) ) ;
#2044 = AXIS2_PLACEMENT_3D ( 'NONE', #250, #1011, #1517 ) ;
#2045 = AXIS2_PLACEMENT_3D ( 'NONE', #353, #1860, #1889 ) ;
#2046 = FILL_AREA_STYLE_COLOUR ( '', #674 ) ;
#2047 = DIRECTION ( 'NONE',  ( 0.000000000000000000, 1.000000000000000000, 0.000000000000000000 ) ) ;
#2048 = CARTESIAN_POINT ( 'NONE',  ( 1.502590952530505009, 64.75000000000000000, -5.186735045225120189 ) ) ;
#2049 = CARTESIAN_POINT ( 'NONE',  ( 0.000000000000000000, 64.35000000000000853, 0.000000000000000000 ) ) ;
#2050 = SURFACE_STYLE_USAGE ( .BOTH. , #765 ) ;
#2051 = CARTESIAN_POINT ( 'NONE',  ( 1.040949779275249943E-15, 64.00000000000000000, -8.499999999999998224 ) ) ;
#2052 = ORIENTED_EDGE ( 'NONE', *, *, #1172, .T. ) ;
#2053 = CARTESIAN_POINT ( 'NONE',  ( 7.347880794884116778E-16, 84.29898987322333426, 5.999999999999999112 ) ) ;
#2054 = DIRECTION ( 'NONE',  ( 0.000000000000000000, 1.000000000000000000, 0.000000000000000000 ) ) ;
#2055 =( NAMED_UNIT ( * ) SI_UNIT ( $, .STERADIAN. ) SOLID_ANGLE_UNIT ( ) );
#2056 = ADVANCED_FACE ( 'NONE', ( #163 ), #1078, .T. ) ;
#2057 = DIRECTION ( 'NONE',  ( -0.000000000000000000, 1.000000000000000000, -0.000000000000000000 ) ) ;
#2058 = CARTESIAN_POINT ( 'NONE',  ( 1.832753844873416638, 64.56048560185433871, -5.667363097442102315 ) ) ;
#2059 = DIRECTION ( 'NONE',  ( 0.000000000000000000, 0.000000000000000000, 1.000000000000000000 ) ) ;
#2060 = EDGE_CURVE ( 'NONE', #195, #1976, #599, .T. ) ;
#2061 = ORIENTED_EDGE ( 'NONE', *, *, #1050, .F. ) ;
#2062 = STYLED_ITEM ( 'NONE', ( #1322 ), #736 ) ;
#2063 = DIRECTION ( 'NONE',  ( 0.000000000000000000, 0.000000000000000000, 1.000000000000000000 ) ) ;
#2064 = CYLINDRICAL_SURFACE ( 'NONE', #1135, 0.7143966439049406203 ) ;
#2065 = MECHANICAL_DESIGN_GEOMETRIC_PRESENTATION_REPRESENTATION (  '', ( #1189 ), #253 ) ;
ENDSEC;
END-ISO-10303-21;
