IGES file generated from Kompas 1.3 for Windows drawing by the IGES     S      1
translator from Ascon Ltd., translator version IGESOUT-5.1.             S      2
1H,,1H;,6HДеталь,40HD:\Projects\VendingRobot\model\GY-80.igs,28HKompas( G      1
32 bit ) for Windows,3H1.0,32,38,6,308,15,7Hunknown,1,2,2HMM,1000,1,16H-G      2
17790728:151944,1e-06,50000,7Hunknown,7Hunknown,0,0,13H210828:151944;   G      3
     502       1       0       0       0       0       0       000010000D      1
     502       0       0      23       1                               0D      2
     110      24       0       0       0       0       0       000010000D      3
     110       1       0       1       0                               0D      4
     110      25       0       0       0       0       0       000010000D      5
     110       1       0       1       0                               0D      6
     110      26       0       0       0       0       0       000010000D      7
     110       1       0       1       0                               0D      8
     110      27       0       0       0       0       0       000010000D      9
     110       1       0       1       0                               0D     10
     124      28       0       0       0       0       0       001020201D     11
     124       1       0       1       0                               0D     12
     100      29       0       0       0       0      11       000010000D     13
     100       1       0       1       0                               0D     14
     124      30       0       0       0       0       0       001020201D     15
     124       1       0       1       0                               0D     16
     100      31       0       0       0       0      15       000010000D     17
     100       1       0       1       0                               0D     18
     124      32       0       0       0       0       0       001020201D     19
     124       1       0       1       0                               0D     20
     100      33       0       0       0       0      19       000010000D     21
     100       1       0       1       0                               0D     22
     124      34       0       0       0       0       0       001020201D     23
     124       1       0       1       0                               0D     24
     100      35       0       0       0       0      23       000010000D     25
     100       1       0       1       0                               0D     26
     124      36       0       0       0       0       0       001020201D     27
     124       1       0       1       0                               0D     28
     100      37       0       0       0       0      27       000010000D     29
     100       1       0       1       0                               0D     30
     124      38       0       0       0       0       0       001020201D     31
     124       1       0       1       0                               0D     32
     100      39       0       0       0       0      31       000010000D     33
     100       1       0       1       0                               0D     34
     124      40       0       0       0       0       0       001020201D     35
     124       1       0       1       0                               0D     36
     100      41       0       0       0       0      35       000010000D     37
     100       1       0       1       0                               0D     38
     124      42       0       0       0       0       0       001020201D     39
     124       1       0       1       0                               0D     40
     100      43       0       0       0       0      39       000010000D     41
     100       1       0       1       0                               0D     42
     124      44       0       0       0       0       0       001020201D     43
     124       1       0       1       0                               0D     44
     100      45       0       0       0       0      43       000010000D     45
     100       1       0       1       0                               0D     46
     124      46       0       0       0       0       0       001020201D     47
     124       1       0       1       0                               0D     48
     100      47       0       0       0       0      47       000010000D     49
     100       1       0       1       0                               0D     50
     124      48       0       0       0       0       0       001020201D     51
     124       1       0       1       0                               0D     52
     100      49       0       0       0       0      51       000010000D     53
     100       1       0       1       0                               0D     54
     124      50       0       0       0       0       0       001020201D     55
     124       1       0       1       0                               0D     56
     100      51       0       0       0       0      55       000010000D     57
     100       1       0       1       0                               0D     58
     124      52       0       0       0       0       0       001020201D     59
     124       1       0       1       0                               0D     60
     100      53       0       0       0       0      59       000010000D     61
     100       1       0       1       0                               0D     62
     124      54       0       0       0       0       0       001020201D     63
     124       1       0       1       0                               0D     64
     100      55       0       0       0       0      63       000010000D     65
     100       1       0       1       0                               0D     66
     124      56       0       0       0       0       0       001020201D     67
     124       1       0       1       0                               0D     68
     100      57       0       0       0       0      67       000010000D     69
     100       1       0       1       0                               0D     70
     124      58       0       0       0       0       0       001020201D     71
     124       1       0       1       0                               0D     72
     100      59       0       0       0       0      71       000010000D     73
     100       1       0       1       0                               0D     74
     124      60       0       0       0       0       0       001020201D     75
     124       1       0       1       0                               0D     76
     100      61       0       0       0       0      75       000010000D     77
     100       1       0       1       0                               0D     78
     124      62       0       0       0       0       0       001020201D     79
     124       1       0       1       0                               0D     80
     100      63       0       0       0       0      79       000010000D     81
     100       1       0       1       0                               0D     82
     124      64       0       0       0       0       0       001020201D     83
     124       1       0       1       0                               0D     84
     100      65       0       0       0       0      83       000010000D     85
     100       1       0       1       0                               0D     86
     124      66       0       0       0       0       0       001020201D     87
     124       1       0       1       0                               0D     88
     100      67       0       0       0       0      87       000010000D     89
     100       1       0       1       0                               0D     90
     110      68       0       0       0       0       0       000010000D     91
     110       1       0       1       0                               0D     92
     110      69       0       0       0       0       0       000010000D     93
     110       1       0       1       0                               0D     94
     110      70       0       0       0       0       0       000010000D     95
     110       1       0       1       0                               0D     96
     110      71       0       0       0       0       0       000010000D     97
     110       1       0       1       0                               0D     98
     110      72       0       0       0       0       0       000010000D     99
     110       1       0       1       0                               0D    100
     110      73       0       0       0       0       0       000010000D    101
     110       1       0       1       0                               0D    102
     110      74       0       0       0       0       0       000010000D    103
     110       1       0       1       0                               0D    104
     110      75       0       0       0       0       0       000010000D    105
     110       1       0       1       0                               0D    106
     124      76       0       0       0       0       0       001020201D    107
     124       1       0       1       0                               0D    108
     100      77       0       0       0       0     107       000010000D    109
     100       1       0       1       0                               0D    110
     124      78       0       0       0       0       0       001020201D    111
     124       1       0       1       0                               0D    112
     100      79       0       0       0       0     111       000010000D    113
     100       1       0       1       0                               0D    114
     124      80       0       0       0       0       0       001020201D    115
     124       1       0       1       0                               0D    116
     100      81       0       0       0       0     115       000010000D    117
     100       1       0       1       0                               0D    118
     124      82       0       0       0       0       0       001020201D    119
     124       1       0       1       0                               0D    120
     100      83       0       0       0       0     119       000010000D    121
     100       1       0       1       0                               0D    122
     110      84       0       0       0       0       0       000010000D    123
     110       1       0       1       0                               0D    124
     110      85       0       0       0       0       0       000010000D    125
     110       1       0       1       0                               0D    126
     110      86       0       0       0       0       0       000010000D    127
     110       1       0       1       0                               0D    128
     110      87       0       0       0       0       0       000010000D    129
     110       1       0       1       0                               0D    130
     110      88       0       0       0       0       0       000010000D    131
     110       1       0       1       0                               0D    132
     110      89       0       0       0       0       0       000010000D    133
     110       1       0       1       0                               0D    134
     110      90       0       0       0       0       0       000010000D    135
     110       1       0       1       0                               0D    136
     110      91       0       0       0       0       0       000010000D    137
     110       1       0       1       0                               0D    138
     110      92       0       0       0       0       0       000010000D    139
     110       1       0       1       0                               0D    140
     110      93       0       0       0       0       0       000010000D    141
     110       1       0       1       0                               0D    142
     110      94       0       0       0       0       0       000010000D    143
     110       1       0       1       0                               0D    144
     110      95       0       0       0       0       0       000010000D    145
     110       1       0       1       0                               0D    146
     110      96       0       0       0       0       0       000010000D    147
     110       1       0       1       0                               0D    148
     110      97       0       0       0       0       0       000010000D    149
     110       1       0       1       0                               0D    150
     124      98       0       0       0       0       0       001020201D    151
     124       1       0       1       0                               0D    152
     100      99       0       0       0       0     151       000010000D    153
     100       1       0       1       0                               0D    154
     110     100       0       0       0       0       0       000010000D    155
     110       1       0       1       0                               0D    156
     110     101       0       0       0       0       0       000010000D    157
     110       1       0       1       0                               0D    158
     124     102       0       0       0       0       0       001020201D    159
     124       1       0       1       0                               0D    160
     100     103       0       0       0       0     159       000010000D    161
     100       1       0       1       0                               0D    162
     110     104       0       0       0       0       0       000010000D    163
     110       1       0       1       0                               0D    164
     110     105       0       0       0       0       0       000010000D    165
     110       1       0       1       0                               0D    166
     124     106       0       0       0       0       0       001020201D    167
     124       1       0       1       0                               0D    168
     100     107       0       0       0       0     167       000010000D    169
     100       1       0       1       0                               0D    170
     110     108       0       0       0       0       0       000010000D    171
     110       1       0       1       0                               0D    172
     110     109       0       0       0       0       0       000010000D    173
     110       1       0       1       0                               0D    174
     124     110       0       0       0       0       0       001020201D    175
     124       1       0       1       0                               0D    176
     100     111       0       0       0       0     175       000010000D    177
     100       1       0       1       0                               0D    178
     110     112       0       0       0       0       0       000010000D    179
     110       1       0       1       0                               0D    180
     110     113       0       0       0       0       0       000010000D    181
     110       1       0       1       0                               0D    182
     124     114       0       0       0       0       0       001020201D    183
     124       1       0       1       0                               0D    184
     100     115       0       0       0       0     183       000010000D    185
     100       1       0       1       0                               0D    186
     110     116       0       0       0       0       0       000010000D    187
     110       1       0       1       0                               0D    188
     110     117       0       0       0       0       0       000010000D    189
     110       1       0       1       0                               0D    190
     124     118       0       0       0       0       0       001020201D    191
     124       1       0       1       0                               0D    192
     100     119       0       0       0       0     191       000010000D    193
     100       1       0       1       0                               0D    194
     110     120       0       0       0       0       0       000010000D    195
     110       1       0       1       0                               0D    196
     110     121       0       0       0       0       0       000010000D    197
     110       1       0       1       0                               0D    198
     124     122       0       0       0       0       0       001020201D    199
     124       1       0       1       0                               0D    200
     100     123       0       0       0       0     199       000010000D    201
     100       1       0       1       0                               0D    202
     110     124       0       0       0       0       0       000010000D    203
     110       1       0       1       0                               0D    204
     110     125       0       0       0       0       0       000010000D    205
     110       1       0       1       0                               0D    206
     124     126       0       0       0       0       0       001020201D    207
     124       1       0       1       0                               0D    208
     100     127       0       0       0       0     207       000010000D    209
     100       1       0       1       0                               0D    210
     110     128       0       0       0       0       0       000010000D    211
     110       1       0       1       0                               0D    212
     110     129       0       0       0       0       0       000010000D    213
     110       1       0       1       0                               0D    214
     124     130       0       0       0       0       0       001020201D    215
     124       1       0       1       0                               0D    216
     100     131       0       0       0       0     215       000010000D    217
     100       1       0       1       0                               0D    218
     110     132       0       0       0       0       0       000010000D    219
     110       1       0       1       0                               0D    220
     110     133       0       0       0       0       0       000010000D    221
     110       1       0       1       0                               0D    222
     124     134       0       0       0       0       0       001020201D    223
     124       1       0       1       0                               0D    224
     100     135       0       0       0       0     223       000010000D    225
     100       1       0       1       0                               0D    226
     110     136       0       0       0       0       0       000010000D    227
     110       1       0       1       0                               0D    228
     110     137       0       0       0       0       0       000010000D    229
     110       1       0       1       0                               0D    230
     110     138       0       0       0       0       0       000010000D    231
     110       1       0       1       0                               0D    232
     110     139       0       0       0       0       0       000010000D    233
     110       1       0       1       0                               0D    234
     110     140       0       0       0       0       0       000010000D    235
     110       1       0       1       0                               0D    236
     110     141       0       0       0       0       0       000010000D    237
     110       1       0       1       0                               0D    238
     110     142       0       0       0       0       0       000010000D    239
     110       1       0       1       0                               0D    240
     110     143       0       0       0       0       0       000010000D    241
     110       1       0       1       0                               0D    242
     110     144       0       0       0       0       0       000010000D    243
     110       1       0       1       0                               0D    244
     110     145       0       0       0       0       0       000010000D    245
     110       1       0       1       0                               0D    246
     110     146       0       0       0       0       0       000010000D    247
     110       1       0       1       0                               0D    248
     110     147       0       0       0       0       0       000010000D    249
     110       1       0       1       0                               0D    250
     110     148       0       0       0       0       0       000010000D    251
     110       1       0       1       0                               0D    252
     110     149       0       0       0       0       0       000010000D    253
     110       1       0       1       0                               0D    254
     110     150       0       0       0       0       0       000010000D    255
     110       1       0       1       0                               0D    256
     110     151       0       0       0       0       0       000010000D    257
     110       1       0       1       0                               0D    258
     110     152       0       0       0       0       0       000010000D    259
     110       1       0       1       0                               0D    260
     110     153       0       0       0       0       0       000010000D    261
     110       1       0       1       0                               0D    262
     110     154       0       0       0       0       0       000010000D    263
     110       1       0       1       0                               0D    264
     110     155       0       0       0       0       0       000010000D    265
     110       1       0       1       0                               0D    266
     110     156       0       0       0       0       0       000010000D    267
     110       1       0       1       0                               0D    268
     110     157       0       0       0       0       0       000010000D    269
     110       1       0       1       0                               0D    270
     110     158       0       0       0       0       0       000010000D    271
     110       1       0       1       0                               0D    272
     110     159       0       0       0       0       0       000010000D    273
     110       1       0       1       0                               0D    274
     110     160       0       0       0       0       0       000010000D    275
     110       1       0       1       0                               0D    276
     124     161       0       0       0       0       0       001020201D    277
     124       1       0       1       0                               0D    278
     100     162       0       0       0       0     277       000010000D    279
     100       1       0       1       0                               0D    280
     110     163       0       0       0       0       0       000010000D    281
     110       1       0       1       0                               0D    282
     110     164       0       0       0       0       0       000010000D    283
     110       1       0       1       0                               0D    284
     124     165       0       0       0       0       0       001020201D    285
     124       1       0       1       0                               0D    286
     100     166       0       0       0       0     285       000010000D    287
     100       1       0       1       0                               0D    288
     110     167       0       0       0       0       0       000010000D    289
     110       1       0       1       0                               0D    290
     110     168       0       0       0       0       0       000010000D    291
     110       1       0       1       0                               0D    292
     110     169       0       0       0       0       0       000010000D    293
     110       1       0       1       0                               0D    294
     110     170       0       0       0       0       0       000010000D    295
     110       1       0       1       0                               0D    296
     110     171       0       0       0       0       0       000010000D    297
     110       1       0       1       0                               0D    298
     110     172       0       0       0       0       0       000010000D    299
     110       1       0       1       0                               0D    300
     110     173       0       0       0       0       0       000010000D    301
     110       1       0       1       0                               0D    302
     110     174       0       0       0       0       0       000010000D    303
     110       1       0       1       0                               0D    304
     110     175       0       0       0       0       0       000010000D    305
     110       1       0       1       0                               0D    306
     110     176       0       0       0       0       0       000010000D    307
     110       1       0       1       0                               0D    308
     110     177       0       0       0       0       0       000010000D    309
     110       1       0       1       0                               0D    310
     110     178       0       0       0       0       0       000010000D    311
     110       1       0       1       0                               0D    312
     110     179       0       0       0       0       0       000010000D    313
     110       1       0       1       0                               0D    314
     110     180       0       0       0       0       0       000010000D    315
     110       1       0       1       0                               0D    316
     110     181       0       0       0       0       0       000010000D    317
     110       1       0       1       0                               0D    318
     110     182       0       0       0       0       0       000010000D    319
     110       1       0       1       0                               0D    320
     110     183       0       0       0       0       0       000010000D    321
     110       1       0       1       0                               0D    322
     110     184       0       0       0       0       0       000010000D    323
     110       1       0       1       0                               0D    324
     110     185       0       0       0       0       0       000010000D    325
     110       1       0       1       0                               0D    326
     110     186       0       0       0       0       0       000010000D    327
     110       1       0       1       0                               0D    328
     110     187       0       0       0       0       0       000010000D    329
     110       1       0       1       0                               0D    330
     110     188       0       0       0       0       0       000010000D    331
     110       1       0       1       0                               0D    332
     110     189       0       0       0       0       0       000010000D    333
     110       1       0       1       0                               0D    334
     110     190       0       0       0       0       0       000010000D    335
     110       1       0       1       0                               0D    336
     110     191       0       0       0       0       0       000010000D    337
     110       1       0       1       0                               0D    338
     124     192       0       0       0       0       0       001020201D    339
     124       1       0       1       0                               0D    340
     100     193       0       0       0       0     339       000010000D    341
     100       1       0       1       0                               0D    342
     124     194       0       0       0       0       0       001020201D    343
     124       1       0       1       0                               0D    344
     100     195       0       0       0       0     343       000010000D    345
     100       1       0       1       0                               0D    346
     124     196       0       0       0       0       0       001020201D    347
     124       1       0       1       0                               0D    348
     100     197       0       0       0       0     347       000010000D    349
     100       1       0       1       0                               0D    350
     124     198       0       0       0       0       0       001020201D    351
     124       1       0       1       0                               0D    352
     100     199       0       0       0       0     351       000010000D    353
     100       1       0       1       0                               0D    354
     124     200       0       0       0       0       0       001020201D    355
     124       1       0       1       0                               0D    356
     100     201       0       0       0       0     355       000010000D    357
     100       1       0       1       0                               0D    358
     124     202       0       0       0       0       0       001020201D    359
     124       1       0       1       0                               0D    360
     100     203       0       0       0       0     359       000010000D    361
     100       1       0       1       0                               0D    362
     124     204       0       0       0       0       0       001020201D    363
     124       1       0       1       0                               0D    364
     100     205       0       0       0       0     363       000010000D    365
     100       1       0       1       0                               0D    366
     124     206       0       0       0       0       0       001020201D    367
     124       1       0       1       0                               0D    368
     100     207       0       0       0       0     367       000010000D    369
     100       1       0       1       0                               0D    370
     124     208       0       0       0       0       0       001020201D    371
     124       1       0       1       0                               0D    372
     100     209       0       0       0       0     371       000010000D    373
     100       1       0       1       0                               0D    374
     124     210       0       0       0       0       0       001020201D    375
     124       1       0       1       0                               0D    376
     100     211       0       0       0       0     375       000010000D    377
     100       1       0       1       0                               0D    378
     124     212       0       0       0       0       0       001020201D    379
     124       1       0       1       0                               0D    380
     100     213       0       0       0       0     379       000010000D    381
     100       1       0       1       0                               0D    382
     124     214       0       0       0       0       0       001020201D    383
     124       1       0       1       0                               0D    384
     100     215       0       0       0       0     383       000010000D    385
     100       1       0       1       0                               0D    386
     504     216       0       0       0       0       0       000010000D    387
     504       1       0      32       1                               0D    388
     128     248       0       0       0       0       0       000010000D    389
     128       1       0       2       0                               0D    390
     126     250       0       0       0       0       0       001010500D    391
     126       1       0       1       0                               0D    392
     126     251       0       0       0       0       0       001010500D    393
     126       1       0       1       0                               0D    394
     126     252       0       0       0       0       0       001010500D    395
     126       1       0       1       0                               0D    396
     126     253       0       0       0       0       0       001010500D    397
     126       1       0       1       0                               0D    398
     508     254       0       0       0       0       0       000010000D    399
     508       1       0       2       1                               0D    400
     126     256       0       0       0       0       0       001010500D    401
     126       1       0      29       0                               0D    402
     126     285       0       0       0       0       0       001010500D    403
     126       1       0      29       0                               0D    404
     508     314       0       0       0       0       0       000010000D    405
     508       1       0       1       1                               0D    406
     126     315       0       0       0       0       0       001010500D    407
     126       1       0      29       0                               0D    408
     126     344       0       0       0       0       0       001010500D    409
     126       1       0      29       0                               0D    410
     508     373       0       0       0       0       0       000010000D    411
     508       1       0       1       1                               0D    412
     126     374       0       0       0       0       0       001010500D    413
     126       1       0      29       0                               0D    414
     126     403       0       0       0       0       0       001010500D    415
     126       1       0      29       0                               0D    416
     508     432       0       0       0       0       0       000010000D    417
     508       1       0       1       1                               0D    418
     126     433       0       0       0       0       0       001010500D    419
     126       1       0      29       0                               0D    420
     126     462       0       0       0       0       0       001010500D    421
     126       1       0      29       0                               0D    422
     508     491       0       0       0       0       0       000010000D    423
     508       1       0       1       1                               0D    424
     126     492       0       0       0       0       0       001010500D    425
     126       1       0      29       0                               0D    426
     126     521       0       0       0       0       0       001010500D    427
     126       1       0      29       0                               0D    428
     508     550       0       0       0       0       0       000010000D    429
     508       1       0       1       1                               0D    430
     126     551       0       0       0       0       0       001010500D    431
     126       1       0      29       0                               0D    432
     126     580       0       0       0       0       0       001010500D    433
     126       1       0      29       0                               0D    434
     508     609       0       0       0       0       0       000010000D    435
     508       1       0       1       1                               0D    436
     126     610       0       0       0       0       0       001010500D    437
     126       1       0      29       0                               0D    438
     126     639       0       0       0       0       0       001010500D    439
     126       1       0      29       0                               0D    440
     508     668       0       0       0       0       0       000010000D    441
     508       1       0       1       1                               0D    442
     126     669       0       0       0       0       0       001010500D    443
     126       1       0      29       0                               0D    444
     126     698       0       0       0       0       0       001010500D    445
     126       1       0      29       0                               0D    446
     508     727       0       0       0       0       0       000010000D    447
     508       1       0       1       1                               0D    448
     126     728       0       0       0       0       0       001010500D    449
     126       1       0      29       0                               0D    450
     126     757       0       0       0       0       0       001010500D    451
     126       1       0      29       0                               0D    452
     508     786       0       0       0       0       0       000010000D    453
     508       1       0       1       1                               0D    454
     126     787       0       0       0       0       0       001010500D    455
     126       1       0      29       0                               0D    456
     126     816       0       0       0       0       0       001010500D    457
     126       1       0      29       0                               0D    458
     508     845       0       0       0       0       0       000010000D    459
     508       1       0       1       1                               0D    460
     126     846       0       0       0       0       0       001010500D    461
     126       1       0       2       0                               0D    462
     126     848       0       0       0       0       0       001010500D    463
     126       1       0       2       0                               0D    464
     126     850       0       0       0       0       0       001010500D    465
     126       1       0       2       0                               0D    466
     126     852       0       0       0       0       0       001010500D    467
     126       1       0       2       0                               0D    468
     508     854       0       0       0       0       0       000010000D    469
     508       1       0       2       1                               0D    470
     126     856       0       0       0       0       0       001010500D    471
     126       1       0       2       0                               0D    472
     126     858       0       0       0       0       0       001010500D    473
     126       1       0       2       0                               0D    474
     126     860       0       0       0       0       0       001010500D    475
     126       1       0       2       0                               0D    476
     126     862       0       0       0       0       0       001010500D    477
     126       1       0       2       0                               0D    478
     508     864       0       0       0       0       0       000010000D    479
     508       1       0       2       1                               0D    480
     126     866       0       0       0       0       0       001010500D    481
     126       1       0      29       0                               0D    482
     126     895       0       0       0       0       0       001010500D    483
     126       1       0      29       0                               0D    484
     508     924       0       0       0       0       0       000010000D    485
     508       1       0       1       1                               0D    486
     126     925       0       0       0       0       0       001010500D    487
     126       1       0      29       0                               0D    488
     126     954       0       0       0       0       0       001010500D    489
     126       1       0      29       0                               0D    490
     508     983       0       0       0       0       0       000010000D    491
     508       1       0       1       1                               0D    492
     126     984       0       0       0       0       0       001010500D    493
     126       1       0       3       0                               0D    494
     126     987       0       0       0       0       0       001010500D    495
     126       1       0       3       0                               0D    496
     126     990       0       0       0       0       0       001010500D    497
     126       1       0       2       0                               0D    498
     126     992       0       0       0       0       0       001010500D    499
     126       1       0       2       0                               0D    500
     508     994       0       0       0       0       0       000010000D    501
     508       1       0       2       1                               0D    502
     126     996       0       0       0       0       0       001010500D    503
     126       1       0       2       0                               0D    504
     126     998       0       0       0       0       0       001010500D    505
     126       1       0       2       0                               0D    506
     126    1000       0       0       0       0       0       001010500D    507
     126       1       0       2       0                               0D    508
     126    1002       0       0       0       0       0       001010500D    509
     126       1       0       2       0                               0D    510
     508    1004       0       0       0       0       0       000010000D    511
     508       1       0       2       1                               0D    512
     126    1006       0       0       0       0       0       001010500D    513
     126       1       0       2       0                               0D    514
     126    1008       0       0       0       0       0       001010500D    515
     126       1       0       2       0                               0D    516
     126    1010       0       0       0       0       0       001010500D    517
     126       1       0       2       0                               0D    518
     126    1012       0       0       0       0       0       001010500D    519
     126       1       0       2       0                               0D    520
     508    1014       0       0       0       0       0       000010000D    521
     508       1       0       2       1                               0D    522
     314    1016       0       0       0       0       0       001000200D    523
     314       1       0       1       0                               0D    524
     510    1017       0       0       0       0       0       000010000D    525
     510       1    -523       2       1                               0D    526
     110    1019       0       0       0       0       0       001010000D    527
     110       1       0       1       0                               0D    528
     110    1020       0       0       0       0       0       001010001D    529
     110       1       0       1       0                               0D    530
     120    1021       0       0       0       0       0       000010000D    531
     120       1       0       1       0                               0D    532
     126    1022       0       0       0       0       0       001010500D    533
     126       1       0       1       0                               0D    534
     126    1023       0       0       0       0       0       001010500D    535
     126       1       0       2       0                               0D    536
     126    1025       0       0       0       0       0       001010500D    537
     126       1       0       2       0                               0D    538
     126    1027       0       0       0       0       0       001010500D    539
     126       1       0       2       0                               0D    540
     508    1029       0       0       0       0       0       000010000D    541
     508       1       0       2       1                               0D    542
     314    1031       0       0       0       0       0       001000200D    543
     314       1       0       1       0                               0D    544
     510    1032       0       0       0       0       0       000010000D    545
     510       1    -543       1       1                               0D    546
     110    1033       0       0       0       0       0       001010000D    547
     110       1       0       1       0                               0D    548
     110    1034       0       0       0       0       0       001010001D    549
     110       1       0       1       0                               0D    550
     120    1035       0       0       0       0       0       000010000D    551
     120       1       0       1       0                               0D    552
     126    1036       0       0       0       0       0       001010500D    553
     126       1       0       1       0                               0D    554
     126    1037       0       0       0       0       0       001010500D    555
     126       1       0       2       0                               0D    556
     126    1039       0       0       0       0       0       001010500D    557
     126       1       0       2       0                               0D    558
     126    1041       0       0       0       0       0       001010500D    559
     126       1       0       2       0                               0D    560
     508    1043       0       0       0       0       0       000010000D    561
     508       1       0       2       1                               0D    562
     510    1045       0       0       0       0       0       000010000D    563
     510       1    -543       1       1                               0D    564
     110    1046       0       0       0       0       0       001010000D    565
     110       1       0       1       0                               0D    566
     110    1047       0       0       0       0       0       001010001D    567
     110       1       0       1       0                               0D    568
     120    1048       0       0       0       0       0       000010000D    569
     120       1       0       1       0                               0D    570
     126    1049       0       0       0       0       0       001010500D    571
     126       1       0       1       0                               0D    572
     126    1050       0       0       0       0       0       001010500D    573
     126       1       0       2       0                               0D    574
     126    1052       0       0       0       0       0       001010500D    575
     126       1       0       2       0                               0D    576
     126    1054       0       0       0       0       0       001010500D    577
     126       1       0       2       0                               0D    578
     508    1056       0       0       0       0       0       000010000D    579
     508       1       0       2       1                               0D    580
     510    1058       0       0       0       0       0       000010000D    581
     510       1    -543       1       1                               0D    582
     110    1059       0       0       0       0       0       001010000D    583
     110       1       0       1       0                               0D    584
     110    1060       0       0       0       0       0       001010001D    585
     110       1       0       1       0                               0D    586
     120    1061       0       0       0       0       0       000010000D    587
     120       1       0       1       0                               0D    588
     126    1062       0       0       0       0       0       001010500D    589
     126       1       0       1       0                               0D    590
     126    1063       0       0       0       0       0       001010500D    591
     126       1       0       2       0                               0D    592
     126    1065       0       0       0       0       0       001010500D    593
     126       1       0       2       0                               0D    594
     126    1067       0       0       0       0       0       001010500D    595
     126       1       0       2       0                               0D    596
     508    1069       0       0       0       0       0       000010000D    597
     508       1       0       2       1                               0D    598
     510    1071       0       0       0       0       0       000010000D    599
     510       1    -543       1       1                               0D    600
     110    1072       0       0       0       0       0       001010000D    601
     110       1       0       1       0                               0D    602
     110    1073       0       0       0       0       0       001010001D    603
     110       1       0       1       0                               0D    604
     120    1074       0       0       0       0       0       000010000D    605
     120       1       0       1       0                               0D    606
     126    1075       0       0       0       0       0       001010500D    607
     126       1       0       1       0                               0D    608
     126    1076       0       0       0       0       0       001010500D    609
     126       1       0       2       0                               0D    610
     126    1078       0       0       0       0       0       001010500D    611
     126       1       0       2       0                               0D    612
     126    1080       0       0       0       0       0       001010500D    613
     126       1       0       2       0                               0D    614
     508    1082       0       0       0       0       0       000010000D    615
     508       1       0       2       1                               0D    616
     510    1084       0       0       0       0       0       000010000D    617
     510       1    -543       1       1                               0D    618
     110    1085       0       0       0       0       0       001010000D    619
     110       1       0       1       0                               0D    620
     110    1086       0       0       0       0       0       001010001D    621
     110       1       0       1       0                               0D    622
     120    1087       0       0       0       0       0       000010000D    623
     120       1       0       1       0                               0D    624
     126    1088       0       0       0       0       0       001010500D    625
     126       1       0       1       0                               0D    626
     126    1089       0       0       0       0       0       001010500D    627
     126       1       0       2       0                               0D    628
     126    1091       0       0       0       0       0       001010500D    629
     126       1       0       2       0                               0D    630
     126    1093       0       0       0       0       0       001010500D    631
     126       1       0       2       0                               0D    632
     508    1095       0       0       0       0       0       000010000D    633
     508       1       0       2       1                               0D    634
     510    1097       0       0       0       0       0       000010000D    635
     510       1    -543       1       1                               0D    636
     110    1098       0       0       0       0       0       001010000D    637
     110       1       0       1       0                               0D    638
     110    1099       0       0       0       0       0       001010001D    639
     110       1       0       1       0                               0D    640
     120    1100       0       0       0       0       0       000010000D    641
     120       1       0       1       0                               0D    642
     126    1101       0       0       0       0       0       001010500D    643
     126       1       0       1       0                               0D    644
     126    1102       0       0       0       0       0       001010500D    645
     126       1       0       2       0                               0D    646
     126    1104       0       0       0       0       0       001010500D    647
     126       1       0       2       0                               0D    648
     126    1106       0       0       0       0       0       001010500D    649
     126       1       0       2       0                               0D    650
     508    1108       0       0       0       0       0       000010000D    651
     508       1       0       2       1                               0D    652
     510    1110       0       0       0       0       0       000010000D    653
     510       1    -543       1       1                               0D    654
     110    1111       0       0       0       0       0       001010000D    655
     110       1       0       1       0                               0D    656
     110    1112       0       0       0       0       0       001010001D    657
     110       1       0       1       0                               0D    658
     120    1113       0       0       0       0       0       000010000D    659
     120       1       0       1       0                               0D    660
     126    1114       0       0       0       0       0       001010500D    661
     126       1       0       1       0                               0D    662
     126    1115       0       0       0       0       0       001010500D    663
     126       1       0       2       0                               0D    664
     126    1117       0       0       0       0       0       001010500D    665
     126       1       0       2       0                               0D    666
     126    1119       0       0       0       0       0       001010500D    667
     126       1       0       2       0                               0D    668
     508    1121       0       0       0       0       0       000010000D    669
     508       1       0       2       1                               0D    670
     510    1123       0       0       0       0       0       000010000D    671
     510       1    -543       1       1                               0D    672
     110    1124       0       0       0       0       0       001010000D    673
     110       1       0       1       0                               0D    674
     110    1125       0       0       0       0       0       001010001D    675
     110       1       0       1       0                               0D    676
     120    1126       0       0       0       0       0       000010000D    677
     120       1       0       1       0                               0D    678
     126    1127       0       0       0       0       0       001010500D    679
     126       1       0       1       0                               0D    680
     126    1128       0       0       0       0       0       001010500D    681
     126       1       0       2       0                               0D    682
     126    1130       0       0       0       0       0       001010500D    683
     126       1       0       2       0                               0D    684
     126    1132       0       0       0       0       0       001010500D    685
     126       1       0       2       0                               0D    686
     508    1134       0       0       0       0       0       000010000D    687
     508       1       0       2       1                               0D    688
     510    1136       0       0       0       0       0       000010000D    689
     510       1    -543       1       1                               0D    690
     110    1137       0       0       0       0       0       001010000D    691
     110       1       0       1       0                               0D    692
     110    1138       0       0       0       0       0       001010001D    693
     110       1       0       1       0                               0D    694
     120    1139       0       0       0       0       0       000010000D    695
     120       1       0       1       0                               0D    696
     126    1140       0       0       0       0       0       001010500D    697
     126       1       0       1       0                               0D    698
     126    1141       0       0       0       0       0       001010500D    699
     126       1       0       2       0                               0D    700
     126    1143       0       0       0       0       0       001010500D    701
     126       1       0       2       0                               0D    702
     126    1145       0       0       0       0       0       001010500D    703
     126       1       0       2       0                               0D    704
     508    1147       0       0       0       0       0       000010000D    705
     508       1       0       2       1                               0D    706
     510    1149       0       0       0       0       0       000010000D    707
     510       1    -543       1       1                               0D    708
     128    1150       0       0       0       0       0       000010000D    709
     128       1       0       2       0                               0D    710
     126    1152       0       0       0       0       0       001010500D    711
     126       1       0       1       0                               0D    712
     126    1153       0       0       0       0       0       001010500D    713
     126       1       0       1       0                               0D    714
     126    1154       0       0       0       0       0       001010500D    715
     126       1       0       1       0                               0D    716
     126    1155       0       0       0       0       0       001010500D    717
     126       1       0       1       0                               0D    718
     508    1156       0       0       0       0       0       000010000D    719
     508       1       0       2       1                               0D    720
     510    1158       0       0       0       0       0       000010000D    721
     510       1    -523       1       1                               0D    722
     128    1159       0       0       0       0       0       000010000D    723
     128       1       0       2       0                               0D    724
     126    1161       0       0       0       0       0       001010500D    725
     126       1       0       1       0                               0D    726
     126    1162       0       0       0       0       0       001010500D    727
     126       1       0       1       0                               0D    728
     126    1163       0       0       0       0       0       001010500D    729
     126       1       0       1       0                               0D    730
     126    1164       0       0       0       0       0       001010500D    731
     126       1       0       1       0                               0D    732
     508    1165       0       0       0       0       0       000010000D    733
     508       1       0       2       1                               0D    734
     510    1167       0       0       0       0       0       000010000D    735
     510       1    -523       1       1                               0D    736
     128    1168       0       0       0       0       0       000010000D    737
     128       1       0       2       0                               0D    738
     126    1170       0       0       0       0       0       001010500D    739
     126       1       0       1       0                               0D    740
     126    1171       0       0       0       0       0       001010500D    741
     126       1       0       1       0                               0D    742
     126    1172       0       0       0       0       0       001010500D    743
     126       1       0       1       0                               0D    744
     126    1173       0       0       0       0       0       001010500D    745
     126       1       0       1       0                               0D    746
     508    1174       0       0       0       0       0       000010000D    747
     508       1       0       2       1                               0D    748
     510    1176       0       0       0       0       0       000010000D    749
     510       1    -523       1       1                               0D    750
     128    1177       0       0       0       0       0       000010000D    751
     128       1       0       2       0                               0D    752
     126    1179       0       0       0       0       0       001010500D    753
     126       1       0       1       0                               0D    754
     126    1180       0       0       0       0       0       001010500D    755
     126       1       0       1       0                               0D    756
     126    1181       0       0       0       0       0       001010500D    757
     126       1       0       1       0                               0D    758
     126    1182       0       0       0       0       0       001010500D    759
     126       1       0       1       0                               0D    760
     508    1183       0       0       0       0       0       000010000D    761
     508       1       0       2       1                               0D    762
     510    1185       0       0       0       0       0       000010000D    763
     510       1    -523       1       1                               0D    764
     128    1186       0       0       0       0       0       000010000D    765
     128       1       0       2       0                               0D    766
     126    1188       0       0       0       0       0       001010500D    767
     126       1       0       1       0                               0D    768
     126    1189       0       0       0       0       0       001010500D    769
     126       1       0       1       0                               0D    770
     126    1190       0       0       0       0       0       001010500D    771
     126       1       0       1       0                               0D    772
     126    1191       0       0       0       0       0       001010500D    773
     126       1       0       1       0                               0D    774
     508    1192       0       0       0       0       0       000010000D    775
     508       1       0       2       1                               0D    776
     314    1194       0       0       0       0       0       001000200D    777
     314       1       0       1       0                               0D    778
     510    1195       0       0       0       0       0       000010000D    779
     510       1    -777       1       1                               0D    780
     128    1196       0       0       0       0       0       000010000D    781
     128       1       0       2       0                               0D    782
     126    1198       0       0       0       0       0       001010500D    783
     126       1       0       1       0                               0D    784
     126    1199       0       0       0       0       0       001010500D    785
     126       1       0       1       0                               0D    786
     126    1200       0       0       0       0       0       001010500D    787
     126       1       0       1       0                               0D    788
     126    1201       0       0       0       0       0       001010500D    789
     126       1       0       1       0                               0D    790
     508    1202       0       0       0       0       0       000010000D    791
     508       1       0       2       1                               0D    792
     510    1204       0       0       0       0       0       000010000D    793
     510       1    -777       1       1                               0D    794
     128    1205       0       0       0       0       0       000010000D    795
     128       1       0       2       0                               0D    796
     126    1207       0       0       0       0       0       001010500D    797
     126       1       0       1       0                               0D    798
     126    1208       0       0       0       0       0       001010500D    799
     126       1       0       1       0                               0D    800
     126    1209       0       0       0       0       0       001010500D    801
     126       1       0       1       0                               0D    802
     126    1210       0       0       0       0       0       001010500D    803
     126       1       0       1       0                               0D    804
     508    1211       0       0       0       0       0       000010000D    805
     508       1       0       2       1                               0D    806
     510    1213       0       0       0       0       0       000010000D    807
     510       1    -777       1       1                               0D    808
     128    1214       0       0       0       0       0       000010000D    809
     128       1       0       2       0                               0D    810
     126    1216       0       0       0       0       0       001010500D    811
     126       1       0       1       0                               0D    812
     126    1217       0       0       0       0       0       001010500D    813
     126       1       0       1       0                               0D    814
     126    1218       0       0       0       0       0       001010500D    815
     126       1       0       1       0                               0D    816
     126    1219       0       0       0       0       0       001010500D    817
     126       1       0       1       0                               0D    818
     508    1220       0       0       0       0       0       000010000D    819
     508       1       0       2       1                               0D    820
     510    1222       0       0       0       0       0       000010000D    821
     510       1    -777       1       1                               0D    822
     128    1223       0       0       0       0       0       000010000D    823
     128       1       0       3       0                               0D    824
     126    1226       0       0       0       0       0       001010500D    825
     126       1       0       1       0                               0D    826
     126    1227       0       0       0       0       0       001010500D    827
     126       1       0       1       0                               0D    828
     126    1228       0       0       0       0       0       001010500D    829
     126       1       0       1       0                               0D    830
     126    1229       0       0       0       0       0       001010500D    831
     126       1       0       1       0                               0D    832
     508    1230       0       0       0       0       0       000010000D    833
     508       1       0       2       1                               0D    834
     510    1232       0       0       0       0       0       000010000D    835
     510       1    -777       1       1                               0D    836
     128    1233       0       0       0       0       0       000010000D    837
     128       1       0       3       0                               0D    838
     126    1236       0       0       0       0       0       001010500D    839
     126       1       0       1       0                               0D    840
     126    1237       0       0       0       0       0       001010500D    841
     126       1       0       1       0                               0D    842
     126    1238       0       0       0       0       0       001010500D    843
     126       1       0       1       0                               0D    844
     126    1239       0       0       0       0       0       001010500D    845
     126       1       0       1       0                               0D    846
     508    1240       0       0       0       0       0       000010000D    847
     508       1       0       2       1                               0D    848
     510    1242       0       0       0       0       0       000010000D    849
     510       1    -777       1       1                               0D    850
     128    1243       0       0       0       0       0       000010000D    851
     128       1       0       2       0                               0D    852
     126    1245       0       0       0       0       0       001010500D    853
     126       1       0       1       0                               0D    854
     126    1246       0       0       0       0       0       001010500D    855
     126       1       0       1       0                               0D    856
     126    1247       0       0       0       0       0       001010500D    857
     126       1       0       1       0                               0D    858
     126    1248       0       0       0       0       0       001010500D    859
     126       1       0       1       0                               0D    860
     508    1249       0       0       0       0       0       000010000D    861
     508       1       0       2       1                               0D    862
     510    1251       0       0       0       0       0       000010000D    863
     510       1    -777       1       1                               0D    864
     128    1252       0       0       0       0       0       000010000D    865
     128       1       0       2       0                               0D    866
     126    1254       0       0       0       0       0       001010500D    867
     126       1       0       1       0                               0D    868
     126    1255       0       0       0       0       0       001010500D    869
     126       1       0       1       0                               0D    870
     126    1256       0       0       0       0       0       001010500D    871
     126       1       0       1       0                               0D    872
     126    1257       0       0       0       0       0       001010500D    873
     126       1       0       1       0                               0D    874
     508    1258       0       0       0       0       0       000010000D    875
     508       1       0       2       1                               0D    876
     510    1260       0       0       0       0       0       000010000D    877
     510       1    -777       1       1                               0D    878
     110    1261       0       0       0       0       0       001010000D    879
     110       1       0       1       0                               0D    880
     110    1262       0       0       0       0       0       001010001D    881
     110       1       0       1       0                               0D    882
     120    1263       0       0       0       0       0       000010000D    883
     120       1       0       1       0                               0D    884
     126    1264       0       0       0       0       0       001010500D    885
     126       1       0       2       0                               0D    886
     126    1266       0       0       0       0       0       001010500D    887
     126       1       0       2       0                               0D    888
     126    1268       0       0       0       0       0       001010500D    889
     126       1       0       1       0                               0D    890
     126    1269       0       0       0       0       0       001010500D    891
     126       1       0       2       0                               0D    892
     508    1271       0       0       0       0       0       000010000D    893
     508       1       0       2       1                               0D    894
     510    1273       0       0       0       0       0       000010000D    895
     510       1    -523       1       1                               0D    896
     110    1274       0       0       0       0       0       001010000D    897
     110       1       0       1       0                               0D    898
     110    1275       0       0       0       0       0       001010001D    899
     110       1       0       1       0                               0D    900
     120    1276       0       0       0       0       0       000010000D    901
     120       1       0       1       0                               0D    902
     126    1277       0       0       0       0       0       001010500D    903
     126       1       0       2       0                               0D    904
     126    1279       0       0       0       0       0       001010500D    905
     126       1       0       2       0                               0D    906
     126    1281       0       0       0       0       0       001010500D    907
     126       1       0       1       0                               0D    908
     126    1282       0       0       0       0       0       001010500D    909
     126       1       0       2       0                               0D    910
     508    1284       0       0       0       0       0       000010000D    911
     508       1       0       2       1                               0D    912
     510    1286       0       0       0       0       0       000010000D    913
     510       1    -523       1       1                               0D    914
     128    1287       0       0       0       0       0       000010000D    915
     128       1       0       3       0                               0D    916
     126    1290       0       0       0       0       0       001010500D    917
     126       1       0       1       0                               0D    918
     126    1291       0       0       0       0       0       001010500D    919
     126       1       0       1       0                               0D    920
     126    1292       0       0       0       0       0       001010500D    921
     126       1       0       1       0                               0D    922
     126    1293       0       0       0       0       0       001010500D    923
     126       1       0       1       0                               0D    924
     508    1294       0       0       0       0       0       000010000D    925
     508       1       0       2       1                               0D    926
     314    1296       0       0       0       0       0       001000200D    927
     314       1       0       1       0                               0D    928
     510    1297       0       0       0       0       0       000010000D    929
     510       1    -927       1       1                               0D    930
     128    1298       0       0       0       0       0       000010000D    931
     128       1       0       3       0                               0D    932
     126    1301       0       0       0       0       0       001010500D    933
     126       1       0       1       0                               0D    934
     126    1302       0       0       0       0       0       001010500D    935
     126       1       0       1       0                               0D    936
     126    1303       0       0       0       0       0       001010500D    937
     126       1       0       1       0                               0D    938
     126    1304       0       0       0       0       0       001010500D    939
     126       1       0       1       0                               0D    940
     508    1305       0       0       0       0       0       000010000D    941
     508       1       0       2       1                               0D    942
     510    1307       0       0       0       0       0       000010000D    943
     510       1    -927       1       1                               0D    944
     128    1308       0       0       0       0       0       000010000D    945
     128       1       0       2       0                               0D    946
     126    1310       0       0       0       0       0       001010500D    947
     126       1       0       1       0                               0D    948
     126    1311       0       0       0       0       0       001010500D    949
     126       1       0       1       0                               0D    950
     126    1312       0       0       0       0       0       001010500D    951
     126       1       0       1       0                               0D    952
     126    1313       0       0       0       0       0       001010500D    953
     126       1       0       1       0                               0D    954
     508    1314       0       0       0       0       0       000010000D    955
     508       1       0       2       1                               0D    956
     510    1316       0       0       0       0       0       000010000D    957
     510       1    -927       1       1                               0D    958
     128    1317       0       0       0       0       0       000010000D    959
     128       1       0       3       0                               0D    960
     126    1320       0       0       0       0       0       001010500D    961
     126       1       0       1       0                               0D    962
     126    1321       0       0       0       0       0       001010500D    963
     126       1       0       1       0                               0D    964
     126    1322       0       0       0       0       0       001010500D    965
     126       1       0       1       0                               0D    966
     126    1323       0       0       0       0       0       001010500D    967
     126       1       0       1       0                               0D    968
     508    1324       0       0       0       0       0       000010000D    969
     508       1       0       2       1                               0D    970
     510    1326       0       0       0       0       0       000010000D    971
     510       1    -927       1       1                               0D    972
     128    1327       0       0       0       0       0       000010000D    973
     128       1       0       2       0                               0D    974
     126    1329       0       0       0       0       0       001010500D    975
     126       1       0       1       0                               0D    976
     126    1330       0       0       0       0       0       001010500D    977
     126       1       0       1       0                               0D    978
     126    1331       0       0       0       0       0       001010500D    979
     126       1       0       1       0                               0D    980
     126    1332       0       0       0       0       0       001010500D    981
     126       1       0       1       0                               0D    982
     508    1333       0       0       0       0       0       000010000D    983
     508       1       0       2       1                               0D    984
     510    1335       0       0       0       0       0       000010000D    985
     510       1    -777       1       1                               0D    986
     128    1336       0       0       0       0       0       000010000D    987
     128       1       0       2       0                               0D    988
     126    1338       0       0       0       0       0       001010500D    989
     126       1       0       1       0                               0D    990
     126    1339       0       0       0       0       0       001010500D    991
     126       1       0       1       0                               0D    992
     126    1340       0       0       0       0       0       001010500D    993
     126       1       0       1       0                               0D    994
     126    1341       0       0       0       0       0       001010500D    995
     126       1       0       1       0                               0D    996
     508    1342       0       0       0       0       0       000010000D    997
     508       1       0       2       1                               0D    998
     510    1344       0       0       0       0       0       000010000D    999
     510       1    -777       1       1                               0D   1000
     128    1345       0       0       0       0       0       000010000D   1001
     128       1       0       2       0                               0D   1002
     126    1347       0       0       0       0       0       001010500D   1003
     126       1       0       1       0                               0D   1004
     126    1348       0       0       0       0       0       001010500D   1005
     126       1       0       1       0                               0D   1006
     126    1349       0       0       0       0       0       001010500D   1007
     126       1       0       1       0                               0D   1008
     126    1350       0       0       0       0       0       001010500D   1009
     126       1       0       1       0                               0D   1010
     508    1351       0       0       0       0       0       000010000D   1011
     508       1       0       2       1                               0D   1012
     510    1353       0       0       0       0       0       000010000D   1013
     510       1    -777       1       1                               0D   1014
     128    1354       0       0       0       0       0       000010000D   1015
     128       1       0       2       0                               0D   1016
     126    1356       0       0       0       0       0       001010500D   1017
     126       1       0       1       0                               0D   1018
     126    1357       0       0       0       0       0       001010500D   1019
     126       1       0       1       0                               0D   1020
     126    1358       0       0       0       0       0       001010500D   1021
     126       1       0       1       0                               0D   1022
     126    1359       0       0       0       0       0       001010500D   1023
     126       1       0       1       0                               0D   1024
     508    1360       0       0       0       0       0       000010000D   1025
     508       1       0       2       1                               0D   1026
     510    1362       0       0       0       0       0       000010000D   1027
     510       1    -777       1       1                               0D   1028
     128    1363       0       0       0       0       0       000010000D   1029
     128       1       0       3       0                               0D   1030
     126    1366       0       0       0       0       0       001010500D   1031
     126       1       0       1       0                               0D   1032
     126    1367       0       0       0       0       0       001010500D   1033
     126       1       0       1       0                               0D   1034
     126    1368       0       0       0       0       0       001010500D   1035
     126       1       0       1       0                               0D   1036
     126    1369       0       0       0       0       0       001010500D   1037
     126       1       0       1       0                               0D   1038
     508    1370       0       0       0       0       0       000010000D   1039
     508       1       0       2       1                               0D   1040
     314    1372       0       0       0       0       0       001000200D   1041
     314       1       0       1       0                               0D   1042
     510    1373       0       0       0       0       0       000010000D   1043
     510       1   -1041       1       1                               0D   1044
     128    1374       0       0       0       0       0       000010000D   1045
     128       1       0       3       0                               0D   1046
     126    1377       0       0       0       0       0       001010500D   1047
     126       1       0       1       0                               0D   1048
     126    1378       0       0       0       0       0       001010500D   1049
     126       1       0       1       0                               0D   1050
     126    1379       0       0       0       0       0       001010500D   1051
     126       1       0       1       0                               0D   1052
     126    1380       0       0       0       0       0       001010500D   1053
     126       1       0       1       0                               0D   1054
     508    1381       0       0       0       0       0       000010000D   1055
     508       1       0       2       1                               0D   1056
     510    1383       0       0       0       0       0       000010000D   1057
     510       1   -1041       1       1                               0D   1058
     128    1384       0       0       0       0       0       000010000D   1059
     128       1       0       3       0                               0D   1060
     126    1387       0       0       0       0       0       001010500D   1061
     126       1       0       1       0                               0D   1062
     126    1388       0       0       0       0       0       001010500D   1063
     126       1       0       1       0                               0D   1064
     126    1389       0       0       0       0       0       001010500D   1065
     126       1       0       1       0                               0D   1066
     126    1390       0       0       0       0       0       001010500D   1067
     126       1       0       1       0                               0D   1068
     508    1391       0       0       0       0       0       000010000D   1069
     508       1       0       2       1                               0D   1070
     510    1393       0       0       0       0       0       000010000D   1071
     510       1   -1041       1       1                               0D   1072
     128    1394       0       0       0       0       0       000010000D   1073
     128       1       0       2       0                               0D   1074
     126    1396       0       0       0       0       0       001010500D   1075
     126       1       0       1       0                               0D   1076
     126    1397       0       0       0       0       0       001010500D   1077
     126       1       0       1       0                               0D   1078
     126    1398       0       0       0       0       0       001010500D   1079
     126       1       0       1       0                               0D   1080
     126    1399       0       0       0       0       0       001010500D   1081
     126       1       0       1       0                               0D   1082
     508    1400       0       0       0       0       0       000010000D   1083
     508       1       0       2       1                               0D   1084
     510    1402       0       0       0       0       0       000010000D   1085
     510       1   -1041       1       1                               0D   1086
     128    1403       0       0       0       0       0       000010000D   1087
     128       1       0       2       0                               0D   1088
     126    1405       0       0       0       0       0       001010500D   1089
     126       1       0      28       0                               0D   1090
     126    1433       0       0       0       0       0       001010500D   1091
     126       1       0      27       0                               0D   1092
     508    1460       0       0       0       0       0       000010000D   1093
     508       1       0       1       1                               0D   1094
     510    1461       0       0       0       0       0       000010000D   1095
     510       1    -543       1       1                               0D   1096
     128    1462       0       0       0       0       0       000010000D   1097
     128       1       0       2       0                               0D   1098
     126    1464       0       0       0       0       0       001010500D   1099
     126       1       0      28       0                               0D   1100
     126    1492       0       0       0       0       0       001010500D   1101
     126       1       0      28       0                               0D   1102
     508    1520       0       0       0       0       0       000010000D   1103
     508       1       0       1       1                               0D   1104
     510    1521       0       0       0       0       0       000010000D   1105
     510       1    -543       1       1                               0D   1106
     128    1522       0       0       0       0       0       000010000D   1107
     128       1       0       2       0                               0D   1108
     126    1524       0       0       0       0       0       001010500D   1109
     126       1       0      27       0                               0D   1110
     126    1551       0       0       0       0       0       001010500D   1111
     126       1       0      28       0                               0D   1112
     508    1579       0       0       0       0       0       000010000D   1113
     508       1       0       1       1                               0D   1114
     510    1580       0       0       0       0       0       000010000D   1115
     510       1    -543       1       1                               0D   1116
     128    1581       0       0       0       0       0       000010000D   1117
     128       1       0       2       0                               0D   1118
     126    1583       0       0       0       0       0       001010500D   1119
     126       1       0      27       0                               0D   1120
     126    1610       0       0       0       0       0       001010500D   1121
     126       1       0      28       0                               0D   1122
     508    1638       0       0       0       0       0       000010000D   1123
     508       1       0       1       1                               0D   1124
     510    1639       0       0       0       0       0       000010000D   1125
     510       1    -543       1       1                               0D   1126
     128    1640       0       0       0       0       0       000010000D   1127
     128       1       0       3       0                               0D   1128
     126    1643       0       0       0       0       0       001010500D   1129
     126       1       0      27       0                               0D   1130
     126    1670       0       0       0       0       0       001010500D   1131
     126       1       0      27       0                               0D   1132
     508    1697       0       0       0       0       0       000010000D   1133
     508       1       0       1       1                               0D   1134
     510    1698       0       0       0       0       0       000010000D   1135
     510       1    -543       1       1                               0D   1136
     128    1699       0       0       0       0       0       000010000D   1137
     128       1       0       2       0                               0D   1138
     126    1701       0       0       0       0       0       001010500D   1139
     126       1       0      28       0                               0D   1140
     126    1729       0       0       0       0       0       001010500D   1141
     126       1       0      28       0                               0D   1142
     508    1757       0       0       0       0       0       000010000D   1143
     508       1       0       1       1                               0D   1144
     510    1758       0       0       0       0       0       000010000D   1145
     510       1    -543       1       1                               0D   1146
     128    1759       0       0       0       0       0       000010000D   1147
     128       1       0       2       0                               0D   1148
     126    1761       0       0       0       0       0       001010500D   1149
     126       1       0      28       0                               0D   1150
     126    1789       0       0       0       0       0       001010500D   1151
     126       1       0      28       0                               0D   1152
     508    1817       0       0       0       0       0       000010000D   1153
     508       1       0       1       1                               0D   1154
     510    1818       0       0       0       0       0       000010000D   1155
     510       1    -543       1       1                               0D   1156
     128    1819       0       0       0       0       0       000010000D   1157
     128       1       0       2       0                               0D   1158
     126    1821       0       0       0       0       0       001010500D   1159
     126       1       0      27       0                               0D   1160
     126    1848       0       0       0       0       0       001010500D   1161
     126       1       0      28       0                               0D   1162
     508    1876       0       0       0       0       0       000010000D   1163
     508       1       0       1       1                               0D   1164
     510    1877       0       0       0       0       0       000010000D   1165
     510       1    -543       1       1                               0D   1166
     128    1878       0       0       0       0       0       000010000D   1167
     128       1       0       2       0                               0D   1168
     126    1880       0       0       0       0       0       001010500D   1169
     126       1       0      28       0                               0D   1170
     126    1908       0       0       0       0       0       001010500D   1171
     126       1       0      27       0                               0D   1172
     508    1935       0       0       0       0       0       000010000D   1173
     508       1       0       1       1                               0D   1174
     510    1936       0       0       0       0       0       000010000D   1175
     510       1    -543       1       1                               0D   1176
     128    1937       0       0       0       0       0       000010000D   1177
     128       1       0       3       0                               0D   1178
     126    1940       0       0       0       0       0       001010500D   1179
     126       1       0      27       0                               0D   1180
     126    1967       0       0       0       0       0       001010500D   1181
     126       1       0      27       0                               0D   1182
     508    1994       0       0       0       0       0       000010000D   1183
     508       1       0       1       1                               0D   1184
     510    1995       0       0       0       0       0       000010000D   1185
     510       1    -543       1       1                               0D   1186
     128    1996       0       0       0       0       0       000010000D   1187
     128       1       0       2       0                               0D   1188
     126    1998       0       0       0       0       0       001010500D   1189
     126       1       0       1       0                               0D   1190
     126    1999       0       0       0       0       0       001010500D   1191
     126       1       0       1       0                               0D   1192
     126    2000       0       0       0       0       0       001010500D   1193
     126       1       0       1       0                               0D   1194
     126    2001       0       0       0       0       0       001010500D   1195
     126       1       0       1       0                               0D   1196
     508    2002       0       0       0       0       0       000010000D   1197
     508       1       0       2       1                               0D   1198
     126    2004       0       0       0       0       0       001010500D   1199
     126       1       0      29       0                               0D   1200
     126    2033       0       0       0       0       0       001010500D   1201
     126       1       0      29       0                               0D   1202
     508    2062       0       0       0       0       0       000010000D   1203
     508       1       0       1       1                               0D   1204
     126    2063       0       0       0       0       0       001010500D   1205
     126       1       0      29       0                               0D   1206
     126    2092       0       0       0       0       0       001010500D   1207
     126       1       0      29       0                               0D   1208
     508    2121       0       0       0       0       0       000010000D   1209
     508       1       0       1       1                               0D   1210
     510    2122       0       0       0       0       0       000010000D   1211
     510       1    -523       1       1                               0D   1212
     128    2123       0       0       0       0       0       000010000D   1213
     128       1       0       2       0                               0D   1214
     126    2125       0       0       0       0       0       001010500D   1215
     126       1       0       1       0                               0D   1216
     126    2126       0       0       0       0       0       001010500D   1217
     126       1       0       1       0                               0D   1218
     126    2127       0       0       0       0       0       001010500D   1219
     126       1       0       1       0                               0D   1220
     126    2128       0       0       0       0       0       001010500D   1221
     126       1       0       1       0                               0D   1222
     508    2129       0       0       0       0       0       000010000D   1223
     508       1       0       2       1                               0D   1224
     510    2131       0       0       0       0       0       000010000D   1225
     510       1    -777       1       1                               0D   1226
     128    2132       0       0       0       0       0       000010000D   1227
     128       1       0       2       0                               0D   1228
     126    2134       0       0       0       0       0       001010500D   1229
     126       1       0       1       0                               0D   1230
     126    2135       0       0       0       0       0       001010500D   1231
     126       1       0       1       0                               0D   1232
     126    2136       0       0       0       0       0       001010500D   1233
     126       1       0       1       0                               0D   1234
     126    2137       0       0       0       0       0       001010500D   1235
     126       1       0       1       0                               0D   1236
     508    2138       0       0       0       0       0       000010000D   1237
     508       1       0       2       1                               0D   1238
     510    2140       0       0       0       0       0       000010000D   1239
     510       1    -777       1       1                               0D   1240
     128    2141       0       0       0       0       0       000010000D   1241
     128       1       0       3       0                               0D   1242
     126    2144       0       0       0       0       0       001010500D   1243
     126       1       0       1       0                               0D   1244
     126    2145       0       0       0       0       0       001010500D   1245
     126       1       0       1       0                               0D   1246
     126    2146       0       0       0       0       0       001010500D   1247
     126       1       0       1       0                               0D   1248
     126    2147       0       0       0       0       0       001010500D   1249
     126       1       0       1       0                               0D   1250
     508    2148       0       0       0       0       0       000010000D   1251
     508       1       0       2       1                               0D   1252
     510    2150       0       0       0       0       0       000010000D   1253
     510       1    -927       1       1                               0D   1254
     128    2151       0       0       0       0       0       000010000D   1255
     128       1       0       2       0                               0D   1256
     126    2153       0       0       0       0       0       001010500D   1257
     126       1       0       1       0                               0D   1258
     126    2154       0       0       0       0       0       001010500D   1259
     126       1       0       1       0                               0D   1260
     126    2155       0       0       0       0       0       001010500D   1261
     126       1       0       1       0                               0D   1262
     126    2156       0       0       0       0       0       001010500D   1263
     126       1       0       1       0                               0D   1264
     508    2157       0       0       0       0       0       000010000D   1265
     508       1       0       2       1                               0D   1266
     510    2159       0       0       0       0       0       000010000D   1267
     510       1    -777       1       1                               0D   1268
     128    2160       0       0       0       0       0       000010000D   1269
     128       1       0       3       0                               0D   1270
     126    2163       0       0       0       0       0       001010500D   1271
     126       1       0       1       0                               0D   1272
     126    2164       0       0       0       0       0       001010500D   1273
     126       1       0       1       0                               0D   1274
     126    2165       0       0       0       0       0       001010500D   1275
     126       1       0       1       0                               0D   1276
     126    2166       0       0       0       0       0       001010500D   1277
     126       1       0       1       0                               0D   1278
     508    2167       0       0       0       0       0       000010000D   1279
     508       1       0       2       1                               0D   1280
     510    2169       0       0       0       0       0       000010000D   1281
     510       1   -1041       1       1                               0D   1282
     110    2170       0       0       0       0       0       001010000D   1283
     110       1       0       1       0                               0D   1284
     110    2171       0       0       0       0       0       001010001D   1285
     110       1       0       1       0                               0D   1286
     120    2172       0       0       0       0       0       000010000D   1287
     120       1       0       1       0                               0D   1288
     126    2173       0       0       0       0       0       001010500D   1289
     126       1       0       2       0                               0D   1290
     126    2175       0       0       0       0       0       001010500D   1291
     126       1       0       1       0                               0D   1292
     126    2176       0       0       0       0       0       001010500D   1293
     126       1       0       2       0                               0D   1294
     126    2178       0       0       0       0       0       001010500D   1295
     126       1       0       2       0                               0D   1296
     508    2180       0       0       0       0       0       000010000D   1297
     508       1       0       2       1                               0D   1298
     510    2182       0       0       0       0       0       000010000D   1299
     510       1    -543       1       1                               0D   1300
     110    2183       0       0       0       0       0       001010000D   1301
     110       1       0       1       0                               0D   1302
     110    2184       0       0       0       0       0       001010001D   1303
     110       1       0       1       0                               0D   1304
     120    2185       0       0       0       0       0       000010000D   1305
     120       1       0       1       0                               0D   1306
     126    2186       0       0       0       0       0       001010500D   1307
     126       1       0       2       0                               0D   1308
     126    2188       0       0       0       0       0       001010500D   1309
     126       1       0       1       0                               0D   1310
     126    2189       0       0       0       0       0       001010500D   1311
     126       1       0       2       0                               0D   1312
     126    2191       0       0       0       0       0       001010500D   1313
     126       1       0       2       0                               0D   1314
     508    2193       0       0       0       0       0       000010000D   1315
     508       1       0       2       1                               0D   1316
     510    2195       0       0       0       0       0       000010000D   1317
     510       1    -543       1       1                               0D   1318
     110    2196       0       0       0       0       0       001010000D   1319
     110       1       0       1       0                               0D   1320
     110    2197       0       0       0       0       0       001010001D   1321
     110       1       0       1       0                               0D   1322
     120    2198       0       0       0       0       0       000010000D   1323
     120       1       0       1       0                               0D   1324
     126    2199       0       0       0       0       0       001010500D   1325
     126       1       0       2       0                               0D   1326
     126    2201       0       0       0       0       0       001010500D   1327
     126       1       0       1       0                               0D   1328
     126    2202       0       0       0       0       0       001010500D   1329
     126       1       0       2       0                               0D   1330
     126    2204       0       0       0       0       0       001010500D   1331
     126       1       0       2       0                               0D   1332
     508    2206       0       0       0       0       0       000010000D   1333
     508       1       0       2       1                               0D   1334
     510    2208       0       0       0       0       0       000010000D   1335
     510       1    -543       1       1                               0D   1336
     110    2209       0       0       0       0       0       001010000D   1337
     110       1       0       1       0                               0D   1338
     110    2210       0       0       0       0       0       001010001D   1339
     110       1       0       1       0                               0D   1340
     120    2211       0       0       0       0       0       000010000D   1341
     120       1       0       1       0                               0D   1342
     126    2212       0       0       0       0       0       001010500D   1343
     126       1       0       2       0                               0D   1344
     126    2214       0       0       0       0       0       001010500D   1345
     126       1       0       1       0                               0D   1346
     126    2215       0       0       0       0       0       001010500D   1347
     126       1       0       2       0                               0D   1348
     126    2217       0       0       0       0       0       001010500D   1349
     126       1       0       2       0                               0D   1350
     508    2219       0       0       0       0       0       000010000D   1351
     508       1       0       2       1                               0D   1352
     510    2221       0       0       0       0       0       000010000D   1353
     510       1    -543       1       1                               0D   1354
     110    2222       0       0       0       0       0       001010000D   1355
     110       1       0       1       0                               0D   1356
     110    2223       0       0       0       0       0       001010001D   1357
     110       1       0       1       0                               0D   1358
     120    2224       0       0       0       0       0       000010000D   1359
     120       1       0       1       0                               0D   1360
     126    2225       0       0       0       0       0       001010500D   1361
     126       1       0       2       0                               0D   1362
     126    2227       0       0       0       0       0       001010500D   1363
     126       1       0       1       0                               0D   1364
     126    2228       0       0       0       0       0       001010500D   1365
     126       1       0       2       0                               0D   1366
     126    2230       0       0       0       0       0       001010500D   1367
     126       1       0       2       0                               0D   1368
     508    2232       0       0       0       0       0       000010000D   1369
     508       1       0       2       1                               0D   1370
     510    2234       0       0       0       0       0       000010000D   1371
     510       1    -543       1       1                               0D   1372
     110    2235       0       0       0       0       0       001010000D   1373
     110       1       0       1       0                               0D   1374
     110    2236       0       0       0       0       0       001010001D   1375
     110       1       0       1       0                               0D   1376
     120    2237       0       0       0       0       0       000010000D   1377
     120       1       0       1       0                               0D   1378
     126    2238       0       0       0       0       0       001010500D   1379
     126       1       0       2       0                               0D   1380
     126    2240       0       0       0       0       0       001010500D   1381
     126       1       0       1       0                               0D   1382
     126    2241       0       0       0       0       0       001010500D   1383
     126       1       0       2       0                               0D   1384
     126    2243       0       0       0       0       0       001010500D   1385
     126       1       0       2       0                               0D   1386
     508    2245       0       0       0       0       0       000010000D   1387
     508       1       0       2       1                               0D   1388
     510    2247       0       0       0       0       0       000010000D   1389
     510       1    -543       1       1                               0D   1390
     110    2248       0       0       0       0       0       001010000D   1391
     110       1       0       1       0                               0D   1392
     110    2249       0       0       0       0       0       001010001D   1393
     110       1       0       1       0                               0D   1394
     120    2250       0       0       0       0       0       000010000D   1395
     120       1       0       1       0                               0D   1396
     126    2251       0       0       0       0       0       001010500D   1397
     126       1       0       2       0                               0D   1398
     126    2253       0       0       0       0       0       001010500D   1399
     126       1       0       1       0                               0D   1400
     126    2254       0       0       0       0       0       001010500D   1401
     126       1       0       2       0                               0D   1402
     126    2256       0       0       0       0       0       001010500D   1403
     126       1       0       2       0                               0D   1404
     508    2258       0       0       0       0       0       000010000D   1405
     508       1       0       2       1                               0D   1406
     510    2260       0       0       0       0       0       000010000D   1407
     510       1    -543       1       1                               0D   1408
     110    2261       0       0       0       0       0       001010000D   1409
     110       1       0       1       0                               0D   1410
     110    2262       0       0       0       0       0       001010001D   1411
     110       1       0       1       0                               0D   1412
     120    2263       0       0       0       0       0       000010000D   1413
     120       1       0       1       0                               0D   1414
     126    2264       0       0       0       0       0       001010500D   1415
     126       1       0       2       0                               0D   1416
     126    2266       0       0       0       0       0       001010500D   1417
     126       1       0       1       0                               0D   1418
     126    2267       0       0       0       0       0       001010500D   1419
     126       1       0       2       0                               0D   1420
     126    2269       0       0       0       0       0       001010500D   1421
     126       1       0       2       0                               0D   1422
     508    2271       0       0       0       0       0       000010000D   1423
     508       1       0       2       1                               0D   1424
     510    2273       0       0       0       0       0       000010000D   1425
     510       1    -543       1       1                               0D   1426
     110    2274       0       0       0       0       0       001010000D   1427
     110       1       0       1       0                               0D   1428
     110    2275       0       0       0       0       0       001010001D   1429
     110       1       0       1       0                               0D   1430
     120    2276       0       0       0       0       0       000010000D   1431
     120       1       0       1       0                               0D   1432
     126    2277       0       0       0       0       0       001010500D   1433
     126       1       0       2       0                               0D   1434
     126    2279       0       0       0       0       0       001010500D   1435
     126       1       0       1       0                               0D   1436
     126    2280       0       0       0       0       0       001010500D   1437
     126       1       0       2       0                               0D   1438
     126    2282       0       0       0       0       0       001010500D   1439
     126       1       0       2       0                               0D   1440
     508    2284       0       0       0       0       0       000010000D   1441
     508       1       0       2       1                               0D   1442
     510    2286       0       0       0       0       0       000010000D   1443
     510       1    -543       1       1                               0D   1444
     110    2287       0       0       0       0       0       001010000D   1445
     110       1       0       1       0                               0D   1446
     110    2288       0       0       0       0       0       001010001D   1447
     110       1       0       1       0                               0D   1448
     120    2289       0       0       0       0       0       000010000D   1449
     120       1       0       1       0                               0D   1450
     126    2290       0       0       0       0       0       001010500D   1451
     126       1       0       2       0                               0D   1452
     126    2292       0       0       0       0       0       001010500D   1453
     126       1       0       1       0                               0D   1454
     126    2293       0       0       0       0       0       001010500D   1455
     126       1       0       2       0                               0D   1456
     126    2295       0       0       0       0       0       001010500D   1457
     126       1       0       2       0                               0D   1458
     508    2297       0       0       0       0       0       000010000D   1459
     508       1       0       2       1                               0D   1460
     510    2299       0       0       0       0       0       000010000D   1461
     510       1    -543       1       1                               0D   1462
     110    2300       0       0       0       0       0       001010000D   1463
     110       1       0       1       0                               0D   1464
     110    2301       0       0       0       0       0       001010001D   1465
     110       1       0       1       0                               0D   1466
     120    2302       0       0       0       0       0       000010000D   1467
     120       1       0       1       0                               0D   1468
     126    2303       0       0       0       0       0       001010500D   1469
     126       1       0       2       0                               0D   1470
     126    2305       0       0       0       0       0       001010500D   1471
     126       1       0       2       0                               0D   1472
     126    2307       0       0       0       0       0       001010500D   1473
     126       1       0       2       0                               0D   1474
     126    2309       0       0       0       0       0       001010500D   1475
     126       1       0       1       0                               0D   1476
     508    2310       0       0       0       0       0       000010000D   1477
     508       1       0       2       1                               0D   1478
     510    2312       0       0       0       0       0       000010000D   1479
     510       1    -523       1       1                               0D   1480
     110    2313       0       0       0       0       0       001010000D   1481
     110       1       0       1       0                               0D   1482
     110    2314       0       0       0       0       0       001010001D   1483
     110       1       0       1       0                               0D   1484
     120    2315       0       0       0       0       0       000010000D   1485
     120       1       0       1       0                               0D   1486
     126    2316       0       0       0       0       0       001010500D   1487
     126       1       0       2       0                               0D   1488
     126    2318       0       0       0       0       0       001010500D   1489
     126       1       0       2       0                               0D   1490
     126    2320       0       0       0       0       0       001010500D   1491
     126       1       0       2       0                               0D   1492
     126    2322       0       0       0       0       0       001010500D   1493
     126       1       0       1       0                               0D   1494
     508    2323       0       0       0       0       0       000010000D   1495
     508       1       0       2       1                               0D   1496
     510    2325       0       0       0       0       0       000010000D   1497
     510       1    -523       1       1                               0D   1498
     514    2326       0       0       0       0       0       000010000D   1499
     514       1       0       7       1                               0D   1500
     186    2333       0       0       0       0       0       000000000D   1501
     186       1       0       1       0                               0D   1502
502,96,-13,8.5,1.6,-13,-8.5,1.6,13,-8.5,1.6,13,8.5,1.6,                1P      1
-0.270000000000001,-7,1.6,-2.27,-7,1.6,-2.81,-7,1.6,-4.81,-7,          1P      2
1.6,-5.35,-7,1.6,-7.35,-7,1.6,-7.89,-7,1.6,-9.89,-7,1.6,-10.43,        1P      3
-7,1.6,-12.43,-7,1.6,2.27,-7,1.6,0.269999999999999,-7,1.6,12.43,       1P      4
-7,1.6,10.43,-7,1.6,4.81,-7,1.6,2.81,-7,1.6,7.35,-7,1.6,5.35,-7,       1P      5
1.6,9.89,-7,1.6,7.89,-7,1.6,-5.1,2.7,1.6,-5.1,-0.3,1.6,-2.1,2.7,       1P      6
1.6,-2.1,-0.3,1.6,5,0.499999999999999,1.6,2,0.5,1.6,5,-4.5,1.6,        1P      7
2,-4.5,1.6,9,6,1.6,12,6,1.6,-12,6,1.6,-9,6,1.6,11,                     1P      8
-0.200000000000002,1.6,7.2,-0.200000000000001,1.6,11,-4,1.6,7.2,       1P      9
-4,1.6,5.5,2.33,1.6,5.5,6.33,1.6,1.5,2.33,1.6,1.5,6.33,1.6,-9,         1P     10
-0.999999999999998,1.6,-9,-4.5,1.6,-7.2,-0.999999999999998,1.6,        1P     11
-7.2,-4.5,1.6,9.89,-7,1.61,7.89,-7,1.61,7.35,-7,1.61,5.35,-7,          1P     12
1.61,4.81,-7,1.61,2.81,-7,1.61,12.43,-7,1.61,10.43,-7,1.61,2.27,       1P     13
-7,1.61,0.269999999999999,-7,1.61,-10.43,-7,1.61,-12.43,-7,1.61,       1P     14
-7.89,-7,1.61,-9.89,-7,1.61,-5.35,-7,1.61,-7.35,-7,1.61,-2.81,         1P     15
-7,1.61,-4.81,-7,1.61,-0.270000000000001,-7,1.61,-2.27,-7,1.61,        1P     16
-13,8.5,0,-13,-8.5,0,13,-8.5,0,13,8.5,0,-5.1,-0.3,2.6,-5.1,2.7,        1P     17
2.6,-2.1,2.7,2.6,-2.1,-0.3,2.6,2,0.5,2.6,5,0.499999999999999,          1P     18
2.6,5,-4.5,2.6,2,-4.5,2.6,12,6,0,9,6,0,-9,6,0,-12,6,0,7.2,             1P     19
-0.200000000000001,2.6,11,-0.200000000000002,2.6,11,-4,2.6,7.2,        1P     20
-4,2.6,5.5,6.33,2.6,5.5,2.33,2.6,1.5,2.33,2.6,1.5,6.33,2.6,-9,         1P     21
-4.5,3.6,-9,-0.999999999999998,3.6,-7.2,-0.999999999999998,3.6,        1P     22
-7.2,-4.5,3.6;                                                         1P     23
110,-13,8.5,1.6,-13,-8.5,1.6;                                          3P     24
110,-13,-8.5,1.6,13,-8.5,1.6;                                          5P     25
110,13,-8.5,1.6,13,8.5,1.6;                                            7P     26
110,13,8.5,1.6,-13,8.5,1.6;                                            9P     27
124,1,0,0,-1.27,0,1,0,-7,0,0,1,1.6;                                   11P     28
100,0,0,0,1,0,-1,1.22464679914735e-16;                                13P     29
124,-1,0,0,-1.27,0,-1,0,-7,0,0,1,1.6;                                 15P     30
100,0,0,0,1,0,-1,1.22464679914735e-16;                                17P     31
124,1,0,0,-3.81,0,1,0,-7,0,0,1,1.6;                                   19P     32
100,0,0,0,1,0,-1,1.22464679914735e-16;                                21P     33
124,-1,0,0,-3.81,0,-1,0,-7,0,0,1,1.6;                                 23P     34
100,0,0,0,1,0,-1,1.22464679914735e-16;                                25P     35
124,1,0,0,-6.35,0,1,0,-7,0,0,1,1.6;                                   27P     36
100,0,0,0,1,0,-1,1.22464679914735e-16;                                29P     37
124,-1,0,0,-6.35,0,-1,0,-7,0,0,1,1.6;                                 31P     38
100,0,0,0,1,0,-1,1.22464679914735e-16;                                33P     39
124,1,0,0,-8.89,0,1,0,-7,0,0,1,1.6;                                   35P     40
100,0,0,0,1,0,-1,1.22464679914735e-16;                                37P     41
124,-1,0,0,-8.89,0,-1,0,-7,0,0,1,1.6;                                 39P     42
100,0,0,0,1,0,-1,1.22464679914735e-16;                                41P     43
124,1,0,0,-11.43,0,1,0,-7,0,0,1,1.6;                                  43P     44
100,0,0,0,1,0,-1,1.22464679914735e-16;                                45P     45
124,-1,0,0,-11.43,0,-1,0,-7,0,0,1,1.6;                                47P     46
100,0,0,0,1,0,-1,1.22464679914735e-16;                                49P     47
124,1,0,0,1.27,0,1,0,-7,0,0,1,1.6;                                    51P     48
100,0,0,0,1,0,-1,1.22464679914735e-16;                                53P     49
124,-1,0,0,1.27,0,-1,0,-7,0,0,1,1.6;                                  55P     50
100,0,0,0,1,0,-1,1.22464679914735e-16;                                57P     51
124,1,0,0,11.43,0,1,0,-7,0,0,1,1.6;                                   59P     52
100,0,0,0,1,0,-1,1.22464679914735e-16;                                61P     53
124,-1,0,0,11.43,0,-1,0,-7,0,0,1,1.6;                                 63P     54
100,0,0,0,1,0,-1,1.22464679914735e-16;                                65P     55
124,1,0,0,3.81,0,1,0,-7,0,0,1,1.6;                                    67P     56
100,0,0,0,1,0,-1,1.22464679914735e-16;                                69P     57
124,-1,0,0,3.81,0,-1,0,-7,0,0,1,1.6;                                  71P     58
100,0,0,0,1,0,-1,1.22464679914735e-16;                                73P     59
124,1,0,0,6.35,0,1,0,-7,0,0,1,1.6;                                    75P     60
100,0,0,0,1,0,-1,1.22464679914735e-16;                                77P     61
124,-1,0,0,6.35,0,-1,0,-7,0,0,1,1.6;                                  79P     62
100,0,0,0,1,0,-1,1.22464679914735e-16;                                81P     63
124,1,0,0,8.89,0,1,0,-7,0,0,1,1.6;                                    83P     64
100,0,0,0,1,0,-1,1.22464679914735e-16;                                85P     65
124,-1,0,0,8.89,0,-1,0,-7,0,0,1,1.6;                                  87P     66
100,0,0,0,1,0,-1,1.22464679914735e-16;                                89P     67
110,-5.1,2.7,1.6,-5.1,-0.3,1.6;                                       91P     68
110,-2.1,2.7,1.6,-5.1,2.7,1.6;                                        93P     69
110,-2.1,-0.3,1.6,-2.1,2.7,1.6;                                       95P     70
110,-5.1,-0.3,1.6,-2.1,-0.3,1.6;                                      97P     71
110,5,0.499999999999999,1.6,2,0.5,1.6;                                99P     72
110,5,-4.5,1.6,5,0.499999999999999,1.6;                              101P     73
110,2,-4.5,1.6,5,-4.5,1.6;                                           103P     74
110,2,0.5,1.6,2,-4.5,1.6;                                            105P     75
124,1,0,0,10.5,0,1,0,6,0,0,1,1.6;                                    107P     76
100,0,0,0,1.5,0,-1.5,1.83697019872103e-16;                           109P     77
124,-1,0,0,10.5,0,-1,0,6,0,0,1,1.6;                                  111P     78
100,0,0,0,1.5,0,-1.5,1.83697019872103e-16;                           113P     79
124,1,0,0,-10.5,0,1,0,6,0,0,1,1.6;                                   115P     80
100,0,0,0,1.5,0,-1.5,1.83697019872103e-16;                           117P     81
124,-1,0,0,-10.5,0,-1,0,6,0,0,1,1.6;                                 119P     82
100,0,0,0,1.5,0,-1.5,1.83697019872103e-16;                           121P     83
110,11,-0.200000000000002,1.6,7.2,-0.200000000000001,1.6;            123P     84
110,11,-4,1.6,11,-0.200000000000002,1.6;                             125P     85
110,7.2,-4,1.6,11,-4,1.6;                                            127P     86
110,7.2,-0.200000000000001,1.6,7.2,-4,1.6;                           129P     87
110,5.5,2.33,1.6,5.5,6.33,1.6;                                       131P     88
110,1.5,2.33,1.6,5.5,2.33,1.6;                                       133P     89
110,1.5,6.33,1.6,1.5,2.33,1.6;                                       135P     90
110,5.5,6.33,1.6,1.5,6.33,1.6;                                       137P     91
110,-9,-0.999999999999998,1.6,-9,-4.5,1.6;                           139P     92
110,-7.2,-0.999999999999998,1.6,-9,-0.999999999999998,1.6;           141P     93
110,-7.2,-4.5,1.6,-7.2,-0.999999999999998,1.6;                       143P     94
110,-9,-4.5,1.6,-7.2,-4.5,1.6;                                       145P     95
110,9.89,-7,1.6,9.89,-7,1.61;                                        147P     96
110,7.89,-7,1.6,7.89,-7,1.61;                                        149P     97
124,1,0,0,8.89,0,1,0,-7,0,0,1,1.61;                                  151P     98
100,0,0,0,1,0,-1,1.22464679914735e-16;                               153P     99
110,7.35,-7,1.6,7.35,-7,1.61;                                        155P    100
110,5.35,-7,1.6,5.35,-7,1.61;                                        157P    101
124,1,0,0,6.35,0,1,0,-7,0,0,1,1.61;                                  159P    102
100,0,0,0,1,0,-1,1.22464679914735e-16;                               161P    103
110,4.81,-7,1.6,4.81,-7,1.61;                                        163P    104
110,2.81,-7,1.6,2.81,-7,1.61;                                        165P    105
124,1,0,0,3.81,0,1,0,-7,0,0,1,1.61;                                  167P    106
100,0,0,0,1,0,-1,1.22464679914735e-16;                               169P    107
110,12.43,-7,1.6,12.43,-7,1.61;                                      171P    108
110,10.43,-7,1.6,10.43,-7,1.61;                                      173P    109
124,1,0,0,11.43,0,1,0,-7,0,0,1,1.61;                                 175P    110
100,0,0,0,1,0,-1,1.22464679914735e-16;                               177P    111
110,2.27,-7,1.6,2.27,-7,1.61;                                        179P    112
110,0.269999999999999,-7,1.6,0.269999999999999,-7,1.61;              181P    113
124,1,0,0,1.27,0,1,0,-7,0,0,1,1.61;                                  183P    114
100,0,0,0,1,0,-1,1.22464679914735e-16;                               185P    115
110,-10.43,-7,1.6,-10.43,-7,1.61;                                    187P    116
110,-12.43,-7,1.6,-12.43,-7,1.61;                                    189P    117
124,1,0,0,-11.43,0,1,0,-7,0,0,1,1.61;                                191P    118
100,0,0,0,1,0,-1,1.22464679914735e-16;                               193P    119
110,-7.89,-7,1.6,-7.89,-7,1.61;                                      195P    120
110,-9.89,-7,1.6,-9.89,-7,1.61;                                      197P    121
124,1,0,0,-8.89,0,1,0,-7,0,0,1,1.61;                                 199P    122
100,0,0,0,1,0,-1,1.22464679914735e-16;                               201P    123
110,-5.35,-7,1.6,-5.35,-7,1.61;                                      203P    124
110,-7.35,-7,1.6,-7.35,-7,1.61;                                      205P    125
124,1,0,0,-6.35,0,1,0,-7,0,0,1,1.61;                                 207P    126
100,0,0,0,1,0,-1,1.22464679914735e-16;                               209P    127
110,-2.81,-7,1.6,-2.81,-7,1.61;                                      211P    128
110,-4.81,-7,1.6,-4.81,-7,1.61;                                      213P    129
124,1,0,0,-3.81,0,1,0,-7,0,0,1,1.61;                                 215P    130
100,0,0,0,1,0,-1,1.22464679914735e-16;                               217P    131
110,-0.270000000000001,-7,1.6,-0.270000000000001,-7,1.61;            219P    132
110,-2.27,-7,1.6,-2.27,-7,1.61;                                      221P    133
124,1,0,0,-1.27,0,1,0,-7,0,0,1,1.61;                                 223P    134
100,0,0,0,1,0,-1,1.22464679914735e-16;                               225P    135
110,-13,8.5,0,-13,-8.5,0;                                            227P    136
110,-13,-8.5,0,-13,-8.5,1.6;                                         229P    137
110,-13,8.5,0,-13,8.5,1.6;                                           231P    138
110,-13,-8.5,0,13,-8.5,0;                                            233P    139
110,13,-8.5,0,13,-8.5,1.6;                                           235P    140
110,13,-8.5,0,13,8.5,0;                                              237P    141
110,13,8.5,0,13,8.5,1.6;                                             239P    142
110,13,8.5,0,-13,8.5,0;                                              241P    143
110,-5.1,-0.3,1.6,-5.1,-0.3,2.6;                                     243P    144
110,-5.1,2.7,2.6,-5.1,-0.3,2.6;                                      245P    145
110,-5.1,2.7,1.6,-5.1,2.7,2.6;                                       247P    146
110,-2.1,2.7,2.6,-5.1,2.7,2.6;                                       249P    147
110,-2.1,2.7,1.6,-2.1,2.7,2.6;                                       251P    148
110,-2.1,-0.3,2.6,-2.1,2.7,2.6;                                      253P    149
110,-2.1,-0.3,1.6,-2.1,-0.3,2.6;                                     255P    150
110,-5.1,-0.3,2.6,-2.1,-0.3,2.6;                                     257P    151
110,2,0.5,1.6,2,0.5,2.6;                                             259P    152
110,5,0.499999999999999,2.6,2,0.5,2.6;                               261P    153
110,5,0.499999999999999,1.6,5,0.499999999999999,2.6;                 263P    154
110,5,-4.5,2.6,5,0.499999999999999,2.6;                              265P    155
110,5,-4.5,1.6,5,-4.5,2.6;                                           267P    156
110,2,-4.5,2.6,5,-4.5,2.6;                                           269P    157
110,2,-4.5,1.6,2,-4.5,2.6;                                           271P    158
110,2,0.5,2.6,2,-4.5,2.6;                                            273P    159
110,12,6,0,12,6,1.6;                                                 275P    160
124,-1,0,0,10.5,0,-1,0,6,0,0,1,0;                                    277P    161
100,0,0,0,1.5,0,-1.5,1.83697019872103e-16;                           279P    162
110,9,6,0,9,6,1.6;                                                   281P    163
110,-9,6,0,-9,6,1.6;                                                 283P    164
124,-1,0,0,-10.5,0,-1,0,6,0,0,1,0;                                   285P    165
100,0,0,0,1.5,0,-1.5,1.83697019872103e-16;                           287P    166
110,-12,6,0,-12,6,1.6;                                               289P    167
110,7.2,-0.200000000000001,1.6,7.2,-0.200000000000001,2.6;           291P    168
110,11,-0.200000000000002,2.6,7.2,-0.200000000000001,2.6;            293P    169
110,11,-0.200000000000002,1.6,11,-0.200000000000002,2.6;             295P    170
110,11,-4,2.6,11,-0.200000000000002,2.6;                             297P    171
110,11,-4,1.6,11,-4,2.6;                                             299P    172
110,7.2,-4,2.6,11,-4,2.6;                                            301P    173
110,7.2,-4,1.6,7.2,-4,2.6;                                           303P    174
110,7.2,-0.200000000000001,2.6,7.2,-4,2.6;                           305P    175
110,5.5,6.33,1.6,5.5,6.33,2.6;                                       307P    176
110,5.5,2.33,2.6,5.5,6.33,2.6;                                       309P    177
110,5.5,2.33,1.6,5.5,2.33,2.6;                                       311P    178
110,1.5,2.33,2.6,5.5,2.33,2.6;                                       313P    179
110,1.5,2.33,1.6,1.5,2.33,2.6;                                       315P    180
110,1.5,6.33,2.6,1.5,2.33,2.6;                                       317P    181
110,1.5,6.33,1.6,1.5,6.33,2.6;                                       319P    182
110,5.5,6.33,2.6,1.5,6.33,2.6;                                       321P    183
110,-9,-4.5,1.6,-9,-4.5,3.6;                                         323P    184
110,-9,-0.999999999999998,3.6,-9,-4.5,3.6;                           325P    185
110,-9,-0.999999999999998,1.6,-9,-0.999999999999998,3.6;             327P    186
110,-7.2,-0.999999999999998,3.6,-9,-0.999999999999998,3.6;           329P    187
110,-7.2,-0.999999999999998,1.6,-7.2,-0.999999999999998,3.6;         331P    188
110,-7.2,-4.5,3.6,-7.2,-0.999999999999998,3.6;                       333P    189
110,-7.2,-4.5,1.6,-7.2,-4.5,3.6;                                     335P    190
110,-9,-4.5,3.6,-7.2,-4.5,3.6;                                       337P    191
124,-1,0,0,8.89,0,-1,0,-7,0,0,1,1.61;                                339P    192
100,0,0,0,1,0,-1,1.22464679914735e-16;                               341P    193
124,-1,0,0,6.35,0,-1,0,-7,0,0,1,1.61;                                343P    194
100,0,0,0,1,0,-1,1.22464679914735e-16;                               345P    195
124,-1,0,0,3.81,0,-1,0,-7,0,0,1,1.61;                                347P    196
100,0,0,0,1,0,-1,1.22464679914735e-16;                               349P    197
124,-1,0,0,11.43,0,-1,0,-7,0,0,1,1.61;                               351P    198
100,0,0,0,1,0,-1,1.22464679914735e-16;                               353P    199
124,-1,0,0,1.27,0,-1,0,-7,0,0,1,1.61;                                355P    200
100,0,0,0,1,0,-1,1.22464679914735e-16;                               357P    201
124,-1,0,0,-11.43,0,-1,0,-7,0,0,1,1.61;                              359P    202
100,0,0,0,1,0,-1,1.22464679914735e-16;                               361P    203
124,-1,0,0,-8.89,0,-1,0,-7,0,0,1,1.61;                               363P    204
100,0,0,0,1,0,-1,1.22464679914735e-16;                               365P    205
124,-1,0,0,-6.35,0,-1,0,-7,0,0,1,1.61;                               367P    206
100,0,0,0,1,0,-1,1.22464679914735e-16;                               369P    207
124,-1,0,0,-3.81,0,-1,0,-7,0,0,1,1.61;                               371P    208
100,0,0,0,1,0,-1,1.22464679914735e-16;                               373P    209
124,-1,0,0,-1.27,0,-1,0,-7,0,0,1,1.61;                               375P    210
100,0,0,0,1,0,-1,1.22464679914735e-16;                               377P    211
124,1,0,0,10.5,0,1,0,6,0,0,1,0;                                      379P    212
100,0,0,0,1.5,0,-1.5,1.83697019872103e-16;                           381P    213
124,1,0,0,-10.5,0,1,0,6,0,0,1,0;                                     383P    214
100,0,0,0,1.5,0,-1.5,1.83697019872103e-16;                           385P    215
504,144,3,1,1,1,2,5,1,2,1,3,7,1,3,1,4,9,1,4,1,1,13,1,5,1,6,17,1,     387P    216
6,1,5,21,1,7,1,8,25,1,8,1,7,29,1,9,1,10,33,1,10,1,9,37,1,11,1,       387P    217
12,41,1,12,1,11,45,1,13,1,14,49,1,14,1,13,53,1,15,1,16,57,1,16,      387P    218
1,15,61,1,17,1,18,65,1,18,1,17,69,1,19,1,20,73,1,20,1,19,77,1,       387P    219
21,1,22,81,1,22,1,21,85,1,23,1,24,89,1,24,1,23,91,1,25,1,26,93,      387P    220
1,27,1,25,95,1,28,1,27,97,1,26,1,28,99,1,29,1,30,101,1,31,1,29,      387P    221
103,1,32,1,31,105,1,30,1,32,109,1,34,1,33,113,1,33,1,34,117,1,       387P    222
36,1,35,121,1,35,1,36,123,1,37,1,38,125,1,39,1,37,127,1,40,1,39,     387P    223
129,1,38,1,40,131,1,41,1,42,133,1,43,1,41,135,1,44,1,43,137,1,       387P    224
42,1,44,139,1,45,1,46,141,1,47,1,45,143,1,48,1,47,145,1,46,1,48,     387P    225
147,1,23,1,49,149,1,24,1,50,153,1,49,1,50,155,1,21,1,51,157,1,       387P    226
22,1,52,161,1,51,1,52,163,1,19,1,53,165,1,20,1,54,169,1,53,1,54,     387P    227
171,1,17,1,55,173,1,18,1,56,177,1,55,1,56,179,1,15,1,57,181,1,       387P    228
16,1,58,185,1,57,1,58,187,1,13,1,59,189,1,14,1,60,193,1,59,1,60,     387P    229
195,1,11,1,61,197,1,12,1,62,201,1,61,1,62,203,1,9,1,63,205,1,10,     387P    230
1,64,209,1,63,1,64,211,1,7,1,65,213,1,8,1,66,217,1,65,1,66,219,      387P    231
1,5,1,67,221,1,6,1,68,225,1,67,1,68,227,1,69,1,70,229,1,70,1,2,      387P    232
231,1,69,1,1,233,1,70,1,71,235,1,71,1,3,237,1,71,1,72,239,1,72,      387P    233
1,4,241,1,72,1,69,243,1,26,1,73,245,1,74,1,73,247,1,25,1,74,249,     387P    234
1,75,1,74,251,1,27,1,75,253,1,76,1,75,255,1,28,1,76,257,1,73,1,      387P    235
76,259,1,30,1,77,261,1,78,1,77,263,1,29,1,78,265,1,79,1,78,267,      387P    236
1,31,1,79,269,1,80,1,79,271,1,32,1,80,273,1,77,1,80,275,1,81,1,      387P    237
34,279,1,82,1,81,281,1,82,1,33,283,1,83,1,36,287,1,84,1,83,289,      387P    238
1,84,1,35,291,1,38,1,85,293,1,86,1,85,295,1,37,1,86,297,1,87,1,      387P    239
86,299,1,39,1,87,301,1,88,1,87,303,1,40,1,88,305,1,85,1,88,307,      387P    240
1,42,1,89,309,1,90,1,89,311,1,41,1,90,313,1,91,1,90,315,1,43,1,      387P    241
91,317,1,92,1,91,319,1,44,1,92,321,1,89,1,92,323,1,46,1,93,325,      387P    242
1,94,1,93,327,1,45,1,94,329,1,95,1,94,331,1,47,1,95,333,1,96,1,      387P    243
95,335,1,48,1,96,337,1,93,1,96,341,1,50,1,49,345,1,52,1,51,349,      387P    244
1,54,1,53,353,1,56,1,55,357,1,58,1,57,361,1,60,1,59,365,1,62,1,      387P    245
61,369,1,64,1,63,373,1,66,1,65,377,1,68,1,67,381,1,81,1,82,385,      387P    246
1,83,1,84;                                                           387P    247
128,1,1,1,1,0,0,1,0,0,0,0,1,1,0,0,1,1,1,1,1,1,13,8.5,1.6,-13,        389P    248
8.5,1.6,13,-8.5,1.6,-13,-8.5,1.6,0,1,0,1;                            389P    249
126,1,1,1,0,1,0,0,0,1,1,1,1,1,0,0,1,1,0,0,1,0,0,1;                   391P    250
126,1,1,1,0,1,0,0,0,1,1,1,1,1,1,0,0,1,0,0,1,0,0,1;                   393P    251
126,1,1,1,0,1,0,0,0,1,1,1,1,0,1,0,0,0,0,0,1,0,0,1;                   395P    252
126,1,1,1,0,1,0,0,0,1,1,1,1,0,0,0,1,0,0,0,1,0,0,1;                   397P    253
508,4,0,387,1,1,1,0,391,0,387,2,1,1,0,393,0,387,3,1,1,0,395,0,       399P    254
387,4,1,1,0,397;                                                     399P    255
126,28,3,1,0,1,0,0,0,0,0,0.0384615384615385,0.0769230769230769,      401P    256
0.115384615384615,0.153846153846154,0.192307692307692,               401P    257
0.230769230769231,0.269230769230769,0.307692307692308,               401P    258
0.346153846153846,0.384615384615385,0.423076923076923,               401P    259
0.461538461538461,0.5,0.538461538461538,0.576923076923077,           401P    260
0.615384615384615,0.653846153846154,0.692307692307692,               401P    261
0.73076923076923,0.769230769230769,0.807692307692307,                401P    262
0.846153846153846,0.884615384615384,0.923076923076923,               401P    263
0.961538461538461,1,1,1,1,1,1,1,1,1,1,1,1,1,1,1,1,1,1,1,1,1,1,1,     401P    264
1,1,1,1,1,1,1,1,1,1,0.510384615384615,0.911764705882353,0,           401P    265
0.510384615384615,0.909395480653401,0,0.510572022801176,             401P    266
0.904657039931607,0,0.511411256942489,0.89765301681622,0,            401P    267
0.512796376176704,0.89085477599614,0,0.514707182346369,              401P    268
0.884361448478323,0,0.51711581159477,0.878267722310414,0,            401P    269
0.519987140683705,0.872662457551377,0,0.523279299169386,             401P    270
0.867627391634385,0,0.526944279967797,0.863235947144814,0,           401P    271
0.53092863940608,0.859552161235658,0,0.535174276551628,              401P    272
0.856629751799656,0,0.539619280454516,0.854511334147338,0,           401P    273
0.544198832948564,0.853227799578268,0,0.548846153846154,             401P    274
0.852797864916748,0,0.553493474743744,0.853227799578268,0,           401P    275
0.558073027237792,0.854511334147338,0,0.56251803114068,              401P    276
0.856629751799656,0,0.566763668286228,0.859552161235658,0,           401P    277
0.57074802772451,0.863235947144814,0,0.574413008522921,              401P    278
0.867627391634385,0,0.577705167008603,0.872662457551377,0,           401P    279
0.580576496097537,0.878267722310414,0,0.582985125345938,             401P    280
0.884361448478323,0,0.584895931515604,0.89085477599614,0,            401P    281
0.586281050749819,0.89765301681622,0,0.587120284891132,              401P    282
0.904657039931607,0,0.587307692307692,0.909395480653401,0,           401P    283
0.587307692307692,0.911764705882353,0,0,1,0,0,1;                     401P    284
126,28,3,1,0,1,0,0,0,0,0,0.0384615384615385,0.0769230769230769,      403P    285
0.115384615384615,0.153846153846154,0.192307692307692,               403P    286
0.230769230769231,0.269230769230769,0.307692307692308,               403P    287
0.346153846153846,0.384615384615385,0.423076923076923,               403P    288
0.461538461538461,0.5,0.538461538461538,0.576923076923077,           403P    289
0.615384615384615,0.653846153846154,0.692307692307692,               403P    290
0.73076923076923,0.769230769230769,0.807692307692307,                403P    291
0.846153846153846,0.884615384615384,0.923076923076923,               403P    292
0.961538461538461,1,1,1,1,1,1,1,1,1,1,1,1,1,1,1,1,1,1,1,1,1,1,1,     403P    293
1,1,1,1,1,1,1,1,1,1,0.587307692307692,0.911764705882353,0,           403P    294
0.587307692307692,0.914133931111304,0,0.587120284891132,             403P    295
0.918872371833099,0,0.586281050749819,0.925876394948486,0,           403P    296
0.584895931515604,0.932674635768565,0,0.582985125345938,             403P    297
0.939167963286383,0,0.580576496097537,0.945261689454292,0,           403P    298
0.577705167008603,0.950866954213328,0,0.574413008522922,             403P    299
0.955902020130321,0,0.57074802772451,0.960293464619892,0,            403P    300
0.566763668286228,0.963977250529048,0,0.56251803114068,              403P    301
0.96689965996505,0,0.558073027237792,0.969018077617368,0,            403P    302
0.553493474743744,0.970301612186438,0,0.548846153846154,             403P    303
0.970731546847957,0,0.544198832948564,0.970301612186438,0,           403P    304
0.539619280454516,0.969018077617368,0,0.535174276551628,             403P    305
0.96689965996505,0,0.53092863940608,0.963977250529048,0,             403P    306
0.526944279967798,0.960293464619892,0,0.523279299169386,             403P    307
0.955902020130321,0,0.519987140683705,0.950866954213329,0,           403P    308
0.51711581159477,0.945261689454292,0,0.514707182346369,              403P    309
0.939167963286383,0,0.512796376176704,0.932674635768565,0,           403P    310
0.511411256942489,0.925876394948486,0,0.510572022801176,             403P    311
0.918872371833099,0,0.510384615384615,0.914133931111305,0,           403P    312
0.510384615384615,0.911764705882353,0,0,1,0,0,1;                     403P    313
508,2,0,387,5,0,1,0,401,0,387,6,0,1,0,403;                           405P    314
126,28,3,1,0,1,0,0,0,0,0,0.0384615384615385,0.0769230769230769,      407P    315
0.115384615384615,0.153846153846154,0.192307692307692,               407P    316
0.230769230769231,0.269230769230769,0.307692307692308,               407P    317
0.346153846153846,0.384615384615385,0.423076923076923,               407P    318
0.461538461538461,0.5,0.538461538461538,0.576923076923077,           407P    319
0.615384615384615,0.653846153846154,0.692307692307692,               407P    320
0.73076923076923,0.769230769230769,0.807692307692307,                407P    321
0.846153846153846,0.884615384615384,0.923076923076923,               407P    322
0.961538461538461,1,1,1,1,1,1,1,1,1,1,1,1,1,1,1,1,1,1,1,1,1,1,1,     407P    323
1,1,1,1,1,1,1,1,1,1,0.608076923076923,0.911764705882353,0,           407P    324
0.608076923076923,0.909395480653401,0,0.608264330493483,             407P    325
0.904657039931607,0,0.609103564634796,0.89765301681622,0,            407P    326
0.610488683869012,0.89085477599614,0,0.612399490038677,              407P    327
0.884361448478323,0,0.614808119287078,0.878267722310414,0,           407P    328
0.617679448376013,0.872662457551377,0,0.620971606861694,             407P    329
0.867627391634385,0,0.624636587660105,0.863235947144814,0,           407P    330
0.628620947098388,0.859552161235658,0,0.632866584243935,             407P    331
0.856629751799656,0,0.637311588146824,0.854511334147338,0,           407P    332
0.641891140640872,0.853227799578268,0,0.646538461538462,             407P    333
0.852797864916748,0,0.651185782436052,0.853227799578268,0,           407P    334
0.655765334930099,0.854511334147338,0,0.660210338832988,             407P    335
0.856629751799656,0,0.664455975978535,0.859552161235658,0,           407P    336
0.668440335416818,0.863235947144814,0,0.672105316215229,             407P    337
0.867627391634385,0,0.67539747470091,0.872662457551377,0,            407P    338
0.678268803789845,0.878267722310414,0,0.680677433038246,             407P    339
0.884361448478323,0,0.682588239207912,0.89085477599614,0,            407P    340
0.683973358442127,0.89765301681622,0,0.68481259258344,               407P    341
0.904657039931607,0,0.685,0.909395480653401,0,0.685,                 407P    342
0.911764705882353,0,0,1,0,0,1;                                       407P    343
126,28,3,1,0,1,0,0,0,0,0,0.0384615384615385,0.0769230769230769,      409P    344
0.115384615384615,0.153846153846154,0.192307692307692,               409P    345
0.230769230769231,0.269230769230769,0.307692307692308,               409P    346
0.346153846153846,0.384615384615385,0.423076923076923,               409P    347
0.461538461538461,0.5,0.538461538461538,0.576923076923077,           409P    348
0.615384615384615,0.653846153846154,0.692307692307692,               409P    349
0.73076923076923,0.769230769230769,0.807692307692307,                409P    350
0.846153846153846,0.884615384615384,0.923076923076923,               409P    351
0.961538461538461,1,1,1,1,1,1,1,1,1,1,1,1,1,1,1,1,1,1,1,1,1,1,1,     409P    352
1,1,1,1,1,1,1,1,1,1,0.685,0.911764705882353,0,0.685,                 409P    353
0.914133931111304,0,0.68481259258344,0.918872371833099,0,            409P    354
0.683973358442127,0.925876394948486,0,0.682588239207911,             409P    355
0.932674635768565,0,0.680677433038246,0.939167963286383,0,           409P    356
0.678268803789845,0.945261689454292,0,0.67539747470091,              409P    357
0.950866954213328,0,0.672105316215229,0.955902020130321,0,           409P    358
0.668440335416818,0.960293464619892,0,0.664455975978535,             409P    359
0.963977250529048,0,0.660210338832988,0.96689965996505,0,            409P    360
0.655765334930099,0.969018077617368,0,0.651185782436052,             409P    361
0.970301612186438,0,0.646538461538462,0.970731546847957,0,           409P    362
0.641891140640872,0.970301612186438,0,0.637311588146824,             409P    363
0.969018077617368,0,0.632866584243935,0.96689965996505,0,            409P    364
0.628620947098388,0.963977250529048,0,0.624636587660105,             409P    365
0.960293464619892,0,0.620971606861694,0.955902020130321,0,           409P    366
0.617679448376013,0.950866954213329,0,0.614808119287078,             409P    367
0.945261689454292,0,0.612399490038677,0.939167963286383,0,           409P    368
0.610488683869012,0.932674635768565,0,0.609103564634796,             409P    369
0.925876394948486,0,0.608264330493483,0.918872371833099,0,           409P    370
0.608076923076923,0.914133931111305,0,0.608076923076923,             409P    371
0.911764705882353,0,0,1,0,0,1;                                       409P    372
508,2,0,387,7,0,1,0,407,0,387,8,0,1,0,409;                           411P    373
126,28,3,1,0,1,0,0,0,0,0,0.0384615384615385,0.0769230769230769,      413P    374
0.115384615384615,0.153846153846154,0.192307692307692,               413P    375
0.230769230769231,0.269230769230769,0.307692307692308,               413P    376
0.346153846153846,0.384615384615385,0.423076923076923,               413P    377
0.461538461538461,0.5,0.538461538461538,0.576923076923077,           413P    378
0.615384615384615,0.653846153846154,0.692307692307692,               413P    379
0.73076923076923,0.769230769230769,0.807692307692307,                413P    380
0.846153846153846,0.884615384615384,0.923076923076923,               413P    381
0.961538461538461,1,1,1,1,1,1,1,1,1,1,1,1,1,1,1,1,1,1,1,1,1,1,1,     413P    382
1,1,1,1,1,1,1,1,1,1,0.705769230769231,0.911764705882353,0,           413P    383
0.705769230769231,0.909395480653401,0,0.705956638185791,             413P    384
0.904657039931607,0,0.706795872327104,0.89765301681622,0,            413P    385
0.708180991561319,0.89085477599614,0,0.710091797730985,              413P    386
0.884361448478323,0,0.712500426979386,0.878267722310414,0,           413P    387
0.71537175606832,0.872662457551377,0,0.718663914554002,              413P    388
0.867627391634385,0,0.722328895352413,0.863235947144814,0,           413P    389
0.726313254790695,0.859552161235658,0,0.730558891936243,             413P    390
0.856629751799655,0,0.735003895839131,0.854511334147338,0,           413P    391
0.739583448333179,0.853227799578268,0,0.744230769230769,             413P    392
0.852797864916748,0,0.748878090128359,0.853227799578268,0,           413P    393
0.753457642622407,0.854511334147338,0,0.757902646525295,             413P    394
0.856629751799655,0,0.762148283670843,0.859552161235658,0,           413P    395
0.766132643109126,0.863235947144814,0,0.769797623907537,             413P    396
0.867627391634384,0,0.773089782393218,0.872662457551377,0,           413P    397
0.775961111482153,0.878267722310414,0,0.778369740730554,             413P    398
0.884361448478323,0,0.780280546900219,0.89085477599614,0,            413P    399
0.781665666134434,0.89765301681622,0,0.782504900275748,              413P    400
0.904657039931607,0,0.782692307692308,0.909395480653401,0,           413P    401
0.782692307692308,0.911764705882353,0,0,1,0,0,1;                     413P    402
126,28,3,1,0,1,0,0,0,0,0,0.0384615384615385,0.0769230769230769,      415P    403
0.115384615384615,0.153846153846154,0.192307692307692,               415P    404
0.230769230769231,0.269230769230769,0.307692307692308,               415P    405
0.346153846153846,0.384615384615385,0.423076923076923,               415P    406
0.461538461538461,0.5,0.538461538461538,0.576923076923077,           415P    407
0.615384615384615,0.653846153846154,0.692307692307692,               415P    408
0.73076923076923,0.769230769230769,0.807692307692307,                415P    409
0.846153846153846,0.884615384615384,0.923076923076923,               415P    410
0.961538461538461,1,1,1,1,1,1,1,1,1,1,1,1,1,1,1,1,1,1,1,1,1,1,1,     415P    411
1,1,1,1,1,1,1,1,1,1,0.782692307692308,0.911764705882353,0,           415P    412
0.782692307692308,0.914133931111304,0,0.782504900275748,             415P    413
0.918872371833099,0,0.781665666134434,0.925876394948486,0,           415P    414
0.780280546900219,0.932674635768565,0,0.778369740730554,             415P    415
0.939167963286383,0,0.775961111482153,0.945261689454292,0,           415P    416
0.773089782393218,0.950866954213328,0,0.769797623907537,             415P    417
0.955902020130321,0,0.766132643109126,0.960293464619892,0,           415P    418
0.762148283670843,0.963977250529047,0,0.757902646525295,             415P    419
0.966899659965051,0,0.753457642622407,0.969018077617368,0,           415P    420
0.748878090128359,0.970301612186438,0,0.744230769230769,             415P    421
0.970731546847957,0,0.739583448333179,0.970301612186438,0,           415P    422
0.735003895839132,0.969018077617368,0,0.730558891936243,             415P    423
0.96689965996505,0,0.726313254790696,0.963977250529048,0,            415P    424
0.722328895352413,0.960293464619892,0,0.718663914554002,             415P    425
0.955902020130321,0,0.71537175606832,0.950866954213329,0,            415P    426
0.712500426979386,0.945261689454292,0,0.710091797730985,             415P    427
0.939167963286383,0,0.708180991561319,0.932674635768566,0,           415P    428
0.706795872327104,0.925876394948486,0,0.705956638185791,             415P    429
0.918872371833099,0,0.705769230769231,0.914133931111304,0,           415P    430
0.705769230769231,0.911764705882353,0,0,1,0,0,1;                     415P    431
508,2,0,387,9,0,1,0,413,0,387,10,0,1,0,415;                          417P    432
126,28,3,1,0,1,0,0,0,0,0,0.0384615384615385,0.0769230769230769,      419P    433
0.115384615384615,0.153846153846154,0.192307692307692,               419P    434
0.230769230769231,0.269230769230769,0.307692307692308,               419P    435
0.346153846153846,0.384615384615385,0.423076923076923,               419P    436
0.461538461538461,0.5,0.538461538461538,0.576923076923077,           419P    437
0.615384615384615,0.653846153846154,0.692307692307692,               419P    438
0.73076923076923,0.769230769230769,0.807692307692307,                419P    439
0.846153846153846,0.884615384615384,0.923076923076923,               419P    440
0.961538461538461,1,1,1,1,1,1,1,1,1,1,1,1,1,1,1,1,1,1,1,1,1,1,1,     419P    441
1,1,1,1,1,1,1,1,1,1,0.803461538461538,0.911764705882353,0,           419P    442
0.803461538461538,0.909395480653401,0,0.803648945878099,             419P    443
0.904657039931607,0,0.804488180019412,0.89765301681622,0,            419P    444
0.805873299253627,0.89085477599614,0,0.807784105423292,              419P    445
0.884361448478323,0,0.810192734671694,0.878267722310414,0,           419P    446
0.813064063760628,0.872662457551377,0,0.816356222246309,             419P    447
0.867627391634385,0,0.82002120304472,0.863235947144814,0,            419P    448
0.824005562483003,0.859552161235658,0,0.828251199628551,             419P    449
0.856629751799655,0,0.832696203531439,0.854511334147338,0,           419P    450
0.837275756025487,0.853227799578268,0,0.841923076923077,             419P    451
0.852797864916748,0,0.846570397820667,0.853227799578268,0,           419P    452
0.851149950314715,0.854511334147338,0,0.855594954217603,             419P    453
0.856629751799655,0,0.859840591363151,0.859552161235658,0,           419P    454
0.863824950801433,0.863235947144814,0,0.867489931599845,             419P    455
0.867627391634384,0,0.870782090085526,0.872662457551377,0,           419P    456
0.87365341917446,0.878267722310414,0,0.876062048422862,              419P    457
0.884361448478323,0,0.877972854592527,0.89085477599614,0,            419P    458
0.879357973826742,0.89765301681622,0,0.880197207968055,              419P    459
0.904657039931607,0,0.880384615384615,0.909395480653401,0,           419P    460
0.880384615384615,0.911764705882353,0,0,1,0,0,1;                     419P    461
126,28,3,1,0,1,0,0,0,0,0,0.0384615384615385,0.0769230769230769,      421P    462
0.115384615384615,0.153846153846154,0.192307692307692,               421P    463
0.230769230769231,0.269230769230769,0.307692307692308,               421P    464
0.346153846153846,0.384615384615385,0.423076923076923,               421P    465
0.461538461538461,0.5,0.538461538461538,0.576923076923077,           421P    466
0.615384615384615,0.653846153846154,0.692307692307692,               421P    467
0.73076923076923,0.769230769230769,0.807692307692307,                421P    468
0.846153846153846,0.884615384615384,0.923076923076923,               421P    469
0.961538461538461,1,1,1,1,1,1,1,1,1,1,1,1,1,1,1,1,1,1,1,1,1,1,1,     421P    470
1,1,1,1,1,1,1,1,1,1,0.880384615384615,0.911764705882353,0,           421P    471
0.880384615384615,0.914133931111304,0,0.880197207968055,             421P    472
0.918872371833099,0,0.879357973826742,0.925876394948486,0,           421P    473
0.877972854592527,0.932674635768565,0,0.876062048422862,             421P    474
0.939167963286383,0,0.87365341917446,0.945261689454292,0,            421P    475
0.870782090085526,0.950866954213328,0,0.867489931599845,             421P    476
0.955902020130321,0,0.863824950801433,0.960293464619892,0,           421P    477
0.859840591363151,0.963977250529047,0,0.855594954217603,             421P    478
0.966899659965051,0,0.851149950314715,0.969018077617368,0,           421P    479
0.846570397820667,0.970301612186438,0,0.841923076923077,             421P    480
0.970731546847957,0,0.837275756025487,0.970301612186438,0,           421P    481
0.832696203531439,0.969018077617368,0,0.828251199628551,             421P    482
0.96689965996505,0,0.824005562483003,0.963977250529048,0,            421P    483
0.820021203044721,0.960293464619892,0,0.816356222246309,             421P    484
0.955902020130321,0,0.813064063760628,0.950866954213329,0,           421P    485
0.810192734671694,0.945261689454292,0,0.807784105423292,             421P    486
0.939167963286383,0,0.805873299253627,0.932674635768566,0,           421P    487
0.804488180019412,0.925876394948486,0,0.803648945878099,             421P    488
0.918872371833099,0,0.803461538461538,0.914133931111304,0,           421P    489
0.803461538461538,0.911764705882353,0,0,1,0,0,1;                     421P    490
508,2,0,387,11,0,1,0,419,0,387,12,0,1,0,421;                         423P    491
126,28,3,1,0,1,0,0,0,0,0,0.0384615384615385,0.0769230769230769,      425P    492
0.115384615384615,0.153846153846154,0.192307692307692,               425P    493
0.230769230769231,0.269230769230769,0.307692307692308,               425P    494
0.346153846153846,0.384615384615385,0.423076923076923,               425P    495
0.461538461538461,0.5,0.538461538461538,0.576923076923077,           425P    496
0.615384615384615,0.653846153846154,0.692307692307692,               425P    497
0.73076923076923,0.769230769230769,0.807692307692307,                425P    498
0.846153846153846,0.884615384615384,0.923076923076923,               425P    499
0.961538461538461,1,1,1,1,1,1,1,1,1,1,1,1,1,1,1,1,1,1,1,1,1,1,1,     425P    500
1,1,1,1,1,1,1,1,1,1,0.901153846153846,0.911764705882353,0,           425P    501
0.901153846153846,0.909395480653401,0,0.901341253570406,             425P    502
0.904657039931607,0,0.902180487711719,0.89765301681622,0,            425P    503
0.903565606945935,0.89085477599614,0,0.9054764131156,                425P    504
0.884361448478323,0,0.907885042364001,0.878267722310414,0,           425P    505
0.910756371452936,0.872662457551377,0,0.914048529938617,             425P    506
0.867627391634384,0,0.917713510737028,0.863235947144814,0,           425P    507
0.921697870175311,0.859552161235658,0,0.925943507320859,             425P    508
0.856629751799655,0,0.930388511223747,0.854511334147338,0,           425P    509
0.934968063717795,0.853227799578268,0,0.939615384615385,             425P    510
0.852797864916748,0,0.944262705512975,0.853227799578268,0,           425P    511
0.948842258007022,0.854511334147338,0,0.953287261909911,             425P    512
0.856629751799655,0,0.957532899055458,0.859552161235658,0,           425P    513
0.961517258493741,0.863235947144814,0,0.965182239292152,             425P    514
0.867627391634384,0,0.968474397777834,0.872662457551377,0,           425P    515
0.971345726866768,0.878267722310414,0,0.973754356115169,             425P    516
0.884361448478323,0,0.975665162284835,0.89085477599614,0,            425P    517
0.97705028151905,0.89765301681622,0,0.977889515660363,               425P    518
0.904657039931607,0,0.978076923076923,0.909395480653401,0,           425P    519
0.978076923076923,0.911764705882353,0,0,1,0,0,1;                     425P    520
126,28,3,1,0,1,0,0,0,0,0,0.0384615384615385,0.0769230769230769,      427P    521
0.115384615384615,0.153846153846154,0.192307692307692,               427P    522
0.230769230769231,0.269230769230769,0.307692307692308,               427P    523
0.346153846153846,0.384615384615385,0.423076923076923,               427P    524
0.461538461538461,0.5,0.538461538461538,0.576923076923077,           427P    525
0.615384615384615,0.653846153846154,0.692307692307692,               427P    526
0.73076923076923,0.769230769230769,0.807692307692307,                427P    527
0.846153846153846,0.884615384615384,0.923076923076923,               427P    528
0.961538461538461,1,1,1,1,1,1,1,1,1,1,1,1,1,1,1,1,1,1,1,1,1,1,1,     427P    529
1,1,1,1,1,1,1,1,1,1,0.978076923076923,0.911764705882353,0,           427P    530
0.978076923076923,0.914133931111304,0,0.977889515660363,             427P    531
0.918872371833099,0,0.97705028151905,0.925876394948486,0,            427P    532
0.975665162284834,0.932674635768565,0,0.973754356115169,             427P    533
0.939167963286383,0,0.971345726866768,0.945261689454292,0,           427P    534
0.968474397777833,0.950866954213328,0,0.965182239292152,             427P    535
0.955902020130321,0,0.961517258493741,0.960293464619892,0,           427P    536
0.957532899055458,0.963977250529047,0,0.953287261909911,             427P    537
0.96689965996505,0,0.948842258007022,0.969018077617368,0,            427P    538
0.944262705512975,0.970301612186438,0,0.939615384615385,             427P    539
0.970731546847957,0,0.934968063717795,0.970301612186438,0,           427P    540
0.930388511223747,0.969018077617368,0,0.925943507320859,             427P    541
0.96689965996505,0,0.921697870175311,0.963977250529048,0,            427P    542
0.917713510737028,0.960293464619892,0,0.914048529938617,             427P    543
0.955902020130321,0,0.910756371452936,0.950866954213329,0,           427P    544
0.907885042364001,0.945261689454292,0,0.9054764131156,               427P    545
0.939167963286383,0,0.903565606945935,0.932674635768565,0,           427P    546
0.902180487711719,0.925876394948486,0,0.901341253570406,             427P    547
0.918872371833099,0,0.901153846153846,0.914133931111304,0,           427P    548
0.901153846153846,0.911764705882353,0,0,1,0,0,1;                     427P    549
508,2,0,387,13,0,1,0,425,0,387,14,0,1,0,427;                         429P    550
126,28,3,1,0,1,0,0,0,0,0,0.0384615384615385,0.0769230769230769,      431P    551
0.115384615384615,0.153846153846154,0.192307692307692,               431P    552
0.230769230769231,0.269230769230769,0.307692307692308,               431P    553
0.346153846153846,0.384615384615385,0.423076923076923,               431P    554
0.461538461538461,0.5,0.538461538461538,0.576923076923077,           431P    555
0.615384615384615,0.653846153846154,0.692307692307692,               431P    556
0.73076923076923,0.769230769230769,0.807692307692307,                431P    557
0.846153846153846,0.884615384615384,0.923076923076923,               431P    558
0.961538461538461,1,1,1,1,1,1,1,1,1,1,1,1,1,1,1,1,1,1,1,1,1,1,1,     431P    559
1,1,1,1,1,1,1,1,1,1,0.412692307692308,0.911764705882353,0,           431P    560
0.412692307692308,0.909395480653401,0,0.412879715108868,             431P    561
0.904657039931607,0,0.413718949250181,0.89765301681622,0,            431P    562
0.415104068484396,0.89085477599614,0,0.417014874654062,              431P    563
0.884361448478323,0,0.419423503902463,0.878267722310414,0,           431P    564
0.422294832991397,0.872662457551377,0,0.425586991477078,             431P    565
0.867627391634385,0,0.42925197227549,0.863235947144814,0,            431P    566
0.433236331713772,0.859552161235658,0,0.43748196885932,              431P    567
0.856629751799656,0,0.441926972762208,0.854511334147338,0,           431P    568
0.446506525256256,0.853227799578268,0,0.451153846153846,             431P    569
0.852797864916748,0,0.455801167051436,0.853227799578268,0,           431P    570
0.460380719545484,0.854511334147338,0,0.464825723448372,             431P    571
0.856629751799656,0,0.46907136059392,0.859552161235658,0,            431P    572
0.473055720032202,0.863235947144814,0,0.476720700830614,             431P    573
0.867627391634385,0,0.480012859316295,0.872662457551377,0,           431P    574
0.48288418840523,0.878267722310414,0,0.485292817653631,              431P    575
0.884361448478323,0,0.487203623823296,0.89085477599614,0,            431P    576
0.488588743057511,0.89765301681622,0,0.489427977198825,              431P    577
0.904657039931607,0,0.489615384615385,0.909395480653401,0,           431P    578
0.489615384615385,0.911764705882353,0,0,1,0,0,1;                     431P    579
126,28,3,1,0,1,0,0,0,0,0,0.0384615384615385,0.0769230769230769,      433P    580
0.115384615384615,0.153846153846154,0.192307692307692,               433P    581
0.230769230769231,0.269230769230769,0.307692307692308,               433P    582
0.346153846153846,0.384615384615385,0.423076923076923,               433P    583
0.461538461538461,0.5,0.538461538461538,0.576923076923077,           433P    584
0.615384615384615,0.653846153846154,0.692307692307692,               433P    585
0.73076923076923,0.769230769230769,0.807692307692307,                433P    586
0.846153846153846,0.884615384615384,0.923076923076923,               433P    587
0.961538461538461,1,1,1,1,1,1,1,1,1,1,1,1,1,1,1,1,1,1,1,1,1,1,1,     433P    588
1,1,1,1,1,1,1,1,1,1,0.489615384615385,0.911764705882353,0,           433P    589
0.489615384615385,0.914133931111304,0,0.489427977198825,             433P    590
0.918872371833099,0,0.488588743057511,0.925876394948486,0,           433P    591
0.487203623823296,0.932674635768565,0,0.485292817653631,             433P    592
0.939167963286383,0,0.48288418840523,0.945261689454292,0,            433P    593
0.480012859316295,0.950866954213328,0,0.476720700830614,             433P    594
0.955902020130321,0,0.473055720032202,0.960293464619892,0,           433P    595
0.46907136059392,0.963977250529048,0,0.464825723448372,              433P    596
0.96689965996505,0,0.460380719545484,0.969018077617368,0,            433P    597
0.455801167051436,0.970301612186438,0,0.451153846153846,             433P    598
0.970731546847957,0,0.446506525256256,0.970301612186438,0,           433P    599
0.441926972762208,0.969018077617368,0,0.43748196885932,              433P    600
0.96689965996505,0,0.433236331713772,0.963977250529048,0,            433P    601
0.42925197227549,0.960293464619892,0,0.425586991477079,              433P    602
0.955902020130321,0,0.422294832991397,0.950866954213329,0,           433P    603
0.419423503902463,0.945261689454292,0,0.417014874654062,             433P    604
0.939167963286383,0,0.415104068484396,0.932674635768565,0,           433P    605
0.413718949250181,0.925876394948486,0,0.412879715108868,             433P    606
0.918872371833099,0,0.412692307692308,0.914133931111305,0,           433P    607
0.412692307692308,0.911764705882353,0,0,1,0,0,1;                     433P    608
508,2,0,387,15,0,1,0,431,0,387,16,0,1,0,433;                         435P    609
126,28,3,1,0,1,0,0,0,0,0,0.0384615384615385,0.0769230769230769,      437P    610
0.115384615384615,0.153846153846154,0.192307692307692,               437P    611
0.230769230769231,0.269230769230769,0.307692307692308,               437P    612
0.346153846153846,0.384615384615385,0.423076923076923,               437P    613
0.461538461538461,0.5,0.538461538461538,0.576923076923077,           437P    614
0.615384615384615,0.653846153846154,0.692307692307692,               437P    615
0.73076923076923,0.769230769230769,0.807692307692307,                437P    616
0.846153846153846,0.884615384615384,0.923076923076923,               437P    617
0.961538461538461,1,1,1,1,1,1,1,1,1,1,1,1,1,1,1,1,1,1,1,1,1,1,1,     437P    618
1,1,1,1,1,1,1,1,1,1,0.0219230769230769,0.911764705882353,0,          437P    619
0.0219230769230769,0.909395480653401,0,0.0221104843396369,           437P    620
0.904657039931607,0,0.0229497184809503,0.89765301681622,0,           437P    621
0.0243348377151655,0.890854775996141,0,0.0262456438848309,           437P    622
0.884361448478323,0,0.028654273133232,0.878267722310414,0,           437P    623
0.0315256022221667,0.872662457551377,0,0.0348177607078478,           437P    624
0.867627391634385,0,0.038482741506259,0.863235947144814,0,           437P    625
0.0424671009445416,0.859552161235658,0,0.0467127380900892,           437P    626
0.856629751799656,0,0.0511577419929776,0.854511334147338,0,          437P    627
0.0557372944870254,0.853227799578268,0,0.0603846153846154,           437P    628
0.852797864916749,0,0.0650319362822053,0.853227799578268,0,          437P    629
0.0696114887762531,0.854511334147338,0,0.0740564926791414,           437P    630
0.856629751799656,0,0.078302129824689,0.859552161235658,0,           437P    631
0.0822864892629716,0.863235947144814,0,0.085951470061383,            437P    632
0.867627391634385,0,0.0892436285470641,0.872662457551377,0,          437P    633
0.0921149576359987,0.878267722310414,0,0.0945235868843998,           437P    634
0.884361448478323,0,0.0964343930540653,0.890854775996141,0,          437P    635
0.0978195122882806,0.89765301681622,0,0.0986587464295936,            437P    636
0.904657039931607,0,0.0988461538461539,0.909395480653401,0,          437P    637
0.0988461538461539,0.911764705882353,0,0,1,0,0,1;                    437P    638
126,28,3,1,0,1,0,0,0,0,0,0.0384615384615385,0.0769230769230769,      439P    639
0.115384615384615,0.153846153846154,0.192307692307692,               439P    640
0.230769230769231,0.269230769230769,0.307692307692308,               439P    641
0.346153846153846,0.384615384615385,0.423076923076923,               439P    642
0.461538461538461,0.5,0.538461538461538,0.576923076923077,           439P    643
0.615384615384615,0.653846153846154,0.692307692307692,               439P    644
0.73076923076923,0.769230769230769,0.807692307692307,                439P    645
0.846153846153846,0.884615384615384,0.923076923076923,               439P    646
0.961538461538461,1,1,1,1,1,1,1,1,1,1,1,1,1,1,1,1,1,1,1,1,1,1,1,     439P    647
1,1,1,1,1,1,1,1,1,1,0.0988461538461539,0.911764705882353,0,          439P    648
0.0988461538461539,0.914133931111305,0,0.0986587464295938,           439P    649
0.918872371833099,0,0.0978195122882806,0.925876394948486,0,          439P    650
0.0964343930540653,0.932674635768565,0,0.0945235868844,              439P    651
0.939167963286383,0,0.0921149576359987,0.945261689454292,0,          439P    652
0.0892436285470644,0.950866954213329,0,0.085951470061383,            439P    653
0.955902020130322,0,0.0822864892629718,0.960293464619892,0,          439P    654
0.0783021298246893,0.963977250529048,0,0.0740564926791414,           439P    655
0.966899659965051,0,0.0696114887762532,0.969018077617368,0,          439P    656
0.0650319362822053,0.970301612186438,0,0.0603846153846154,           439P    657
0.970731546847957,0,0.0557372944870254,0.970301612186438,0,          439P    658
0.0511577419929776,0.969018077617368,0,0.0467127380900891,           439P    659
0.966899659965051,0,0.0424671009445416,0.963977250529048,0,          439P    660
0.0384827415062591,0.960293464619892,0,0.0348177607078477,           439P    661
0.955902020130322,0,0.0315256022221665,0.950866954213329,0,          439P    662
0.028654273133232,0.945261689454292,0,0.0262456438848308,            439P    663
0.939167963286383,0,0.0243348377151654,0.932674635768566,0,          439P    664
0.0229497184809501,0.925876394948486,0,0.0221104843396371,           439P    665
0.9188723718331,0,0.0219230769230769,0.914133931111305,0,            439P    666
0.0219230769230769,0.911764705882353,0,0,1,0,0,1;                    439P    667
508,2,0,387,17,0,1,0,437,0,387,18,0,1,0,439;                         441P    668
126,28,3,1,0,1,0,0,0,0,0,0.0384615384615385,0.0769230769230769,      443P    669
0.115384615384615,0.153846153846154,0.192307692307692,               443P    670
0.230769230769231,0.269230769230769,0.307692307692308,               443P    671
0.346153846153846,0.384615384615385,0.423076923076923,               443P    672
0.461538461538461,0.5,0.538461538461538,0.576923076923077,           443P    673
0.615384615384615,0.653846153846154,0.692307692307692,               443P    674
0.73076923076923,0.769230769230769,0.807692307692307,                443P    675
0.846153846153846,0.884615384615384,0.923076923076923,               443P    676
0.961538461538461,1,1,1,1,1,1,1,1,1,1,1,1,1,1,1,1,1,1,1,1,1,1,1,     443P    677
1,1,1,1,1,1,1,1,1,1,0.315,0.911764705882353,0,0.315,                 443P    678
0.909395480653401,0,0.31518740741656,0.904657039931607,0,            443P    679
0.316026641557873,0.89765301681622,0,0.317411760792089,              443P    680
0.89085477599614,0,0.319322566961754,0.884361448478323,0,            443P    681
0.321731196210155,0.878267722310414,0,0.32460252529909,              443P    682
0.872662457551377,0,0.327894683784771,0.867627391634385,0,           443P    683
0.331559664583182,0.863235947144814,0,0.335544024021465,             443P    684
0.859552161235658,0,0.339789661167012,0.856629751799656,0,           443P    685
0.344234665069901,0.854511334147338,0,0.348814217563948,             443P    686
0.853227799578268,0,0.353461538461538,0.852797864916748,0,           443P    687
0.358108859359128,0.853227799578268,0,0.362688411853176,             443P    688
0.854511334147338,0,0.367133415756065,0.856629751799656,0,           443P    689
0.371379052901612,0.859552161235658,0,0.375363412339895,             443P    690
0.863235947144814,0,0.379028393138306,0.867627391634385,0,           443P    691
0.382320551623987,0.872662457551377,0,0.385191880712922,             443P    692
0.878267722310414,0,0.387600509961323,0.884361448478323,0,           443P    693
0.389511316130988,0.89085477599614,0,0.390896435365204,              443P    694
0.89765301681622,0,0.391735669506517,0.904657039931607,0,            443P    695
0.391923076923077,0.909395480653401,0,0.391923076923077,             443P    696
0.911764705882353,0,0,1,0,0,1;                                       443P    697
126,28,3,1,0,1,0,0,0,0,0,0.0384615384615385,0.0769230769230769,      445P    698
0.115384615384615,0.153846153846154,0.192307692307692,               445P    699
0.230769230769231,0.269230769230769,0.307692307692308,               445P    700
0.346153846153846,0.384615384615385,0.423076923076923,               445P    701
0.461538461538461,0.5,0.538461538461538,0.576923076923077,           445P    702
0.615384615384615,0.653846153846154,0.692307692307692,               445P    703
0.73076923076923,0.769230769230769,0.807692307692307,                445P    704
0.846153846153846,0.884615384615384,0.923076923076923,               445P    705
0.961538461538461,1,1,1,1,1,1,1,1,1,1,1,1,1,1,1,1,1,1,1,1,1,1,1,     445P    706
1,1,1,1,1,1,1,1,1,1,0.391923076923077,0.911764705882353,0,           445P    707
0.391923076923077,0.914133931111305,0,0.391735669506517,             445P    708
0.918872371833099,0,0.390896435365204,0.925876394948486,0,           445P    709
0.389511316130988,0.932674635768565,0,0.387600509961323,             445P    710
0.939167963286383,0,0.385191880712922,0.945261689454292,0,           445P    711
0.382320551623987,0.950866954213329,0,0.379028393138306,             445P    712
0.955902020130321,0,0.375363412339895,0.960293464619892,0,           445P    713
0.371379052901612,0.963977250529047,0,0.367133415756065,             445P    714
0.966899659965051,0,0.362688411853176,0.969018077617368,0,           445P    715
0.358108859359128,0.970301612186438,0,0.353461538461538,             445P    716
0.970731546847957,0,0.348814217563948,0.970301612186438,0,           445P    717
0.344234665069901,0.969018077617368,0,0.339789661167012,             445P    718
0.96689965996505,0,0.335544024021465,0.963977250529048,0,            445P    719
0.331559664583182,0.960293464619892,0,0.327894683784771,             445P    720
0.955902020130322,0,0.32460252529909,0.950866954213329,0,            445P    721
0.321731196210155,0.945261689454292,0,0.319322566961754,             445P    722
0.939167963286383,0,0.317411760792088,0.932674635768565,0,           445P    723
0.316026641557873,0.925876394948486,0,0.31518740741656,              445P    724
0.918872371833099,0,0.315,0.914133931111305,0,0.315,                 445P    725
0.911764705882353,0,0,1,0,0,1;                                       445P    726
508,2,0,387,19,0,1,0,443,0,387,20,0,1,0,445;                         447P    727
126,28,3,1,0,1,0,0,0,0,0,0.0384615384615385,0.0769230769230769,      449P    728
0.115384615384615,0.153846153846154,0.192307692307692,               449P    729
0.230769230769231,0.269230769230769,0.307692307692308,               449P    730
0.346153846153846,0.384615384615385,0.423076923076923,               449P    731
0.461538461538461,0.5,0.538461538461538,0.576923076923077,           449P    732
0.615384615384615,0.653846153846154,0.692307692307692,               449P    733
0.73076923076923,0.769230769230769,0.807692307692307,                449P    734
0.846153846153846,0.884615384615384,0.923076923076923,               449P    735
0.961538461538461,1,1,1,1,1,1,1,1,1,1,1,1,1,1,1,1,1,1,1,1,1,1,1,     449P    736
1,1,1,1,1,1,1,1,1,1,0.217307692307692,0.911764705882353,0,           449P    737
0.217307692307692,0.909395480653401,0,0.217495099724252,             449P    738
0.904657039931607,0,0.218334333865566,0.89765301681622,0,            449P    739
0.219719453099781,0.89085477599614,0,0.221630259269446,              449P    740
0.884361448478323,0,0.224038888517847,0.878267722310414,0,           449P    741
0.226910217606782,0.872662457551377,0,0.230202376092463,             449P    742
0.867627391634385,0,0.233867356890874,0.863235947144814,0,           449P    743
0.237851716329157,0.859552161235658,0,0.242097353474705,             449P    744
0.856629751799656,0,0.246542357377593,0.854511334147338,0,           449P    745
0.251121909871641,0.853227799578268,0,0.255769230769231,             449P    746
0.852797864916748,0,0.260416551666821,0.853227799578268,0,           449P    747
0.264996104160868,0.854511334147338,0,0.269441108063757,             449P    748
0.856629751799656,0,0.273686745209304,0.859552161235658,0,           449P    749
0.277671104647587,0.863235947144814,0,0.281336085445998,             449P    750
0.867627391634385,0,0.28462824393168,0.872662457551377,0,            449P    751
0.287499573020614,0.878267722310414,0,0.289908202269015,             449P    752
0.884361448478323,0,0.291819008438681,0.89085477599614,0,            449P    753
0.293204127672896,0.89765301681622,0,0.294043361814209,              449P    754
0.904657039931607,0,0.294230769230769,0.909395480653401,0,           449P    755
0.294230769230769,0.911764705882353,0,0,1,0,0,1;                     449P    756
126,28,3,1,0,1,0,0,0,0,0,0.0384615384615385,0.0769230769230769,      451P    757
0.115384615384615,0.153846153846154,0.192307692307692,               451P    758
0.230769230769231,0.269230769230769,0.307692307692308,               451P    759
0.346153846153846,0.384615384615385,0.423076923076923,               451P    760
0.461538461538461,0.5,0.538461538461538,0.576923076923077,           451P    761
0.615384615384615,0.653846153846154,0.692307692307692,               451P    762
0.73076923076923,0.769230769230769,0.807692307692307,                451P    763
0.846153846153846,0.884615384615384,0.923076923076923,               451P    764
0.961538461538461,1,1,1,1,1,1,1,1,1,1,1,1,1,1,1,1,1,1,1,1,1,1,1,     451P    765
1,1,1,1,1,1,1,1,1,1,0.294230769230769,0.911764705882353,0,           451P    766
0.294230769230769,0.914133931111305,0,0.294043361814209,             451P    767
0.918872371833099,0,0.293204127672896,0.925876394948486,0,           451P    768
0.291819008438681,0.932674635768565,0,0.289908202269015,             451P    769
0.939167963286383,0,0.287499573020614,0.945261689454292,0,           451P    770
0.28462824393168,0.950866954213329,0,0.281336085445998,              451P    771
0.955902020130321,0,0.277671104647587,0.960293464619892,0,           451P    772
0.273686745209305,0.963977250529047,0,0.269441108063757,             451P    773
0.966899659965051,0,0.264996104160869,0.969018077617368,0,           451P    774
0.260416551666821,0.970301612186438,0,0.255769230769231,             451P    775
0.970731546847957,0,0.251121909871641,0.970301612186438,0,           451P    776
0.246542357377593,0.969018077617368,0,0.242097353474705,             451P    777
0.96689965996505,0,0.237851716329157,0.963977250529048,0,            451P    778
0.233867356890874,0.960293464619892,0,0.230202376092463,             451P    779
0.955902020130322,0,0.226910217606782,0.950866954213329,0,           451P    780
0.224038888517847,0.945261689454292,0,0.221630259269446,             451P    781
0.939167963286383,0,0.219719453099781,0.932674635768565,0,           451P    782
0.218334333865566,0.925876394948486,0,0.217495099724252,             451P    783
0.918872371833099,0,0.217307692307692,0.914133931111305,0,           451P    784
0.217307692307692,0.911764705882353,0,0,1,0,0,1;                     451P    785
508,2,0,387,21,0,1,0,449,0,387,22,0,1,0,451;                         453P    786
126,28,3,1,0,1,0,0,0,0,0,0.0384615384615385,0.0769230769230769,      455P    787
0.115384615384615,0.153846153846154,0.192307692307692,               455P    788
0.230769230769231,0.269230769230769,0.307692307692308,               455P    789
0.346153846153846,0.384615384615385,0.423076923076923,               455P    790
0.461538461538461,0.5,0.538461538461538,0.576923076923077,           455P    791
0.615384615384615,0.653846153846154,0.692307692307692,               455P    792
0.73076923076923,0.769230769230769,0.807692307692307,                455P    793
0.846153846153846,0.884615384615384,0.923076923076923,               455P    794
0.961538461538461,1,1,1,1,1,1,1,1,1,1,1,1,1,1,1,1,1,1,1,1,1,1,1,     455P    795
1,1,1,1,1,1,1,1,1,1,0.119615384615385,0.911764705882353,0,           455P    796
0.119615384615385,0.909395480653401,0,0.119802792031945,             455P    797
0.904657039931607,0,0.120642026173258,0.89765301681622,0,            455P    798
0.122027145407473,0.89085477599614,0,0.123937951577138,              455P    799
0.884361448478323,0,0.12634658082554,0.878267722310414,0,            455P    800
0.129217909914474,0.872662457551377,0,0.132510068400155,             455P    801
0.867627391634385,0,0.136175049198567,0.863235947144814,0,           455P    802
0.140159408636849,0.859552161235658,0,0.144405045782397,             455P    803
0.856629751799656,0,0.148850049685285,0.854511334147338,0,           455P    804
0.153429602179333,0.853227799578268,0,0.158076923076923,             455P    805
0.852797864916748,0,0.162724243974513,0.853227799578268,0,           455P    806
0.167303796468561,0.854511334147338,0,0.171748800371449,             455P    807
0.856629751799656,0,0.175994437516997,0.859552161235658,0,           455P    808
0.179978796955279,0.863235947144814,0,0.183643777753691,             455P    809
0.867627391634385,0,0.186935936239372,0.872662457551377,0,           455P    810
0.189807265328306,0.878267722310414,0,0.192215894576708,             455P    811
0.884361448478323,0,0.194126700746373,0.89085477599614,0,            455P    812
0.195511819980588,0.89765301681622,0,0.196351054121901,              455P    813
0.904657039931607,0,0.196538461538461,0.909395480653401,0,           455P    814
0.196538461538461,0.911764705882353,0,0,1,0,0,1;                     455P    815
126,28,3,1,0,1,0,0,0,0,0,0.0384615384615385,0.0769230769230769,      457P    816
0.115384615384615,0.153846153846154,0.192307692307692,               457P    817
0.230769230769231,0.269230769230769,0.307692307692308,               457P    818
0.346153846153846,0.384615384615385,0.423076923076923,               457P    819
0.461538461538461,0.5,0.538461538461538,0.576923076923077,           457P    820
0.615384615384615,0.653846153846154,0.692307692307692,               457P    821
0.73076923076923,0.769230769230769,0.807692307692307,                457P    822
0.846153846153846,0.884615384615384,0.923076923076923,               457P    823
0.961538461538461,1,1,1,1,1,1,1,1,1,1,1,1,1,1,1,1,1,1,1,1,1,1,1,     457P    824
1,1,1,1,1,1,1,1,1,1,0.196538461538461,0.911764705882353,0,           457P    825
0.196538461538461,0.914133931111305,0,0.196351054121901,             457P    826
0.918872371833099,0,0.195511819980588,0.925876394948486,0,           457P    827
0.194126700746373,0.932674635768565,0,0.192215894576708,             457P    828
0.939167963286383,0,0.189807265328306,0.945261689454292,0,           457P    829
0.186935936239372,0.950866954213329,0,0.183643777753691,             457P    830
0.955902020130321,0,0.179978796955279,0.960293464619892,0,           457P    831
0.175994437516997,0.963977250529047,0,0.171748800371449,             457P    832
0.966899659965051,0,0.167303796468561,0.969018077617368,0,           457P    833
0.162724243974513,0.970301612186438,0,0.158076923076923,             457P    834
0.970731546847957,0,0.153429602179333,0.970301612186438,0,           457P    835
0.148850049685285,0.969018077617368,0,0.144405045782397,             457P    836
0.96689965996505,0,0.140159408636849,0.963977250529048,0,            457P    837
0.136175049198567,0.960293464619892,0,0.132510068400155,             457P    838
0.955902020130322,0,0.129217909914474,0.950866954213329,0,           457P    839
0.12634658082554,0.945261689454292,0,0.123937951577138,              457P    840
0.939167963286383,0,0.122027145407473,0.932674635768565,0,           457P    841
0.120642026173258,0.925876394948486,0,0.119802792031945,             457P    842
0.918872371833099,0,0.119615384615385,0.914133931111305,0,           457P    843
0.119615384615385,0.911764705882353,0,0,1,0,0,1;                     457P    844
508,2,0,387,23,0,1,0,455,0,387,24,0,1,0,457;                         459P    845
126,1,1,1,0,1,0,0,0,1,1,1,1,0.696153846153846,0.341176470588235,     461P    846
0,0.696153846153846,0.517647058823529,0,0,1,0,0,1;                   461P    847
126,1,1,1,0,1,0,0,0,1,1,1,1,0.580769230769231,0.341176470588235,     463P    848
0,0.696153846153846,0.341176470588235,0,0,1,0,0,1;                   463P    849
126,1,1,1,0,1,0,0,0,1,1,1,1,0.580769230769231,0.517647058823529,     465P    850
0,0.580769230769231,0.341176470588235,0,0,1,0,0,1;                   465P    851
126,1,1,1,0,1,0,0,0,1,1,1,1,0.696153846153846,0.517647058823529,     467P    852
0,0.580769230769231,0.517647058823529,0,0,1,0,0,1;                   467P    853
508,4,0,387,25,0,1,0,461,0,387,26,0,1,0,463,0,387,27,0,1,0,465,      469P    854
0,387,28,0,1,0,467;                                                  469P    855
126,1,1,1,0,1,0,0,0,1,1,1,1,0.307692307692308,0.470588235294118,     471P    856
0,0.423076923076923,0.470588235294118,0,0,1,0,0,1;                   471P    857
126,1,1,1,0,1,0,0,0,1,1,1,1,0.307692307692308,0.764705882352941,     473P    858
0,0.307692307692308,0.470588235294118,0,0,1,0,0,1;                   473P    859
126,1,1,1,0,1,0,0,0,1,1,1,1,0.423076923076923,0.764705882352941,     475P    860
0,0.307692307692308,0.764705882352941,0,0,1,0,0,1;                   475P    861
126,1,1,1,0,1,0,0,0,1,1,1,1,0.423076923076923,0.470588235294118,     477P    862
0,0.423076923076923,0.764705882352941,0,0,1,0,0,1;                   477P    863
508,4,0,387,29,0,1,0,471,0,387,30,0,1,0,473,0,387,31,0,1,0,475,      479P    864
0,387,32,0,1,0,477;                                                  479P    865
126,28,3,1,0,1,0,0,0,0,0,0.0384615384615385,0.0769230769230769,      481P    866
0.115384615384615,0.153846153846154,0.192307692307692,               481P    867
0.230769230769231,0.269230769230769,0.307692307692308,               481P    868
0.346153846153846,0.384615384615385,0.423076923076923,               481P    869
0.461538461538461,0.5,0.538461538461538,0.576923076923077,           481P    870
0.615384615384615,0.653846153846154,0.692307692307692,               481P    871
0.73076923076923,0.769230769230769,0.807692307692307,                481P    872
0.846153846153846,0.884615384615384,0.923076923076923,               481P    873
0.961538461538461,1,1,1,1,1,1,1,1,1,1,1,1,1,1,1,1,1,1,1,1,1,1,1,     481P    874
1,1,1,1,1,1,1,1,1,1,0.0384615384615384,0.147058823529412,0,          481P    875
0.0384615384615384,0.143504985685984,0,0.0387426495863785,           481P    876
0.136397324603292,0,0.0400015007983485,0.125891289930212,0,          481P    877
0.0420791796496711,0.115693928700093,0,0.0449453889041694,           481P    878
0.105953937423367,0,0.0485583327767711,0.0968133481715036,0,         481P    879
0.0528653264101731,0.0884054510329484,0,0.0578035641386945,          481P    880
0.0808528521574592,0,0.0633010353363118,0.0742656854231029,0,        481P    881
0.0692775744937356,0.06874000655937,0,0.0756460302120568,            481P    882
0.0643563924053655,0,0.0823135360663895,0.0611787659268896,0,        481P    883
0.0891828648074611,0.0592534640732838,0,0.0961538461538461,          481P    884
0.0586085620810051,0,0.103124827500231,0.0592534640732839,0,         481P    885
0.109994156241303,0.0611787659268895,0,0.116661662095635,            481P    886
0.0643563924053654,0,0.123030117813957,0.0687400065593698,0,         481P    887
0.129006656971381,0.0742656854231028,0,0.134504128168997,            481P    888
0.080852852157459,0,0.139442365897519,0.0884054510329481,0,          481P    889
0.143749359530921,0.0968133481715036,0,0.147362303403523,            481P    890
0.105953937423367,0,0.150228512658021,0.115693928700093,0,           481P    891
0.152306191509344,0.125891289930212,0,0.153565042721314,             481P    892
0.136397324603292,0,0.153846153846154,0.143504985685984,0,           481P    893
0.153846153846154,0.147058823529412,0,0,1,0,0,1;                     481P    894
126,28,3,1,0,1,0,0,0,0,0,0.0384615384615385,0.0769230769230769,      483P    895
0.115384615384615,0.153846153846154,0.192307692307692,               483P    896
0.230769230769231,0.269230769230769,0.307692307692308,               483P    897
0.346153846153846,0.384615384615385,0.423076923076923,               483P    898
0.461538461538461,0.5,0.538461538461538,0.576923076923077,           483P    899
0.615384615384615,0.653846153846154,0.692307692307692,               483P    900
0.73076923076923,0.769230769230769,0.807692307692307,                483P    901
0.846153846153846,0.884615384615384,0.923076923076923,               483P    902
0.961538461538461,1,1,1,1,1,1,1,1,1,1,1,1,1,1,1,1,1,1,1,1,1,1,1,     483P    903
1,1,1,1,1,1,1,1,1,1,0.153846153846154,0.147058823529412,0,           483P    904
0.153846153846154,0.150612661372839,0,0.153565042721314,             483P    905
0.157720322455531,0,0.152306191509344,0.168226357128611,0,           483P    906
0.150228512658021,0.17842371835873,0,0.147362303403523,              483P    907
0.188163709635457,0,0.143749359530921,0.19730429888732,0,            483P    908
0.13944236589752,0.205712196025875,0,0.134504128168998,              483P    909
0.213264794901364,0,0.129006656971381,0.219851961635721,0,           483P    910
0.123030117813957,0.225377640499454,0,0.116661662095635,             483P    911
0.229761254653458,0,0.109994156241303,0.232938881131934,0,           483P    912
0.103124827500231,0.23486418298554,0,0.0961538461538461,             483P    913
0.235509084977818,0,0.0891828648074613,0.23486418298554,0,           483P    914
0.0823135360663894,0.232938881131934,0,0.075646030212057,            483P    915
0.229761254653458,0,0.0692775744937356,0.225377640499454,0,          483P    916
0.0633010353363116,0.219851961635721,0,0.0578035641386945,           483P    917
0.213264794901364,0,0.052865326410173,0.205712196025875,0,           483P    918
0.048558332776771,0.19730429888732,0,0.0449453889041693,             483P    919
0.188163709635457,0,0.0420791796496711,0.17842371835873,0,           483P    920
0.0400015007983485,0.168226357128612,0,0.0387426495863785,           483P    921
0.157720322455531,0,0.0384615384615384,0.150612661372839,0,          483P    922
0.0384615384615384,0.147058823529412,0,0,1,0,0,1;                    483P    923
508,2,0,387,33,0,1,0,481,0,387,34,0,1,0,483;                         485P    924
126,28,3,1,0,1,0,0,0,0,0,0.0384615384615385,0.0769230769230769,      487P    925
0.115384615384615,0.153846153846154,0.192307692307692,               487P    926
0.230769230769231,0.269230769230769,0.307692307692308,               487P    927
0.346153846153846,0.384615384615385,0.423076923076923,               487P    928
0.461538461538461,0.5,0.538461538461538,0.576923076923077,           487P    929
0.615384615384615,0.653846153846154,0.692307692307692,               487P    930
0.73076923076923,0.769230769230769,0.807692307692307,                487P    931
0.846153846153846,0.884615384615384,0.923076923076923,               487P    932
0.961538461538461,1,1,1,1,1,1,1,1,1,1,1,1,1,1,1,1,1,1,1,1,1,1,1,     487P    933
1,1,1,1,1,1,1,1,1,1,0.846153846153846,0.147058823529412,0,           487P    934
0.846153846153846,0.143504985685984,0,0.846434957278686,             487P    935
0.136397324603292,0,0.847693808490656,0.125891289930212,0,           487P    936
0.849771487341979,0.115693928700093,0,0.852637696596477,             487P    937
0.105953937423367,0,0.856250640469079,0.0968133481715036,0,          487P    938
0.860557634102481,0.0884054510329484,0,0.865495871831002,            487P    939
0.0808528521574592,0,0.870993343028619,0.0742656854231029,0,         487P    940
0.876969882186043,0.06874000655937,0,0.883338337904365,              487P    941
0.0643563924053655,0,0.890005843758697,0.0611787659268896,0,         487P    942
0.896875172499769,0.0592534640732838,0,0.903846153846154,            487P    943
0.0586085620810051,0,0.910817135192539,0.0592534640732839,0,         487P    944
0.917686463933611,0.0611787659268895,0,0.924353969787943,            487P    945
0.0643563924053654,0,0.930722425506264,0.0687400065593698,0,         487P    946
0.936698964663689,0.0742656854231028,0,0.942196435861305,            487P    947
0.080852852157459,0,0.947134673589827,0.0884054510329481,0,          487P    948
0.951441667223229,0.0968133481715036,0,0.955054611095831,            487P    949
0.105953937423367,0,0.957920820350329,0.115693928700093,0,           487P    950
0.959998499201651,0.125891289930212,0,0.961257350413621,             487P    951
0.136397324603292,0,0.961538461538462,0.143504985685984,0,           487P    952
0.961538461538462,0.147058823529412,0,0,1,0,0,1;                     487P    953
126,28,3,1,0,1,0,0,0,0,0,0.0384615384615385,0.0769230769230769,      489P    954
0.115384615384615,0.153846153846154,0.192307692307692,               489P    955
0.230769230769231,0.269230769230769,0.307692307692308,               489P    956
0.346153846153846,0.384615384615385,0.423076923076923,               489P    957
0.461538461538461,0.5,0.538461538461538,0.576923076923077,           489P    958
0.615384615384615,0.653846153846154,0.692307692307692,               489P    959
0.73076923076923,0.769230769230769,0.807692307692307,                489P    960
0.846153846153846,0.884615384615384,0.923076923076923,               489P    961
0.961538461538461,1,1,1,1,1,1,1,1,1,1,1,1,1,1,1,1,1,1,1,1,1,1,1,     489P    962
1,1,1,1,1,1,1,1,1,1,0.961538461538462,0.147058823529412,0,           489P    963
0.961538461538462,0.150612661372839,0,0.961257350413621,             489P    964
0.157720322455531,0,0.959998499201651,0.168226357128611,0,           489P    965
0.957920820350329,0.17842371835873,0,0.955054611095831,              489P    966
0.188163709635457,0,0.951441667223229,0.19730429888732,0,            489P    967
0.947134673589827,0.205712196025875,0,0.942196435861305,             489P    968
0.213264794901364,0,0.936698964663688,0.219851961635721,0,           489P    969
0.930722425506264,0.225377640499454,0,0.924353969787943,             489P    970
0.229761254653458,0,0.917686463933611,0.232938881131934,0,           489P    971
0.910817135192539,0.23486418298554,0,0.903846153846154,              489P    972
0.235509084977818,0,0.896875172499769,0.23486418298554,0,            489P    973
0.890005843758697,0.232938881131934,0,0.883338337904365,             489P    974
0.229761254653458,0,0.876969882186043,0.225377640499454,0,           489P    975
0.870993343028619,0.219851961635721,0,0.865495871831002,             489P    976
0.213264794901364,0,0.860557634102481,0.205712196025875,0,           489P    977
0.856250640469079,0.19730429888732,0,0.852637696596477,              489P    978
0.188163709635457,0,0.849771487341979,0.17842371835873,0,            489P    979
0.847693808490656,0.168226357128612,0,0.846434957278686,             489P    980
0.157720322455531,0,0.846153846153846,0.150612661372839,0,           489P    981
0.846153846153846,0.147058823529412,0,0,1,0,0,1;                     489P    982
508,2,0,387,35,0,1,0,487,0,387,36,0,1,0,489;                         491P    983
126,1,1,1,0,1,0,0,0,1,1,1,1,0.0769230769230769,                      493P    984
0.511764705882353,0,0.223076923076923,0.511764705882353,0,0,1,0,     493P    985
0,1;                                                                 493P    986
126,1,1,1,0,1,0,0,0,1,1,1,1,0.0769230769230769,                      495P    987
0.735294117647059,0,0.0769230769230769,0.511764705882353,0,0,1,      495P    988
0,0,1;                                                               495P    989
126,1,1,1,0,1,0,0,0,1,1,1,1,0.223076923076923,0.735294117647059,     497P    990
0,0.0769230769230769,0.735294117647059,0,0,1,0,0,1;                  497P    991
126,1,1,1,0,1,0,0,0,1,1,1,1,0.223076923076923,0.511764705882353,     499P    992
0,0.223076923076923,0.735294117647059,0,0,1,0,0,1;                   499P    993
508,4,0,387,37,0,1,0,493,0,387,38,0,1,0,495,0,387,39,0,1,0,497,      501P    994
0,387,40,0,1,0,499;                                                  501P    995
126,1,1,1,0,1,0,0,0,1,1,1,1,0.288461538461538,0.362941176470588,     503P    996
0,0.288461538461538,0.127647058823529,0,0,1,0,0,1;                   503P    997
126,1,1,1,0,1,0,0,0,1,1,1,1,0.442307692307692,0.362941176470588,     505P    998
0,0.288461538461538,0.362941176470588,0,0,1,0,0,1;                   505P    999
126,1,1,1,0,1,0,0,0,1,1,1,1,0.442307692307692,0.127647058823529,     507P   1000
0,0.442307692307692,0.362941176470588,0,0,1,0,0,1;                   507P   1001
126,1,1,1,0,1,0,0,0,1,1,1,1,0.288461538461538,0.127647058823529,     509P   1002
0,0.442307692307692,0.127647058823529,0,0,1,0,0,1;                   509P   1003
508,4,0,387,41,0,1,0,503,0,387,42,0,1,0,505,0,387,43,0,1,0,507,      511P   1004
0,387,44,0,1,0,509;                                                  511P   1005
126,1,1,1,0,1,0,0,0,1,1,1,1,0.846153846153846,0.558823529411765,     513P   1006
0,0.846153846153846,0.764705882352941,0,0,1,0,0,1;                   513P   1007
126,1,1,1,0,1,0,0,0,1,1,1,1,0.776923076923077,0.558823529411765,     515P   1008
0,0.846153846153846,0.558823529411765,0,0,1,0,0,1;                   515P   1009
126,1,1,1,0,1,0,0,0,1,1,1,1,0.776923076923077,0.764705882352941,     517P   1010
0,0.776923076923077,0.558823529411765,0,0,1,0,0,1;                   517P   1011
126,1,1,1,0,1,0,0,0,1,1,1,1,0.846153846153846,0.764705882352941,     519P   1012
0,0.776923076923077,0.764705882352941,0,0,1,0,0,1;                   519P   1013
508,4,0,387,45,0,1,0,513,0,387,46,0,1,0,515,0,387,47,0,1,0,517,      521P   1014
0,387,48,0,1,0,519;                                                  521P   1015
314,0,40,80,1H ;                                                     523P   1016
510,389,18,1,399,405,411,417,423,429,435,441,447,453,459,469,        525P   1017
479,485,491,501,511,521;                                             525P   1018
110,8.89,-7,1.6,8.89,-7,2.6;                                         527P   1019
110,9.89,-7,1.6,9.89,-7,1.61;                                        529P   1020
120,527,529,0,6.28318530717959;                                      531P   1021
126,1,1,1,0,1,0,0,0,1,1,1,1,0,0,0,1,0,0,0,1,0,0,1;                   533P   1022
126,1,1,1,0,1,0,0,0,1,1,1,1,0,0,0,0,3.14159265358979,0,0,1,0,0,      535P   1023
1;                                                                   535P   1024
126,1,1,1,0,1,0,0,0,1,1,1,1,0,3.14159265358979,0,1,                  537P   1025
3.14159265358979,0,0,1,0,0,1;                                        537P   1026
126,1,1,1,0,1,0,0,0,1,1,1,1,1,0,0,1,3.14159265358979,0,0,1,0,0,      539P   1027
1;                                                                   539P   1028
508,4,0,387,49,0,1,0,533,0,387,23,1,1,0,535,0,387,50,1,1,0,537,      541P   1029
0,387,51,0,1,0,539;                                                  541P   1030
314,60,29.8039215686275,0,1H ;                                       543P   1031
510,531,1,1,541;                                                     545P   1032
110,6.35,-7,1.6,6.35,-7,2.6;                                         547P   1033
110,7.35,-7,1.6,7.35,-7,1.61;                                        549P   1034
120,547,549,0,6.28318530717959;                                      551P   1035
126,1,1,1,0,1,0,0,0,1,1,1,1,0,0,0,1,0,0,0,1,0,0,1;                   553P   1036
126,1,1,1,0,1,0,0,0,1,1,1,1,0,0,0,0,3.14159265358979,0,0,1,0,0,      555P   1037
1;                                                                   555P   1038
126,1,1,1,0,1,0,0,0,1,1,1,1,0,3.14159265358979,0,1,                  557P   1039
3.14159265358979,0,0,1,0,0,1;                                        557P   1040
126,1,1,1,0,1,0,0,0,1,1,1,1,1,0,0,1,3.14159265358979,0,0,1,0,0,      559P   1041
1;                                                                   559P   1042
508,4,0,387,52,0,1,0,553,0,387,21,1,1,0,555,0,387,53,1,1,0,557,      561P   1043
0,387,54,0,1,0,559;                                                  561P   1044
510,551,1,1,561;                                                     563P   1045
110,3.81,-7,1.6,3.81,-7,2.6;                                         565P   1046
110,4.81,-7,1.6,4.81,-7,1.61;                                        567P   1047
120,565,567,0,6.28318530717959;                                      569P   1048
126,1,1,1,0,1,0,0,0,1,1,1,1,0,0,0,1,0,0,0,1,0,0,1;                   571P   1049
126,1,1,1,0,1,0,0,0,1,1,1,1,0,0,0,0,3.14159265358979,0,0,1,0,0,      573P   1050
1;                                                                   573P   1051
126,1,1,1,0,1,0,0,0,1,1,1,1,0,3.14159265358979,0,1,                  575P   1052
3.14159265358979,0,0,1,0,0,1;                                        575P   1053
126,1,1,1,0,1,0,0,0,1,1,1,1,1,0,0,1,3.14159265358979,0,0,1,0,0,      577P   1054
1;                                                                   577P   1055
508,4,0,387,55,0,1,0,571,0,387,19,1,1,0,573,0,387,56,1,1,0,575,      579P   1056
0,387,57,0,1,0,577;                                                  579P   1057
510,569,1,1,579;                                                     581P   1058
110,11.43,-7,1.6,11.43,-7,2.6;                                       583P   1059
110,12.43,-7,1.6,12.43,-7,1.61;                                      585P   1060
120,583,585,0,6.28318530717959;                                      587P   1061
126,1,1,1,0,1,0,0,0,1,1,1,1,0,0,0,1,0,0,0,1,0,0,1;                   589P   1062
126,1,1,1,0,1,0,0,0,1,1,1,1,0,0,0,0,3.14159265358979,0,0,1,0,0,      591P   1063
1;                                                                   591P   1064
126,1,1,1,0,1,0,0,0,1,1,1,1,0,3.14159265358979,0,1,                  593P   1065
3.14159265358979,0,0,1,0,0,1;                                        593P   1066
126,1,1,1,0,1,0,0,0,1,1,1,1,1,0,0,1,3.14159265358979,0,0,1,0,0,      595P   1067
1;                                                                   595P   1068
508,4,0,387,58,0,1,0,589,0,387,17,1,1,0,591,0,387,59,1,1,0,593,      597P   1069
0,387,60,0,1,0,595;                                                  597P   1070
510,587,1,1,597;                                                     599P   1071
110,1.27,-7,1.6,1.27,-7,2.6;                                         601P   1072
110,2.27,-7,1.6,2.27,-7,1.61;                                        603P   1073
120,601,603,0,6.28318530717959;                                      605P   1074
126,1,1,1,0,1,0,0,0,1,1,1,1,0,0,0,1,0,0,0,1,0,0,1;                   607P   1075
126,1,1,1,0,1,0,0,0,1,1,1,1,0,0,0,0,3.14159265358979,0,0,1,0,0,      609P   1076
1;                                                                   609P   1077
126,1,1,1,0,1,0,0,0,1,1,1,1,0,3.14159265358979,0,1,                  611P   1078
3.14159265358979,0,0,1,0,0,1;                                        611P   1079
126,1,1,1,0,1,0,0,0,1,1,1,1,1,0,0,1,3.14159265358979,0,0,1,0,0,      613P   1080
1;                                                                   613P   1081
508,4,0,387,61,0,1,0,607,0,387,15,1,1,0,609,0,387,62,1,1,0,611,      615P   1082
0,387,63,0,1,0,613;                                                  615P   1083
510,605,1,1,615;                                                     617P   1084
110,-11.43,-7,1.6,-11.43,-7,2.6;                                     619P   1085
110,-10.43,-7,1.6,-10.43,-7,1.61;                                    621P   1086
120,619,621,0,6.28318530717959;                                      623P   1087
126,1,1,1,0,1,0,0,0,1,1,1,1,0,0,0,1,0,0,0,1,0,0,1;                   625P   1088
126,1,1,1,0,1,0,0,0,1,1,1,1,0,0,0,0,3.14159265358979,0,0,1,0,0,      627P   1089
1;                                                                   627P   1090
126,1,1,1,0,1,0,0,0,1,1,1,1,0,3.14159265358979,0,1,                  629P   1091
3.14159265358979,0,0,1,0,0,1;                                        629P   1092
126,1,1,1,0,1,0,0,0,1,1,1,1,1,0,0,1,3.14159265358979,0,0,1,0,0,      631P   1093
1;                                                                   631P   1094
508,4,0,387,64,0,1,0,625,0,387,13,1,1,0,627,0,387,65,1,1,0,629,      633P   1095
0,387,66,0,1,0,631;                                                  633P   1096
510,623,1,1,633;                                                     635P   1097
110,-8.89,-7,1.6,-8.89,-7,2.6;                                       637P   1098
110,-7.89,-7,1.6,-7.89,-7,1.61;                                      639P   1099
120,637,639,0,6.28318530717959;                                      641P   1100
126,1,1,1,0,1,0,0,0,1,1,1,1,0,0,0,1,0,0,0,1,0,0,1;                   643P   1101
126,1,1,1,0,1,0,0,0,1,1,1,1,0,0,0,0,3.14159265358979,0,0,1,0,0,      645P   1102
1;                                                                   645P   1103
126,1,1,1,0,1,0,0,0,1,1,1,1,0,3.14159265358979,0,1,                  647P   1104
3.14159265358979,0,0,1,0,0,1;                                        647P   1105
126,1,1,1,0,1,0,0,0,1,1,1,1,1,0,0,1,3.14159265358979,0,0,1,0,0,      649P   1106
1;                                                                   649P   1107
508,4,0,387,67,0,1,0,643,0,387,11,1,1,0,645,0,387,68,1,1,0,647,      651P   1108
0,387,69,0,1,0,649;                                                  651P   1109
510,641,1,1,651;                                                     653P   1110
110,-6.35,-7,1.6,-6.35,-7,2.6;                                       655P   1111
110,-5.35,-7,1.6,-5.35,-7,1.61;                                      657P   1112
120,655,657,0,6.28318530717959;                                      659P   1113
126,1,1,1,0,1,0,0,0,1,1,1,1,0,0,0,1,0,0,0,1,0,0,1;                   661P   1114
126,1,1,1,0,1,0,0,0,1,1,1,1,0,0,0,0,3.14159265358979,0,0,1,0,0,      663P   1115
1;                                                                   663P   1116
126,1,1,1,0,1,0,0,0,1,1,1,1,0,3.14159265358979,0,1,                  665P   1117
3.14159265358979,0,0,1,0,0,1;                                        665P   1118
126,1,1,1,0,1,0,0,0,1,1,1,1,1,0,0,1,3.14159265358979,0,0,1,0,0,      667P   1119
1;                                                                   667P   1120
508,4,0,387,70,0,1,0,661,0,387,9,1,1,0,663,0,387,71,1,1,0,665,0,     669P   1121
387,72,0,1,0,667;                                                    669P   1122
510,659,1,1,669;                                                     671P   1123
110,-3.81,-7,1.6,-3.81,-7,2.6;                                       673P   1124
110,-2.81,-7,1.6,-2.81,-7,1.61;                                      675P   1125
120,673,675,0,6.28318530717959;                                      677P   1126
126,1,1,1,0,1,0,0,0,1,1,1,1,0,0,0,1,0,0,0,1,0,0,1;                   679P   1127
126,1,1,1,0,1,0,0,0,1,1,1,1,0,0,0,0,3.14159265358979,0,0,1,0,0,      681P   1128
1;                                                                   681P   1129
126,1,1,1,0,1,0,0,0,1,1,1,1,0,3.14159265358979,0,1,                  683P   1130
3.14159265358979,0,0,1,0,0,1;                                        683P   1131
126,1,1,1,0,1,0,0,0,1,1,1,1,1,0,0,1,3.14159265358979,0,0,1,0,0,      685P   1132
1;                                                                   685P   1133
508,4,0,387,73,0,1,0,679,0,387,7,1,1,0,681,0,387,74,1,1,0,683,0,     687P   1134
387,75,0,1,0,685;                                                    687P   1135
510,677,1,1,687;                                                     689P   1136
110,-1.27,-7,1.6,-1.27,-7,2.6;                                       691P   1137
110,-0.270000000000001,-7,1.6,-0.270000000000001,-7,1.61;            693P   1138
120,691,693,0,6.28318530717959;                                      695P   1139
126,1,1,1,0,1,0,0,0,1,1,1,1,0,0,0,1,0,0,0,1,0,0,1;                   697P   1140
126,1,1,1,0,1,0,0,0,1,1,1,1,0,0,0,0,3.14159265358979,0,0,1,0,0,      699P   1141
1;                                                                   699P   1142
126,1,1,1,0,1,0,0,0,1,1,1,1,0,3.14159265358979,0,1,                  701P   1143
3.14159265358979,0,0,1,0,0,1;                                        701P   1144
126,1,1,1,0,1,0,0,0,1,1,1,1,1,0,0,1,3.14159265358979,0,0,1,0,0,      703P   1145
1;                                                                   703P   1146
508,4,0,387,76,0,1,0,697,0,387,5,1,1,0,699,0,387,77,1,1,0,701,0,     705P   1147
387,78,0,1,0,703;                                                    705P   1148
510,695,1,1,705;                                                     707P   1149
128,1,1,1,1,0,0,1,0,0,0,0,1,1,0,0,1,1,1,1,1,1,-13,8.5,0,-13,         709P   1150
-8.5,0,-13,8.5,1.6,-13,-8.5,1.6,0,1,0,1;                             709P   1151
126,1,1,1,0,1,0,0,0,1,1,1,1,0,0,0,1,0,0,0,1,0,0,1;                   711P   1152
126,1,1,1,0,1,0,0,0,1,1,1,1,1,0,0,1,1,0,0,1,0,0,1;                   713P   1153
126,1,1,1,0,1,0,0,0,1,1,1,1,0,1,0,1,1,0,0,1,0,0,1;                   715P   1154
126,1,1,1,0,1,0,0,0,1,1,1,1,0,0,0,0,1,0,0,1,0,0,1;                   717P   1155
508,4,0,387,79,1,1,0,711,0,387,80,1,1,0,713,0,387,1,0,1,0,715,0,     719P   1156
387,81,0,1,0,717;                                                    719P   1157
510,709,1,1,719;                                                     721P   1158
128,1,1,1,1,0,0,1,0,0,0,0,1,1,0,0,1,1,1,1,1,1,-13,-8.5,0,13,         723P   1159
-8.5,0,-13,-8.5,1.6,13,-8.5,1.6,0,1,0,1;                             723P   1160
126,1,1,1,0,1,0,0,0,1,1,1,1,0,0,0,1,0,0,0,1,0,0,1;                   725P   1161
126,1,1,1,0,1,0,0,0,1,1,1,1,1,0,0,1,1,0,0,1,0,0,1;                   727P   1162
126,1,1,1,0,1,0,0,0,1,1,1,1,0,1,0,1,1,0,0,1,0,0,1;                   729P   1163
126,1,1,1,0,1,0,0,0,1,1,1,1,0,0,0,0,1,0,0,1,0,0,1;                   731P   1164
508,4,0,387,82,1,1,0,725,0,387,83,1,1,0,727,0,387,2,0,1,0,729,0,     733P   1165
387,80,0,1,0,731;                                                    733P   1166
510,723,1,1,733;                                                     735P   1167
128,1,1,1,1,0,0,1,0,0,0,0,1,1,0,0,1,1,1,1,1,1,13,-8.5,0,13,8.5,      737P   1168
0,13,-8.5,1.6,13,8.5,1.6,0,1,0,1;                                    737P   1169
126,1,1,1,0,1,0,0,0,1,1,1,1,0,0,0,1,0,0,0,1,0,0,1;                   739P   1170
126,1,1,1,0,1,0,0,0,1,1,1,1,1,0,0,1,1,0,0,1,0,0,1;                   741P   1171
126,1,1,1,0,1,0,0,0,1,1,1,1,0,1,0,1,1,0,0,1,0,0,1;                   743P   1172
126,1,1,1,0,1,0,0,0,1,1,1,1,0,0,0,0,1,0,0,1,0,0,1;                   745P   1173
508,4,0,387,84,1,1,0,739,0,387,85,1,1,0,741,0,387,3,0,1,0,743,0,     747P   1174
387,83,0,1,0,745;                                                    747P   1175
510,737,1,1,747;                                                     749P   1176
128,1,1,1,1,0,0,1,0,0,0,0,1,1,0,0,1,1,1,1,1,1,13,8.5,0,-13,8.5,      751P   1177
0,13,8.5,1.6,-13,8.5,1.6,0,1,0,1;                                    751P   1178
126,1,1,1,0,1,0,0,0,1,1,1,1,0,0,0,1,0,0,0,1,0,0,1;                   753P   1179
126,1,1,1,0,1,0,0,0,1,1,1,1,1,0,0,1,1,0,0,1,0,0,1;                   755P   1180
126,1,1,1,0,1,0,0,0,1,1,1,1,0,1,0,1,1,0,0,1,0,0,1;                   757P   1181
126,1,1,1,0,1,0,0,0,1,1,1,1,0,0,0,0,1,0,0,1,0,0,1;                   759P   1182
508,4,0,387,86,1,1,0,753,0,387,81,1,1,0,755,0,387,4,0,1,0,757,0,     761P   1183
387,85,0,1,0,759;                                                    761P   1184
510,751,1,1,761;                                                     763P   1185
128,1,1,1,1,0,0,1,0,0,0,0,1,1,0,0,1,1,1,1,1,1,-5.1,2.7,1.6,-5.1,     765P   1186
-0.3,1.6,-5.1,2.7,2.6,-5.1,-0.3,2.6,0,1,0,1;                         765P   1187
126,1,1,1,0,1,0,0,0,1,1,1,1,0,0,0,1,0,0,0,1,0,0,1;                   767P   1188
126,1,1,1,0,1,0,0,0,1,1,1,1,1,0,0,1,1,0,0,1,0,0,1;                   769P   1189
126,1,1,1,0,1,0,0,0,1,1,1,1,0,1,0,1,1,0,0,1,0,0,1;                   771P   1190
126,1,1,1,0,1,0,0,0,1,1,1,1,0,0,0,0,1,0,0,1,0,0,1;                   773P   1191
508,4,0,387,25,1,1,0,767,0,387,87,1,1,0,769,0,387,88,0,1,0,771,      775P   1192
0,387,89,0,1,0,773;                                                  775P   1193
314,14.1176470588235,14.1176470588235,14.1176470588235,1H ;          777P   1194
510,765,1,1,775;                                                     779P   1195
128,1,1,1,1,0,0,1,0,0,0,0,1,1,0,0,1,1,1,1,1,1,-2.1,2.7,1.6,-5.1,     781P   1196
2.7,1.6,-2.1,2.7,2.6,-5.1,2.7,2.6,0,1,0,1;                           781P   1197
126,1,1,1,0,1,0,0,0,1,1,1,1,0,0,0,1,0,0,0,1,0,0,1;                   783P   1198
126,1,1,1,0,1,0,0,0,1,1,1,1,1,0,0,1,1,0,0,1,0,0,1;                   785P   1199
126,1,1,1,0,1,0,0,0,1,1,1,1,0,1,0,1,1,0,0,1,0,0,1;                   787P   1200
126,1,1,1,0,1,0,0,0,1,1,1,1,0,0,0,0,1,0,0,1,0,0,1;                   789P   1201
508,4,0,387,26,1,1,0,783,0,387,89,1,1,0,785,0,387,90,0,1,0,787,      791P   1202
0,387,91,0,1,0,789;                                                  791P   1203
510,781,1,1,791;                                                     793P   1204
128,1,1,1,1,0,0,1,0,0,0,0,1,1,0,0,1,1,1,1,1,1,-2.1,-0.3,1.6,         795P   1205
-2.1,2.7,1.6,-2.1,-0.3,2.6,-2.1,2.7,2.6,0,1,0,1;                     795P   1206
126,1,1,1,0,1,0,0,0,1,1,1,1,0,0,0,1,0,0,0,1,0,0,1;                   797P   1207
126,1,1,1,0,1,0,0,0,1,1,1,1,1,0,0,1,1,0,0,1,0,0,1;                   799P   1208
126,1,1,1,0,1,0,0,0,1,1,1,1,0,1,0,1,1,0,0,1,0,0,1;                   801P   1209
126,1,1,1,0,1,0,0,0,1,1,1,1,0,0,0,0,1,0,0,1,0,0,1;                   803P   1210
508,4,0,387,27,1,1,0,797,0,387,91,1,1,0,799,0,387,92,0,1,0,801,      805P   1211
0,387,93,0,1,0,803;                                                  805P   1212
510,795,1,1,805;                                                     807P   1213
128,1,1,1,1,0,0,1,0,0,0,0,1,1,0,0,1,1,1,1,1,1,-5.1,-0.3,1.6,         809P   1214
-2.1,-0.3,1.6,-5.1,-0.3,2.6,-2.1,-0.3,2.6,0,1,0,1;                   809P   1215
126,1,1,1,0,1,0,0,0,1,1,1,1,0,0,0,1,0,0,0,1,0,0,1;                   811P   1216
126,1,1,1,0,1,0,0,0,1,1,1,1,1,0,0,1,1,0,0,1,0,0,1;                   813P   1217
126,1,1,1,0,1,0,0,0,1,1,1,1,0,1,0,1,1,0,0,1,0,0,1;                   815P   1218
126,1,1,1,0,1,0,0,0,1,1,1,1,0,0,0,0,1,0,0,1,0,0,1;                   817P   1219
508,4,0,387,28,1,1,0,811,0,387,93,1,1,0,813,0,387,94,0,1,0,815,      819P   1220
0,387,87,0,1,0,817;                                                  819P   1221
510,809,1,1,819;                                                     821P   1222
128,1,1,1,1,0,0,1,0,0,0,0,1,1,0,0,1,1,1,1,1,1,5,                     823P   1223
0.499999999999999,1.6,2,0.5,1.6,5,0.499999999999999,2.6,2,0.5,       823P   1224
2.6,0,1,0,1;                                                         823P   1225
126,1,1,1,0,1,0,0,0,1,1,1,1,0,0,0,1,0,0,0,1,0,0,1;                   825P   1226
126,1,1,1,0,1,0,0,0,1,1,1,1,1,0,0,1,1,0,0,1,0,0,1;                   827P   1227
126,1,1,1,0,1,0,0,0,1,1,1,1,0,1,0,1,1,0,0,1,0,0,1;                   829P   1228
126,1,1,1,0,1,0,0,0,1,1,1,1,0,0,0,0,1,0,0,1,0,0,1;                   831P   1229
508,4,0,387,29,1,1,0,825,0,387,95,1,1,0,827,0,387,96,0,1,0,829,      833P   1230
0,387,97,0,1,0,831;                                                  833P   1231
510,823,1,1,833;                                                     835P   1232
128,1,1,1,1,0,0,1,0,0,0,0,1,1,0,0,1,1,1,1,1,1,5,-4.5,1.6,5,          837P   1233
0.499999999999999,1.6,5,-4.5,2.6,5,0.499999999999999,2.6,0,1,0,      837P   1234
1;                                                                   837P   1235
126,1,1,1,0,1,0,0,0,1,1,1,1,0,0,0,1,0,0,0,1,0,0,1;                   839P   1236
126,1,1,1,0,1,0,0,0,1,1,1,1,1,0,0,1,1,0,0,1,0,0,1;                   841P   1237
126,1,1,1,0,1,0,0,0,1,1,1,1,0,1,0,1,1,0,0,1,0,0,1;                   843P   1238
126,1,1,1,0,1,0,0,0,1,1,1,1,0,0,0,0,1,0,0,1,0,0,1;                   845P   1239
508,4,0,387,30,1,1,0,839,0,387,97,1,1,0,841,0,387,98,0,1,0,843,      847P   1240
0,387,99,0,1,0,845;                                                  847P   1241
510,837,1,1,847;                                                     849P   1242
128,1,1,1,1,0,0,1,0,0,0,0,1,1,0,0,1,1,1,1,1,1,2,-4.5,1.6,5,-4.5,     851P   1243
1.6,2,-4.5,2.6,5,-4.5,2.6,0,1,0,1;                                   851P   1244
126,1,1,1,0,1,0,0,0,1,1,1,1,0,0,0,1,0,0,0,1,0,0,1;                   853P   1245
126,1,1,1,0,1,0,0,0,1,1,1,1,1,0,0,1,1,0,0,1,0,0,1;                   855P   1246
126,1,1,1,0,1,0,0,0,1,1,1,1,0,1,0,1,1,0,0,1,0,0,1;                   857P   1247
126,1,1,1,0,1,0,0,0,1,1,1,1,0,0,0,0,1,0,0,1,0,0,1;                   859P   1248
508,4,0,387,31,1,1,0,853,0,387,99,1,1,0,855,0,387,100,0,1,0,857,     861P   1249
0,387,101,0,1,0,859;                                                 861P   1250
510,851,1,1,861;                                                     863P   1251
128,1,1,1,1,0,0,1,0,0,0,0,1,1,0,0,1,1,1,1,1,1,2,0.5,1.6,2,-4.5,      865P   1252
1.6,2,0.5,2.6,2,-4.5,2.6,0,1,0,1;                                    865P   1253
126,1,1,1,0,1,0,0,0,1,1,1,1,0,0,0,1,0,0,0,1,0,0,1;                   867P   1254
126,1,1,1,0,1,0,0,0,1,1,1,1,1,0,0,1,1,0,0,1,0,0,1;                   869P   1255
126,1,1,1,0,1,0,0,0,1,1,1,1,0,1,0,1,1,0,0,1,0,0,1;                   871P   1256
126,1,1,1,0,1,0,0,0,1,1,1,1,0,0,0,0,1,0,0,1,0,0,1;                   873P   1257
508,4,0,387,32,1,1,0,867,0,387,101,1,1,0,869,0,387,102,0,1,0,        875P   1258
871,0,387,95,0,1,0,873;                                              875P   1259
510,865,1,1,875;                                                     877P   1260
110,10.5,6,0,10.5,6,1;                                               879P   1261
110,9,6,0,9,6,1.6;                                                   881P   1262
120,879,881,0,6.28318530717959;                                      883P   1263
126,1,1,1,0,1,0,0,0,1,1,1,1,0,3.14159265358979,0,1,                  885P   1264
3.14159265358979,0,0,1,0,0,1;                                        885P   1265
126,1,1,1,0,1,0,0,0,1,1,1,1,0,0,0,0,3.14159265358979,0,0,1,0,0,      887P   1266
1;                                                                   887P   1267
126,1,1,1,0,1,0,0,0,1,1,1,1,0,0,0,1,0,0,0,1,0,0,1;                   889P   1268
126,1,1,1,0,1,0,0,0,1,1,1,1,1,0,0,1,3.14159265358979,0,0,1,0,0,      891P   1269
1;                                                                   891P   1270
508,4,0,387,103,0,1,0,885,0,387,104,0,1,0,887,0,387,105,1,1,0,       893P   1271
889,0,387,34,1,1,0,891;                                              893P   1272
510,883,1,1,893;                                                     895P   1273
110,-10.5,6,0,-10.5,6,1;                                             897P   1274
110,-12,6,0,-12,6,1.6;                                               899P   1275
120,897,899,0,6.28318530717959;                                      901P   1276
126,1,1,1,0,1,0,0,0,1,1,1,1,0,3.14159265358979,0,1,                  903P   1277
3.14159265358979,0,0,1,0,0,1;                                        903P   1278
126,1,1,1,0,1,0,0,0,1,1,1,1,0,0,0,0,3.14159265358979,0,0,1,0,0,      905P   1279
1;                                                                   905P   1280
126,1,1,1,0,1,0,0,0,1,1,1,1,0,0,0,1,0,0,0,1,0,0,1;                   907P   1281
126,1,1,1,0,1,0,0,0,1,1,1,1,1,0,0,1,3.14159265358979,0,0,1,0,0,      909P   1282
1;                                                                   909P   1283
508,4,0,387,106,0,1,0,903,0,387,107,0,1,0,905,0,387,108,1,1,0,       911P   1284
907,0,387,36,1,1,0,909;                                              911P   1285
510,901,1,1,911;                                                     913P   1286
128,1,1,1,1,0,0,1,0,0,0,0,1,1,0,0,1,1,1,1,1,1,11,                    915P   1287
-0.200000000000002,1.6,7.2,-0.200000000000001,1.6,11,                915P   1288
-0.200000000000002,2.6,7.2,-0.200000000000001,2.6,0,1,0,1;           915P   1289
126,1,1,1,0,1,0,0,0,1,1,1,1,0,0,0,1,0,0,0,1,0,0,1;                   917P   1290
126,1,1,1,0,1,0,0,0,1,1,1,1,1,0,0,1,1,0,0,1,0,0,1;                   919P   1291
126,1,1,1,0,1,0,0,0,1,1,1,1,0,1,0,1,1,0,0,1,0,0,1;                   921P   1292
126,1,1,1,0,1,0,0,0,1,1,1,1,0,0,0,0,1,0,0,1,0,0,1;                   923P   1293
508,4,0,387,37,1,1,0,917,0,387,109,1,1,0,919,0,387,110,0,1,0,        925P   1294
921,0,387,111,0,1,0,923;                                             925P   1295
314,84.7058823529412,84.7058823529412,84.7058823529412,1H ;          927P   1296
510,915,1,1,925;                                                     929P   1297
128,1,1,1,1,0,0,1,0,0,0,0,1,1,0,0,1,1,1,1,1,1,11,-4,1.6,11,          931P   1298
-0.200000000000002,1.6,11,-4,2.6,11,-0.200000000000002,2.6,0,1,      931P   1299
0,1;                                                                 931P   1300
126,1,1,1,0,1,0,0,0,1,1,1,1,0,0,0,1,0,0,0,1,0,0,1;                   933P   1301
126,1,1,1,0,1,0,0,0,1,1,1,1,1,0,0,1,1,0,0,1,0,0,1;                   935P   1302
126,1,1,1,0,1,0,0,0,1,1,1,1,0,1,0,1,1,0,0,1,0,0,1;                   937P   1303
126,1,1,1,0,1,0,0,0,1,1,1,1,0,0,0,0,1,0,0,1,0,0,1;                   939P   1304
508,4,0,387,38,1,1,0,933,0,387,111,1,1,0,935,0,387,112,0,1,0,        941P   1305
937,0,387,113,0,1,0,939;                                             941P   1306
510,931,1,1,941;                                                     943P   1307
128,1,1,1,1,0,0,1,0,0,0,0,1,1,0,0,1,1,1,1,1,1,7.2,-4,1.6,11,-4,      945P   1308
1.6,7.2,-4,2.6,11,-4,2.6,0,1,0,1;                                    945P   1309
126,1,1,1,0,1,0,0,0,1,1,1,1,0,0,0,1,0,0,0,1,0,0,1;                   947P   1310
126,1,1,1,0,1,0,0,0,1,1,1,1,1,0,0,1,1,0,0,1,0,0,1;                   949P   1311
126,1,1,1,0,1,0,0,0,1,1,1,1,0,1,0,1,1,0,0,1,0,0,1;                   951P   1312
126,1,1,1,0,1,0,0,0,1,1,1,1,0,0,0,0,1,0,0,1,0,0,1;                   953P   1313
508,4,0,387,39,1,1,0,947,0,387,113,1,1,0,949,0,387,114,0,1,0,        955P   1314
951,0,387,115,0,1,0,953;                                             955P   1315
510,945,1,1,955;                                                     957P   1316
128,1,1,1,1,0,0,1,0,0,0,0,1,1,0,0,1,1,1,1,1,1,7.2,                   959P   1317
-0.200000000000001,1.6,7.2,-4,1.6,7.2,-0.200000000000001,2.6,        959P   1318
7.2,-4,2.6,0,1,0,1;                                                  959P   1319
126,1,1,1,0,1,0,0,0,1,1,1,1,0,0,0,1,0,0,0,1,0,0,1;                   961P   1320
126,1,1,1,0,1,0,0,0,1,1,1,1,1,0,0,1,1,0,0,1,0,0,1;                   963P   1321
126,1,1,1,0,1,0,0,0,1,1,1,1,0,1,0,1,1,0,0,1,0,0,1;                   965P   1322
126,1,1,1,0,1,0,0,0,1,1,1,1,0,0,0,0,1,0,0,1,0,0,1;                   967P   1323
508,4,0,387,40,1,1,0,961,0,387,115,1,1,0,963,0,387,116,0,1,0,        969P   1324
965,0,387,109,0,1,0,967;                                             969P   1325
510,959,1,1,969;                                                     971P   1326
128,1,1,1,1,0,0,1,0,0,0,0,1,1,0,0,1,1,1,1,1,1,5.5,2.33,1.6,5.5,      973P   1327
6.33,1.6,5.5,2.33,2.6,5.5,6.33,2.6,0,1,0,1;                          973P   1328
126,1,1,1,0,1,0,0,0,1,1,1,1,0,0,0,1,0,0,0,1,0,0,1;                   975P   1329
126,1,1,1,0,1,0,0,0,1,1,1,1,1,0,0,1,1,0,0,1,0,0,1;                   977P   1330
126,1,1,1,0,1,0,0,0,1,1,1,1,0,1,0,1,1,0,0,1,0,0,1;                   979P   1331
126,1,1,1,0,1,0,0,0,1,1,1,1,0,0,0,0,1,0,0,1,0,0,1;                   981P   1332
508,4,0,387,41,1,1,0,975,0,387,117,1,1,0,977,0,387,118,0,1,0,        983P   1333
979,0,387,119,0,1,0,981;                                             983P   1334
510,973,1,1,983;                                                     985P   1335
128,1,1,1,1,0,0,1,0,0,0,0,1,1,0,0,1,1,1,1,1,1,1.5,2.33,1.6,5.5,      987P   1336
2.33,1.6,1.5,2.33,2.6,5.5,2.33,2.6,0,1,0,1;                          987P   1337
126,1,1,1,0,1,0,0,0,1,1,1,1,0,0,0,1,0,0,0,1,0,0,1;                   989P   1338
126,1,1,1,0,1,0,0,0,1,1,1,1,1,0,0,1,1,0,0,1,0,0,1;                   991P   1339
126,1,1,1,0,1,0,0,0,1,1,1,1,0,1,0,1,1,0,0,1,0,0,1;                   993P   1340
126,1,1,1,0,1,0,0,0,1,1,1,1,0,0,0,0,1,0,0,1,0,0,1;                   995P   1341
508,4,0,387,42,1,1,0,989,0,387,119,1,1,0,991,0,387,120,0,1,0,        997P   1342
993,0,387,121,0,1,0,995;                                             997P   1343
510,987,1,1,997;                                                     999P   1344
128,1,1,1,1,0,0,1,0,0,0,0,1,1,0,0,1,1,1,1,1,1,1.5,6.33,1.6,1.5,     1001P   1345
2.33,1.6,1.5,6.33,2.6,1.5,2.33,2.6,0,1,0,1;                         1001P   1346
126,1,1,1,0,1,0,0,0,1,1,1,1,0,0,0,1,0,0,0,1,0,0,1;                  1003P   1347
126,1,1,1,0,1,0,0,0,1,1,1,1,1,0,0,1,1,0,0,1,0,0,1;                  1005P   1348
126,1,1,1,0,1,0,0,0,1,1,1,1,0,1,0,1,1,0,0,1,0,0,1;                  1007P   1349
126,1,1,1,0,1,0,0,0,1,1,1,1,0,0,0,0,1,0,0,1,0,0,1;                  1009P   1350
508,4,0,387,43,1,1,0,1003,0,387,121,1,1,0,1005,0,387,122,0,1,0,     1011P   1351
1007,0,387,123,0,1,0,1009;                                          1011P   1352
510,1001,1,1,1011;                                                  1013P   1353
128,1,1,1,1,0,0,1,0,0,0,0,1,1,0,0,1,1,1,1,1,1,5.5,6.33,1.6,1.5,     1015P   1354
6.33,1.6,5.5,6.33,2.6,1.5,6.33,2.6,0,1,0,1;                         1015P   1355
126,1,1,1,0,1,0,0,0,1,1,1,1,0,0,0,1,0,0,0,1,0,0,1;                  1017P   1356
126,1,1,1,0,1,0,0,0,1,1,1,1,1,0,0,1,1,0,0,1,0,0,1;                  1019P   1357
126,1,1,1,0,1,0,0,0,1,1,1,1,0,1,0,1,1,0,0,1,0,0,1;                  1021P   1358
126,1,1,1,0,1,0,0,0,1,1,1,1,0,0,0,0,1,0,0,1,0,0,1;                  1023P   1359
508,4,0,387,44,1,1,0,1017,0,387,123,1,1,0,1019,0,387,124,0,1,0,     1025P   1360
1021,0,387,117,0,1,0,1023;                                          1025P   1361
510,1015,1,1,1025;                                                  1027P   1362
128,1,1,1,1,0,0,1,0,0,0,0,1,1,0,0,1,1,1,1,1,1,-9,                   1029P   1363
-0.999999999999998,1.6,-9,-4.5,1.6,-9,-0.999999999999998,3.6,-9,    1029P   1364
-4.5,3.6,0,1,0,1;                                                   1029P   1365
126,1,1,1,0,1,0,0,0,1,1,1,1,0,0,0,1,0,0,0,1,0,0,1;                  1031P   1366
126,1,1,1,0,1,0,0,0,1,1,1,1,1,0,0,1,1,0,0,1,0,0,1;                  1033P   1367
126,1,1,1,0,1,0,0,0,1,1,1,1,0,1,0,1,1,0,0,1,0,0,1;                  1035P   1368
126,1,1,1,0,1,0,0,0,1,1,1,1,0,0,0,0,1,0,0,1,0,0,1;                  1037P   1369
508,4,0,387,45,1,1,0,1031,0,387,125,1,1,0,1033,0,387,126,0,1,0,     1039P   1370
1035,0,387,127,0,1,0,1037;                                          1039P   1371
314,80,80,0,1H ;                                                    1041P   1372
510,1029,1,1,1039;                                                  1043P   1373
128,1,1,1,1,0,0,1,0,0,0,0,1,1,0,0,1,1,1,1,1,1,-7.2,                 1045P   1374
-0.999999999999998,1.6,-9,-0.999999999999998,1.6,-7.2,              1045P   1375
-0.999999999999998,3.6,-9,-0.999999999999998,3.6,0,1,0,1;           1045P   1376
126,1,1,1,0,1,0,0,0,1,1,1,1,0,0,0,1,0,0,0,1,0,0,1;                  1047P   1377
126,1,1,1,0,1,0,0,0,1,1,1,1,1,0,0,1,1,0,0,1,0,0,1;                  1049P   1378
126,1,1,1,0,1,0,0,0,1,1,1,1,0,1,0,1,1,0,0,1,0,0,1;                  1051P   1379
126,1,1,1,0,1,0,0,0,1,1,1,1,0,0,0,0,1,0,0,1,0,0,1;                  1053P   1380
508,4,0,387,46,1,1,0,1047,0,387,127,1,1,0,1049,0,387,128,0,1,0,     1055P   1381
1051,0,387,129,0,1,0,1053;                                          1055P   1382
510,1045,1,1,1055;                                                  1057P   1383
128,1,1,1,1,0,0,1,0,0,0,0,1,1,0,0,1,1,1,1,1,1,-7.2,-4.5,1.6,        1059P   1384
-7.2,-0.999999999999998,1.6,-7.2,-4.5,3.6,-7.2,                     1059P   1385
-0.999999999999998,3.6,0,1,0,1;                                     1059P   1386
126,1,1,1,0,1,0,0,0,1,1,1,1,0,0,0,1,0,0,0,1,0,0,1;                  1061P   1387
126,1,1,1,0,1,0,0,0,1,1,1,1,1,0,0,1,1,0,0,1,0,0,1;                  1063P   1388
126,1,1,1,0,1,0,0,0,1,1,1,1,0,1,0,1,1,0,0,1,0,0,1;                  1065P   1389
126,1,1,1,0,1,0,0,0,1,1,1,1,0,0,0,0,1,0,0,1,0,0,1;                  1067P   1390
508,4,0,387,47,1,1,0,1061,0,387,129,1,1,0,1063,0,387,130,0,1,0,     1069P   1391
1065,0,387,131,0,1,0,1067;                                          1069P   1392
510,1059,1,1,1069;                                                  1071P   1393
128,1,1,1,1,0,0,1,0,0,0,0,1,1,0,0,1,1,1,1,1,1,-9,-4.5,1.6,-7.2,     1073P   1394
-4.5,1.6,-9,-4.5,3.6,-7.2,-4.5,3.6,0,1,0,1;                         1073P   1395
126,1,1,1,0,1,0,0,0,1,1,1,1,0,0,0,1,0,0,0,1,0,0,1;                  1075P   1396
126,1,1,1,0,1,0,0,0,1,1,1,1,1,0,0,1,1,0,0,1,0,0,1;                  1077P   1397
126,1,1,1,0,1,0,0,0,1,1,1,1,0,1,0,1,1,0,0,1,0,0,1;                  1079P   1398
126,1,1,1,0,1,0,0,0,1,1,1,1,0,0,0,0,1,0,0,1,0,0,1;                  1081P   1399
508,4,0,387,48,1,1,0,1075,0,387,131,1,1,0,1077,0,387,132,0,1,0,     1083P   1400
1079,0,387,125,0,1,0,1081;                                          1083P   1401
510,1073,1,1,1083;                                                  1085P   1402
128,1,1,1,1,0,0,1,0,0,0,0,1,1,0,0,1,1,1,1,1,1,9.89,-6,1.61,7.89,    1087P   1403
-6,1.61,9.89,-8,1.61,7.89,-8,1.61,0,1,0,1;                          1087P   1404
126,28,3,1,0,1,0,0,0,0,0,0.0384615384615385,0.0769230769230769,     1089P   1405
0.115384615384615,0.153846153846154,0.192307692307692,              1089P   1406
0.230769230769231,0.269230769230769,0.307692307692308,              1089P   1407
0.346153846153846,0.384615384615385,0.423076923076923,              1089P   1408
0.461538461538461,0.5,0.538461538461538,0.576923076923077,          1089P   1409
0.615384615384615,0.653846153846154,0.692307692307692,              1089P   1410
0.73076923076923,0.769230769230769,0.807692307692307,               1089P   1411
0.846153846153846,0.884615384615384,0.923076923076923,              1089P   1412
0.961538461538461,1,1,1,1,1,1,1,1,1,1,1,1,1,1,1,1,1,1,1,1,1,1,1,    1089P   1413
1,1,1,1,1,1,1,1,1,1,1,0.5,0,1,0.520138414446089,0,                  1089P   1414
0.997563703584718,0.560415160581345,0,0.986653659747647,            1089P   1415
0.619949357062132,0,0.96864710970285,0.677734404032805,0,           1089P   1416
0.943806629497201,0.732927687934255,0,0.912494449267983,            1089P   1417
0.78472436036148,0,0.875167171111837,0.832369110813292,0,           1089P   1418
0.83236911079798,0.875167171107731,0,0.784724360418633,             1089P   1419
0.912494449269084,0,0.732927687720959,0.943806629496904,0,          1089P   1420
0.677734404828838,0.96864710970293,0,0.619949354091291,             1089P   1421
0.986653659747626,0,0.560415171668669,0.997563703584726,0,          1089P   1422
0.499999999999999,1.00121814820764,0,0.439584828331332,             1089P   1423
0.997563703584726,0,0.380050645908709,0.986653659747627,0,          1089P   1424
0.322265595171159,0.968647109702928,0,0.267072312279043,            1089P   1425
0.943806629496907,0,0.215275639581368,0.912494449269083,0,          1089P   1426
0.16763088920202,0.875167171107734,0,0.124832828888166,             1089P   1427
0.832369110813294,0,0.0875055507320157,0.78472436036148,0,          1089P   1428
0.0561933705028013,0.732927687934257,0,0.0313528902971507,          1089P   1429
0.677734404032806,0,0.0133463402523519,0.619949357062133,0,         1089P   1430
0.00243629641528198,0.560415160581345,0,0,0.520138414446089,0,0,    1089P   1431
0.5,0,0,1,0,0,1;                                                    1089P   1432
126,28,3,1,0,1,0,0,0,0,0,0.0384615384615385,0.0769230769230769,     1091P   1433
0.115384615384615,0.153846153846154,0.192307692307692,              1091P   1434
0.230769230769231,0.269230769230769,0.307692307692308,              1091P   1435
0.346153846153846,0.384615384615385,0.423076923076923,              1091P   1436
0.461538461538461,0.5,0.538461538461538,0.576923076923077,          1091P   1437
0.615384615384615,0.653846153846154,0.692307692307692,              1091P   1438
0.73076923076923,0.769230769230769,0.807692307692307,               1091P   1439
0.846153846153846,0.884615384615384,0.923076923076923,              1091P   1440
0.961538461538461,1,1,1,1,1,1,1,1,1,1,1,1,1,1,1,1,1,1,1,1,1,1,1,    1091P   1441
1,1,1,1,1,1,1,1,1,1,0,0.5,0,0,0.479861585553912,0,                  1091P   1442
0.00243629641528109,0.439584839418656,0,0.0133463402523528,         1091P   1443
0.38005064293787,0,0.0313528902971516,0.322265595967194,0,          1091P   1444
0.0561933705028013,0.267072312065744,0,0.0875055507320166,          1091P   1445
0.21527563963852,0,0.124832828888167,0.167630889186705,0,           1091P   1446
0.16763088920202,0.124832828892268,0,0.215275639581368,             1091P   1447
0.087505550730917,0,0.267072312279042,0.0561933705030957,0,         1091P   1448
0.32226559517116,0.0313528902970712,0,0.380050645908709,            1091P   1449
0.0133463402523741,0,0.43958482833133,0.00243629641527532,0,0.5,    1091P   1450
-0.00121814820763833,0,0.560415171668668,0.00243629641527621,0,     1091P   1451
0.61994935409129,0.0133463402523746,0,0.677734404828839,            1091P   1452
0.0313528902970717,0,0.732927687720959,0.0561933705030957,0,        1091P   1453
0.784724360418631,0.0875055507309175,0,0.83236911079798,            1091P   1454
0.124832828892268,0,0.875167171111833,0.167630889186706,0,          1091P   1455
0.912494449267984,0.21527563963852,0,0.943806629497198,             1091P   1456
0.267072312065745,0,0.968647109702849,0.322265595967194,0,          1091P   1457
0.986653659747647,0.380050642937868,0,0.997563703584718,            1091P   1458
0.439584839418656,0,1,0.479861585553911,0,1,0.5,0,0,1,0,0,1;        1091P   1459
508,2,0,387,133,1,1,0,1089,0,387,51,1,1,0,1091;                     1093P   1460
510,1087,1,1,1093;                                                  1095P   1461
128,1,1,1,1,0,0,1,0,0,0,0,1,1,0,0,1,1,1,1,1,1,7.35,-6,1.61,5.35,    1097P   1462
-6,1.61,7.35,-8,1.61,5.35,-8,1.61,0,1,0,1;                          1097P   1463
126,28,3,1,0,1,0,0,0,0,0,0.0384615384615385,0.0769230769230769,     1099P   1464
0.115384615384615,0.153846153846154,0.192307692307692,              1099P   1465
0.230769230769231,0.269230769230769,0.307692307692308,              1099P   1466
0.346153846153846,0.384615384615385,0.423076923076923,              1099P   1467
0.461538461538461,0.5,0.538461538461538,0.576923076923077,          1099P   1468
0.615384615384615,0.653846153846154,0.692307692307692,              1099P   1469
0.73076923076923,0.769230769230769,0.807692307692307,               1099P   1470
0.846153846153846,0.884615384615384,0.923076923076923,              1099P   1471
0.961538461538461,1,1,1,1,1,1,1,1,1,1,1,1,1,1,1,1,1,1,1,1,1,1,1,    1099P   1472
1,1,1,1,1,1,1,1,1,1,1,0.5,0,1,0.520138414446089,0,                  1099P   1473
0.997563703584718,0.560415160581345,0,0.986653659747647,            1099P   1474
0.619949357062132,0,0.96864710970285,0.677734404032805,0,           1099P   1475
0.9438066294972,0.732927687934255,0,0.912494449267984,              1099P   1476
0.78472436036148,0,0.875167171111836,0.832369110813292,0,           1099P   1477
0.83236911079798,0.875167171107731,0,0.784724360418633,             1099P   1478
0.912494449269084,0,0.732927687720959,0.943806629496904,0,          1099P   1479
0.677734404828839,0.96864710970293,0,0.619949354091291,             1099P   1480
0.986653659747626,0,0.560415171668669,0.997563703584726,0,          1099P   1481
0.500000000000001,1.00121814820764,0,0.439584828331331,             1099P   1482
0.997563703584726,0,0.380050645908709,0.986653659747627,0,          1099P   1483
0.322265595171161,0.968647109702928,0,0.267072312279041,            1099P   1484
0.943806629496907,0,0.215275639581368,0.912494449269083,0,          1099P   1485
0.167630889202021,0.875167171107734,0,0.124832828888165,            1099P   1486
0.832369110813294,0,0.0875055507320166,0.78472436036148,0,          1099P   1487
0.0561933705028004,0.732927687934257,0,0.0313528902971507,          1099P   1488
0.677734404032806,0,0.0133463402523533,0.619949357062133,0,         1099P   1489
0.00243629641528109,0.560415160581345,0,0,0.520138414446089,0,0,    1099P   1490
0.5,0,0,1,0,0,1;                                                    1099P   1491
126,28,3,1,0,1,0,0,0,0,0,0.0384615384615385,0.0769230769230769,     1101P   1492
0.115384615384615,0.153846153846154,0.192307692307692,              1101P   1493
0.230769230769231,0.269230769230769,0.307692307692308,              1101P   1494
0.346153846153846,0.384615384615385,0.423076923076923,              1101P   1495
0.461538461538461,0.5,0.538461538461538,0.576923076923077,          1101P   1496
0.615384615384615,0.653846153846154,0.692307692307692,              1101P   1497
0.73076923076923,0.769230769230769,0.807692307692307,               1101P   1498
0.846153846153846,0.884615384615384,0.923076923076923,              1101P   1499
0.961538461538461,1,1,1,1,1,1,1,1,1,1,1,1,1,1,1,1,1,1,1,1,1,1,1,    1101P   1500
1,1,1,1,1,1,1,1,1,1,0,0.5,0,0,0.479861585553912,0,                  1101P   1501
0.0024362964152802,0.439584839418656,0,0.0133463402523537,          1101P   1502
0.38005064293787,0,0.0313528902971503,0.322265595967194,0,          1101P   1503
0.0561933705028022,0.267072312065744,0,0.0875055507320162,          1101P   1504
0.21527563963852,0,0.124832828888166,0.167630889186705,0,           1101P   1505
0.16763088920202,0.124832828892268,0,0.215275639581368,             1101P   1506
0.087505550730917,0,0.267072312279042,0.0561933705030957,0,         1101P   1507
0.322265595171161,0.0313528902970712,0,0.380050645908708,           1101P   1508
0.0133463402523741,0,0.43958482833133,0.00243629641527532,0,        1101P   1509
0.500000000000001,-0.00121814820763833,0,0.560415171668669,         1101P   1510
0.00243629641527621,0,0.61994935409129,0.0133463402523746,0,        1101P   1511
0.677734404828839,0.0313528902970717,0,0.732927687720958,           1101P   1512
0.0561933705030957,0,0.784724360418631,0.0875055507309175,0,        1101P   1513
0.83236911079798,0.124832828892268,0,0.875167171111833,             1101P   1514
0.167630889186706,0,0.912494449267984,0.21527563963852,0,           1101P   1515
0.943806629497198,0.267072312065745,0,0.968647109702849,            1101P   1516
0.322265595967194,0,0.986653659747647,0.380050642937868,0,          1101P   1517
0.997563703584718,0.439584839418656,0,1,0.479861585553911,0,1,      1101P   1518
0.5,0,0,1,0,0,1;                                                    1101P   1519
508,2,0,387,134,1,1,0,1099,0,387,54,1,1,0,1101;                     1103P   1520
510,1097,1,1,1103;                                                  1105P   1521
128,1,1,1,1,0,0,1,0,0,0,0,1,1,0,0,1,1,1,1,1,1,4.81,-6,1.61,2.81,    1107P   1522
-6,1.61,4.81,-8,1.61,2.81,-8,1.61,0,1,0,1;                          1107P   1523
126,28,3,1,0,1,0,0,0,0,0,0.0384615384615385,0.0769230769230769,     1109P   1524
0.115384615384615,0.153846153846154,0.192307692307692,              1109P   1525
0.230769230769231,0.269230769230769,0.307692307692308,              1109P   1526
0.346153846153846,0.384615384615385,0.423076923076923,              1109P   1527
0.461538461538461,0.5,0.538461538461538,0.576923076923077,          1109P   1528
0.615384615384615,0.653846153846154,0.692307692307692,              1109P   1529
0.73076923076923,0.769230769230769,0.807692307692307,               1109P   1530
0.846153846153846,0.884615384615384,0.923076923076923,              1109P   1531
0.961538461538461,1,1,1,1,1,1,1,1,1,1,1,1,1,1,1,1,1,1,1,1,1,1,1,    1109P   1532
1,1,1,1,1,1,1,1,1,1,1,0.5,0,1,0.520138414446089,0,                  1109P   1533
0.997563703584718,0.560415160581345,0,0.986653659747647,            1109P   1534
0.619949357062132,0,0.96864710970285,0.677734404032805,0,           1109P   1535
0.943806629497199,0.732927687934255,0,0.912494449267984,            1109P   1536
0.78472436036148,0,0.875167171111836,0.832369110813292,0,           1109P   1537
0.83236911079798,0.875167171107731,0,0.784724360418633,             1109P   1538
0.912494449269084,0,0.732927687720959,0.943806629496904,0,          1109P   1539
0.677734404828839,0.96864710970293,0,0.619949354091292,             1109P   1540
0.986653659747626,0,0.56041517166867,0.997563703584726,0,0.5,       1109P   1541
1.00121814820764,0,0.439584828331331,0.997563703584726,0,           1109P   1542
0.380050645908709,0.986653659747627,0,0.322265595171161,            1109P   1543
0.968647109702928,0,0.267072312279042,0.943806629496907,0,          1109P   1544
0.215275639581368,0.912494449269083,0,0.167630889202021,            1109P   1545
0.875167171107734,0,0.124832828888166,0.832369110813294,0,          1109P   1546
0.0875055507320162,0.78472436036148,0,0.0561933705028013,           1109P   1547
0.732927687934257,0,0.0313528902971503,0.677734404032806,0,         1109P   1548
0.0133463402523533,0.619949357062133,0,0.00243629641528198,         1109P   1549
0.560415160581345,0,0,0.520138414446089,0,0,0.5,0,0,1,0,0,1;        1109P   1550
126,28,3,1,0,1,0,0,0,0,0,0.0384615384615385,0.0769230769230769,     1111P   1551
0.115384615384615,0.153846153846154,0.192307692307692,              1111P   1552
0.230769230769231,0.269230769230769,0.307692307692308,              1111P   1553
0.346153846153846,0.384615384615385,0.423076923076923,              1111P   1554
0.461538461538461,0.5,0.538461538461538,0.576923076923077,          1111P   1555
0.615384615384615,0.653846153846154,0.692307692307692,              1111P   1556
0.73076923076923,0.769230769230769,0.807692307692307,               1111P   1557
0.846153846153846,0.884615384615384,0.923076923076923,              1111P   1558
0.961538461538461,1,1,1,1,1,1,1,1,1,1,1,1,1,1,1,1,1,1,1,1,1,1,1,    1111P   1559
1,1,1,1,1,1,1,1,1,1,0,0.5,0,0,0.479861585553912,0,                  1111P   1560
0.00243629641528109,0.439584839418656,0,0.0133463402523528,         1111P   1561
0.38005064293787,0,0.0313528902971516,0.322265595967194,0,          1111P   1562
0.0561933705028013,0.267072312065744,0,0.0875055507320166,          1111P   1563
0.21527563963852,0,0.124832828888166,0.167630889186705,0,           1111P   1564
0.167630889202021,0.124832828892268,0,0.215275639581368,            1111P   1565
0.087505550730917,0,0.267072312279042,0.0561933705030957,0,         1111P   1566
0.32226559517116,0.0313528902970712,0,0.380050645908709,            1111P   1567
0.0133463402523741,0,0.43958482833133,0.00243629641527532,0,        1111P   1568
0.500000000000001,-0.00121814820763833,0,0.560415171668669,         1111P   1569
0.00243629641527621,0,0.619949354091291,0.0133463402523746,0,       1111P   1570
0.677734404828839,0.0313528902970717,0,0.732927687720959,           1111P   1571
0.0561933705030957,0,0.784724360418632,0.0875055507309175,0,        1111P   1572
0.832369110797979,0.124832828892268,0,0.875167171111835,            1111P   1573
0.167630889186706,0,0.912494449267983,0.21527563963852,0,           1111P   1574
0.943806629497199,0.267072312065745,0,0.968647109702849,            1111P   1575
0.322265595967194,0,0.986653659747647,0.380050642937868,0,          1111P   1576
0.997563703584718,0.439584839418656,0,1,0.479861585553911,0,1,      1111P   1577
0.5,0,0,1,0,0,1;                                                    1111P   1578
508,2,0,387,135,1,1,0,1109,0,387,57,1,1,0,1111;                     1113P   1579
510,1107,1,1,1113;                                                  1115P   1580
128,1,1,1,1,0,0,1,0,0,0,0,1,1,0,0,1,1,1,1,1,1,12.43,-6,1.61,        1117P   1581
10.43,-6,1.61,12.43,-8,1.61,10.43,-8,1.61,0,1,0,1;                  1117P   1582
126,28,3,1,0,1,0,0,0,0,0,0.0384615384615385,0.0769230769230769,     1119P   1583
0.115384615384615,0.153846153846154,0.192307692307692,              1119P   1584
0.230769230769231,0.269230769230769,0.307692307692308,              1119P   1585
0.346153846153846,0.384615384615385,0.423076923076923,              1119P   1586
0.461538461538461,0.5,0.538461538461538,0.576923076923077,          1119P   1587
0.615384615384615,0.653846153846154,0.692307692307692,              1119P   1588
0.73076923076923,0.769230769230769,0.807692307692307,               1119P   1589
0.846153846153846,0.884615384615384,0.923076923076923,              1119P   1590
0.961538461538461,1,1,1,1,1,1,1,1,1,1,1,1,1,1,1,1,1,1,1,1,1,1,1,    1119P   1591
1,1,1,1,1,1,1,1,1,1,1,0.5,0,1,0.520138414446088,0,                  1119P   1592
0.997563703584719,0.560415160581345,0,0.986653659747647,            1119P   1593
0.619949357062131,0,0.968647109702849,0.677734404032805,0,          1119P   1594
0.943806629497201,0.732927687934255,0,0.912494449267983,            1119P   1595
0.784724360361479,0,0.875167171111837,0.832369110813293,0,          1119P   1596
0.83236911079798,0.875167171107732,0,0.784724360418633,             1119P   1597
0.912494449269083,0,0.73292768772096,0.943806629496904,0,           1119P   1598
0.677734404828838,0.96864710970293,0,0.619949354091291,             1119P   1599
0.986653659747625,0,0.560415171668668,0.997563703584725,0,0.5,      1119P   1600
1.00121814820764,0,0.439584828331331,0.997563703584725,0,           1119P   1601
0.380050645908709,0.986653659747627,0,0.322265595171159,            1119P   1602
0.968647109702928,0,0.267072312279041,0.943806629496906,0,          1119P   1603
0.215275639581368,0.912494449269083,0,0.16763088920202,             1119P   1604
0.875167171107733,0,0.124832828888165,0.832369110813294,0,          1119P   1605
0.0875055507320157,0.78472436036148,0,0.0561933705028004,           1119P   1606
0.732927687934256,0,0.0313528902971507,0.677734404032806,0,         1119P   1607
0.013346340252351,0.619949357062133,0,0.00243629641528287,          1119P   1608
0.560415160581345,0,0,0.520138414446089,0,0,0.5,0,0,1,0,0,1;        1119P   1609
126,28,3,1,0,1,0,0,0,0,0,0.0384615384615385,0.0769230769230769,     1121P   1610
0.115384615384615,0.153846153846154,0.192307692307692,              1121P   1611
0.230769230769231,0.269230769230769,0.307692307692308,              1121P   1612
0.346153846153846,0.384615384615385,0.423076923076923,              1121P   1613
0.461538461538461,0.5,0.538461538461538,0.576923076923077,          1121P   1614
0.615384615384615,0.653846153846154,0.692307692307692,              1121P   1615
0.73076923076923,0.769230769230769,0.807692307692307,               1121P   1616
0.846153846153846,0.884615384615384,0.923076923076923,              1121P   1617
0.961538461538461,1,1,1,1,1,1,1,1,1,1,1,1,1,1,1,1,1,1,1,1,1,1,1,    1121P   1618
1,1,1,1,1,1,1,1,1,1,0,0.5,0,0,0.479861585553912,0,                  1121P   1619
0.0024362964152802,0.439584839418656,0,0.0133463402523537,          1121P   1620
0.380050642937869,0,0.0313528902971516,0.322265595967195,0,         1121P   1621
0.0561933705028013,0.267072312065745,0,0.0875055507320157,          1121P   1622
0.21527563963852,0,0.124832828888167,0.167630889186706,0,           1121P   1623
0.167630889202021,0.124832828892268,0,0.215275639581368,            1121P   1624
0.0875055507309166,0,0.267072312279041,0.0561933705030953,0,        1121P   1625
0.32226559517116,0.0313528902970717,0,0.380050645908709,            1121P   1626
0.0133463402523741,0,0.43958482833133,0.00243629641527576,0,        1121P   1627
0.500000000000001,-0.00121814820763788,0,0.560415171668668,         1121P   1628
0.00243629641527576,0,0.61994935409129,0.0133463402523746,0,        1121P   1629
0.677734404828839,0.0313528902970708,0,0.732927687720958,           1121P   1630
0.0561933705030961,0,0.784724360418631,0.0875055507309166,0,        1121P   1631
0.83236911079798,0.124832828892268,0,0.875167171111833,             1121P   1632
0.167630889186706,0,0.912494449267983,0.21527563963852,0,           1121P   1633
0.943806629497198,0.267072312065745,0,0.968647109702848,            1121P   1634
0.322265595967195,0,0.986653659747647,0.380050642937868,0,          1121P   1635
0.997563703584717,0.439584839418655,0,1,0.479861585553911,0,1,      1121P   1636
0.5,0,0,1,0,0,1;                                                    1121P   1637
508,2,0,387,136,1,1,0,1119,0,387,60,1,1,0,1121;                     1123P   1638
510,1117,1,1,1123;                                                  1125P   1639
128,1,1,1,1,0,0,1,0,0,0,0,1,1,0,0,1,1,1,1,1,1,2.27,-6,1.61,         1127P   1640
0.269999999999999,-6,1.61,2.27,-8,1.61,0.269999999999999,-8,        1127P   1641
1.61,0,1,0,1;                                                       1127P   1642
126,28,3,1,0,1,0,0,0,0,0,0.0384615384615385,0.0769230769230769,     1129P   1643
0.115384615384615,0.153846153846154,0.192307692307692,              1129P   1644
0.230769230769231,0.269230769230769,0.307692307692308,              1129P   1645
0.346153846153846,0.384615384615385,0.423076923076923,              1129P   1646
0.461538461538461,0.5,0.538461538461538,0.576923076923077,          1129P   1647
0.615384615384615,0.653846153846154,0.692307692307692,              1129P   1648
0.73076923076923,0.769230769230769,0.807692307692307,               1129P   1649
0.846153846153846,0.884615384615384,0.923076923076923,              1129P   1650
0.961538461538461,1,1,1,1,1,1,1,1,1,1,1,1,1,1,1,1,1,1,1,1,1,1,1,    1129P   1651
1,1,1,1,1,1,1,1,1,1,1,0.5,0,1,0.520138414446088,0,                  1129P   1652
0.997563703584719,0.560415160581344,0,0.986653659747647,            1129P   1653
0.619949357062132,0,0.96864710970285,0.677734404032805,0,           1129P   1654
0.943806629497199,0.732927687934255,0,0.912494449267984,            1129P   1655
0.78472436036148,0,0.875167171111835,0.832369110813292,0,           1129P   1656
0.83236911079798,0.875167171107732,0,0.784724360418632,             1129P   1657
0.912494449269083,0,0.732927687720959,0.943806629496905,0,          1129P   1658
0.677734404828839,0.968647109702928,0,0.619949354091291,            1129P   1659
0.986653659747626,0,0.56041517166867,0.997563703584724,0,0.5,       1129P   1660
1.00121814820764,0,0.439584828331331,0.997563703584724,0,           1129P   1661
0.380050645908709,0.986653659747626,0,0.322265595171161,            1129P   1662
0.968647109702929,0,0.267072312279042,0.943806629496905,0,          1129P   1663
0.215275639581368,0.912494449269084,0,0.167630889202021,            1129P   1664
0.875167171107732,0,0.124832828888165,0.832369110813295,0,          1129P   1665
0.0875055507320166,0.784724360361481,0,0.056193370502801,           1129P   1666
0.732927687934255,0,0.0313528902971505,0.677734404032806,0,         1129P   1667
0.0133463402523533,0.619949357062132,0,0.00243629641528131,         1129P   1668
0.560415160581345,0,0,0.520138414446089,0,0,0.5,0,0,1,0,0,1;        1129P   1669
126,28,3,1,0,1,0,0,0,0,0,0.0384615384615385,0.0769230769230769,     1131P   1670
0.115384615384615,0.153846153846154,0.192307692307692,              1131P   1671
0.230769230769231,0.269230769230769,0.307692307692308,              1131P   1672
0.346153846153846,0.384615384615385,0.423076923076923,              1131P   1673
0.461538461538461,0.5,0.538461538461538,0.576923076923077,          1131P   1674
0.615384615384615,0.653846153846154,0.692307692307692,              1131P   1675
0.73076923076923,0.769230769230769,0.807692307692307,               1131P   1676
0.846153846153846,0.884615384615384,0.923076923076923,              1131P   1677
0.961538461538461,1,1,1,1,1,1,1,1,1,1,1,1,1,1,1,1,1,1,1,1,1,1,1,    1131P   1678
1,1,1,1,1,1,1,1,1,1,0,0.5,0,0,0.479861585553912,0,                  1131P   1679
0.00243629641528131,0.439584839418657,0,0.013346340252353,          1131P   1680
0.380050642937868,0,0.0313528902971505,0.322265595967194,0,         1131P   1681
0.056193370502801,0.267072312065745,0,0.0875055507320159,           1131P   1682
0.21527563963852,0,0.124832828888165,0.167630889186706,0,           1131P   1683
0.16763088920202,0.124832828892269,0,0.215275639581368,             1131P   1684
0.0875055507309161,0,0.267072312279042,0.0561933705030953,0,        1131P   1685
0.322265595171161,0.0313528902970717,0,0.380050645908708,           1131P   1686
0.0133463402523741,0,0.43958482833133,0.00243629641527576,0,0.5,    1131P   1687
-0.00121814820763788,0,0.560415171668669,0.00243629641527576,0,     1131P   1688
0.61994935409129,0.0133463402523741,0,0.677734404828839,            1131P   1689
0.0313528902970717,0,0.732927687720958,0.0561933705030961,0,        1131P   1690
0.784724360418632,0.087505550730917,0,0.832369110797979,            1131P   1691
0.124832828892268,0,0.875167171111835,0.167630889186706,0,          1131P   1692
0.912494449267984,0.21527563963852,0,0.943806629497199,             1131P   1693
0.267072312065745,0,0.968647109702849,0.322265595967194,0,          1131P   1694
0.986653659747647,0.380050642937868,0,0.997563703584719,            1131P   1695
0.439584839418655,0,1,0.479861585553911,0,1,0.5,0,0,1,0,0,1;        1131P   1696
508,2,0,387,137,1,1,0,1129,0,387,63,1,1,0,1131;                     1133P   1697
510,1127,1,1,1133;                                                  1135P   1698
128,1,1,1,1,0,0,1,0,0,0,0,1,1,0,0,1,1,1,1,1,1,-10.43,-6,1.61,       1137P   1699
-12.43,-6,1.61,-10.43,-8,1.61,-12.43,-8,1.61,0,1,0,1;               1137P   1700
126,28,3,1,0,1,0,0,0,0,0,0.0384615384615385,0.0769230769230769,     1139P   1701
0.115384615384615,0.153846153846154,0.192307692307692,              1139P   1702
0.230769230769231,0.269230769230769,0.307692307692308,              1139P   1703
0.346153846153846,0.384615384615385,0.423076923076923,              1139P   1704
0.461538461538461,0.5,0.538461538461538,0.576923076923077,          1139P   1705
0.615384615384615,0.653846153846154,0.692307692307692,              1139P   1706
0.73076923076923,0.769230769230769,0.807692307692307,               1139P   1707
0.846153846153846,0.884615384615384,0.923076923076923,              1139P   1708
0.961538461538461,1,1,1,1,1,1,1,1,1,1,1,1,1,1,1,1,1,1,1,1,1,1,1,    1139P   1709
1,1,1,1,1,1,1,1,1,1,1,0.5,0,1,0.520138414446088,0,                  1139P   1710
0.99756370358472,0.560415160581344,0,0.986653659747646,             1139P   1711
0.619949357062132,0,0.968647109702848,0.677734404032804,0,          1139P   1712
0.943806629497199,0.732927687934255,0,0.912494449267984,            1139P   1713
0.78472436036148,0,0.875167171111833,0.832369110813292,0,           1139P   1714
0.832369110797979,0.875167171107732,0,0.784724360418632,            1139P   1715
0.912494449269083,0,0.732927687720959,0.943806629496904,0,          1139P   1716
0.67773440482884,0.968647109702929,0,0.619949354091291,             1139P   1717
0.986653659747625,0,0.56041517166867,0.997563703584725,0,           1139P   1718
0.499999999999999,1.00121814820764,0,0.439584828331332,             1139P   1719
0.997563703584725,0,0.380050645908709,0.986653659747626,0,          1139P   1720
0.322265595171161,0.968647109702929,0,0.267072312279042,            1139P   1721
0.943806629496905,0,0.215275639581369,0.912494449269084,0,          1139P   1722
0.16763088920202,0.875167171107732,0,0.124832828888167,             1139P   1723
0.832369110813295,0,0.0875055507320166,0.78472436036148,0,          1139P   1724
0.0561933705028022,0.732927687934256,0,0.0313528902971516,          1139P   1725
0.677734404032807,0,0.0133463402523528,0.619949357062132,0,         1139P   1726
0.00243629641528287,0.560415160581345,0,0,0.520138414446089,0,0,    1139P   1727
0.5,0,0,1,0,0,1;                                                    1139P   1728
126,28,3,1,0,1,0,0,0,0,0,0.0384615384615385,0.0769230769230769,     1141P   1729
0.115384615384615,0.153846153846154,0.192307692307692,              1141P   1730
0.230769230769231,0.269230769230769,0.307692307692308,              1141P   1731
0.346153846153846,0.384615384615385,0.423076923076923,              1141P   1732
0.461538461538461,0.5,0.538461538461538,0.576923076923077,          1141P   1733
0.615384615384615,0.653846153846154,0.692307692307692,              1141P   1734
0.73076923076923,0.769230769230769,0.807692307692307,               1141P   1735
0.846153846153846,0.884615384615384,0.923076923076923,              1141P   1736
0.961538461538461,1,1,1,1,1,1,1,1,1,1,1,1,1,1,1,1,1,1,1,1,1,1,1,    1141P   1737
1,1,1,1,1,1,1,1,1,1,0,0.5,0,0,0.479861585553912,0,                  1141P   1738
0.00243629641528109,0.439584839418656,0,0.0133463402523528,         1141P   1739
0.380050642937868,0,0.0313528902971507,0.322265595967195,0,         1141P   1740
0.0561933705027995,0.267072312065744,0,0.0875055507320166,          1141P   1741
0.215275639638521,0,0.124832828888163,0.167630889186705,0,          1141P   1742
0.16763088920202,0.124832828892268,0,0.215275639581367,             1141P   1743
0.0875055507309166,0,0.26707231227904,0.0561933705030953,0,         1141P   1744
0.322265595171162,0.0313528902970717,0,0.380050645908709,           1141P   1745
0.0133463402523741,0,0.439584828331332,0.00243629641527576,0,       1141P   1746
0.5,-0.00121814820763744,0,0.560415171668669,                       1141P   1747
0.00243629641527532,0,0.619949354091291,0.0133463402523746,0,       1141P   1748
0.67773440482884,0.0313528902970717,0,0.732927687720959,            1141P   1749
0.0561933705030961,0,0.784724360418632,0.0875055507309166,0,        1141P   1750
0.83236911079798,0.124832828892268,0,0.875167171111835,             1141P   1751
0.167630889186706,0,0.912494449267984,0.215275639638521,0,          1141P   1752
0.9438066294972,0.267072312065744,0,0.968647109702849,              1141P   1753
0.322265595967195,0,0.986653659747649,0.380050642937868,0,          1141P   1754
0.997563703584717,0.439584839418656,0,1,0.479861585553911,0,1,      1141P   1755
0.5,0,0,1,0,0,1;                                                    1141P   1756
508,2,0,387,138,1,1,0,1139,0,387,66,1,1,0,1141;                     1143P   1757
510,1137,1,1,1143;                                                  1145P   1758
128,1,1,1,1,0,0,1,0,0,0,0,1,1,0,0,1,1,1,1,1,1,-7.89,-6,1.61,        1147P   1759
-9.89,-6,1.61,-7.89,-8,1.61,-9.89,-8,1.61,0,1,0,1;                  1147P   1760
126,28,3,1,0,1,0,0,0,0,0,0.0384615384615385,0.0769230769230769,     1149P   1761
0.115384615384615,0.153846153846154,0.192307692307692,              1149P   1762
0.230769230769231,0.269230769230769,0.307692307692308,              1149P   1763
0.346153846153846,0.384615384615385,0.423076923076923,              1149P   1764
0.461538461538461,0.5,0.538461538461538,0.576923076923077,          1149P   1765
0.615384615384615,0.653846153846154,0.692307692307692,              1149P   1766
0.73076923076923,0.769230769230769,0.807692307692307,               1149P   1767
0.846153846153846,0.884615384615384,0.923076923076923,              1149P   1768
0.961538461538461,1,1,1,1,1,1,1,1,1,1,1,1,1,1,1,1,1,1,1,1,1,1,1,    1149P   1769
1,1,1,1,1,1,1,1,1,1,1,0.5,0,1,0.520138414446088,0,                  1149P   1770
0.997563703584719,0.560415160581345,0,0.986653659747647,            1149P   1771
0.619949357062131,0,0.968647109702848,0.677734404032805,0,          1149P   1772
0.943806629497199,0.732927687934255,0,0.912494449267983,            1149P   1773
0.784724360361479,0,0.875167171111833,0.832369110813292,0,          1149P   1774
0.83236911079798,0.875167171107731,0,0.784724360418632,             1149P   1775
0.912494449269083,0,0.732927687720958,0.943806629496904,0,          1149P   1776
0.67773440482884,0.96864710970293,0,0.619949354091291,              1149P   1777
0.986653659747625,0,0.56041517166867,0.997563703584726,0,           1149P   1778
0.499999999999999,1.00121814820764,0,0.439584828331332,             1149P   1779
0.997563703584725,0,0.380050645908709,0.986653659747626,0,          1149P   1780
0.322265595171161,0.968647109702929,0,0.267072312279043,            1149P   1781
0.943806629496906,0,0.215275639581368,0.912494449269084,0,          1149P   1782
0.167630889202021,0.875167171107732,0,0.124832828888167,            1149P   1783
0.832369110813294,0,0.0875055507320157,0.78472436036148,0,          1149P   1784
0.0561933705028022,0.732927687934256,0,0.0313528902971512,          1149P   1785
0.677734404032807,0,0.0133463402523533,0.619949357062132,0,         1149P   1786
0.00243629641528154,0.560415160581345,0,0,0.520138414446089,0,0,    1149P   1787
0.5,0,0,1,0,0,1;                                                    1149P   1788
126,28,3,1,0,1,0,0,0,0,0,0.0384615384615385,0.0769230769230769,     1151P   1789
0.115384615384615,0.153846153846154,0.192307692307692,              1151P   1790
0.230769230769231,0.269230769230769,0.307692307692308,              1151P   1791
0.346153846153846,0.384615384615385,0.423076923076923,              1151P   1792
0.461538461538461,0.5,0.538461538461538,0.576923076923077,          1151P   1793
0.615384615384615,0.653846153846154,0.692307692307692,              1151P   1794
0.73076923076923,0.769230769230769,0.807692307692307,               1151P   1795
0.846153846153846,0.884615384615384,0.923076923076923,              1151P   1796
0.961538461538461,1,1,1,1,1,1,1,1,1,1,1,1,1,1,1,1,1,1,1,1,1,1,1,    1151P   1797
1,1,1,1,1,1,1,1,1,1,0,0.5,0,0,0.479861585553912,0,                  1151P   1798
0.00243629641528198,0.439584839418656,0,0.0133463402523533,         1151P   1799
0.380050642937869,0,0.0313528902971503,0.322265595967195,0,         1151P   1800
0.0561933705027995,0.267072312065744,0,0.0875055507320166,          1151P   1801
0.21527563963852,0,0.124832828888163,0.167630889186706,0,           1151P   1802
0.16763088920202,0.124832828892269,0,0.215275639581367,             1151P   1803
0.0875055507309166,0,0.267072312279041,0.0561933705030957,0,        1151P   1804
0.322265595171162,0.0313528902970712,0,0.380050645908709,           1151P   1805
0.0133463402523746,0,0.439584828331331,0.00243629641527621,0,       1151P   1806
0.500000000000001,-0.00121814820763833,0,0.560415171668669,         1151P   1807
0.00243629641527532,0,0.61994935409129,0.013346340252375,0,         1151P   1808
0.67773440482884,0.0313528902970712,0,0.732927687720959,            1151P   1809
0.0561933705030957,0,0.784724360418632,0.0875055507309166,0,        1151P   1810
0.83236911079798,0.124832828892268,0,0.875167171111834,             1151P   1811
0.167630889186706,0,0.912494449267984,0.215275639638521,0,          1151P   1812
0.943806629497199,0.267072312065744,0,0.968647109702849,            1151P   1813
0.322265595967195,0,0.986653659747648,0.380050642937868,0,          1151P   1814
0.997563703584718,0.439584839418655,0,1,0.479861585553911,0,1,      1151P   1815
0.5,0,0,1,0,0,1;                                                    1151P   1816
508,2,0,387,139,1,1,0,1149,0,387,69,1,1,0,1151;                     1153P   1817
510,1147,1,1,1153;                                                  1155P   1818
128,1,1,1,1,0,0,1,0,0,0,0,1,1,0,0,1,1,1,1,1,1,-5.35,-6,1.61,        1157P   1819
-7.35,-6,1.61,-5.35,-8,1.61,-7.35,-8,1.61,0,1,0,1;                  1157P   1820
126,28,3,1,0,1,0,0,0,0,0,0.0384615384615385,0.0769230769230769,     1159P   1821
0.115384615384615,0.153846153846154,0.192307692307692,              1159P   1822
0.230769230769231,0.269230769230769,0.307692307692308,              1159P   1823
0.346153846153846,0.384615384615385,0.423076923076923,              1159P   1824
0.461538461538461,0.5,0.538461538461538,0.576923076923077,          1159P   1825
0.615384615384615,0.653846153846154,0.692307692307692,              1159P   1826
0.73076923076923,0.769230769230769,0.807692307692307,               1159P   1827
0.846153846153846,0.884615384615384,0.923076923076923,              1159P   1828
0.961538461538461,1,1,1,1,1,1,1,1,1,1,1,1,1,1,1,1,1,1,1,1,1,1,1,    1159P   1829
1,1,1,1,1,1,1,1,1,1,1,0.5,0,1,0.520138414446088,0,                  1159P   1830
0.99756370358472,0.560415160581345,0,0.986653659747646,             1159P   1831
0.619949357062131,0,0.96864710970285,0.677734404032805,0,           1159P   1832
0.943806629497198,0.732927687934255,0,0.912494449267984,            1159P   1833
0.784724360361479,0,0.875167171111834,0.832369110813292,0,          1159P   1834
0.83236911079798,0.875167171107731,0,0.784724360418632,             1159P   1835
0.912494449269083,0,0.732927687720958,0.943806629496904,0,          1159P   1836
0.677734404828839,0.96864710970293,0,0.619949354091291,             1159P   1837
0.986653659747625,0,0.560415171668671,0.997563703584726,0,0.5,      1159P   1838
1.00121814820764,0,0.439584828331331,0.997563703584725,0,           1159P   1839
0.38005064590871,0.986653659747626,0,0.322265595171161,             1159P   1840
0.968647109702929,0,0.267072312279042,0.943806629496906,0,          1159P   1841
0.215275639581369,0.912494449269084,0,0.167630889202021,            1159P   1842
0.875167171107732,0,0.124832828888166,0.832369110813294,0,          1159P   1843
0.087505550732017,0.78472436036148,0,0.0561933705028022,            1159P   1844
0.732927687934256,0,0.0313528902971512,0.677734404032807,0,         1159P   1845
0.0133463402523533,0.619949357062132,0,0.00243629641528198,         1159P   1846
0.560415160581345,0,0,0.520138414446089,0,0,0.5,0,0,1,0,0,1;        1159P   1847
126,28,3,1,0,1,0,0,0,0,0,0.0384615384615385,0.0769230769230769,     1161P   1848
0.115384615384615,0.153846153846154,0.192307692307692,              1161P   1849
0.230769230769231,0.269230769230769,0.307692307692308,              1161P   1850
0.346153846153846,0.384615384615385,0.423076923076923,              1161P   1851
0.461538461538461,0.5,0.538461538461538,0.576923076923077,          1161P   1852
0.615384615384615,0.653846153846154,0.692307692307692,              1161P   1853
0.73076923076923,0.769230769230769,0.807692307692307,               1161P   1854
0.846153846153846,0.884615384615384,0.923076923076923,              1161P   1855
0.961538461538461,1,1,1,1,1,1,1,1,1,1,1,1,1,1,1,1,1,1,1,1,1,1,1,    1161P   1856
1,1,1,1,1,1,1,1,1,1,0,0.5,0,0,0.479861585553912,0,                  1161P   1857
0.00243629641528198,0.439584839418656,0,0.0133463402523533,         1161P   1858
0.380050642937869,0,0.0313528902971503,0.322265595967195,0,         1161P   1859
0.0561933705028004,0.267072312065744,0,0.0875055507320162,          1161P   1860
0.21527563963852,0,0.124832828888164,0.167630889186706,0,           1161P   1861
0.16763088920202,0.124832828892269,0,0.215275639581367,             1161P   1862
0.0875055507309166,0,0.267072312279041,0.0561933705030957,0,        1161P   1863
0.322265595171161,0.0313528902970712,0,0.380050645908708,           1161P   1864
0.0133463402523746,0,0.439584828331331,0.00243629641527621,0,       1161P   1865
0.499999999999999,-0.00121814820763833,0,0.560415171668669,         1161P   1866
0.00243629641527532,0,0.619949354091291,0.013346340252375,0,        1161P   1867
0.677734404828839,0.0313528902970712,0,0.732927687720959,           1161P   1868
0.0561933705030957,0,0.784724360418632,0.0875055507309166,0,        1161P   1869
0.83236911079798,0.124832828892268,0,0.875167171111834,             1161P   1870
0.167630889186706,0,0.912494449267984,0.215275639638521,0,          1161P   1871
0.943806629497199,0.267072312065744,0,0.968647109702849,            1161P   1872
0.322265595967195,0,0.986653659747647,0.380050642937868,0,          1161P   1873
0.997563703584719,0.439584839418655,0,1,0.479861585553911,0,1,      1161P   1874
0.5,0,0,1,0,0,1;                                                    1161P   1875
508,2,0,387,140,1,1,0,1159,0,387,72,1,1,0,1161;                     1163P   1876
510,1157,1,1,1163;                                                  1165P   1877
128,1,1,1,1,0,0,1,0,0,0,0,1,1,0,0,1,1,1,1,1,1,-2.81,-6,1.61,        1167P   1878
-4.81,-6,1.61,-2.81,-8,1.61,-4.81,-8,1.61,0,1,0,1;                  1167P   1879
126,28,3,1,0,1,0,0,0,0,0,0.0384615384615385,0.0769230769230769,     1169P   1880
0.115384615384615,0.153846153846154,0.192307692307692,              1169P   1881
0.230769230769231,0.269230769230769,0.307692307692308,              1169P   1882
0.346153846153846,0.384615384615385,0.423076923076923,              1169P   1883
0.461538461538461,0.5,0.538461538461538,0.576923076923077,          1169P   1884
0.615384615384615,0.653846153846154,0.692307692307692,              1169P   1885
0.73076923076923,0.769230769230769,0.807692307692307,               1169P   1886
0.846153846153846,0.884615384615384,0.923076923076923,              1169P   1887
0.961538461538461,1,1,1,1,1,1,1,1,1,1,1,1,1,1,1,1,1,1,1,1,1,1,1,    1169P   1888
1,1,1,1,1,1,1,1,1,1,1,0.5,0,1,0.520138414446088,0,                  1169P   1889
0.997563703584719,0.560415160581344,0,0.986653659747647,            1169P   1890
0.619949357062132,0,0.968647109702848,0.677734404032805,0,          1169P   1891
0.943806629497199,0.732927687934255,0,0.912494449267983,            1169P   1892
0.78472436036148,0,0.875167171111834,0.832369110813292,0,           1169P   1893
0.832369110797979,0.875167171107732,0,0.784724360418632,            1169P   1894
0.912494449269083,0,0.732927687720958,0.943806629496905,0,          1169P   1895
0.67773440482884,0.968647109702928,0,0.619949354091291,             1169P   1896
0.986653659747626,0,0.56041517166867,0.997563703584724,0,           1169P   1897
0.499999999999999,1.00121814820764,0,0.439584828331331,             1169P   1898
0.997563703584724,0,0.380050645908709,0.986653659747626,0,          1169P   1899
0.322265595171161,0.968647109702929,0,0.267072312279041,            1169P   1900
0.943806629496905,0,0.215275639581368,0.912494449269084,0,          1169P   1901
0.167630889202021,0.875167171107732,0,0.124832828888165,            1169P   1902
0.832369110813295,0,0.087505550732017,0.784724360361481,0,          1169P   1903
0.0561933705028013,0.732927687934255,0,0.0313528902971509,          1169P   1904
0.677734404032806,0,0.0133463402523533,0.619949357062132,0,         1169P   1905
0.00243629641528154,0.560415160581345,0,0,0.520138414446089,0,0,    1169P   1906
0.5,0,0,1,0,0,1;                                                    1169P   1907
126,28,3,1,0,1,0,0,0,0,0,0.0384615384615385,0.0769230769230769,     1171P   1908
0.115384615384615,0.153846153846154,0.192307692307692,              1171P   1909
0.230769230769231,0.269230769230769,0.307692307692308,              1171P   1910
0.346153846153846,0.384615384615385,0.423076923076923,              1171P   1911
0.461538461538461,0.5,0.538461538461538,0.576923076923077,          1171P   1912
0.615384615384615,0.653846153846154,0.692307692307692,              1171P   1913
0.73076923076923,0.769230769230769,0.807692307692307,               1171P   1914
0.846153846153846,0.884615384615384,0.923076923076923,              1171P   1915
0.961538461538461,1,1,1,1,1,1,1,1,1,1,1,1,1,1,1,1,1,1,1,1,1,1,1,    1171P   1916
1,1,1,1,1,1,1,1,1,1,0,0.5,0,0,0.479861585553912,0,                  1171P   1917
0.00243629641528154,0.439584839418657,0,0.013346340252353,          1171P   1918
0.380050642937868,0,0.03135289029715,0.322265595967194,0,           1171P   1919
0.056193370502801,0.267072312065745,0,0.0875055507320162,           1171P   1920
0.21527563963852,0,0.124832828888164,0.167630889186706,0,           1171P   1921
0.16763088920202,0.124832828892269,0,0.215275639581367,             1171P   1922
0.0875055507309161,0,0.267072312279041,0.0561933705030953,0,        1171P   1923
0.32226559517116,0.0313528902970717,0,0.380050645908708,            1171P   1924
0.0133463402523741,0,0.43958482833133,0.00243629641527576,0,0.5,    1171P   1925
-0.00121814820763788,0,0.560415171668669,0.00243629641527576,0,     1171P   1926
0.61994935409129,0.0133463402523741,0,0.677734404828839,            1171P   1927
0.0313528902970717,0,0.732927687720959,0.0561933705030961,0,        1171P   1928
0.784724360418632,0.087505550730917,0,0.832369110797979,            1171P   1929
0.124832828892268,0,0.875167171111834,0.167630889186706,0,          1171P   1930
0.912494449267984,0.21527563963852,0,0.943806629497199,             1171P   1931
0.267072312065745,0,0.96864710970285,0.322265595967194,0,           1171P   1932
0.986653659747647,0.380050642937868,0,0.997563703584718,            1171P   1933
0.439584839418655,0,1,0.479861585553911,0,1,0.5,0,0,1,0,0,1;        1171P   1934
508,2,0,387,141,1,1,0,1169,0,387,75,1,1,0,1171;                     1173P   1935
510,1167,1,1,1173;                                                  1175P   1936
128,1,1,1,1,0,0,1,0,0,0,0,1,1,0,0,1,1,1,1,1,1,                      1177P   1937
-0.270000000000001,-6,1.61,-2.27,-6,1.61,-0.270000000000001,-8,     1177P   1938
1.61,-2.27,-8,1.61,0,1,0,1;                                         1177P   1939
126,28,3,1,0,1,0,0,0,0,0,0.0384615384615385,0.0769230769230769,     1179P   1940
0.115384615384615,0.153846153846154,0.192307692307692,              1179P   1941
0.230769230769231,0.269230769230769,0.307692307692308,              1179P   1942
0.346153846153846,0.384615384615385,0.423076923076923,              1179P   1943
0.461538461538461,0.5,0.538461538461538,0.576923076923077,          1179P   1944
0.615384615384615,0.653846153846154,0.692307692307692,              1179P   1945
0.73076923076923,0.769230769230769,0.807692307692307,               1179P   1946
0.846153846153846,0.884615384615384,0.923076923076923,              1179P   1947
0.961538461538461,1,1,1,1,1,1,1,1,1,1,1,1,1,1,1,1,1,1,1,1,1,1,1,    1179P   1948
1,1,1,1,1,1,1,1,1,1,1,0.5,0,1,0.520138414446088,0,                  1179P   1949
0.997563703584719,0.560415160581344,0,0.986653659747647,            1179P   1950
0.619949357062132,0,0.96864710970285,0.677734404032805,0,           1179P   1951
0.943806629497199,0.732927687934255,0,0.912494449267984,            1179P   1952
0.78472436036148,0,0.875167171111835,0.832369110813292,0,           1179P   1953
0.832369110797979,0.875167171107732,0,0.784724360418632,            1179P   1954
0.912494449269083,0,0.732927687720958,0.943806629496905,0,          1179P   1955
0.67773440482884,0.968647109702928,0,0.619949354091291,             1179P   1956
0.986653659747626,0,0.56041517166867,0.997563703584724,0,0.5,       1179P   1957
1.00121814820764,0,0.439584828331331,0.997563703584724,0,           1179P   1958
0.380050645908709,0.986653659747626,0,0.322265595171161,            1179P   1959
0.968647109702929,0,0.267072312279042,0.943806629496905,0,          1179P   1960
0.215275639581368,0.912494449269084,0,0.167630889202021,            1179P   1961
0.875167171107732,0,0.124832828888166,0.832369110813295,0,          1179P   1962
0.0875055507320166,0.784724360361481,0,0.0561933705028013,          1179P   1963
0.732927687934255,0,0.0313528902971507,0.677734404032806,0,         1179P   1964
0.0133463402523532,0.619949357062132,0,0.00243629641528154,         1179P   1965
0.560415160581345,0,0,0.520138414446089,0,0,0.5,0,0,1,0,0,1;        1179P   1966
126,28,3,1,0,1,0,0,0,0,0,0.0384615384615385,0.0769230769230769,     1181P   1967
0.115384615384615,0.153846153846154,0.192307692307692,              1181P   1968
0.230769230769231,0.269230769230769,0.307692307692308,              1181P   1969
0.346153846153846,0.384615384615385,0.423076923076923,              1181P   1970
0.461538461538461,0.5,0.538461538461538,0.576923076923077,          1181P   1971
0.615384615384615,0.653846153846154,0.692307692307692,              1181P   1972
0.73076923076923,0.769230769230769,0.807692307692307,               1181P   1973
0.846153846153846,0.884615384615384,0.923076923076923,              1181P   1974
0.961538461538461,1,1,1,1,1,1,1,1,1,1,1,1,1,1,1,1,1,1,1,1,1,1,1,    1181P   1975
1,1,1,1,1,1,1,1,1,1,0,0.5,0,0,0.479861585553912,0,                  1181P   1976
0.00243629641528148,0.439584839418657,0,0.013346340252353,          1181P   1977
0.380050642937868,0,0.0313528902971504,0.322265595967194,0,         1181P   1978
0.0561933705028009,0.267072312065745,0,0.0875055507320161,          1181P   1979
0.21527563963852,0,0.124832828888165,0.167630889186706,0,           1181P   1980
0.16763088920202,0.124832828892269,0,0.215275639581368,             1181P   1981
0.0875055507309161,0,0.267072312279042,0.0561933705030953,0,        1181P   1982
0.322265595171161,0.0313528902970717,0,0.380050645908708,           1181P   1983
0.0133463402523741,0,0.43958482833133,0.00243629641527576,0,0.5,    1181P   1984
-0.00121814820763788,0,0.560415171668669,0.00243629641527576,0,     1181P   1985
0.61994935409129,0.0133463402523741,0,0.677734404828839,            1181P   1986
0.0313528902970717,0,0.732927687720958,0.0561933705030961,0,        1181P   1987
0.784724360418632,0.087505550730917,0,0.832369110797979,            1181P   1988
0.124832828892268,0,0.875167171111835,0.167630889186706,0,          1181P   1989
0.912494449267983,0.21527563963852,0,0.943806629497199,             1181P   1990
0.267072312065745,0,0.968647109702849,0.322265595967194,0,          1181P   1991
0.986653659747647,0.380050642937868,0,0.997563703584719,            1181P   1992
0.439584839418655,0,1,0.479861585553911,0,1,0.5,0,0,1,0,0,1;        1181P   1993
508,2,0,387,142,1,1,0,1179,0,387,78,1,1,0,1181;                     1183P   1994
510,1177,1,1,1183;                                                  1185P   1995
128,1,1,1,1,0,0,1,0,0,0,0,1,1,0,0,1,1,1,1,1,1,13,8.5,0,-13,8.5,     1187P   1996
0,13,-8.5,0,-13,-8.5,0,0,1,0,1;                                     1187P   1997
126,1,1,1,0,1,0,0,0,1,1,1,1,0,0,0,1,0,0,0,1,0,0,1;                  1189P   1998
126,1,1,1,0,1,0,0,0,1,1,1,1,0,1,0,0,0,0,0,1,0,0,1;                  1191P   1999
126,1,1,1,0,1,0,0,0,1,1,1,1,1,1,0,0,1,0,0,1,0,0,1;                  1193P   2000
126,1,1,1,0,1,0,0,0,1,1,1,1,1,0,0,1,1,0,0,1,0,0,1;                  1195P   2001
508,4,0,387,86,0,1,0,1189,0,387,84,0,1,0,1191,0,387,82,0,1,0,       1197P   2002
1193,0,387,79,0,1,0,1195;                                           1197P   2003
126,28,3,1,0,1,0,0,0,0,0,0.0384615384615385,0.0769230769230769,     1199P   2004
0.115384615384615,0.153846153846154,0.192307692307692,              1199P   2005
0.230769230769231,0.269230769230769,0.307692307692308,              1199P   2006
0.346153846153846,0.384615384615385,0.423076923076923,              1199P   2007
0.461538461538461,0.5,0.538461538461538,0.576923076923077,          1199P   2008
0.615384615384615,0.653846153846154,0.692307692307692,              1199P   2009
0.73076923076923,0.769230769230769,0.807692307692307,               1199P   2010
0.846153846153846,0.884615384615384,0.923076923076923,              1199P   2011
0.961538461538461,1,1,1,1,1,1,1,1,1,1,1,1,1,1,1,1,1,1,1,1,1,1,1,    1199P   2012
1,1,1,1,1,1,1,1,1,1,0.153846153846154,0.147058823529412,0,          1199P   2013
0.153846153846154,0.150612661372839,0,0.153565042721314,            1199P   2014
0.157720322455531,0,0.152306191509344,0.168226357128611,0,          1199P   2015
0.150228512658021,0.17842371835873,0,0.147362303403523,             1199P   2016
0.188163709635457,0,0.143749359530921,0.19730429888732,0,           1199P   2017
0.13944236589752,0.205712196025875,0,0.134504128168998,             1199P   2018
0.213264794901364,0,0.129006656971381,0.219851961635721,0,          1199P   2019
0.123030117813957,0.225377640499454,0,0.116661662095635,            1199P   2020
0.229761254653458,0,0.109994156241303,0.232938881131934,0,          1199P   2021
0.103124827500231,0.23486418298554,0,0.0961538461538461,            1199P   2022
0.235509084977818,0,0.0891828648074613,0.23486418298554,0,          1199P   2023
0.0823135360663894,0.232938881131934,0,0.075646030212057,           1199P   2024
0.229761254653458,0,0.0692775744937356,0.225377640499454,0,         1199P   2025
0.0633010353363116,0.219851961635721,0,0.0578035641386945,          1199P   2026
0.213264794901364,0,0.052865326410173,0.205712196025875,0,          1199P   2027
0.048558332776771,0.19730429888732,0,0.0449453889041693,            1199P   2028
0.188163709635457,0,0.0420791796496711,0.17842371835873,0,          1199P   2029
0.0400015007983485,0.168226357128612,0,0.0387426495863785,          1199P   2030
0.157720322455531,0,0.0384615384615384,0.150612661372839,0,         1199P   2031
0.0384615384615384,0.147058823529412,0,0,1,0,0,1;                   1199P   2032
126,28,3,1,0,1,0,0,0,0,0,0.0384615384615385,0.0769230769230769,     1201P   2033
0.115384615384615,0.153846153846154,0.192307692307692,              1201P   2034
0.230769230769231,0.269230769230769,0.307692307692308,              1201P   2035
0.346153846153846,0.384615384615385,0.423076923076923,              1201P   2036
0.461538461538461,0.5,0.538461538461538,0.576923076923077,          1201P   2037
0.615384615384615,0.653846153846154,0.692307692307692,              1201P   2038
0.73076923076923,0.769230769230769,0.807692307692307,               1201P   2039
0.846153846153846,0.884615384615384,0.923076923076923,              1201P   2040
0.961538461538461,1,1,1,1,1,1,1,1,1,1,1,1,1,1,1,1,1,1,1,1,1,1,1,    1201P   2041
1,1,1,1,1,1,1,1,1,1,0.0384615384615384,0.147058823529412,0,         1201P   2042
0.0384615384615384,0.143504985685984,0,0.0387426495863785,          1201P   2043
0.136397324603292,0,0.0400015007983485,0.125891289930212,0,         1201P   2044
0.0420791796496711,0.115693928700093,0,0.0449453889041694,          1201P   2045
0.105953937423367,0,0.0485583327767711,0.0968133481715036,0,        1201P   2046
0.0528653264101731,0.0884054510329484,0,0.0578035641386945,         1201P   2047
0.0808528521574592,0,0.0633010353363118,0.0742656854231029,0,       1201P   2048
0.0692775744937356,0.06874000655937,0,0.0756460302120568,           1201P   2049
0.0643563924053655,0,0.0823135360663895,0.0611787659268896,0,       1201P   2050
0.0891828648074611,0.0592534640732838,0,0.0961538461538461,         1201P   2051
0.0586085620810051,0,0.103124827500231,0.0592534640732839,0,        1201P   2052
0.109994156241303,0.0611787659268895,0,0.116661662095635,           1201P   2053
0.0643563924053654,0,0.123030117813957,0.0687400065593698,0,        1201P   2054
0.129006656971381,0.0742656854231028,0,0.134504128168997,           1201P   2055
0.080852852157459,0,0.139442365897519,0.0884054510329481,0,         1201P   2056
0.143749359530921,0.0968133481715036,0,0.147362303403523,           1201P   2057
0.105953937423367,0,0.150228512658021,0.115693928700093,0,          1201P   2058
0.152306191509344,0.125891289930212,0,0.153565042721314,            1201P   2059
0.136397324603292,0,0.153846153846154,0.143504985685984,0,          1201P   2060
0.153846153846154,0.147058823529412,0,0,1,0,0,1;                    1201P   2061
508,2,0,387,104,1,1,0,1199,0,387,143,1,1,0,1201;                    1203P   2062
126,28,3,1,0,1,0,0,0,0,0,0.0384615384615385,0.0769230769230769,     1205P   2063
0.115384615384615,0.153846153846154,0.192307692307692,              1205P   2064
0.230769230769231,0.269230769230769,0.307692307692308,              1205P   2065
0.346153846153846,0.384615384615385,0.423076923076923,              1205P   2066
0.461538461538461,0.5,0.538461538461538,0.576923076923077,          1205P   2067
0.615384615384615,0.653846153846154,0.692307692307692,              1205P   2068
0.73076923076923,0.769230769230769,0.807692307692307,               1205P   2069
0.846153846153846,0.884615384615384,0.923076923076923,              1205P   2070
0.961538461538461,1,1,1,1,1,1,1,1,1,1,1,1,1,1,1,1,1,1,1,1,1,1,1,    1205P   2071
1,1,1,1,1,1,1,1,1,1,0.961538461538462,0.147058823529412,0,          1205P   2072
0.961538461538462,0.150612661372839,0,0.961257350413621,            1205P   2073
0.157720322455531,0,0.959998499201651,0.168226357128611,0,          1205P   2074
0.957920820350329,0.17842371835873,0,0.955054611095831,             1205P   2075
0.188163709635457,0,0.951441667223229,0.19730429888732,0,           1205P   2076
0.947134673589827,0.205712196025875,0,0.942196435861305,            1205P   2077
0.213264794901364,0,0.936698964663688,0.219851961635721,0,          1205P   2078
0.930722425506264,0.225377640499454,0,0.924353969787943,            1205P   2079
0.229761254653458,0,0.917686463933611,0.232938881131934,0,          1205P   2080
0.910817135192539,0.23486418298554,0,0.903846153846154,             1205P   2081
0.235509084977818,0,0.896875172499769,0.23486418298554,0,           1205P   2082
0.890005843758697,0.232938881131934,0,0.883338337904365,            1205P   2083
0.229761254653458,0,0.876969882186043,0.225377640499454,0,          1205P   2084
0.870993343028619,0.219851961635721,0,0.865495871831002,            1205P   2085
0.213264794901364,0,0.860557634102481,0.205712196025875,0,          1205P   2086
0.856250640469079,0.19730429888732,0,0.852637696596477,             1205P   2087
0.188163709635457,0,0.849771487341979,0.17842371835873,0,           1205P   2088
0.847693808490656,0.168226357128612,0,0.846434957278686,            1205P   2089
0.157720322455531,0,0.846153846153846,0.150612661372839,0,          1205P   2090
0.846153846153846,0.147058823529412,0,0,1,0,0,1;                    1205P   2091
126,28,3,1,0,1,0,0,0,0,0,0.0384615384615385,0.0769230769230769,     1207P   2092
0.115384615384615,0.153846153846154,0.192307692307692,              1207P   2093
0.230769230769231,0.269230769230769,0.307692307692308,              1207P   2094
0.346153846153846,0.384615384615385,0.423076923076923,              1207P   2095
0.461538461538461,0.5,0.538461538461538,0.576923076923077,          1207P   2096
0.615384615384615,0.653846153846154,0.692307692307692,              1207P   2097
0.73076923076923,0.769230769230769,0.807692307692307,               1207P   2098
0.846153846153846,0.884615384615384,0.923076923076923,              1207P   2099
0.961538461538461,1,1,1,1,1,1,1,1,1,1,1,1,1,1,1,1,1,1,1,1,1,1,1,    1207P   2100
1,1,1,1,1,1,1,1,1,1,0.846153846153846,0.147058823529412,0,          1207P   2101
0.846153846153846,0.143504985685984,0,0.846434957278686,            1207P   2102
0.136397324603292,0,0.847693808490656,0.125891289930212,0,          1207P   2103
0.849771487341979,0.115693928700093,0,0.852637696596477,            1207P   2104
0.105953937423367,0,0.856250640469079,0.0968133481715036,0,         1207P   2105
0.860557634102481,0.0884054510329484,0,0.865495871831002,           1207P   2106
0.0808528521574592,0,0.870993343028619,0.0742656854231029,0,        1207P   2107
0.876969882186043,0.06874000655937,0,0.883338337904365,             1207P   2108
0.0643563924053655,0,0.890005843758697,0.0611787659268896,0,        1207P   2109
0.896875172499769,0.0592534640732838,0,0.903846153846154,           1207P   2110
0.0586085620810051,0,0.910817135192539,0.0592534640732839,0,        1207P   2111
0.917686463933611,0.0611787659268895,0,0.924353969787943,           1207P   2112
0.0643563924053654,0,0.930722425506264,0.0687400065593698,0,        1207P   2113
0.936698964663689,0.0742656854231028,0,0.942196435861305,           1207P   2114
0.080852852157459,0,0.947134673589827,0.0884054510329481,0,         1207P   2115
0.951441667223229,0.0968133481715036,0,0.955054611095831,           1207P   2116
0.105953937423367,0,0.957920820350329,0.115693928700093,0,          1207P   2117
0.959998499201651,0.125891289930212,0,0.961257350413621,            1207P   2118
0.136397324603292,0,0.961538461538462,0.143504985685984,0,          1207P   2119
0.961538461538462,0.147058823529412,0,0,1,0,0,1;                    1207P   2120
508,2,0,387,107,1,1,0,1205,0,387,144,1,1,0,1207;                    1209P   2121
510,1187,3,1,1197,1203,1209;                                        1211P   2122
128,1,1,1,1,0,0,1,0,0,0,0,1,1,0,0,1,1,1,1,1,1,-2.1,2.7,2.6,-5.1,    1213P   2123
2.7,2.6,-2.1,-0.3,2.6,-5.1,-0.3,2.6,0,1,0,1;                        1213P   2124
126,1,1,1,0,1,0,0,0,1,1,1,1,1,0,0,1,1,0,0,1,0,0,1;                  1215P   2125
126,1,1,1,0,1,0,0,0,1,1,1,1,1,1,0,0,1,0,0,1,0,0,1;                  1217P   2126
126,1,1,1,0,1,0,0,0,1,1,1,1,0,1,0,0,0,0,0,1,0,0,1;                  1219P   2127
126,1,1,1,0,1,0,0,0,1,1,1,1,0,0,0,1,0,0,0,1,0,0,1;                  1221P   2128
508,4,0,387,88,1,1,0,1215,0,387,94,1,1,0,1217,0,387,92,1,1,0,       1223P   2129
1219,0,387,90,1,1,0,1221;                                           1223P   2130
510,1213,1,1,1223;                                                  1225P   2131
128,1,1,1,1,0,0,1,0,0,0,0,1,1,0,0,1,1,1,1,1,1,5,                    1227P   2132
0.499999999999999,2.6,2,0.5,2.6,5,-4.5,2.6,2,-4.5,2.6,0,1,0,1;      1227P   2133
126,1,1,1,0,1,0,0,0,1,1,1,1,0,0,0,1,0,0,0,1,0,0,1;                  1229P   2134
126,1,1,1,0,1,0,0,0,1,1,1,1,1,0,0,1,1,0,0,1,0,0,1;                  1231P   2135
126,1,1,1,0,1,0,0,0,1,1,1,1,1,1,0,0,1,0,0,1,0,0,1;                  1233P   2136
126,1,1,1,0,1,0,0,0,1,1,1,1,0,1,0,0,0,0,0,1,0,0,1;                  1235P   2137
508,4,0,387,96,1,1,0,1229,0,387,102,1,1,0,1231,0,387,100,1,1,0,     1237P   2138
1233,0,387,98,1,1,0,1235;                                           1237P   2139
510,1227,1,1,1237;                                                  1239P   2140
128,1,1,1,1,0,0,1,0,0,0,0,1,1,0,0,1,1,1,1,1,1,11,                   1241P   2141
-0.200000000000002,2.6,7.2,-0.200000000000001,2.6,11,-4,2.6,7.2,    1241P   2142
-4,2.6,0,1,0,1;                                                     1241P   2143
126,1,1,1,0,1,0,0,0,1,1,1,1,0,0,0,1,0,0,0,1,0,0,1;                  1243P   2144
126,1,1,1,0,1,0,0,0,1,1,1,1,1,0,0,1,1,0,0,1,0,0,1;                  1245P   2145
126,1,1,1,0,1,0,0,0,1,1,1,1,1,1,0,0,1,0,0,1,0,0,1;                  1247P   2146
126,1,1,1,0,1,0,0,0,1,1,1,1,0,1,0,0,0,0,0,1,0,0,1;                  1249P   2147
508,4,0,387,110,1,1,0,1243,0,387,116,1,1,0,1245,0,387,114,1,1,0,    1251P   2148
1247,0,387,112,1,1,0,1249;                                          1251P   2149
510,1241,1,1,1251;                                                  1253P   2150
128,1,1,1,1,0,0,1,0,0,0,0,1,1,0,0,1,1,1,1,1,1,5.5,6.33,2.6,1.5,     1255P   2151
6.33,2.6,5.5,2.33,2.6,1.5,2.33,2.6,0,1,0,1;                         1255P   2152
126,1,1,1,0,1,0,0,0,1,1,1,1,0,1,0,0,0,0,0,1,0,0,1;                  1257P   2153
126,1,1,1,0,1,0,0,0,1,1,1,1,0,0,0,1,0,0,0,1,0,0,1;                  1259P   2154
126,1,1,1,0,1,0,0,0,1,1,1,1,1,0,0,1,1,0,0,1,0,0,1;                  1261P   2155
126,1,1,1,0,1,0,0,0,1,1,1,1,1,1,0,0,1,0,0,1,0,0,1;                  1263P   2156
508,4,0,387,118,1,1,0,1257,0,387,124,1,1,0,1259,0,387,122,1,1,0,    1265P   2157
1261,0,387,120,1,1,0,1263;                                          1265P   2158
510,1255,1,1,1265;                                                  1267P   2159
128,1,1,1,1,0,0,1,0,0,0,0,1,1,0,0,1,1,1,1,1,1,-7.2,                 1269P   2160
-0.999999999999998,3.6,-9,-0.999999999999998,3.6,-7.2,-4.5,3.6,     1269P   2161
-9,-4.5,3.6,0,1,0,1;                                                1269P   2162
126,1,1,1,0,1,0,0,0,1,1,1,1,1,0,0,1,1,0,0,1,0,0,1;                  1271P   2163
126,1,1,1,0,1,0,0,0,1,1,1,1,1,1,0,0,1,0,0,1,0,0,1;                  1273P   2164
126,1,1,1,0,1,0,0,0,1,1,1,1,0,1,0,0,0,0,0,1,0,0,1;                  1275P   2165
126,1,1,1,0,1,0,0,0,1,1,1,1,0,0,0,1,0,0,0,1,0,0,1;                  1277P   2166
508,4,0,387,126,1,1,0,1271,0,387,132,1,1,0,1273,0,387,130,1,1,0,    1279P   2167
1275,0,387,128,1,1,0,1277;                                          1279P   2168
510,1269,1,1,1279;                                                  1281P   2169
110,8.89,-7,1.6,8.89,-7,2.6;                                        1283P   2170
110,7.89,-7,1.6,7.89,-7,1.61;                                       1285P   2171
120,1283,1285,0,6.28318530717959;                                   1287P   2172
126,1,1,1,0,1,0,0,0,1,1,1,1,1,0,0,1,3.14159265358979,0,0,1,0,0,     1289P   2173
1;                                                                  1289P   2174
126,1,1,1,0,1,0,0,0,1,1,1,1,0,0,0,1,0,0,0,1,0,0,1;                  1291P   2175
126,1,1,1,0,1,0,0,0,1,1,1,1,0,0,0,0,3.14159265358979,0,0,1,0,0,     1293P   2176
1;                                                                  1293P   2177
126,1,1,1,0,1,0,0,0,1,1,1,1,0,3.14159265358979,0,1,                 1295P   2178
3.14159265358979,0,0,1,0,0,1;                                       1295P   2179
508,4,0,387,133,0,1,0,1289,0,387,50,0,1,0,1291,0,387,24,1,1,0,      1297P   2180
1293,0,387,49,1,1,0,1295;                                           1297P   2181
510,1287,1,1,1297;                                                  1299P   2182
110,6.35,-7,1.6,6.35,-7,2.6;                                        1301P   2183
110,5.35,-7,1.6,5.35,-7,1.61;                                       1303P   2184
120,1301,1303,0,6.28318530717959;                                   1305P   2185
126,1,1,1,0,1,0,0,0,1,1,1,1,1,0,0,1,3.14159265358979,0,0,1,0,0,     1307P   2186
1;                                                                  1307P   2187
126,1,1,1,0,1,0,0,0,1,1,1,1,0,0,0,1,0,0,0,1,0,0,1;                  1309P   2188
126,1,1,1,0,1,0,0,0,1,1,1,1,0,0,0,0,3.14159265358979,0,0,1,0,0,     1311P   2189
1;                                                                  1311P   2190
126,1,1,1,0,1,0,0,0,1,1,1,1,0,3.14159265358979,0,1,                 1313P   2191
3.14159265358979,0,0,1,0,0,1;                                       1313P   2192
508,4,0,387,134,0,1,0,1307,0,387,53,0,1,0,1309,0,387,22,1,1,0,      1315P   2193
1311,0,387,52,1,1,0,1313;                                           1315P   2194
510,1305,1,1,1315;                                                  1317P   2195
110,3.81,-7,1.6,3.81,-7,2.6;                                        1319P   2196
110,2.81,-7,1.6,2.81,-7,1.61;                                       1321P   2197
120,1319,1321,0,6.28318530717959;                                   1323P   2198
126,1,1,1,0,1,0,0,0,1,1,1,1,1,0,0,1,3.14159265358979,0,0,1,0,0,     1325P   2199
1;                                                                  1325P   2200
126,1,1,1,0,1,0,0,0,1,1,1,1,0,0,0,1,0,0,0,1,0,0,1;                  1327P   2201
126,1,1,1,0,1,0,0,0,1,1,1,1,0,0,0,0,3.14159265358979,0,0,1,0,0,     1329P   2202
1;                                                                  1329P   2203
126,1,1,1,0,1,0,0,0,1,1,1,1,0,3.14159265358979,0,1,                 1331P   2204
3.14159265358979,0,0,1,0,0,1;                                       1331P   2205
508,4,0,387,135,0,1,0,1325,0,387,56,0,1,0,1327,0,387,20,1,1,0,      1333P   2206
1329,0,387,55,1,1,0,1331;                                           1333P   2207
510,1323,1,1,1333;                                                  1335P   2208
110,11.43,-7,1.6,11.43,-7,2.6;                                      1337P   2209
110,10.43,-7,1.6,10.43,-7,1.61;                                     1339P   2210
120,1337,1339,0,6.28318530717959;                                   1341P   2211
126,1,1,1,0,1,0,0,0,1,1,1,1,1,0,0,1,3.14159265358979,0,0,1,0,0,     1343P   2212
1;                                                                  1343P   2213
126,1,1,1,0,1,0,0,0,1,1,1,1,0,0,0,1,0,0,0,1,0,0,1;                  1345P   2214
126,1,1,1,0,1,0,0,0,1,1,1,1,0,0,0,0,3.14159265358979,0,0,1,0,0,     1347P   2215
1;                                                                  1347P   2216
126,1,1,1,0,1,0,0,0,1,1,1,1,0,3.14159265358979,0,1,                 1349P   2217
3.14159265358979,0,0,1,0,0,1;                                       1349P   2218
508,4,0,387,136,0,1,0,1343,0,387,59,0,1,0,1345,0,387,18,1,1,0,      1351P   2219
1347,0,387,58,1,1,0,1349;                                           1351P   2220
510,1341,1,1,1351;                                                  1353P   2221
110,1.27,-7,1.6,1.27,-7,2.6;                                        1355P   2222
110,0.269999999999999,-7,1.6,0.269999999999999,-7,1.61;             1357P   2223
120,1355,1357,0,6.28318530717959;                                   1359P   2224
126,1,1,1,0,1,0,0,0,1,1,1,1,1,0,0,1,3.14159265358979,0,0,1,0,0,     1361P   2225
1;                                                                  1361P   2226
126,1,1,1,0,1,0,0,0,1,1,1,1,0,0,0,1,0,0,0,1,0,0,1;                  1363P   2227
126,1,1,1,0,1,0,0,0,1,1,1,1,0,0,0,0,3.14159265358979,0,0,1,0,0,     1365P   2228
1;                                                                  1365P   2229
126,1,1,1,0,1,0,0,0,1,1,1,1,0,3.14159265358979,0,1,                 1367P   2230
3.14159265358979,0,0,1,0,0,1;                                       1367P   2231
508,4,0,387,137,0,1,0,1361,0,387,62,0,1,0,1363,0,387,16,1,1,0,      1369P   2232
1365,0,387,61,1,1,0,1367;                                           1369P   2233
510,1359,1,1,1369;                                                  1371P   2234
110,-11.43,-7,1.6,-11.43,-7,2.6;                                    1373P   2235
110,-12.43,-7,1.6,-12.43,-7,1.61;                                   1375P   2236
120,1373,1375,0,6.28318530717959;                                   1377P   2237
126,1,1,1,0,1,0,0,0,1,1,1,1,1,0,0,1,3.14159265358979,0,0,1,0,0,     1379P   2238
1;                                                                  1379P   2239
126,1,1,1,0,1,0,0,0,1,1,1,1,0,0,0,1,0,0,0,1,0,0,1;                  1381P   2240
126,1,1,1,0,1,0,0,0,1,1,1,1,0,0,0,0,3.14159265358979,0,0,1,0,0,     1383P   2241
1;                                                                  1383P   2242
126,1,1,1,0,1,0,0,0,1,1,1,1,0,3.14159265358979,0,1,                 1385P   2243
3.14159265358979,0,0,1,0,0,1;                                       1385P   2244
508,4,0,387,138,0,1,0,1379,0,387,65,0,1,0,1381,0,387,14,1,1,0,      1387P   2245
1383,0,387,64,1,1,0,1385;                                           1387P   2246
510,1377,1,1,1387;                                                  1389P   2247
110,-8.89,-7,1.6,-8.89,-7,2.6;                                      1391P   2248
110,-9.89,-7,1.6,-9.89,-7,1.61;                                     1393P   2249
120,1391,1393,0,6.28318530717959;                                   1395P   2250
126,1,1,1,0,1,0,0,0,1,1,1,1,1,0,0,1,3.14159265358979,0,0,1,0,0,     1397P   2251
1;                                                                  1397P   2252
126,1,1,1,0,1,0,0,0,1,1,1,1,0,0,0,1,0,0,0,1,0,0,1;                  1399P   2253
126,1,1,1,0,1,0,0,0,1,1,1,1,0,0,0,0,3.14159265358979,0,0,1,0,0,     1401P   2254
1;                                                                  1401P   2255
126,1,1,1,0,1,0,0,0,1,1,1,1,0,3.14159265358979,0,1,                 1403P   2256
3.14159265358979,0,0,1,0,0,1;                                       1403P   2257
508,4,0,387,139,0,1,0,1397,0,387,68,0,1,0,1399,0,387,12,1,1,0,      1405P   2258
1401,0,387,67,1,1,0,1403;                                           1405P   2259
510,1395,1,1,1405;                                                  1407P   2260
110,-6.35,-7,1.6,-6.35,-7,2.6;                                      1409P   2261
110,-7.35,-7,1.6,-7.35,-7,1.61;                                     1411P   2262
120,1409,1411,0,6.28318530717959;                                   1413P   2263
126,1,1,1,0,1,0,0,0,1,1,1,1,1,0,0,1,3.14159265358979,0,0,1,0,0,     1415P   2264
1;                                                                  1415P   2265
126,1,1,1,0,1,0,0,0,1,1,1,1,0,0,0,1,0,0,0,1,0,0,1;                  1417P   2266
126,1,1,1,0,1,0,0,0,1,1,1,1,0,0,0,0,3.14159265358979,0,0,1,0,0,     1419P   2267
1;                                                                  1419P   2268
126,1,1,1,0,1,0,0,0,1,1,1,1,0,3.14159265358979,0,1,                 1421P   2269
3.14159265358979,0,0,1,0,0,1;                                       1421P   2270
508,4,0,387,140,0,1,0,1415,0,387,71,0,1,0,1417,0,387,10,1,1,0,      1423P   2271
1419,0,387,70,1,1,0,1421;                                           1423P   2272
510,1413,1,1,1423;                                                  1425P   2273
110,-3.81,-7,1.6,-3.81,-7,2.6;                                      1427P   2274
110,-4.81,-7,1.6,-4.81,-7,1.61;                                     1429P   2275
120,1427,1429,0,6.28318530717959;                                   1431P   2276
126,1,1,1,0,1,0,0,0,1,1,1,1,1,0,0,1,3.14159265358979,0,0,1,0,0,     1433P   2277
1;                                                                  1433P   2278
126,1,1,1,0,1,0,0,0,1,1,1,1,0,0,0,1,0,0,0,1,0,0,1;                  1435P   2279
126,1,1,1,0,1,0,0,0,1,1,1,1,0,0,0,0,3.14159265358979,0,0,1,0,0,     1437P   2280
1;                                                                  1437P   2281
126,1,1,1,0,1,0,0,0,1,1,1,1,0,3.14159265358979,0,1,                 1439P   2282
3.14159265358979,0,0,1,0,0,1;                                       1439P   2283
508,4,0,387,141,0,1,0,1433,0,387,74,0,1,0,1435,0,387,8,1,1,0,       1441P   2284
1437,0,387,73,1,1,0,1439;                                           1441P   2285
510,1431,1,1,1441;                                                  1443P   2286
110,-1.27,-7,1.6,-1.27,-7,2.6;                                      1445P   2287
110,-2.27,-7,1.6,-2.27,-7,1.61;                                     1447P   2288
120,1445,1447,0,6.28318530717959;                                   1449P   2289
126,1,1,1,0,1,0,0,0,1,1,1,1,1,0,0,1,3.14159265358979,0,0,1,0,0,     1451P   2290
1;                                                                  1451P   2291
126,1,1,1,0,1,0,0,0,1,1,1,1,0,0,0,1,0,0,0,1,0,0,1;                  1453P   2292
126,1,1,1,0,1,0,0,0,1,1,1,1,0,0,0,0,3.14159265358979,0,0,1,0,0,     1455P   2293
1;                                                                  1455P   2294
126,1,1,1,0,1,0,0,0,1,1,1,1,0,3.14159265358979,0,1,                 1457P   2295
3.14159265358979,0,0,1,0,0,1;                                       1457P   2296
508,4,0,387,142,0,1,0,1451,0,387,77,0,1,0,1453,0,387,6,1,1,0,       1459P   2297
1455,0,387,76,1,1,0,1457;                                           1459P   2298
510,1449,1,1,1459;                                                  1461P   2299
110,10.5,6,0,10.5,6,1;                                              1463P   2300
110,12,6,0,12,6,1.6;                                                1465P   2301
120,1463,1465,0,6.28318530717959;                                   1467P   2302
126,1,1,1,0,1,0,0,0,1,1,1,1,1,0,0,1,3.14159265358979,0,0,1,0,0,     1469P   2303
1;                                                                  1469P   2304
126,1,1,1,0,1,0,0,0,1,1,1,1,0,3.14159265358979,0,1,                 1471P   2305
3.14159265358979,0,0,1,0,0,1;                                       1471P   2306
126,1,1,1,0,1,0,0,0,1,1,1,1,0,0,0,0,3.14159265358979,0,0,1,0,0,     1473P   2307
1;                                                                  1473P   2308
126,1,1,1,0,1,0,0,0,1,1,1,1,0,0,0,1,0,0,0,1,0,0,1;                  1475P   2309
508,4,0,387,33,1,1,0,1469,0,387,105,0,1,0,1471,0,387,143,0,1,0,     1477P   2310
1473,0,387,103,1,1,0,1475;                                          1477P   2311
510,1467,1,1,1477;                                                  1479P   2312
110,-10.5,6,0,-10.5,6,1;                                            1481P   2313
110,-9,6,0,-9,6,1.6;                                                1483P   2314
120,1481,1483,0,6.28318530717959;                                   1485P   2315
126,1,1,1,0,1,0,0,0,1,1,1,1,1,0,0,1,3.14159265358979,0,0,1,0,0,     1487P   2316
1;                                                                  1487P   2317
126,1,1,1,0,1,0,0,0,1,1,1,1,0,3.14159265358979,0,1,                 1489P   2318
3.14159265358979,0,0,1,0,0,1;                                       1489P   2319
126,1,1,1,0,1,0,0,0,1,1,1,1,0,0,0,0,3.14159265358979,0,0,1,0,0,     1491P   2320
1;                                                                  1491P   2321
126,1,1,1,0,1,0,0,0,1,1,1,1,0,0,0,1,0,0,0,1,0,0,1;                  1493P   2322
508,4,0,387,35,1,1,0,1487,0,387,108,0,1,0,1489,0,387,144,0,1,0,     1495P   2323
1491,0,387,106,1,1,0,1493;                                          1495P   2324
510,1485,1,1,1495;                                                  1497P   2325
514,65,525,1,545,0,563,0,581,0,599,0,617,0,635,0,653,0,671,0,       1499P   2326
689,0,707,0,721,1,735,1,749,1,763,1,779,1,793,1,807,1,821,1,835,    1499P   2327
1,849,1,863,1,877,1,895,1,913,1,929,1,943,1,957,1,971,1,985,1,      1499P   2328
999,1,1013,1,1027,1,1043,1,1057,1,1071,1,1085,1,1095,1,1105,1,      1499P   2329
1115,1,1125,1,1135,1,1145,1,1155,1,1165,1,1175,1,1185,1,1211,0,     1499P   2330
1225,1,1239,1,1253,1,1267,1,1281,1,1299,0,1317,0,1335,0,1353,0,     1499P   2331
1371,0,1389,0,1407,0,1425,0,1443,0,1461,0,1479,1,1497,1;            1499P   2332
186,1499,1,0;                                                       1501P   2333
S      2G      3D   1502P   2333                                        T      1
