solid <icad/sx>
  facet normal 0.000000 0.000000 1.000000
    outer loop
      vertex   7.550002 29.279999 17.000000
      vertex   7.550002 21.359999 17.000000
      vertex   19.500002 21.359999 17.000000
    endloop
  endfacet
  facet normal 0.000000 -0.000000 1.000000
    outer loop
      vertex   19.500002 21.359999 17.000000
      vertex   19.500002 29.279999 17.000000
      vertex   7.550002 29.279999 17.000000
    endloop
  endfacet
  facet normal 0.000000 -1.000000 0.000000
    outer loop
      vertex   7.550002 21.359999 16.800000
      vertex   19.500002 21.359999 16.800000
      vertex   19.500002 21.359999 17.000000
    endloop
  endfacet
  facet normal -0.000000 -1.000000 0.000000
    outer loop
      vertex   19.500002 21.359999 17.000000
      vertex   7.550002 21.359999 17.000000
      vertex   7.550002 21.359999 16.800000
    endloop
  endfacet
  facet normal -1.000000 0.000000 0.000000
    outer loop
      vertex   7.550002 29.279999 16.800000
      vertex   7.550002 21.359999 16.800000
      vertex   7.550002 21.359999 17.000000
    endloop
  endfacet
  facet normal -1.000000 0.000000 0.000000
    outer loop
      vertex   7.550002 21.359999 17.000000
      vertex   7.550002 29.279999 17.000000
      vertex   7.550002 29.279999 16.800000
    endloop
  endfacet
  facet normal 0.000000 1.000000 0.000000
    outer loop
      vertex   19.500002 29.279999 16.800000
      vertex   7.550002 29.279999 16.800000
      vertex   7.550002 29.279999 17.000000
    endloop
  endfacet
  facet normal -0.000000 1.000000 0.000000
    outer loop
      vertex   7.550002 29.279999 17.000000
      vertex   19.500002 29.279999 17.000000
      vertex   19.500002 29.279999 16.800000
    endloop
  endfacet
  facet normal 0.000000 0.000000 -1.000000
    outer loop
      vertex   7.550002 29.279999 16.800000
      vertex   19.500002 29.279999 16.800000
      vertex   19.500002 21.359999 16.800000
    endloop
  endfacet
  facet normal 0.000000 0.000000 -1.000000
    outer loop
      vertex   19.500002 21.359999 16.800000
      vertex   7.550002 21.359999 16.800000
      vertex   7.550002 29.279999 16.800000
    endloop
  endfacet
  facet normal 1.000000 0.000000 0.000000
    outer loop
      vertex   19.500002 21.359999 17.000000
      vertex   19.500002 21.359999 16.800000
      vertex   19.500002 29.279999 16.800000
    endloop
  endfacet
  facet normal 1.000000 0.000000 -0.000000
    outer loop
      vertex   19.500002 29.279999 16.800000
      vertex   19.500002 29.279999 17.000000
      vertex   19.500002 21.359999 17.000000
    endloop
  endfacet
endsolid <icad/sx>
solid <icad/sx>
  facet normal 0.000000 -1.000000 0.000000
    outer loop
      vertex   15.250002 1.349999 0.173205
      vertex   15.250002 1.349999 9.700000
      vertex   14.610002 1.349999 9.700000
    endloop
  endfacet
  facet normal 0.000000 -1.000000 0.000000
    outer loop
      vertex   14.610002 1.349999 9.700000
      vertex   14.610002 1.349999 0.173205
      vertex   15.250002 1.349999 0.173205
    endloop
  endfacet
  facet normal 0.000000 0.000000 -1.000000
    outer loop
      vertex   15.250002 1.989999 9.700000
      vertex   15.669105 1.976145 9.700000
      vertex   15.730002 1.669999 9.700000
    endloop
  endfacet
  facet normal 0.000000 0.000000 -1.000000
    outer loop
      vertex   15.250002 1.349999 9.700000
      vertex   15.236148 0.930895 9.700000
      vertex   14.930002 0.869999 9.700000
    endloop
  endfacet
  facet normal 0.000000 0.000000 -1.000000
    outer loop
      vertex   14.610002 1.349999 9.700000
      vertex   14.190898 1.363852 9.700000
      vertex   14.130002 1.669999 9.700000
    endloop
  endfacet
  facet normal 0.000000 0.000000 -1.000000
    outer loop
      vertex   14.610002 1.989999 9.700000
      vertex   14.623855 2.409102 9.700000
      vertex   14.930002 2.469999 9.700000
    endloop
  endfacet
  facet normal 0.000000 0.000000 -1.000000
    outer loop
      vertex   15.250002 1.349999 9.700000
      vertex   15.730002 1.669999 9.700000
      vertex   15.669105 1.363852 9.700000
    endloop
  endfacet
  facet normal 0.000000 0.000000 -1.000000
    outer loop
      vertex   15.250002 1.989999 9.700000
      vertex   15.495687 2.235684 9.700000
      vertex   15.669105 1.976145 9.700000
    endloop
  endfacet
  facet normal 0.000000 0.000000 -1.000000
    outer loop
      vertex   14.610002 1.349999 9.700000
      vertex   14.930002 0.869999 9.700000
      vertex   14.623855 0.930895 9.700000
    endloop
  endfacet
  facet normal 0.000000 -0.000000 -1.000000
    outer loop
      vertex   15.250002 1.349999 9.700000
      vertex   15.495687 1.104313 9.700000
      vertex   15.236148 0.930895 9.700000
    endloop
  endfacet
  facet normal 0.000000 0.000000 -1.000000
    outer loop
      vertex   14.610002 1.989999 9.700000
      vertex   14.130002 1.669999 9.700000
      vertex   14.190898 1.976145 9.700000
    endloop
  endfacet
  facet normal -0.000000 0.000000 -1.000000
    outer loop
      vertex   14.610002 1.349999 9.700000
      vertex   14.364316 1.104313 9.700000
      vertex   14.190898 1.363852 9.700000
    endloop
  endfacet
  facet normal 0.000000 0.000000 -1.000000
    outer loop
      vertex   15.250002 1.989999 9.700000
      vertex   14.930002 2.469999 9.700000
      vertex   15.236148 2.409102 9.700000
    endloop
  endfacet
  facet normal 0.000000 0.000000 -1.000000
    outer loop
      vertex   14.610002 1.989999 9.700000
      vertex   14.364316 2.235684 9.700000
      vertex   14.623855 2.409102 9.700000
    endloop
  endfacet
  facet normal -0.000000 0.000000 -1.000000
    outer loop
      vertex   15.730002 1.669999 9.700000
      vertex   15.250002 1.349999 9.700000
      vertex   15.250002 1.989999 9.700000
    endloop
  endfacet
  facet normal 0.000000 0.000000 -1.000000
    outer loop
      vertex   14.930002 0.869999 9.700000
      vertex   14.610002 1.349999 9.700000
      vertex   15.250002 1.349999 9.700000
    endloop
  endfacet
  facet normal 0.000000 0.000000 -1.000000
    outer loop
      vertex   14.130002 1.669999 9.700000
      vertex   14.610002 1.989999 9.700000
      vertex   14.610002 1.349999 9.700000
    endloop
  endfacet
  facet normal 0.000000 -0.000000 -1.000000
    outer loop
      vertex   14.930002 2.469999 9.700000
      vertex   15.250002 1.989999 9.700000
      vertex   14.610002 1.989999 9.700000
    endloop
  endfacet
  facet normal 0.000000 0.000000 -1.000000
    outer loop
      vertex   14.623855 0.930895 9.700000
      vertex   14.364316 1.104313 9.700000
      vertex   14.610002 1.349999 9.700000
    endloop
  endfacet
  facet normal 0.000000 0.000000 -1.000000
    outer loop
      vertex   15.236148 2.409102 9.700000
      vertex   15.495687 2.235684 9.700000
      vertex   15.250002 1.989999 9.700000
    endloop
  endfacet
  facet normal 0.000000 0.000000 -1.000000
    outer loop
      vertex   14.190898 1.976145 9.700000
      vertex   14.364316 2.235684 9.700000
      vertex   14.610002 1.989999 9.700000
    endloop
  endfacet
  facet normal 0.000000 0.000000 -1.000000
    outer loop
      vertex   15.669105 1.363852 9.700000
      vertex   15.495687 1.104313 9.700000
      vertex   15.250002 1.349999 9.700000
    endloop
  endfacet
  facet normal -1.000000 0.000000 0.000000
    outer loop
      vertex   14.610002 1.349999 0.173205
      vertex   14.610002 1.349999 9.700000
      vertex   14.610002 1.989999 9.700000
    endloop
  endfacet
  facet normal -1.000000 0.000000 -0.000000
    outer loop
      vertex   14.610002 1.989999 9.700000
      vertex   14.610002 1.989999 0.173205
      vertex   14.610002 1.349999 0.173205
    endloop
  endfacet
  facet normal 0.000000 1.000000 0.000000
    outer loop
      vertex   14.610002 1.989999 0.173205
      vertex   14.610002 1.989999 9.700000
      vertex   15.250002 1.989999 9.700000
    endloop
  endfacet
  facet normal 0.000000 1.000000 0.000000
    outer loop
      vertex   15.250002 1.989999 9.700000
      vertex   15.250002 1.989999 0.173205
      vertex   14.610002 1.989999 0.173205
    endloop
  endfacet
  facet normal 1.000000 0.000000 -0.000000
    outer loop
      vertex   15.250002 1.989999 0.173205
      vertex   15.250002 1.989999 9.700000
      vertex   15.250002 1.349999 9.700000
    endloop
  endfacet
  facet normal 1.000000 0.000000 0.000000
    outer loop
      vertex   15.250002 1.349999 9.700000
      vertex   15.250002 1.349999 0.173205
      vertex   15.250002 1.989999 0.173205
    endloop
  endfacet
  facet normal -0.000000 -0.866025 -0.500000
    outer loop
      vertex   15.250002 1.349999 0.173205
      vertex   14.610002 1.349999 0.173205
      vertex   14.710002 1.449999 0.000000
    endloop
  endfacet
  facet normal 0.000000 -0.866025 -0.500000
    outer loop
      vertex   14.710002 1.449999 0.000000
      vertex   15.150002 1.449999 0.000000
      vertex   15.250002 1.349999 0.173205
    endloop
  endfacet
  facet normal 0.000000 -0.000000 -1.000000
    outer loop
      vertex   15.150002 1.889999 0.000000
      vertex   15.150002 1.449999 0.000000
      vertex   14.710002 1.449999 0.000000
    endloop
  endfacet
  facet normal 0.000000 0.000000 -1.000000
    outer loop
      vertex   14.710002 1.449999 0.000000
      vertex   14.710002 1.889999 0.000000
      vertex   15.150002 1.889999 0.000000
    endloop
  endfacet
  facet normal 0.866025 0.000000 -0.500000
    outer loop
      vertex   15.250002 1.349999 0.173205
      vertex   15.150002 1.449999 0.000000
      vertex   15.150002 1.889999 0.000000
    endloop
  endfacet
  facet normal 0.866025 0.000000 -0.500000
    outer loop
      vertex   15.150002 1.889999 0.000000
      vertex   15.250002 1.989999 0.173205
      vertex   15.250002 1.349999 0.173205
    endloop
  endfacet
  facet normal 0.000000 0.866025 -0.500000
    outer loop
      vertex   15.250002 1.989999 0.173205
      vertex   15.150002 1.889999 0.000000
      vertex   14.710002 1.889999 0.000000
    endloop
  endfacet
  facet normal 0.000000 0.866025 -0.500000
    outer loop
      vertex   14.710002 1.889999 0.000000
      vertex   14.610002 1.989999 0.173205
      vertex   15.250002 1.989999 0.173205
    endloop
  endfacet
  facet normal -0.866025 0.000000 -0.500000
    outer loop
      vertex   14.610002 1.349999 0.173205
      vertex   14.610002 1.989999 0.173205
      vertex   14.710002 1.889999 0.000000
    endloop
  endfacet
  facet normal -0.866025 -0.000000 -0.500000
    outer loop
      vertex   14.710002 1.889999 0.000000
      vertex   14.710002 1.449999 0.000000
      vertex   14.610002 1.349999 0.173205
    endloop
  endfacet
  facet normal 0.758369 0.506726 0.410006
    outer loop
      vertex   15.669105 1.976145 9.700000
      vertex   15.495687 2.235684 9.700000
      vertex   15.250002 1.989999 10.458077
    endloop
  endfacet
  facet normal 0.894558 0.177939 0.410006
    outer loop
      vertex   15.730002 1.669999 9.700000
      vertex   15.669105 1.976145 9.700000
      vertex   15.250002 1.802547 10.689748
    endloop
  endfacet
  facet normal 0.882177 0.259290 0.393106
    outer loop
      vertex   15.250002 1.802547 10.689748
      vertex   15.250002 1.741272 10.730165
      vertex   15.730002 1.669999 9.700000
    endloop
  endfacet
  facet normal 0.900315 0.148156 0.409247
    outer loop
      vertex   15.250002 1.741272 10.730165
      vertex   15.250002 1.706565 10.742730
      vertex   15.730002 1.669999 9.700000
    endloop
  endfacet
  facet normal 0.878905 -0.275576 0.389339
    outer loop
      vertex   15.730002 1.669999 9.700000
      vertex   15.250002 1.582565 10.721681
      vertex   15.250002 1.537450 10.689748
    endloop
  endfacet
  facet normal 0.907863 -0.051400 0.416104
    outer loop
      vertex   15.730002 1.669999 9.700000
      vertex   15.250002 1.669999 10.747273
      vertex   15.250002 1.633648 10.742783
    endloop
  endfacet
  facet normal 0.897648 -0.168264 0.407328
    outer loop
      vertex   15.250002 1.633648 10.742783
      vertex   15.250002 1.582565 10.721681
      vertex   15.730002 1.669999 9.700000
    endloop
  endfacet
  facet normal 0.758369 -0.506726 0.410006
    outer loop
      vertex   15.669105 1.363852 9.700000
      vertex   15.250002 1.537450 10.689748
      vertex   15.250002 1.349999 10.458077
    endloop
  endfacet
  facet normal 0.506726 -0.758369 0.410006
    outer loop
      vertex   15.236148 0.930895 9.700000
      vertex   15.495687 1.104313 9.700000
      vertex   15.250002 1.349999 10.458077
    endloop
  endfacet
  facet normal 0.177939 -0.894558 0.410006
    outer loop
      vertex   14.930002 0.869999 9.700000
      vertex   15.236148 0.930895 9.700000
      vertex   15.062550 1.349999 10.689748
    endloop
  endfacet
  facet normal 0.259290 -0.882177 0.393106
    outer loop
      vertex   15.062550 1.349999 10.689748
      vertex   15.001275 1.349999 10.730165
      vertex   14.930002 0.869999 9.700000
    endloop
  endfacet
  facet normal 0.148156 -0.900315 0.409247
    outer loop
      vertex   15.001275 1.349999 10.730165
      vertex   14.966568 1.349999 10.742730
      vertex   14.930002 0.869999 9.700000
    endloop
  endfacet
  facet normal -0.275576 -0.878905 0.389339
    outer loop
      vertex   14.930002 0.869999 9.700000
      vertex   14.842568 1.349999 10.721681
      vertex   14.797453 1.349999 10.689748
    endloop
  endfacet
  facet normal -0.051400 -0.907863 0.416104
    outer loop
      vertex   14.930002 0.869999 9.700000
      vertex   14.930002 1.349999 10.747273
      vertex   14.893651 1.349999 10.742783
    endloop
  endfacet
  facet normal -0.168264 -0.897648 0.407328
    outer loop
      vertex   14.893651 1.349999 10.742783
      vertex   14.842568 1.349999 10.721681
      vertex   14.930002 0.869999 9.700000
    endloop
  endfacet
  facet normal -0.506726 -0.758369 0.410006
    outer loop
      vertex   14.623855 0.930895 9.700000
      vertex   14.797453 1.349999 10.689748
      vertex   14.610002 1.349999 10.458077
    endloop
  endfacet
  facet normal -0.758369 -0.506726 0.410006
    outer loop
      vertex   14.190898 1.363852 9.700000
      vertex   14.364316 1.104313 9.700000
      vertex   14.610002 1.349999 10.458077
    endloop
  endfacet
  facet normal -0.894558 -0.177939 0.410006
    outer loop
      vertex   14.130002 1.669999 9.700000
      vertex   14.190898 1.363852 9.700000
      vertex   14.610002 1.537450 10.689748
    endloop
  endfacet
  facet normal -0.882212 -0.259106 0.393148
    outer loop
      vertex   14.610002 1.537450 10.689748
      vertex   14.610002 1.598903 10.730249
      vertex   14.130002 1.669999 9.700000
    endloop
  endfacet
  facet normal -0.900373 -0.147649 0.409301
    outer loop
      vertex   14.610002 1.598903 10.730249
      vertex   14.610002 1.633648 10.742783
      vertex   14.130002 1.669999 9.700000
    endloop
  endfacet
  facet normal -0.878884 0.275675 0.389315
    outer loop
      vertex   14.130002 1.669999 9.700000
      vertex   14.610002 1.757532 10.721623
      vertex   14.610002 1.802547 10.689748
    endloop
  endfacet
  facet normal -0.907849 0.051701 0.416097
    outer loop
      vertex   14.130002 1.669999 9.700000
      vertex   14.610002 1.669999 10.747273
      vertex   14.610002 1.706565 10.742730
    endloop
  endfacet
  facet normal -0.897597 0.168659 0.407277
    outer loop
      vertex   14.610002 1.706565 10.742730
      vertex   14.610002 1.757532 10.721623
      vertex   14.130002 1.669999 9.700000
    endloop
  endfacet
  facet normal -0.758369 0.506726 0.410006
    outer loop
      vertex   14.190898 1.976145 9.700000
      vertex   14.610002 1.802547 10.689748
      vertex   14.610002 1.989999 10.458077
    endloop
  endfacet
  facet normal -0.506726 0.758369 0.410006
    outer loop
      vertex   14.623855 2.409102 9.700000
      vertex   14.364316 2.235684 9.700000
      vertex   14.610002 1.989999 10.458077
    endloop
  endfacet
  facet normal -0.177939 0.894558 0.410006
    outer loop
      vertex   14.930002 2.469999 9.700000
      vertex   14.623855 2.409102 9.700000
      vertex   14.797453 1.989999 10.689748
    endloop
  endfacet
  facet normal -0.259106 0.882212 0.393148
    outer loop
      vertex   14.797453 1.989999 10.689748
      vertex   14.858907 1.989999 10.730249
      vertex   14.930002 2.469999 9.700000
    endloop
  endfacet
  facet normal -0.147649 0.900373 0.409301
    outer loop
      vertex   14.858907 1.989999 10.730249
      vertex   14.893651 1.989999 10.742783
      vertex   14.930002 2.469999 9.700000
    endloop
  endfacet
  facet normal 0.275675 0.878884 0.389315
    outer loop
      vertex   14.930002 2.469999 9.700000
      vertex   15.017536 1.989999 10.721623
      vertex   15.062550 1.989999 10.689748
    endloop
  endfacet
  facet normal 0.051701 0.907849 0.416097
    outer loop
      vertex   14.930002 2.469999 9.700000
      vertex   14.930002 1.989999 10.747273
      vertex   14.966568 1.989999 10.742730
    endloop
  endfacet
  facet normal 0.168659 0.897597 0.407277
    outer loop
      vertex   14.966568 1.989999 10.742730
      vertex   15.017536 1.989999 10.721623
      vertex   14.930002 2.469999 9.700000
    endloop
  endfacet
  facet normal 0.506726 0.758369 0.410006
    outer loop
      vertex   15.236148 2.409102 9.700000
      vertex   15.062550 1.989999 10.689748
      vertex   15.250002 1.989999 10.458077
    endloop
  endfacet
  facet normal 0.506726 0.758369 0.410006
    outer loop
      vertex   15.250002 1.989999 10.458077
      vertex   15.495687 2.235684 9.700000
      vertex   15.236148 2.409102 9.700000
    endloop
  endfacet
  facet normal 0.177939 0.894558 0.410006
    outer loop
      vertex   15.062550 1.989999 10.689748
      vertex   15.236148 2.409102 9.700000
      vertex   14.930002 2.469999 9.700000
    endloop
  endfacet
  facet normal -0.051400 0.907863 0.416104
    outer loop
      vertex   14.893651 1.989999 10.742783
      vertex   14.930002 1.989999 10.747273
      vertex   14.930002 2.469999 9.700000
    endloop
  endfacet
  facet normal -0.506726 0.758369 0.410006
    outer loop
      vertex   14.610002 1.989999 10.458077
      vertex   14.797453 1.989999 10.689748
      vertex   14.623855 2.409102 9.700000
    endloop
  endfacet
  facet normal -0.758369 0.506726 0.410006
    outer loop
      vertex   14.610002 1.989999 10.458077
      vertex   14.364316 2.235684 9.700000
      vertex   14.190898 1.976145 9.700000
    endloop
  endfacet
  facet normal -0.894558 0.177939 0.410006
    outer loop
      vertex   14.610002 1.802547 10.689748
      vertex   14.190898 1.976145 9.700000
      vertex   14.130002 1.669999 9.700000
    endloop
  endfacet
  facet normal -0.907863 -0.051400 0.416104
    outer loop
      vertex   14.610002 1.633648 10.742783
      vertex   14.610002 1.669999 10.747273
      vertex   14.130002 1.669999 9.700000
    endloop
  endfacet
  facet normal -0.758369 -0.506726 0.410006
    outer loop
      vertex   14.610002 1.349999 10.458077
      vertex   14.610002 1.537450 10.689748
      vertex   14.190898 1.363852 9.700000
    endloop
  endfacet
  facet normal -0.506726 -0.758369 0.410006
    outer loop
      vertex   14.610002 1.349999 10.458077
      vertex   14.364316 1.104313 9.700000
      vertex   14.623855 0.930895 9.700000
    endloop
  endfacet
  facet normal -0.177939 -0.894558 0.410006
    outer loop
      vertex   14.797453 1.349999 10.689748
      vertex   14.623855 0.930895 9.700000
      vertex   14.930002 0.869999 9.700000
    endloop
  endfacet
  facet normal 0.051701 -0.907849 0.416097
    outer loop
      vertex   14.966568 1.349999 10.742730
      vertex   14.930002 1.349999 10.747273
      vertex   14.930002 0.869999 9.700000
    endloop
  endfacet
  facet normal 0.506726 -0.758369 0.410006
    outer loop
      vertex   15.250002 1.349999 10.458077
      vertex   15.062550 1.349999 10.689748
      vertex   15.236148 0.930895 9.700000
    endloop
  endfacet
  facet normal 0.758369 -0.506726 0.410006
    outer loop
      vertex   15.250002 1.349999 10.458077
      vertex   15.495687 1.104313 9.700000
      vertex   15.669105 1.363852 9.700000
    endloop
  endfacet
  facet normal 0.894558 -0.177939 0.410006
    outer loop
      vertex   15.250002 1.537450 10.689748
      vertex   15.669105 1.363852 9.700000
      vertex   15.730002 1.669999 9.700000
    endloop
  endfacet
  facet normal 0.907849 0.051701 0.416097
    outer loop
      vertex   15.250002 1.706565 10.742730
      vertex   15.250002 1.669999 10.747273
      vertex   15.730002 1.669999 9.700000
    endloop
  endfacet
  facet normal 0.758369 0.506726 0.410006
    outer loop
      vertex   15.250002 1.989999 10.458077
      vertex   15.250002 1.802547 10.689748
      vertex   15.669105 1.976145 9.700000
    endloop
  endfacet
  facet normal 1.000000 0.000000 -0.000000
    outer loop
      vertex   15.250002 1.989999 10.826795
      vertex   15.250002 1.669999 10.747273
      vertex   15.250002 1.706565 10.742730
    endloop
  endfacet
  facet normal 1.000000 -0.000000 0.000000
    outer loop
      vertex   15.250002 1.706565 10.742730
      vertex   15.250002 1.741272 10.730165
      vertex   15.250002 1.989999 10.826795
    endloop
  endfacet
  facet normal 1.000000 -0.000000 -0.000000
    outer loop
      vertex   15.250002 1.349999 10.826795
      vertex   15.250002 1.633648 10.742783
      vertex   15.250002 1.669999 10.747273
    endloop
  endfacet
  facet normal 1.000000 0.000000 -0.000000
    outer loop
      vertex   15.250002 1.669999 10.747273
      vertex   15.250002 1.989999 10.826795
      vertex   15.250002 1.349999 10.826795
    endloop
  endfacet
  facet normal 1.000000 0.000000 0.000000
    outer loop
      vertex   15.250002 1.349999 10.826795
      vertex   15.250002 1.537450 10.689748
      vertex   15.250002 1.582565 10.721681
    endloop
  endfacet
  facet normal 1.000000 -0.000000 -0.000000
    outer loop
      vertex   15.250002 1.582565 10.721681
      vertex   15.250002 1.633648 10.742783
      vertex   15.250002 1.349999 10.826795
    endloop
  endfacet
  facet normal 1.000000 0.000000 0.000000
    outer loop
      vertex   15.250002 1.349999 10.826795
      vertex   15.250002 1.349999 10.458077
      vertex   15.250002 1.537450 10.689748
    endloop
  endfacet
  facet normal 1.000000 -0.000000 0.000000
    outer loop
      vertex   15.250002 1.741272 10.730165
      vertex   15.250002 1.802547 10.689748
      vertex   15.250002 1.989999 10.826795
    endloop
  endfacet
  facet normal 1.000000 -0.000000 0.000000
    outer loop
      vertex   15.250002 1.802547 10.689748
      vertex   15.250002 1.989999 10.458077
      vertex   15.250002 1.989999 10.826795
    endloop
  endfacet
  facet normal -0.000000 1.000000 0.000000
    outer loop
      vertex   14.610002 1.989999 10.826795
      vertex   15.250002 1.989999 10.826795
      vertex   14.930002 1.989999 10.747273
    endloop
  endfacet
  facet normal -0.000000 1.000000 -0.000000
    outer loop
      vertex   14.930002 1.989999 10.747273
      vertex   14.893651 1.989999 10.742783
      vertex   14.610002 1.989999 10.826795
    endloop
  endfacet
  facet normal 0.000000 1.000000 0.000000
    outer loop
      vertex   14.893651 1.989999 10.742783
      vertex   14.858907 1.989999 10.730249
      vertex   14.610002 1.989999 10.826795
    endloop
  endfacet
  facet normal 0.000000 1.000000 -0.000000
    outer loop
      vertex   15.250002 1.989999 10.826795
      vertex   14.966568 1.989999 10.742730
      vertex   14.930002 1.989999 10.747273
    endloop
  endfacet
  facet normal -0.000000 1.000000 0.000000
    outer loop
      vertex   15.250002 1.989999 10.826795
      vertex   15.062550 1.989999 10.689748
      vertex   15.017536 1.989999 10.721623
    endloop
  endfacet
  facet normal -0.000000 1.000000 0.000000
    outer loop
      vertex   15.017536 1.989999 10.721623
      vertex   14.966568 1.989999 10.742730
      vertex   15.250002 1.989999 10.826795
    endloop
  endfacet
  facet normal 0.000000 1.000000 0.000000
    outer loop
      vertex   15.250002 1.989999 10.826795
      vertex   15.250002 1.989999 10.458077
      vertex   15.062550 1.989999 10.689748
    endloop
  endfacet
  facet normal -0.000000 1.000000 -0.000000
    outer loop
      vertex   14.858907 1.989999 10.730249
      vertex   14.797453 1.989999 10.689748
      vertex   14.610002 1.989999 10.826795
    endloop
  endfacet
  facet normal 0.000000 1.000000 0.000000
    outer loop
      vertex   14.797453 1.989999 10.689748
      vertex   14.610002 1.989999 10.458077
      vertex   14.610002 1.989999 10.826795
    endloop
  endfacet
  facet normal -1.000000 0.000000 0.000000
    outer loop
      vertex   14.610002 1.349999 10.826795
      vertex   14.610002 1.989999 10.826795
      vertex   14.610002 1.669999 10.747273
    endloop
  endfacet
  facet normal -1.000000 -0.000000 -0.000000
    outer loop
      vertex   14.610002 1.669999 10.747273
      vertex   14.610002 1.633648 10.742783
      vertex   14.610002 1.349999 10.826795
    endloop
  endfacet
  facet normal -1.000000 0.000000 0.000000
    outer loop
      vertex   14.610002 1.633648 10.742783
      vertex   14.610002 1.598903 10.730249
      vertex   14.610002 1.349999 10.826795
    endloop
  endfacet
  facet normal -1.000000 0.000000 -0.000000
    outer loop
      vertex   14.610002 1.989999 10.826795
      vertex   14.610002 1.706565 10.742730
      vertex   14.610002 1.669999 10.747273
    endloop
  endfacet
  facet normal -1.000000 -0.000000 0.000000
    outer loop
      vertex   14.610002 1.989999 10.826795
      vertex   14.610002 1.802547 10.689748
      vertex   14.610002 1.757532 10.721623
    endloop
  endfacet
  facet normal -1.000000 -0.000000 0.000000
    outer loop
      vertex   14.610002 1.757532 10.721623
      vertex   14.610002 1.706565 10.742730
      vertex   14.610002 1.989999 10.826795
    endloop
  endfacet
  facet normal -1.000000 0.000000 -0.000000
    outer loop
      vertex   14.610002 1.989999 10.826795
      vertex   14.610002 1.989999 10.458077
      vertex   14.610002 1.802547 10.689748
    endloop
  endfacet
  facet normal -1.000000 -0.000000 -0.000000
    outer loop
      vertex   14.610002 1.598903 10.730249
      vertex   14.610002 1.537450 10.689748
      vertex   14.610002 1.349999 10.826795
    endloop
  endfacet
  facet normal -1.000000 0.000000 -0.000000
    outer loop
      vertex   14.610002 1.537450 10.689748
      vertex   14.610002 1.349999 10.458077
      vertex   14.610002 1.349999 10.826795
    endloop
  endfacet
  facet normal 0.000000 0.866025 0.500000
    outer loop
      vertex   15.250002 1.989999 10.826795
      vertex   14.610002 1.989999 10.826795
      vertex   14.710002 1.889999 11.000000
    endloop
  endfacet
  facet normal -0.000000 0.866025 0.500000
    outer loop
      vertex   14.710002 1.889999 11.000000
      vertex   15.150002 1.889999 11.000000
      vertex   15.250002 1.989999 10.826795
    endloop
  endfacet
  facet normal 0.000000 0.000000 1.000000
    outer loop
      vertex   14.710002 1.449999 11.000000
      vertex   15.150002 1.449999 11.000000
      vertex   15.150002 1.889999 11.000000
    endloop
  endfacet
  facet normal 0.000000 0.000000 1.000000
    outer loop
      vertex   15.150002 1.889999 11.000000
      vertex   14.710002 1.889999 11.000000
      vertex   14.710002 1.449999 11.000000
    endloop
  endfacet
  facet normal 0.000000 -0.866025 0.500000
    outer loop
      vertex   15.250002 1.349999 10.826795
      vertex   15.150002 1.449999 11.000000
      vertex   14.710002 1.449999 11.000000
    endloop
  endfacet
  facet normal 0.000000 -0.866025 0.500000
    outer loop
      vertex   14.710002 1.449999 11.000000
      vertex   14.610002 1.349999 10.826795
      vertex   15.250002 1.349999 10.826795
    endloop
  endfacet
  facet normal -0.866025 0.000000 0.500000
    outer loop
      vertex   14.610002 1.349999 10.826795
      vertex   14.710002 1.449999 11.000000
      vertex   14.710002 1.889999 11.000000
    endloop
  endfacet
  facet normal -0.866025 0.000000 0.500000
    outer loop
      vertex   14.710002 1.889999 11.000000
      vertex   14.610002 1.989999 10.826795
      vertex   14.610002 1.349999 10.826795
    endloop
  endfacet
  facet normal 0.866025 -0.000000 0.500000
    outer loop
      vertex   15.250002 1.349999 10.826795
      vertex   15.250002 1.989999 10.826795
      vertex   15.150002 1.889999 11.000000
    endloop
  endfacet
  facet normal 0.866025 0.000000 0.500000
    outer loop
      vertex   15.150002 1.889999 11.000000
      vertex   15.150002 1.449999 11.000000
      vertex   15.250002 1.349999 10.826795
    endloop
  endfacet
  facet normal 0.000000 -1.000000 -0.000000
    outer loop
      vertex   15.250002 1.349999 10.826795
      vertex   14.930002 1.349999 10.747273
      vertex   14.966568 1.349999 10.742730
    endloop
  endfacet
  facet normal -0.000000 -1.000000 0.000000
    outer loop
      vertex   14.966568 1.349999 10.742730
      vertex   15.001275 1.349999 10.730165
      vertex   15.250002 1.349999 10.826795
    endloop
  endfacet
  facet normal -0.000000 -1.000000 -0.000000
    outer loop
      vertex   14.610002 1.349999 10.826795
      vertex   14.893651 1.349999 10.742783
      vertex   14.930002 1.349999 10.747273
    endloop
  endfacet
  facet normal 0.000000 -1.000000 0.000000
    outer loop
      vertex   14.930002 1.349999 10.747273
      vertex   15.250002 1.349999 10.826795
      vertex   14.610002 1.349999 10.826795
    endloop
  endfacet
  facet normal 0.000000 -1.000000 0.000000
    outer loop
      vertex   14.610002 1.349999 10.826795
      vertex   14.797453 1.349999 10.689748
      vertex   14.842568 1.349999 10.721681
    endloop
  endfacet
  facet normal -0.000000 -1.000000 -0.000000
    outer loop
      vertex   14.842568 1.349999 10.721681
      vertex   14.893651 1.349999 10.742783
      vertex   14.610002 1.349999 10.826795
    endloop
  endfacet
  facet normal 0.000000 -1.000000 0.000000
    outer loop
      vertex   14.610002 1.349999 10.826795
      vertex   14.610002 1.349999 10.458077
      vertex   14.797453 1.349999 10.689748
    endloop
  endfacet
  facet normal 0.000000 -1.000000 0.000000
    outer loop
      vertex   15.001275 1.349999 10.730165
      vertex   15.062550 1.349999 10.689748
      vertex   15.250002 1.349999 10.826795
    endloop
  endfacet
  facet normal 0.000000 -1.000000 0.000000
    outer loop
      vertex   15.062550 1.349999 10.689748
      vertex   15.250002 1.349999 10.458077
      vertex   15.250002 1.349999 10.826795
    endloop
  endfacet
  facet normal 0.000000 -1.000000 0.000000
    outer loop
      vertex   5.090002 1.349999 0.173205
      vertex   5.090002 1.349999 9.700000
      vertex   4.450002 1.349999 9.700000
    endloop
  endfacet
  facet normal 0.000000 -1.000000 0.000000
    outer loop
      vertex   4.450002 1.349999 9.700000
      vertex   4.450002 1.349999 0.173205
      vertex   5.090002 1.349999 0.173205
    endloop
  endfacet
  facet normal 0.000000 0.000000 -1.000000
    outer loop
      vertex   5.090002 1.989999 9.700000
      vertex   5.509105 1.976145 9.700000
      vertex   5.570002 1.669999 9.700000
    endloop
  endfacet
  facet normal 0.000000 0.000000 -1.000000
    outer loop
      vertex   4.450002 1.349999 9.700000
      vertex   4.030898 1.363852 9.700000
      vertex   3.970002 1.669999 9.700000
    endloop
  endfacet
  facet normal -0.000000 0.000000 -1.000000
    outer loop
      vertex   5.570002 1.669999 9.700000
      vertex   5.090002 1.349999 9.700000
      vertex   5.090002 1.989999 9.700000
    endloop
  endfacet
  facet normal 0.000000 0.000000 -1.000000
    outer loop
      vertex   4.450002 1.349999 9.700000
      vertex   5.090002 1.349999 9.700000
      vertex   4.770002 0.869999 9.700000
    endloop
  endfacet
  facet normal 0.000000 0.000000 -1.000000
    outer loop
      vertex   3.970002 1.669999 9.700000
      vertex   4.450002 1.989999 9.700000
      vertex   4.450002 1.349999 9.700000
    endloop
  endfacet
  facet normal 0.000000 0.000000 -1.000000
    outer loop
      vertex   5.090002 1.989999 9.700000
      vertex   4.450002 1.989999 9.700000
      vertex   4.770002 2.469999 9.700000
    endloop
  endfacet
  facet normal 0.000000 0.000000 -1.000000
    outer loop
      vertex   5.570002 1.669999 9.700000
      vertex   5.509105 1.363852 9.700000
      vertex   5.090002 1.349999 9.700000
    endloop
  endfacet
  facet normal 0.000000 0.000000 -1.000000
    outer loop
      vertex   4.770002 0.869999 9.700000
      vertex   4.463855 0.930895 9.700000
      vertex   4.450002 1.349999 9.700000
    endloop
  endfacet
  facet normal 0.000000 -0.000000 -1.000000
    outer loop
      vertex   5.090002 1.349999 9.700000
      vertex   5.335687 1.104313 9.700000
      vertex   5.076148 0.930895 9.700000
    endloop
  endfacet
  facet normal 0.000000 0.000000 -1.000000
    outer loop
      vertex   3.970002 1.669999 9.700000
      vertex   4.030898 1.976145 9.700000
      vertex   4.450002 1.989999 9.700000
    endloop
  endfacet
  facet normal 0.000000 0.000000 -1.000000
    outer loop
      vertex   4.770002 2.469999 9.700000
      vertex   5.076148 2.409102 9.700000
      vertex   5.090002 1.989999 9.700000
    endloop
  endfacet
  facet normal 0.000000 0.000000 -1.000000
    outer loop
      vertex   4.450002 1.989999 9.700000
      vertex   4.204316 2.235684 9.700000
      vertex   4.463855 2.409102 9.700000
    endloop
  endfacet
  facet normal 0.000000 0.000000 -1.000000
    outer loop
      vertex   5.090002 1.989999 9.700000
      vertex   5.335687 2.235684 9.700000
      vertex   5.509105 1.976145 9.700000
    endloop
  endfacet
  facet normal -0.000000 0.000000 -1.000000
    outer loop
      vertex   5.076148 0.930895 9.700000
      vertex   4.770002 0.869999 9.700000
      vertex   5.090002 1.349999 9.700000
    endloop
  endfacet
  facet normal -0.000000 0.000000 -1.000000
    outer loop
      vertex   4.450002 1.349999 9.700000
      vertex   4.204316 1.104313 9.700000
      vertex   4.030898 1.363852 9.700000
    endloop
  endfacet
  facet normal 0.000000 -0.000000 -1.000000
    outer loop
      vertex   4.463855 2.409102 9.700000
      vertex   4.770002 2.469999 9.700000
      vertex   4.450002 1.989999 9.700000
    endloop
  endfacet
  facet normal 0.000000 0.000000 -1.000000
    outer loop
      vertex   4.463855 0.930895 9.700000
      vertex   4.204316 1.104313 9.700000
      vertex   4.450002 1.349999 9.700000
    endloop
  endfacet
  facet normal 0.000000 0.000000 -1.000000
    outer loop
      vertex   5.076148 2.409102 9.700000
      vertex   5.335687 2.235684 9.700000
      vertex   5.090002 1.989999 9.700000
    endloop
  endfacet
  facet normal 0.000000 0.000000 -1.000000
    outer loop
      vertex   4.030898 1.976145 9.700000
      vertex   4.204316 2.235684 9.700000
      vertex   4.450002 1.989999 9.700000
    endloop
  endfacet
  facet normal 0.000000 0.000000 -1.000000
    outer loop
      vertex   5.509105 1.363852 9.700000
      vertex   5.335687 1.104313 9.700000
      vertex   5.090002 1.349999 9.700000
    endloop
  endfacet
  facet normal -1.000000 0.000000 0.000000
    outer loop
      vertex   4.450002 1.349999 0.173205
      vertex   4.450002 1.349999 9.700000
      vertex   4.450002 1.989999 9.700000
    endloop
  endfacet
  facet normal -1.000000 0.000000 -0.000000
    outer loop
      vertex   4.450002 1.989999 9.700000
      vertex   4.450002 1.989999 0.173205
      vertex   4.450002 1.349999 0.173205
    endloop
  endfacet
  facet normal 0.000000 1.000000 0.000000
    outer loop
      vertex   4.450002 1.989999 0.173205
      vertex   4.450002 1.989999 9.700000
      vertex   5.090002 1.989999 9.700000
    endloop
  endfacet
  facet normal 0.000000 1.000000 0.000000
    outer loop
      vertex   5.090002 1.989999 9.700000
      vertex   5.090002 1.989999 0.173205
      vertex   4.450002 1.989999 0.173205
    endloop
  endfacet
  facet normal 1.000000 0.000000 -0.000000
    outer loop
      vertex   5.090002 1.989999 0.173205
      vertex   5.090002 1.989999 9.700000
      vertex   5.090002 1.349999 9.700000
    endloop
  endfacet
  facet normal 1.000000 0.000000 0.000000
    outer loop
      vertex   5.090002 1.349999 9.700000
      vertex   5.090002 1.349999 0.173205
      vertex   5.090002 1.989999 0.173205
    endloop
  endfacet
  facet normal -0.000000 -0.866025 -0.500000
    outer loop
      vertex   5.090002 1.349999 0.173205
      vertex   4.450002 1.349999 0.173205
      vertex   4.550002 1.449999 0.000000
    endloop
  endfacet
  facet normal 0.000000 -0.866025 -0.500000
    outer loop
      vertex   4.550002 1.449999 0.000000
      vertex   4.990002 1.449999 0.000000
      vertex   5.090002 1.349999 0.173205
    endloop
  endfacet
  facet normal 0.000000 -0.000000 -1.000000
    outer loop
      vertex   4.990002 1.889999 0.000000
      vertex   4.990002 1.449999 0.000000
      vertex   4.550002 1.449999 0.000000
    endloop
  endfacet
  facet normal 0.000000 0.000000 -1.000000
    outer loop
      vertex   4.550002 1.449999 0.000000
      vertex   4.550002 1.889999 0.000000
      vertex   4.990002 1.889999 0.000000
    endloop
  endfacet
  facet normal 0.866025 -0.000000 -0.500000
    outer loop
      vertex   5.090002 1.349999 0.173205
      vertex   4.990002 1.449999 0.000000
      vertex   4.990002 1.889999 0.000000
    endloop
  endfacet
  facet normal 0.866025 -0.000000 -0.500000
    outer loop
      vertex   4.990002 1.889999 0.000000
      vertex   5.090002 1.989999 0.173205
      vertex   5.090002 1.349999 0.173205
    endloop
  endfacet
  facet normal 0.000000 0.866025 -0.500000
    outer loop
      vertex   5.090002 1.989999 0.173205
      vertex   4.990002 1.889999 0.000000
      vertex   4.550002 1.889999 0.000000
    endloop
  endfacet
  facet normal -0.000000 0.866025 -0.500000
    outer loop
      vertex   4.550002 1.889999 0.000000
      vertex   4.450002 1.989999 0.173205
      vertex   5.090002 1.989999 0.173205
    endloop
  endfacet
  facet normal -0.866025 0.000000 -0.500000
    outer loop
      vertex   4.450002 1.349999 0.173205
      vertex   4.450002 1.989999 0.173205
      vertex   4.550002 1.889999 0.000000
    endloop
  endfacet
  facet normal -0.866025 -0.000000 -0.500000
    outer loop
      vertex   4.550002 1.889999 0.000000
      vertex   4.550002 1.449999 0.000000
      vertex   4.450002 1.349999 0.173205
    endloop
  endfacet
  facet normal 0.758369 0.506726 0.410006
    outer loop
      vertex   5.509105 1.976145 9.700000
      vertex   5.335687 2.235684 9.700000
      vertex   5.090002 1.989999 10.458077
    endloop
  endfacet
  facet normal 0.894558 0.177939 0.410006
    outer loop
      vertex   5.570002 1.669999 9.700000
      vertex   5.509105 1.976145 9.700000
      vertex   5.090002 1.802547 10.689748
    endloop
  endfacet
  facet normal 0.882177 0.259290 0.393106
    outer loop
      vertex   5.090002 1.802547 10.689748
      vertex   5.090002 1.741272 10.730165
      vertex   5.570002 1.669999 9.700000
    endloop
  endfacet
  facet normal 0.900315 0.148156 0.409247
    outer loop
      vertex   5.090002 1.741272 10.730165
      vertex   5.090002 1.706565 10.742730
      vertex   5.570002 1.669999 9.700000
    endloop
  endfacet
  facet normal 0.878905 -0.275576 0.389339
    outer loop
      vertex   5.570002 1.669999 9.700000
      vertex   5.090002 1.582565 10.721681
      vertex   5.090002 1.537450 10.689748
    endloop
  endfacet
  facet normal 0.907863 -0.051400 0.416104
    outer loop
      vertex   5.570002 1.669999 9.700000
      vertex   5.090002 1.669999 10.747273
      vertex   5.090002 1.633648 10.742783
    endloop
  endfacet
  facet normal 0.897648 -0.168264 0.407328
    outer loop
      vertex   5.090002 1.633648 10.742783
      vertex   5.090002 1.582565 10.721681
      vertex   5.570002 1.669999 9.700000
    endloop
  endfacet
  facet normal 0.758369 -0.506726 0.410006
    outer loop
      vertex   5.509105 1.363852 9.700000
      vertex   5.090002 1.537450 10.689748
      vertex   5.090002 1.349999 10.458077
    endloop
  endfacet
  facet normal 0.506726 -0.758369 0.410006
    outer loop
      vertex   5.076148 0.930895 9.700000
      vertex   5.335687 1.104313 9.700000
      vertex   5.090002 1.349999 10.458077
    endloop
  endfacet
  facet normal 0.177939 -0.894558 0.410006
    outer loop
      vertex   4.770002 0.869999 9.700000
      vertex   5.076148 0.930895 9.700000
      vertex   4.902550 1.349999 10.689748
    endloop
  endfacet
  facet normal 0.259290 -0.882177 0.393106
    outer loop
      vertex   4.902550 1.349999 10.689748
      vertex   4.841275 1.349999 10.730165
      vertex   4.770002 0.869999 9.700000
    endloop
  endfacet
  facet normal 0.148156 -0.900315 0.409247
    outer loop
      vertex   4.841275 1.349999 10.730165
      vertex   4.806568 1.349999 10.742730
      vertex   4.770002 0.869999 9.700000
    endloop
  endfacet
  facet normal -0.275576 -0.878905 0.389339
    outer loop
      vertex   4.770002 0.869999 9.700000
      vertex   4.682568 1.349999 10.721681
      vertex   4.637453 1.349999 10.689748
    endloop
  endfacet
  facet normal -0.051400 -0.907863 0.416104
    outer loop
      vertex   4.770002 0.869999 9.700000
      vertex   4.770002 1.349999 10.747273
      vertex   4.733651 1.349999 10.742783
    endloop
  endfacet
  facet normal -0.168264 -0.897648 0.407328
    outer loop
      vertex   4.733651 1.349999 10.742783
      vertex   4.682568 1.349999 10.721681
      vertex   4.770002 0.869999 9.700000
    endloop
  endfacet
  facet normal -0.506726 -0.758369 0.410006
    outer loop
      vertex   4.463855 0.930895 9.700000
      vertex   4.637453 1.349999 10.689748
      vertex   4.450002 1.349999 10.458077
    endloop
  endfacet
  facet normal -0.758369 -0.506726 0.410006
    outer loop
      vertex   4.030898 1.363852 9.700000
      vertex   4.204316 1.104313 9.700000
      vertex   4.450002 1.349999 10.458077
    endloop
  endfacet
  facet normal -0.894558 -0.177939 0.410006
    outer loop
      vertex   3.970002 1.669999 9.700000
      vertex   4.030898 1.363852 9.700000
      vertex   4.450002 1.537450 10.689748
    endloop
  endfacet
  facet normal -0.882212 -0.259106 0.393148
    outer loop
      vertex   4.450002 1.537450 10.689748
      vertex   4.450002 1.598903 10.730249
      vertex   3.970002 1.669999 9.700000
    endloop
  endfacet
  facet normal -0.900373 -0.147649 0.409301
    outer loop
      vertex   4.450002 1.598903 10.730249
      vertex   4.450002 1.633648 10.742783
      vertex   3.970002 1.669999 9.700000
    endloop
  endfacet
  facet normal -0.878884 0.275675 0.389315
    outer loop
      vertex   3.970002 1.669999 9.700000
      vertex   4.450002 1.757532 10.721623
      vertex   4.450002 1.802547 10.689748
    endloop
  endfacet
  facet normal -0.907849 0.051701 0.416097
    outer loop
      vertex   3.970002 1.669999 9.700000
      vertex   4.450002 1.669999 10.747273
      vertex   4.450002 1.706565 10.742730
    endloop
  endfacet
  facet normal -0.897597 0.168659 0.407277
    outer loop
      vertex   4.450002 1.706565 10.742730
      vertex   4.450002 1.757532 10.721623
      vertex   3.970002 1.669999 9.700000
    endloop
  endfacet
  facet normal -0.758369 0.506726 0.410006
    outer loop
      vertex   4.030898 1.976145 9.700000
      vertex   4.450002 1.802547 10.689748
      vertex   4.450002 1.989999 10.458077
    endloop
  endfacet
  facet normal -0.506726 0.758369 0.410006
    outer loop
      vertex   4.463855 2.409102 9.700000
      vertex   4.204316 2.235684 9.700000
      vertex   4.450002 1.989999 10.458077
    endloop
  endfacet
  facet normal -0.177939 0.894558 0.410006
    outer loop
      vertex   4.770002 2.469999 9.700000
      vertex   4.463855 2.409102 9.700000
      vertex   4.637453 1.989999 10.689748
    endloop
  endfacet
  facet normal -0.259106 0.882212 0.393148
    outer loop
      vertex   4.637453 1.989999 10.689748
      vertex   4.698907 1.989999 10.730249
      vertex   4.770002 2.469999 9.700000
    endloop
  endfacet
  facet normal -0.147649 0.900373 0.409301
    outer loop
      vertex   4.698907 1.989999 10.730249
      vertex   4.733651 1.989999 10.742783
      vertex   4.770002 2.469999 9.700000
    endloop
  endfacet
  facet normal 0.275675 0.878884 0.389315
    outer loop
      vertex   4.770002 2.469999 9.700000
      vertex   4.857536 1.989999 10.721623
      vertex   4.902550 1.989999 10.689748
    endloop
  endfacet
  facet normal 0.051701 0.907849 0.416097
    outer loop
      vertex   4.770002 2.469999 9.700000
      vertex   4.770002 1.989999 10.747273
      vertex   4.806568 1.989999 10.742730
    endloop
  endfacet
  facet normal 0.168659 0.897597 0.407277
    outer loop
      vertex   4.806568 1.989999 10.742730
      vertex   4.857536 1.989999 10.721623
      vertex   4.770002 2.469999 9.700000
    endloop
  endfacet
  facet normal 0.506726 0.758369 0.410006
    outer loop
      vertex   5.076148 2.409102 9.700000
      vertex   4.902550 1.989999 10.689748
      vertex   5.090002 1.989999 10.458077
    endloop
  endfacet
  facet normal 0.506726 0.758369 0.410006
    outer loop
      vertex   5.090002 1.989999 10.458077
      vertex   5.335687 2.235684 9.700000
      vertex   5.076148 2.409102 9.700000
    endloop
  endfacet
  facet normal 0.177939 0.894558 0.410006
    outer loop
      vertex   4.902550 1.989999 10.689748
      vertex   5.076148 2.409102 9.700000
      vertex   4.770002 2.469999 9.700000
    endloop
  endfacet
  facet normal -0.051400 0.907863 0.416104
    outer loop
      vertex   4.733651 1.989999 10.742783
      vertex   4.770002 1.989999 10.747273
      vertex   4.770002 2.469999 9.700000
    endloop
  endfacet
  facet normal -0.506726 0.758369 0.410006
    outer loop
      vertex   4.450002 1.989999 10.458077
      vertex   4.637453 1.989999 10.689748
      vertex   4.463855 2.409102 9.700000
    endloop
  endfacet
  facet normal -0.758369 0.506726 0.410006
    outer loop
      vertex   4.450002 1.989999 10.458077
      vertex   4.204316 2.235684 9.700000
      vertex   4.030898 1.976145 9.700000
    endloop
  endfacet
  facet normal -0.894558 0.177939 0.410006
    outer loop
      vertex   4.450002 1.802547 10.689748
      vertex   4.030898 1.976145 9.700000
      vertex   3.970002 1.669999 9.700000
    endloop
  endfacet
  facet normal -0.907863 -0.051400 0.416104
    outer loop
      vertex   4.450002 1.633648 10.742783
      vertex   4.450002 1.669999 10.747273
      vertex   3.970002 1.669999 9.700000
    endloop
  endfacet
  facet normal -0.758369 -0.506726 0.410006
    outer loop
      vertex   4.450002 1.349999 10.458077
      vertex   4.450002 1.537450 10.689748
      vertex   4.030898 1.363852 9.700000
    endloop
  endfacet
  facet normal -0.506726 -0.758369 0.410006
    outer loop
      vertex   4.450002 1.349999 10.458077
      vertex   4.204316 1.104313 9.700000
      vertex   4.463855 0.930895 9.700000
    endloop
  endfacet
  facet normal -0.177939 -0.894558 0.410006
    outer loop
      vertex   4.637453 1.349999 10.689748
      vertex   4.463855 0.930895 9.700000
      vertex   4.770002 0.869999 9.700000
    endloop
  endfacet
  facet normal 0.051701 -0.907849 0.416097
    outer loop
      vertex   4.806568 1.349999 10.742730
      vertex   4.770002 1.349999 10.747273
      vertex   4.770002 0.869999 9.700000
    endloop
  endfacet
  facet normal 0.506726 -0.758369 0.410006
    outer loop
      vertex   5.090002 1.349999 10.458077
      vertex   4.902550 1.349999 10.689748
      vertex   5.076148 0.930895 9.700000
    endloop
  endfacet
  facet normal 0.758369 -0.506726 0.410006
    outer loop
      vertex   5.090002 1.349999 10.458077
      vertex   5.335687 1.104313 9.700000
      vertex   5.509105 1.363852 9.700000
    endloop
  endfacet
  facet normal 0.894558 -0.177939 0.410006
    outer loop
      vertex   5.090002 1.537450 10.689748
      vertex   5.509105 1.363852 9.700000
      vertex   5.570002 1.669999 9.700000
    endloop
  endfacet
  facet normal 0.907849 0.051701 0.416097
    outer loop
      vertex   5.090002 1.706565 10.742730
      vertex   5.090002 1.669999 10.747273
      vertex   5.570002 1.669999 9.700000
    endloop
  endfacet
  facet normal 0.758369 0.506726 0.410006
    outer loop
      vertex   5.090002 1.989999 10.458077
      vertex   5.090002 1.802547 10.689748
      vertex   5.509105 1.976145 9.700000
    endloop
  endfacet
  facet normal 1.000000 0.000000 -0.000000
    outer loop
      vertex   5.090002 1.989999 10.826795
      vertex   5.090002 1.669999 10.747273
      vertex   5.090002 1.706565 10.742730
    endloop
  endfacet
  facet normal 1.000000 -0.000000 0.000000
    outer loop
      vertex   5.090002 1.706565 10.742730
      vertex   5.090002 1.741272 10.730165
      vertex   5.090002 1.989999 10.826795
    endloop
  endfacet
  facet normal 1.000000 -0.000000 -0.000000
    outer loop
      vertex   5.090002 1.349999 10.826795
      vertex   5.090002 1.633648 10.742783
      vertex   5.090002 1.669999 10.747273
    endloop
  endfacet
  facet normal 1.000000 0.000000 -0.000000
    outer loop
      vertex   5.090002 1.669999 10.747273
      vertex   5.090002 1.989999 10.826795
      vertex   5.090002 1.349999 10.826795
    endloop
  endfacet
  facet normal 1.000000 0.000000 0.000000
    outer loop
      vertex   5.090002 1.349999 10.826795
      vertex   5.090002 1.537450 10.689748
      vertex   5.090002 1.582565 10.721681
    endloop
  endfacet
  facet normal 1.000000 -0.000000 -0.000000
    outer loop
      vertex   5.090002 1.582565 10.721681
      vertex   5.090002 1.633648 10.742783
      vertex   5.090002 1.349999 10.826795
    endloop
  endfacet
  facet normal 1.000000 0.000000 0.000000
    outer loop
      vertex   5.090002 1.349999 10.826795
      vertex   5.090002 1.349999 10.458077
      vertex   5.090002 1.537450 10.689748
    endloop
  endfacet
  facet normal 1.000000 -0.000000 0.000000
    outer loop
      vertex   5.090002 1.741272 10.730165
      vertex   5.090002 1.802547 10.689748
      vertex   5.090002 1.989999 10.826795
    endloop
  endfacet
  facet normal 1.000000 -0.000000 0.000000
    outer loop
      vertex   5.090002 1.802547 10.689748
      vertex   5.090002 1.989999 10.458077
      vertex   5.090002 1.989999 10.826795
    endloop
  endfacet
  facet normal -0.000000 1.000000 0.000000
    outer loop
      vertex   4.450002 1.989999 10.826795
      vertex   5.090002 1.989999 10.826795
      vertex   4.770002 1.989999 10.747273
    endloop
  endfacet
  facet normal -0.000000 1.000000 -0.000000
    outer loop
      vertex   4.770002 1.989999 10.747273
      vertex   4.733651 1.989999 10.742783
      vertex   4.450002 1.989999 10.826795
    endloop
  endfacet
  facet normal 0.000000 1.000000 0.000000
    outer loop
      vertex   4.733651 1.989999 10.742783
      vertex   4.698907 1.989999 10.730249
      vertex   4.450002 1.989999 10.826795
    endloop
  endfacet
  facet normal 0.000000 1.000000 -0.000000
    outer loop
      vertex   5.090002 1.989999 10.826795
      vertex   4.806568 1.989999 10.742730
      vertex   4.770002 1.989999 10.747273
    endloop
  endfacet
  facet normal -0.000000 1.000000 0.000000
    outer loop
      vertex   5.090002 1.989999 10.826795
      vertex   4.902550 1.989999 10.689748
      vertex   4.857536 1.989999 10.721623
    endloop
  endfacet
  facet normal -0.000000 1.000000 0.000000
    outer loop
      vertex   4.857536 1.989999 10.721623
      vertex   4.806568 1.989999 10.742730
      vertex   5.090002 1.989999 10.826795
    endloop
  endfacet
  facet normal 0.000000 1.000000 0.000000
    outer loop
      vertex   5.090002 1.989999 10.826795
      vertex   5.090002 1.989999 10.458077
      vertex   4.902550 1.989999 10.689748
    endloop
  endfacet
  facet normal -0.000000 1.000000 -0.000000
    outer loop
      vertex   4.698907 1.989999 10.730249
      vertex   4.637453 1.989999 10.689748
      vertex   4.450002 1.989999 10.826795
    endloop
  endfacet
  facet normal 0.000000 1.000000 0.000000
    outer loop
      vertex   4.637453 1.989999 10.689748
      vertex   4.450002 1.989999 10.458077
      vertex   4.450002 1.989999 10.826795
    endloop
  endfacet
  facet normal -1.000000 0.000000 0.000000
    outer loop
      vertex   4.450002 1.349999 10.826795
      vertex   4.450002 1.989999 10.826795
      vertex   4.450002 1.669999 10.747273
    endloop
  endfacet
  facet normal -1.000000 -0.000000 -0.000000
    outer loop
      vertex   4.450002 1.669999 10.747273
      vertex   4.450002 1.633648 10.742783
      vertex   4.450002 1.349999 10.826795
    endloop
  endfacet
  facet normal -1.000000 0.000000 0.000000
    outer loop
      vertex   4.450002 1.633648 10.742783
      vertex   4.450002 1.598903 10.730249
      vertex   4.450002 1.349999 10.826795
    endloop
  endfacet
  facet normal -1.000000 0.000000 -0.000000
    outer loop
      vertex   4.450002 1.989999 10.826795
      vertex   4.450002 1.706565 10.742730
      vertex   4.450002 1.669999 10.747273
    endloop
  endfacet
  facet normal -1.000000 -0.000000 0.000000
    outer loop
      vertex   4.450002 1.989999 10.826795
      vertex   4.450002 1.802547 10.689748
      vertex   4.450002 1.757532 10.721623
    endloop
  endfacet
  facet normal -1.000000 -0.000000 0.000000
    outer loop
      vertex   4.450002 1.757532 10.721623
      vertex   4.450002 1.706565 10.742730
      vertex   4.450002 1.989999 10.826795
    endloop
  endfacet
  facet normal -1.000000 0.000000 -0.000000
    outer loop
      vertex   4.450002 1.989999 10.826795
      vertex   4.450002 1.989999 10.458077
      vertex   4.450002 1.802547 10.689748
    endloop
  endfacet
  facet normal -1.000000 -0.000000 -0.000000
    outer loop
      vertex   4.450002 1.598903 10.730249
      vertex   4.450002 1.537450 10.689748
      vertex   4.450002 1.349999 10.826795
    endloop
  endfacet
  facet normal -1.000000 0.000000 0.000000
    outer loop
      vertex   4.450002 1.537450 10.689748
      vertex   4.450002 1.349999 10.458077
      vertex   4.450002 1.349999 10.826795
    endloop
  endfacet
  facet normal 0.000000 0.866025 0.500000
    outer loop
      vertex   5.090002 1.989999 10.826795
      vertex   4.450002 1.989999 10.826795
      vertex   4.550002 1.889999 11.000000
    endloop
  endfacet
  facet normal -0.000000 0.866025 0.500000
    outer loop
      vertex   4.550002 1.889999 11.000000
      vertex   4.990002 1.889999 11.000000
      vertex   5.090002 1.989999 10.826795
    endloop
  endfacet
  facet normal 0.000000 0.000000 1.000000
    outer loop
      vertex   4.550002 1.449999 11.000000
      vertex   4.990002 1.449999 11.000000
      vertex   4.990002 1.889999 11.000000
    endloop
  endfacet
  facet normal 0.000000 0.000000 1.000000
    outer loop
      vertex   4.990002 1.889999 11.000000
      vertex   4.550002 1.889999 11.000000
      vertex   4.550002 1.449999 11.000000
    endloop
  endfacet
  facet normal -0.000000 -0.866025 0.500000
    outer loop
      vertex   5.090002 1.349999 10.826795
      vertex   4.990002 1.449999 11.000000
      vertex   4.550002 1.449999 11.000000
    endloop
  endfacet
  facet normal 0.000000 -0.866025 0.500000
    outer loop
      vertex   4.550002 1.449999 11.000000
      vertex   4.450002 1.349999 10.826795
      vertex   5.090002 1.349999 10.826795
    endloop
  endfacet
  facet normal -0.866025 0.000000 0.500000
    outer loop
      vertex   4.450002 1.349999 10.826795
      vertex   4.550002 1.449999 11.000000
      vertex   4.550002 1.889999 11.000000
    endloop
  endfacet
  facet normal -0.866025 0.000000 0.500000
    outer loop
      vertex   4.550002 1.889999 11.000000
      vertex   4.450002 1.989999 10.826795
      vertex   4.450002 1.349999 10.826795
    endloop
  endfacet
  facet normal 0.866025 -0.000000 0.500000
    outer loop
      vertex   5.090002 1.349999 10.826795
      vertex   5.090002 1.989999 10.826795
      vertex   4.990002 1.889999 11.000000
    endloop
  endfacet
  facet normal 0.866025 0.000000 0.500000
    outer loop
      vertex   4.990002 1.889999 11.000000
      vertex   4.990002 1.449999 11.000000
      vertex   5.090002 1.349999 10.826795
    endloop
  endfacet
  facet normal 0.000000 -1.000000 -0.000000
    outer loop
      vertex   5.090002 1.349999 10.826795
      vertex   4.770002 1.349999 10.747273
      vertex   4.806568 1.349999 10.742730
    endloop
  endfacet
  facet normal -0.000000 -1.000000 0.000000
    outer loop
      vertex   4.806568 1.349999 10.742730
      vertex   4.841275 1.349999 10.730165
      vertex   5.090002 1.349999 10.826795
    endloop
  endfacet
  facet normal -0.000000 -1.000000 -0.000000
    outer loop
      vertex   4.450002 1.349999 10.826795
      vertex   4.733651 1.349999 10.742783
      vertex   4.770002 1.349999 10.747273
    endloop
  endfacet
  facet normal 0.000000 -1.000000 0.000000
    outer loop
      vertex   4.770002 1.349999 10.747273
      vertex   5.090002 1.349999 10.826795
      vertex   4.450002 1.349999 10.826795
    endloop
  endfacet
  facet normal 0.000000 -1.000000 0.000000
    outer loop
      vertex   4.450002 1.349999 10.826795
      vertex   4.637453 1.349999 10.689748
      vertex   4.682568 1.349999 10.721681
    endloop
  endfacet
  facet normal -0.000000 -1.000000 -0.000000
    outer loop
      vertex   4.682568 1.349999 10.721681
      vertex   4.733651 1.349999 10.742783
      vertex   4.450002 1.349999 10.826795
    endloop
  endfacet
  facet normal 0.000000 -1.000000 0.000000
    outer loop
      vertex   4.450002 1.349999 10.826795
      vertex   4.450002 1.349999 10.458077
      vertex   4.637453 1.349999 10.689748
    endloop
  endfacet
  facet normal 0.000000 -1.000000 0.000000
    outer loop
      vertex   4.841275 1.349999 10.730165
      vertex   4.902550 1.349999 10.689748
      vertex   5.090002 1.349999 10.826795
    endloop
  endfacet
  facet normal 0.000000 -1.000000 0.000000
    outer loop
      vertex   4.902550 1.349999 10.689748
      vertex   5.090002 1.349999 10.458077
      vertex   5.090002 1.349999 10.826795
    endloop
  endfacet
  facet normal 0.000000 -1.000000 0.000000
    outer loop
      vertex   7.630002 1.349999 0.173205
      vertex   7.630002 1.349999 9.700000
      vertex   6.990002 1.349999 9.700000
    endloop
  endfacet
  facet normal 0.000000 -1.000000 0.000000
    outer loop
      vertex   6.990002 1.349999 9.700000
      vertex   6.990002 1.349999 0.173205
      vertex   7.630002 1.349999 0.173205
    endloop
  endfacet
  facet normal 0.000000 0.000000 -1.000000
    outer loop
      vertex   6.990002 1.349999 9.700000
      vertex   6.570898 1.363852 9.700000
      vertex   6.510002 1.669999 9.700000
    endloop
  endfacet
  facet normal 0.000000 0.000000 -1.000000
    outer loop
      vertex   7.630002 1.989999 9.700000
      vertex   8.049105 1.976145 9.700000
      vertex   8.110002 1.669999 9.700000
    endloop
  endfacet
  facet normal 0.000000 0.000000 -1.000000
    outer loop
      vertex   6.990002 1.349999 9.700000
      vertex   7.630002 1.349999 9.700000
      vertex   7.310002 0.869999 9.700000
    endloop
  endfacet
  facet normal 0.000000 0.000000 -1.000000
    outer loop
      vertex   6.510002 1.669999 9.700000
      vertex   6.990002 1.989999 9.700000
      vertex   6.990002 1.349999 9.700000
    endloop
  endfacet
  facet normal 0.000000 0.000000 -1.000000
    outer loop
      vertex   6.990002 1.989999 9.700000
      vertex   7.003855 2.409102 9.700000
      vertex   7.310002 2.469999 9.700000
    endloop
  endfacet
  facet normal 0.000000 0.000000 -1.000000
    outer loop
      vertex   7.630002 1.349999 9.700000
      vertex   8.110002 1.669999 9.700000
      vertex   8.049105 1.363852 9.700000
    endloop
  endfacet
  facet normal 0.000000 0.000000 -1.000000
    outer loop
      vertex   7.630002 1.989999 9.700000
      vertex   7.875687 2.235684 9.700000
      vertex   8.049105 1.976145 9.700000
    endloop
  endfacet
  facet normal 0.000000 0.000000 -1.000000
    outer loop
      vertex   7.310002 0.869999 9.700000
      vertex   7.003855 0.930895 9.700000
      vertex   6.990002 1.349999 9.700000
    endloop
  endfacet
  facet normal 0.000000 -0.000000 -1.000000
    outer loop
      vertex   7.630002 1.349999 9.700000
      vertex   7.875687 1.104313 9.700000
      vertex   7.616148 0.930895 9.700000
    endloop
  endfacet
  facet normal 0.000000 0.000000 -1.000000
    outer loop
      vertex   6.510002 1.669999 9.700000
      vertex   6.570898 1.976145 9.700000
      vertex   6.990002 1.989999 9.700000
    endloop
  endfacet
  facet normal 0.000000 0.000000 -1.000000
    outer loop
      vertex   7.630002 1.989999 9.700000
      vertex   7.310002 2.469999 9.700000
      vertex   7.616148 2.409102 9.700000
    endloop
  endfacet
  facet normal 0.000000 0.000000 -1.000000
    outer loop
      vertex   6.990002 1.989999 9.700000
      vertex   6.744316 2.235684 9.700000
      vertex   7.003855 2.409102 9.700000
    endloop
  endfacet
  facet normal -0.000000 0.000000 -1.000000
    outer loop
      vertex   8.110002 1.669999 9.700000
      vertex   7.630002 1.349999 9.700000
      vertex   7.630002 1.989999 9.700000
    endloop
  endfacet
  facet normal -0.000000 0.000000 -1.000000
    outer loop
      vertex   7.616148 0.930895 9.700000
      vertex   7.310002 0.869999 9.700000
      vertex   7.630002 1.349999 9.700000
    endloop
  endfacet
  facet normal -0.000000 0.000000 -1.000000
    outer loop
      vertex   6.990002 1.349999 9.700000
      vertex   6.744316 1.104313 9.700000
      vertex   6.570898 1.363852 9.700000
    endloop
  endfacet
  facet normal 0.000000 -0.000000 -1.000000
    outer loop
      vertex   7.310002 2.469999 9.700000
      vertex   7.630002 1.989999 9.700000
      vertex   6.990002 1.989999 9.700000
    endloop
  endfacet
  facet normal 0.000000 0.000000 -1.000000
    outer loop
      vertex   7.003855 0.930895 9.700000
      vertex   6.744316 1.104313 9.700000
      vertex   6.990002 1.349999 9.700000
    endloop
  endfacet
  facet normal 0.000000 0.000000 -1.000000
    outer loop
      vertex   7.616148 2.409102 9.700000
      vertex   7.875687 2.235684 9.700000
      vertex   7.630002 1.989999 9.700000
    endloop
  endfacet
  facet normal 0.000000 0.000000 -1.000000
    outer loop
      vertex   6.570898 1.976145 9.700000
      vertex   6.744316 2.235684 9.700000
      vertex   6.990002 1.989999 9.700000
    endloop
  endfacet
  facet normal 0.000000 0.000000 -1.000000
    outer loop
      vertex   8.049105 1.363852 9.700000
      vertex   7.875687 1.104313 9.700000
      vertex   7.630002 1.349999 9.700000
    endloop
  endfacet
  facet normal -1.000000 0.000000 0.000000
    outer loop
      vertex   6.990002 1.349999 0.173205
      vertex   6.990002 1.349999 9.700000
      vertex   6.990002 1.989999 9.700000
    endloop
  endfacet
  facet normal -1.000000 0.000000 -0.000000
    outer loop
      vertex   6.990002 1.989999 9.700000
      vertex   6.990002 1.989999 0.173205
      vertex   6.990002 1.349999 0.173205
    endloop
  endfacet
  facet normal 0.000000 1.000000 0.000000
    outer loop
      vertex   6.990002 1.989999 0.173205
      vertex   6.990002 1.989999 9.700000
      vertex   7.630002 1.989999 9.700000
    endloop
  endfacet
  facet normal 0.000000 1.000000 0.000000
    outer loop
      vertex   7.630002 1.989999 9.700000
      vertex   7.630002 1.989999 0.173205
      vertex   6.990002 1.989999 0.173205
    endloop
  endfacet
  facet normal 1.000000 0.000000 -0.000000
    outer loop
      vertex   7.630002 1.989999 0.173205
      vertex   7.630002 1.989999 9.700000
      vertex   7.630002 1.349999 9.700000
    endloop
  endfacet
  facet normal 1.000000 0.000000 0.000000
    outer loop
      vertex   7.630002 1.349999 9.700000
      vertex   7.630002 1.349999 0.173205
      vertex   7.630002 1.989999 0.173205
    endloop
  endfacet
  facet normal 0.000000 -0.866025 -0.500000
    outer loop
      vertex   6.990002 1.349999 0.173205
      vertex   7.090002 1.449999 0.000000
      vertex   7.530002 1.449999 0.000000
    endloop
  endfacet
  facet normal -0.000000 -0.866025 -0.500000
    outer loop
      vertex   7.530002 1.449999 0.000000
      vertex   7.630002 1.349999 0.173205
      vertex   6.990002 1.349999 0.173205
    endloop
  endfacet
  facet normal 0.000000 -0.000000 -1.000000
    outer loop
      vertex   7.530002 1.889999 0.000000
      vertex   7.530002 1.449999 0.000000
      vertex   7.090002 1.449999 0.000000
    endloop
  endfacet
  facet normal 0.000000 0.000000 -1.000000
    outer loop
      vertex   7.090002 1.449999 0.000000
      vertex   7.090002 1.889999 0.000000
      vertex   7.530002 1.889999 0.000000
    endloop
  endfacet
  facet normal 0.866025 0.000000 -0.500000
    outer loop
      vertex   7.630002 1.349999 0.173205
      vertex   7.530002 1.449999 0.000000
      vertex   7.530002 1.889999 0.000000
    endloop
  endfacet
  facet normal 0.866025 0.000000 -0.500000
    outer loop
      vertex   7.530002 1.889999 0.000000
      vertex   7.630002 1.989999 0.173205
      vertex   7.630002 1.349999 0.173205
    endloop
  endfacet
  facet normal 0.000000 0.866025 -0.500000
    outer loop
      vertex   6.990002 1.989999 0.173205
      vertex   7.630002 1.989999 0.173205
      vertex   7.530002 1.889999 0.000000
    endloop
  endfacet
  facet normal 0.000000 0.866025 -0.500000
    outer loop
      vertex   7.530002 1.889999 0.000000
      vertex   7.090002 1.889999 0.000000
      vertex   6.990002 1.989999 0.173205
    endloop
  endfacet
  facet normal -0.866025 0.000000 -0.500000
    outer loop
      vertex   6.990002 1.349999 0.173205
      vertex   6.990002 1.989999 0.173205
      vertex   7.090002 1.889999 0.000000
    endloop
  endfacet
  facet normal -0.866025 -0.000000 -0.500000
    outer loop
      vertex   7.090002 1.889999 0.000000
      vertex   7.090002 1.449999 0.000000
      vertex   6.990002 1.349999 0.173205
    endloop
  endfacet
  facet normal 0.758369 0.506726 0.410006
    outer loop
      vertex   8.049105 1.976145 9.700000
      vertex   7.875687 2.235684 9.700000
      vertex   7.630002 1.989999 10.458077
    endloop
  endfacet
  facet normal 0.894558 0.177939 0.410006
    outer loop
      vertex   8.110002 1.669999 9.700000
      vertex   8.049105 1.976145 9.700000
      vertex   7.630002 1.802547 10.689748
    endloop
  endfacet
  facet normal 0.882177 0.259290 0.393106
    outer loop
      vertex   7.630002 1.802547 10.689748
      vertex   7.630002 1.741272 10.730165
      vertex   8.110002 1.669999 9.700000
    endloop
  endfacet
  facet normal 0.900315 0.148156 0.409247
    outer loop
      vertex   7.630002 1.741272 10.730165
      vertex   7.630002 1.706565 10.742730
      vertex   8.110002 1.669999 9.700000
    endloop
  endfacet
  facet normal 0.878905 -0.275576 0.389339
    outer loop
      vertex   8.110002 1.669999 9.700000
      vertex   7.630002 1.582565 10.721681
      vertex   7.630002 1.537450 10.689748
    endloop
  endfacet
  facet normal 0.907863 -0.051400 0.416104
    outer loop
      vertex   8.110002 1.669999 9.700000
      vertex   7.630002 1.669999 10.747273
      vertex   7.630002 1.633648 10.742783
    endloop
  endfacet
  facet normal 0.897648 -0.168264 0.407328
    outer loop
      vertex   7.630002 1.633648 10.742783
      vertex   7.630002 1.582565 10.721681
      vertex   8.110002 1.669999 9.700000
    endloop
  endfacet
  facet normal 0.758369 -0.506726 0.410006
    outer loop
      vertex   8.049105 1.363852 9.700000
      vertex   7.630002 1.537450 10.689748
      vertex   7.630002 1.349999 10.458077
    endloop
  endfacet
  facet normal 0.506726 -0.758369 0.410006
    outer loop
      vertex   7.616148 0.930895 9.700000
      vertex   7.875687 1.104313 9.700000
      vertex   7.630002 1.349999 10.458077
    endloop
  endfacet
  facet normal 0.177939 -0.894558 0.410006
    outer loop
      vertex   7.310002 0.869999 9.700000
      vertex   7.616148 0.930895 9.700000
      vertex   7.442550 1.349999 10.689748
    endloop
  endfacet
  facet normal 0.259290 -0.882177 0.393106
    outer loop
      vertex   7.442550 1.349999 10.689748
      vertex   7.381275 1.349999 10.730165
      vertex   7.310002 0.869999 9.700000
    endloop
  endfacet
  facet normal 0.148156 -0.900315 0.409247
    outer loop
      vertex   7.381275 1.349999 10.730165
      vertex   7.346568 1.349999 10.742730
      vertex   7.310002 0.869999 9.700000
    endloop
  endfacet
  facet normal -0.275576 -0.878905 0.389339
    outer loop
      vertex   7.310002 0.869999 9.700000
      vertex   7.222568 1.349999 10.721681
      vertex   7.177453 1.349999 10.689748
    endloop
  endfacet
  facet normal -0.051400 -0.907863 0.416104
    outer loop
      vertex   7.310002 0.869999 9.700000
      vertex   7.310002 1.349999 10.747273
      vertex   7.273651 1.349999 10.742783
    endloop
  endfacet
  facet normal -0.168264 -0.897648 0.407328
    outer loop
      vertex   7.273651 1.349999 10.742783
      vertex   7.222568 1.349999 10.721681
      vertex   7.310002 0.869999 9.700000
    endloop
  endfacet
  facet normal -0.506726 -0.758369 0.410006
    outer loop
      vertex   7.003855 0.930895 9.700000
      vertex   7.177453 1.349999 10.689748
      vertex   6.990002 1.349999 10.458077
    endloop
  endfacet
  facet normal -0.758369 -0.506726 0.410006
    outer loop
      vertex   6.570898 1.363852 9.700000
      vertex   6.744316 1.104313 9.700000
      vertex   6.990002 1.349999 10.458077
    endloop
  endfacet
  facet normal -0.894558 -0.177939 0.410006
    outer loop
      vertex   6.510002 1.669999 9.700000
      vertex   6.570898 1.363852 9.700000
      vertex   6.990002 1.537450 10.689748
    endloop
  endfacet
  facet normal -0.882212 -0.259106 0.393148
    outer loop
      vertex   6.990002 1.537450 10.689748
      vertex   6.990002 1.598903 10.730249
      vertex   6.510002 1.669999 9.700000
    endloop
  endfacet
  facet normal -0.900373 -0.147649 0.409301
    outer loop
      vertex   6.990002 1.598903 10.730249
      vertex   6.990002 1.633648 10.742783
      vertex   6.510002 1.669999 9.700000
    endloop
  endfacet
  facet normal -0.878884 0.275675 0.389315
    outer loop
      vertex   6.510002 1.669999 9.700000
      vertex   6.990002 1.757532 10.721623
      vertex   6.990002 1.802547 10.689748
    endloop
  endfacet
  facet normal -0.907849 0.051701 0.416097
    outer loop
      vertex   6.510002 1.669999 9.700000
      vertex   6.990002 1.669999 10.747273
      vertex   6.990002 1.706565 10.742730
    endloop
  endfacet
  facet normal -0.897597 0.168659 0.407277
    outer loop
      vertex   6.990002 1.706565 10.742730
      vertex   6.990002 1.757532 10.721623
      vertex   6.510002 1.669999 9.700000
    endloop
  endfacet
  facet normal -0.758369 0.506726 0.410006
    outer loop
      vertex   6.570898 1.976145 9.700000
      vertex   6.990002 1.802547 10.689748
      vertex   6.990002 1.989999 10.458077
    endloop
  endfacet
  facet normal -0.506726 0.758369 0.410006
    outer loop
      vertex   7.003855 2.409102 9.700000
      vertex   6.744316 2.235684 9.700000
      vertex   6.990002 1.989999 10.458077
    endloop
  endfacet
  facet normal -0.177939 0.894558 0.410006
    outer loop
      vertex   7.310002 2.469999 9.700000
      vertex   7.003855 2.409102 9.700000
      vertex   7.177453 1.989999 10.689748
    endloop
  endfacet
  facet normal -0.259106 0.882212 0.393148
    outer loop
      vertex   7.177453 1.989999 10.689748
      vertex   7.238907 1.989999 10.730249
      vertex   7.310002 2.469999 9.700000
    endloop
  endfacet
  facet normal -0.147649 0.900373 0.409301
    outer loop
      vertex   7.238907 1.989999 10.730249
      vertex   7.273651 1.989999 10.742783
      vertex   7.310002 2.469999 9.700000
    endloop
  endfacet
  facet normal 0.275675 0.878884 0.389315
    outer loop
      vertex   7.310002 2.469999 9.700000
      vertex   7.397536 1.989999 10.721623
      vertex   7.442550 1.989999 10.689748
    endloop
  endfacet
  facet normal 0.051701 0.907849 0.416097
    outer loop
      vertex   7.310002 2.469999 9.700000
      vertex   7.310002 1.989999 10.747273
      vertex   7.346568 1.989999 10.742730
    endloop
  endfacet
  facet normal 0.168659 0.897597 0.407277
    outer loop
      vertex   7.346568 1.989999 10.742730
      vertex   7.397536 1.989999 10.721623
      vertex   7.310002 2.469999 9.700000
    endloop
  endfacet
  facet normal 0.506726 0.758369 0.410006
    outer loop
      vertex   7.616148 2.409102 9.700000
      vertex   7.442550 1.989999 10.689748
      vertex   7.630002 1.989999 10.458077
    endloop
  endfacet
  facet normal 0.506726 0.758369 0.410006
    outer loop
      vertex   7.630002 1.989999 10.458077
      vertex   7.875687 2.235684 9.700000
      vertex   7.616148 2.409102 9.700000
    endloop
  endfacet
  facet normal 0.177939 0.894558 0.410006
    outer loop
      vertex   7.442550 1.989999 10.689748
      vertex   7.616148 2.409102 9.700000
      vertex   7.310002 2.469999 9.700000
    endloop
  endfacet
  facet normal -0.051400 0.907863 0.416104
    outer loop
      vertex   7.273651 1.989999 10.742783
      vertex   7.310002 1.989999 10.747273
      vertex   7.310002 2.469999 9.700000
    endloop
  endfacet
  facet normal -0.506726 0.758369 0.410006
    outer loop
      vertex   6.990002 1.989999 10.458077
      vertex   7.177453 1.989999 10.689748
      vertex   7.003855 2.409102 9.700000
    endloop
  endfacet
  facet normal -0.758369 0.506726 0.410006
    outer loop
      vertex   6.990002 1.989999 10.458077
      vertex   6.744316 2.235684 9.700000
      vertex   6.570898 1.976145 9.700000
    endloop
  endfacet
  facet normal -0.894558 0.177939 0.410006
    outer loop
      vertex   6.990002 1.802547 10.689748
      vertex   6.570898 1.976145 9.700000
      vertex   6.510002 1.669999 9.700000
    endloop
  endfacet
  facet normal -0.907863 -0.051400 0.416104
    outer loop
      vertex   6.990002 1.633648 10.742783
      vertex   6.990002 1.669999 10.747273
      vertex   6.510002 1.669999 9.700000
    endloop
  endfacet
  facet normal -0.758369 -0.506726 0.410006
    outer loop
      vertex   6.990002 1.349999 10.458077
      vertex   6.990002 1.537450 10.689748
      vertex   6.570898 1.363852 9.700000
    endloop
  endfacet
  facet normal -0.506726 -0.758369 0.410006
    outer loop
      vertex   6.990002 1.349999 10.458077
      vertex   6.744316 1.104313 9.700000
      vertex   7.003855 0.930895 9.700000
    endloop
  endfacet
  facet normal -0.177939 -0.894558 0.410006
    outer loop
      vertex   7.177453 1.349999 10.689748
      vertex   7.003855 0.930895 9.700000
      vertex   7.310002 0.869999 9.700000
    endloop
  endfacet
  facet normal 0.051701 -0.907849 0.416097
    outer loop
      vertex   7.346568 1.349999 10.742730
      vertex   7.310002 1.349999 10.747273
      vertex   7.310002 0.869999 9.700000
    endloop
  endfacet
  facet normal 0.506726 -0.758369 0.410006
    outer loop
      vertex   7.630002 1.349999 10.458077
      vertex   7.442550 1.349999 10.689748
      vertex   7.616148 0.930895 9.700000
    endloop
  endfacet
  facet normal 0.758369 -0.506726 0.410006
    outer loop
      vertex   7.630002 1.349999 10.458077
      vertex   7.875687 1.104313 9.700000
      vertex   8.049105 1.363852 9.700000
    endloop
  endfacet
  facet normal 0.894558 -0.177939 0.410006
    outer loop
      vertex   7.630002 1.537450 10.689748
      vertex   8.049105 1.363852 9.700000
      vertex   8.110002 1.669999 9.700000
    endloop
  endfacet
  facet normal 0.907849 0.051701 0.416097
    outer loop
      vertex   7.630002 1.706565 10.742730
      vertex   7.630002 1.669999 10.747273
      vertex   8.110002 1.669999 9.700000
    endloop
  endfacet
  facet normal 0.758369 0.506726 0.410006
    outer loop
      vertex   7.630002 1.989999 10.458077
      vertex   7.630002 1.802547 10.689748
      vertex   8.049105 1.976145 9.700000
    endloop
  endfacet
  facet normal 1.000000 0.000000 -0.000000
    outer loop
      vertex   7.630002 1.989999 10.826795
      vertex   7.630002 1.669999 10.747273
      vertex   7.630002 1.706565 10.742730
    endloop
  endfacet
  facet normal 1.000000 -0.000000 0.000000
    outer loop
      vertex   7.630002 1.706565 10.742730
      vertex   7.630002 1.741272 10.730165
      vertex   7.630002 1.989999 10.826795
    endloop
  endfacet
  facet normal 1.000000 -0.000000 -0.000000
    outer loop
      vertex   7.630002 1.349999 10.826795
      vertex   7.630002 1.633648 10.742783
      vertex   7.630002 1.669999 10.747273
    endloop
  endfacet
  facet normal 1.000000 0.000000 -0.000000
    outer loop
      vertex   7.630002 1.669999 10.747273
      vertex   7.630002 1.989999 10.826795
      vertex   7.630002 1.349999 10.826795
    endloop
  endfacet
  facet normal 1.000000 0.000000 0.000000
    outer loop
      vertex   7.630002 1.349999 10.826795
      vertex   7.630002 1.537450 10.689748
      vertex   7.630002 1.582565 10.721681
    endloop
  endfacet
  facet normal 1.000000 -0.000000 -0.000000
    outer loop
      vertex   7.630002 1.582565 10.721681
      vertex   7.630002 1.633648 10.742783
      vertex   7.630002 1.349999 10.826795
    endloop
  endfacet
  facet normal 1.000000 0.000000 0.000000
    outer loop
      vertex   7.630002 1.349999 10.826795
      vertex   7.630002 1.349999 10.458077
      vertex   7.630002 1.537450 10.689748
    endloop
  endfacet
  facet normal 1.000000 -0.000000 0.000000
    outer loop
      vertex   7.630002 1.741272 10.730165
      vertex   7.630002 1.802547 10.689748
      vertex   7.630002 1.989999 10.826795
    endloop
  endfacet
  facet normal 1.000000 -0.000000 0.000000
    outer loop
      vertex   7.630002 1.802547 10.689748
      vertex   7.630002 1.989999 10.458077
      vertex   7.630002 1.989999 10.826795
    endloop
  endfacet
  facet normal -0.000000 1.000000 0.000000
    outer loop
      vertex   6.990002 1.989999 10.826795
      vertex   7.630002 1.989999 10.826795
      vertex   7.310002 1.989999 10.747273
    endloop
  endfacet
  facet normal -0.000000 1.000000 -0.000000
    outer loop
      vertex   7.310002 1.989999 10.747273
      vertex   7.273651 1.989999 10.742783
      vertex   6.990002 1.989999 10.826795
    endloop
  endfacet
  facet normal 0.000000 1.000000 0.000000
    outer loop
      vertex   7.273651 1.989999 10.742783
      vertex   7.238907 1.989999 10.730249
      vertex   6.990002 1.989999 10.826795
    endloop
  endfacet
  facet normal 0.000000 1.000000 -0.000000
    outer loop
      vertex   7.630002 1.989999 10.826795
      vertex   7.346568 1.989999 10.742730
      vertex   7.310002 1.989999 10.747273
    endloop
  endfacet
  facet normal -0.000000 1.000000 0.000000
    outer loop
      vertex   7.630002 1.989999 10.826795
      vertex   7.442550 1.989999 10.689748
      vertex   7.397536 1.989999 10.721623
    endloop
  endfacet
  facet normal -0.000000 1.000000 0.000000
    outer loop
      vertex   7.397536 1.989999 10.721623
      vertex   7.346568 1.989999 10.742730
      vertex   7.630002 1.989999 10.826795
    endloop
  endfacet
  facet normal 0.000000 1.000000 0.000000
    outer loop
      vertex   7.630002 1.989999 10.826795
      vertex   7.630002 1.989999 10.458077
      vertex   7.442550 1.989999 10.689748
    endloop
  endfacet
  facet normal -0.000000 1.000000 -0.000000
    outer loop
      vertex   7.238907 1.989999 10.730249
      vertex   7.177453 1.989999 10.689748
      vertex   6.990002 1.989999 10.826795
    endloop
  endfacet
  facet normal 0.000000 1.000000 0.000000
    outer loop
      vertex   7.177453 1.989999 10.689748
      vertex   6.990002 1.989999 10.458077
      vertex   6.990002 1.989999 10.826795
    endloop
  endfacet
  facet normal -1.000000 0.000000 0.000000
    outer loop
      vertex   6.990002 1.349999 10.826795
      vertex   6.990002 1.989999 10.826795
      vertex   6.990002 1.669999 10.747273
    endloop
  endfacet
  facet normal -1.000000 -0.000000 -0.000000
    outer loop
      vertex   6.990002 1.669999 10.747273
      vertex   6.990002 1.633648 10.742783
      vertex   6.990002 1.349999 10.826795
    endloop
  endfacet
  facet normal -1.000000 0.000000 0.000000
    outer loop
      vertex   6.990002 1.633648 10.742783
      vertex   6.990002 1.598903 10.730249
      vertex   6.990002 1.349999 10.826795
    endloop
  endfacet
  facet normal -1.000000 0.000000 -0.000000
    outer loop
      vertex   6.990002 1.989999 10.826795
      vertex   6.990002 1.706565 10.742730
      vertex   6.990002 1.669999 10.747273
    endloop
  endfacet
  facet normal -1.000000 -0.000000 0.000000
    outer loop
      vertex   6.990002 1.989999 10.826795
      vertex   6.990002 1.802547 10.689748
      vertex   6.990002 1.757532 10.721623
    endloop
  endfacet
  facet normal -1.000000 -0.000000 0.000000
    outer loop
      vertex   6.990002 1.757532 10.721623
      vertex   6.990002 1.706565 10.742730
      vertex   6.990002 1.989999 10.826795
    endloop
  endfacet
  facet normal -1.000000 0.000000 -0.000000
    outer loop
      vertex   6.990002 1.989999 10.826795
      vertex   6.990002 1.989999 10.458077
      vertex   6.990002 1.802547 10.689748
    endloop
  endfacet
  facet normal -1.000000 -0.000000 -0.000000
    outer loop
      vertex   6.990002 1.598903 10.730249
      vertex   6.990002 1.537450 10.689748
      vertex   6.990002 1.349999 10.826795
    endloop
  endfacet
  facet normal -1.000000 0.000000 -0.000000
    outer loop
      vertex   6.990002 1.537450 10.689748
      vertex   6.990002 1.349999 10.458077
      vertex   6.990002 1.349999 10.826795
    endloop
  endfacet
  facet normal 0.000000 0.866025 0.500000
    outer loop
      vertex   6.990002 1.989999 10.826795
      vertex   7.090002 1.889999 11.000000
      vertex   7.530002 1.889999 11.000000
    endloop
  endfacet
  facet normal 0.000000 0.866025 0.500000
    outer loop
      vertex   7.530002 1.889999 11.000000
      vertex   7.630002 1.989999 10.826795
      vertex   6.990002 1.989999 10.826795
    endloop
  endfacet
  facet normal 0.000000 0.000000 1.000000
    outer loop
      vertex   7.090002 1.449999 11.000000
      vertex   7.530002 1.449999 11.000000
      vertex   7.530002 1.889999 11.000000
    endloop
  endfacet
  facet normal 0.000000 0.000000 1.000000
    outer loop
      vertex   7.530002 1.889999 11.000000
      vertex   7.090002 1.889999 11.000000
      vertex   7.090002 1.449999 11.000000
    endloop
  endfacet
  facet normal 0.000000 -0.866025 0.500000
    outer loop
      vertex   6.990002 1.349999 10.826795
      vertex   7.630002 1.349999 10.826795
      vertex   7.530002 1.449999 11.000000
    endloop
  endfacet
  facet normal 0.000000 -0.866025 0.500000
    outer loop
      vertex   7.530002 1.449999 11.000000
      vertex   7.090002 1.449999 11.000000
      vertex   6.990002 1.349999 10.826795
    endloop
  endfacet
  facet normal -0.866025 0.000000 0.500000
    outer loop
      vertex   6.990002 1.349999 10.826795
      vertex   7.090002 1.449999 11.000000
      vertex   7.090002 1.889999 11.000000
    endloop
  endfacet
  facet normal -0.866025 0.000000 0.500000
    outer loop
      vertex   7.090002 1.889999 11.000000
      vertex   6.990002 1.989999 10.826795
      vertex   6.990002 1.349999 10.826795
    endloop
  endfacet
  facet normal 0.866025 -0.000000 0.500000
    outer loop
      vertex   7.630002 1.349999 10.826795
      vertex   7.630002 1.989999 10.826795
      vertex   7.530002 1.889999 11.000000
    endloop
  endfacet
  facet normal 0.866025 0.000000 0.500000
    outer loop
      vertex   7.530002 1.889999 11.000000
      vertex   7.530002 1.449999 11.000000
      vertex   7.630002 1.349999 10.826795
    endloop
  endfacet
  facet normal 0.000000 -1.000000 -0.000000
    outer loop
      vertex   7.630002 1.349999 10.826795
      vertex   7.310002 1.349999 10.747273
      vertex   7.346568 1.349999 10.742730
    endloop
  endfacet
  facet normal -0.000000 -1.000000 0.000000
    outer loop
      vertex   7.346568 1.349999 10.742730
      vertex   7.381275 1.349999 10.730165
      vertex   7.630002 1.349999 10.826795
    endloop
  endfacet
  facet normal -0.000000 -1.000000 -0.000000
    outer loop
      vertex   6.990002 1.349999 10.826795
      vertex   7.273651 1.349999 10.742783
      vertex   7.310002 1.349999 10.747273
    endloop
  endfacet
  facet normal 0.000000 -1.000000 0.000000
    outer loop
      vertex   7.310002 1.349999 10.747273
      vertex   7.630002 1.349999 10.826795
      vertex   6.990002 1.349999 10.826795
    endloop
  endfacet
  facet normal 0.000000 -1.000000 0.000000
    outer loop
      vertex   6.990002 1.349999 10.826795
      vertex   7.177453 1.349999 10.689748
      vertex   7.222568 1.349999 10.721681
    endloop
  endfacet
  facet normal -0.000000 -1.000000 -0.000000
    outer loop
      vertex   7.222568 1.349999 10.721681
      vertex   7.273651 1.349999 10.742783
      vertex   6.990002 1.349999 10.826795
    endloop
  endfacet
  facet normal 0.000000 -1.000000 0.000000
    outer loop
      vertex   6.990002 1.349999 10.826795
      vertex   6.990002 1.349999 10.458077
      vertex   7.177453 1.349999 10.689748
    endloop
  endfacet
  facet normal 0.000000 -1.000000 0.000000
    outer loop
      vertex   7.381275 1.349999 10.730165
      vertex   7.442550 1.349999 10.689748
      vertex   7.630002 1.349999 10.826795
    endloop
  endfacet
  facet normal 0.000000 -1.000000 0.000000
    outer loop
      vertex   7.442550 1.349999 10.689748
      vertex   7.630002 1.349999 10.458077
      vertex   7.630002 1.349999 10.826795
    endloop
  endfacet
  facet normal 0.000000 -1.000000 0.000000
    outer loop
      vertex   10.170002 1.349999 0.173205
      vertex   10.170002 1.349999 9.700000
      vertex   9.530002 1.349999 9.700000
    endloop
  endfacet
  facet normal 0.000000 -1.000000 0.000000
    outer loop
      vertex   9.530002 1.349999 9.700000
      vertex   9.530002 1.349999 0.173205
      vertex   10.170002 1.349999 0.173205
    endloop
  endfacet
  facet normal 0.000000 0.000000 -1.000000
    outer loop
      vertex   10.170002 1.989999 9.700000
      vertex   10.589105 1.976145 9.700000
      vertex   10.650002 1.669999 9.700000
    endloop
  endfacet
  facet normal 0.000000 0.000000 -1.000000
    outer loop
      vertex   10.170002 1.349999 9.700000
      vertex   10.156148 0.930895 9.700000
      vertex   9.850002 0.869999 9.700000
    endloop
  endfacet
  facet normal 0.000000 0.000000 -1.000000
    outer loop
      vertex   9.530002 1.349999 9.700000
      vertex   9.110898 1.363852 9.700000
      vertex   9.050002 1.669999 9.700000
    endloop
  endfacet
  facet normal 0.000000 0.000000 -1.000000
    outer loop
      vertex   9.530002 1.989999 9.700000
      vertex   9.543855 2.409102 9.700000
      vertex   9.850002 2.469999 9.700000
    endloop
  endfacet
  facet normal 0.000000 0.000000 -1.000000
    outer loop
      vertex   10.170002 1.349999 9.700000
      vertex   10.650002 1.669999 9.700000
      vertex   10.589105 1.363852 9.700000
    endloop
  endfacet
  facet normal 0.000000 0.000000 -1.000000
    outer loop
      vertex   10.170002 1.989999 9.700000
      vertex   10.415687 2.235684 9.700000
      vertex   10.589105 1.976145 9.700000
    endloop
  endfacet
  facet normal 0.000000 0.000000 -1.000000
    outer loop
      vertex   9.530002 1.349999 9.700000
      vertex   9.850002 0.869999 9.700000
      vertex   9.543855 0.930895 9.700000
    endloop
  endfacet
  facet normal 0.000000 -0.000000 -1.000000
    outer loop
      vertex   10.170002 1.349999 9.700000
      vertex   10.415687 1.104313 9.700000
      vertex   10.156148 0.930895 9.700000
    endloop
  endfacet
  facet normal 0.000000 0.000000 -1.000000
    outer loop
      vertex   9.530002 1.989999 9.700000
      vertex   9.050002 1.669999 9.700000
      vertex   9.110898 1.976145 9.700000
    endloop
  endfacet
  facet normal -0.000000 0.000000 -1.000000
    outer loop
      vertex   9.530002 1.349999 9.700000
      vertex   9.284316 1.104313 9.700000
      vertex   9.110898 1.363852 9.700000
    endloop
  endfacet
  facet normal 0.000000 0.000000 -1.000000
    outer loop
      vertex   10.170002 1.989999 9.700000
      vertex   9.850002 2.469999 9.700000
      vertex   10.156148 2.409102 9.700000
    endloop
  endfacet
  facet normal 0.000000 0.000000 -1.000000
    outer loop
      vertex   9.530002 1.989999 9.700000
      vertex   9.284316 2.235684 9.700000
      vertex   9.543855 2.409102 9.700000
    endloop
  endfacet
  facet normal -0.000000 0.000000 -1.000000
    outer loop
      vertex   10.650002 1.669999 9.700000
      vertex   10.170002 1.349999 9.700000
      vertex   10.170002 1.989999 9.700000
    endloop
  endfacet
  facet normal 0.000000 0.000000 -1.000000
    outer loop
      vertex   9.850002 0.869999 9.700000
      vertex   9.530002 1.349999 9.700000
      vertex   10.170002 1.349999 9.700000
    endloop
  endfacet
  facet normal 0.000000 0.000000 -1.000000
    outer loop
      vertex   9.050002 1.669999 9.700000
      vertex   9.530002 1.989999 9.700000
      vertex   9.530002 1.349999 9.700000
    endloop
  endfacet
  facet normal 0.000000 -0.000000 -1.000000
    outer loop
      vertex   9.850002 2.469999 9.700000
      vertex   10.170002 1.989999 9.700000
      vertex   9.530002 1.989999 9.700000
    endloop
  endfacet
  facet normal 0.000000 0.000000 -1.000000
    outer loop
      vertex   9.543855 0.930895 9.700000
      vertex   9.284316 1.104313 9.700000
      vertex   9.530002 1.349999 9.700000
    endloop
  endfacet
  facet normal 0.000000 0.000000 -1.000000
    outer loop
      vertex   10.156148 2.409102 9.700000
      vertex   10.415687 2.235684 9.700000
      vertex   10.170002 1.989999 9.700000
    endloop
  endfacet
  facet normal 0.000000 0.000000 -1.000000
    outer loop
      vertex   9.110898 1.976145 9.700000
      vertex   9.284316 2.235684 9.700000
      vertex   9.530002 1.989999 9.700000
    endloop
  endfacet
  facet normal 0.000000 0.000000 -1.000000
    outer loop
      vertex   10.589105 1.363852 9.700000
      vertex   10.415687 1.104313 9.700000
      vertex   10.170002 1.349999 9.700000
    endloop
  endfacet
  facet normal -1.000000 0.000000 0.000000
    outer loop
      vertex   9.530002 1.349999 0.173205
      vertex   9.530002 1.349999 9.700000
      vertex   9.530002 1.989999 9.700000
    endloop
  endfacet
  facet normal -1.000000 0.000000 -0.000000
    outer loop
      vertex   9.530002 1.989999 9.700000
      vertex   9.530002 1.989999 0.173205
      vertex   9.530002 1.349999 0.173205
    endloop
  endfacet
  facet normal 0.000000 1.000000 0.000000
    outer loop
      vertex   9.530002 1.989999 0.173205
      vertex   9.530002 1.989999 9.700000
      vertex   10.170002 1.989999 9.700000
    endloop
  endfacet
  facet normal 0.000000 1.000000 0.000000
    outer loop
      vertex   10.170002 1.989999 9.700000
      vertex   10.170002 1.989999 0.173205
      vertex   9.530002 1.989999 0.173205
    endloop
  endfacet
  facet normal 1.000000 0.000000 -0.000000
    outer loop
      vertex   10.170002 1.989999 0.173205
      vertex   10.170002 1.989999 9.700000
      vertex   10.170002 1.349999 9.700000
    endloop
  endfacet
  facet normal 1.000000 0.000000 0.000000
    outer loop
      vertex   10.170002 1.349999 9.700000
      vertex   10.170002 1.349999 0.173205
      vertex   10.170002 1.989999 0.173205
    endloop
  endfacet
  facet normal -0.000000 -0.866025 -0.500000
    outer loop
      vertex   10.170002 1.349999 0.173205
      vertex   9.530002 1.349999 0.173205
      vertex   9.630002 1.449999 0.000000
    endloop
  endfacet
  facet normal 0.000000 -0.866025 -0.500000
    outer loop
      vertex   9.630002 1.449999 0.000000
      vertex   10.070002 1.449999 0.000000
      vertex   10.170002 1.349999 0.173205
    endloop
  endfacet
  facet normal 0.000000 -0.000000 -1.000000
    outer loop
      vertex   10.070002 1.889999 0.000000
      vertex   10.070002 1.449999 0.000000
      vertex   9.630002 1.449999 0.000000
    endloop
  endfacet
  facet normal 0.000000 0.000000 -1.000000
    outer loop
      vertex   9.630002 1.449999 0.000000
      vertex   9.630002 1.889999 0.000000
      vertex   10.070002 1.889999 0.000000
    endloop
  endfacet
  facet normal 0.866025 0.000000 -0.500000
    outer loop
      vertex   10.170002 1.349999 0.173205
      vertex   10.070002 1.449999 0.000000
      vertex   10.070002 1.889999 0.000000
    endloop
  endfacet
  facet normal 0.866025 0.000000 -0.500000
    outer loop
      vertex   10.070002 1.889999 0.000000
      vertex   10.170002 1.989999 0.173205
      vertex   10.170002 1.349999 0.173205
    endloop
  endfacet
  facet normal 0.000000 0.866025 -0.500000
    outer loop
      vertex   10.170002 1.989999 0.173205
      vertex   10.070002 1.889999 0.000000
      vertex   9.630002 1.889999 0.000000
    endloop
  endfacet
  facet normal 0.000000 0.866025 -0.500000
    outer loop
      vertex   9.630002 1.889999 0.000000
      vertex   9.530002 1.989999 0.173205
      vertex   10.170002 1.989999 0.173205
    endloop
  endfacet
  facet normal -0.866025 0.000000 -0.500000
    outer loop
      vertex   9.530002 1.349999 0.173205
      vertex   9.530002 1.989999 0.173205
      vertex   9.630002 1.889999 0.000000
    endloop
  endfacet
  facet normal -0.866025 -0.000000 -0.500000
    outer loop
      vertex   9.630002 1.889999 0.000000
      vertex   9.630002 1.449999 0.000000
      vertex   9.530002 1.349999 0.173205
    endloop
  endfacet
  facet normal 0.758369 0.506726 0.410006
    outer loop
      vertex   10.589105 1.976145 9.700000
      vertex   10.415687 2.235684 9.700000
      vertex   10.170002 1.989999 10.458077
    endloop
  endfacet
  facet normal 0.894558 0.177939 0.410006
    outer loop
      vertex   10.650002 1.669999 9.700000
      vertex   10.589105 1.976145 9.700000
      vertex   10.170002 1.802547 10.689748
    endloop
  endfacet
  facet normal 0.882177 0.259290 0.393106
    outer loop
      vertex   10.170002 1.802547 10.689748
      vertex   10.170002 1.741272 10.730165
      vertex   10.650002 1.669999 9.700000
    endloop
  endfacet
  facet normal 0.900315 0.148156 0.409247
    outer loop
      vertex   10.170002 1.741272 10.730165
      vertex   10.170002 1.706565 10.742730
      vertex   10.650002 1.669999 9.700000
    endloop
  endfacet
  facet normal 0.878905 -0.275576 0.389339
    outer loop
      vertex   10.650002 1.669999 9.700000
      vertex   10.170002 1.582565 10.721681
      vertex   10.170002 1.537450 10.689748
    endloop
  endfacet
  facet normal 0.907863 -0.051400 0.416104
    outer loop
      vertex   10.650002 1.669999 9.700000
      vertex   10.170002 1.669999 10.747273
      vertex   10.170002 1.633648 10.742783
    endloop
  endfacet
  facet normal 0.897648 -0.168264 0.407328
    outer loop
      vertex   10.170002 1.633648 10.742783
      vertex   10.170002 1.582565 10.721681
      vertex   10.650002 1.669999 9.700000
    endloop
  endfacet
  facet normal 0.758369 -0.506726 0.410006
    outer loop
      vertex   10.589105 1.363852 9.700000
      vertex   10.170002 1.537450 10.689748
      vertex   10.170002 1.349999 10.458077
    endloop
  endfacet
  facet normal 0.506726 -0.758369 0.410006
    outer loop
      vertex   10.156148 0.930895 9.700000
      vertex   10.415687 1.104313 9.700000
      vertex   10.170002 1.349999 10.458077
    endloop
  endfacet
  facet normal 0.177939 -0.894558 0.410006
    outer loop
      vertex   9.850002 0.869999 9.700000
      vertex   10.156148 0.930895 9.700000
      vertex   9.982550 1.349999 10.689748
    endloop
  endfacet
  facet normal 0.259290 -0.882177 0.393106
    outer loop
      vertex   9.982550 1.349999 10.689748
      vertex   9.921275 1.349999 10.730165
      vertex   9.850002 0.869999 9.700000
    endloop
  endfacet
  facet normal 0.148156 -0.900315 0.409247
    outer loop
      vertex   9.921275 1.349999 10.730165
      vertex   9.886568 1.349999 10.742730
      vertex   9.850002 0.869999 9.700000
    endloop
  endfacet
  facet normal -0.275576 -0.878905 0.389339
    outer loop
      vertex   9.850002 0.869999 9.700000
      vertex   9.762568 1.349999 10.721681
      vertex   9.717453 1.349999 10.689748
    endloop
  endfacet
  facet normal -0.051400 -0.907863 0.416104
    outer loop
      vertex   9.850002 0.869999 9.700000
      vertex   9.850002 1.349999 10.747273
      vertex   9.813651 1.349999 10.742783
    endloop
  endfacet
  facet normal -0.168264 -0.897648 0.407328
    outer loop
      vertex   9.813651 1.349999 10.742783
      vertex   9.762568 1.349999 10.721681
      vertex   9.850002 0.869999 9.700000
    endloop
  endfacet
  facet normal -0.506726 -0.758369 0.410006
    outer loop
      vertex   9.543855 0.930895 9.700000
      vertex   9.717453 1.349999 10.689748
      vertex   9.530002 1.349999 10.458077
    endloop
  endfacet
  facet normal -0.758369 -0.506726 0.410006
    outer loop
      vertex   9.110898 1.363852 9.700000
      vertex   9.284316 1.104313 9.700000
      vertex   9.530002 1.349999 10.458077
    endloop
  endfacet
  facet normal -0.894558 -0.177939 0.410006
    outer loop
      vertex   9.050002 1.669999 9.700000
      vertex   9.110898 1.363852 9.700000
      vertex   9.530002 1.537450 10.689748
    endloop
  endfacet
  facet normal -0.882212 -0.259106 0.393148
    outer loop
      vertex   9.530002 1.537450 10.689748
      vertex   9.530002 1.598903 10.730249
      vertex   9.050002 1.669999 9.700000
    endloop
  endfacet
  facet normal -0.900373 -0.147649 0.409301
    outer loop
      vertex   9.530002 1.598903 10.730249
      vertex   9.530002 1.633648 10.742783
      vertex   9.050002 1.669999 9.700000
    endloop
  endfacet
  facet normal -0.878884 0.275675 0.389315
    outer loop
      vertex   9.050002 1.669999 9.700000
      vertex   9.530002 1.757532 10.721623
      vertex   9.530002 1.802547 10.689748
    endloop
  endfacet
  facet normal -0.907849 0.051701 0.416097
    outer loop
      vertex   9.050002 1.669999 9.700000
      vertex   9.530002 1.669999 10.747273
      vertex   9.530002 1.706565 10.742730
    endloop
  endfacet
  facet normal -0.897597 0.168659 0.407277
    outer loop
      vertex   9.530002 1.706565 10.742730
      vertex   9.530002 1.757532 10.721623
      vertex   9.050002 1.669999 9.700000
    endloop
  endfacet
  facet normal -0.758369 0.506726 0.410006
    outer loop
      vertex   9.110898 1.976145 9.700000
      vertex   9.530002 1.802547 10.689748
      vertex   9.530002 1.989999 10.458077
    endloop
  endfacet
  facet normal -0.506726 0.758369 0.410006
    outer loop
      vertex   9.543855 2.409102 9.700000
      vertex   9.284316 2.235684 9.700000
      vertex   9.530002 1.989999 10.458077
    endloop
  endfacet
  facet normal -0.177939 0.894558 0.410006
    outer loop
      vertex   9.850002 2.469999 9.700000
      vertex   9.543855 2.409102 9.700000
      vertex   9.717453 1.989999 10.689748
    endloop
  endfacet
  facet normal -0.259106 0.882212 0.393148
    outer loop
      vertex   9.717453 1.989999 10.689748
      vertex   9.778907 1.989999 10.730249
      vertex   9.850002 2.469999 9.700000
    endloop
  endfacet
  facet normal -0.147649 0.900373 0.409301
    outer loop
      vertex   9.778907 1.989999 10.730249
      vertex   9.813651 1.989999 10.742783
      vertex   9.850002 2.469999 9.700000
    endloop
  endfacet
  facet normal 0.275675 0.878884 0.389315
    outer loop
      vertex   9.850002 2.469999 9.700000
      vertex   9.937536 1.989999 10.721623
      vertex   9.982550 1.989999 10.689748
    endloop
  endfacet
  facet normal 0.051701 0.907849 0.416097
    outer loop
      vertex   9.850002 2.469999 9.700000
      vertex   9.850002 1.989999 10.747273
      vertex   9.886568 1.989999 10.742730
    endloop
  endfacet
  facet normal 0.168659 0.897597 0.407277
    outer loop
      vertex   9.886568 1.989999 10.742730
      vertex   9.937536 1.989999 10.721623
      vertex   9.850002 2.469999 9.700000
    endloop
  endfacet
  facet normal 0.506726 0.758369 0.410006
    outer loop
      vertex   10.156148 2.409102 9.700000
      vertex   9.982550 1.989999 10.689748
      vertex   10.170002 1.989999 10.458077
    endloop
  endfacet
  facet normal 0.506726 0.758369 0.410006
    outer loop
      vertex   10.170002 1.989999 10.458077
      vertex   10.415687 2.235684 9.700000
      vertex   10.156148 2.409102 9.700000
    endloop
  endfacet
  facet normal 0.177939 0.894558 0.410006
    outer loop
      vertex   9.982550 1.989999 10.689748
      vertex   10.156148 2.409102 9.700000
      vertex   9.850002 2.469999 9.700000
    endloop
  endfacet
  facet normal -0.051400 0.907863 0.416104
    outer loop
      vertex   9.813651 1.989999 10.742783
      vertex   9.850002 1.989999 10.747273
      vertex   9.850002 2.469999 9.700000
    endloop
  endfacet
  facet normal -0.506726 0.758369 0.410006
    outer loop
      vertex   9.530002 1.989999 10.458077
      vertex   9.717453 1.989999 10.689748
      vertex   9.543855 2.409102 9.700000
    endloop
  endfacet
  facet normal -0.758369 0.506726 0.410006
    outer loop
      vertex   9.530002 1.989999 10.458077
      vertex   9.284316 2.235684 9.700000
      vertex   9.110898 1.976145 9.700000
    endloop
  endfacet
  facet normal -0.894558 0.177939 0.410006
    outer loop
      vertex   9.530002 1.802547 10.689748
      vertex   9.110898 1.976145 9.700000
      vertex   9.050002 1.669999 9.700000
    endloop
  endfacet
  facet normal -0.907863 -0.051400 0.416104
    outer loop
      vertex   9.530002 1.633648 10.742783
      vertex   9.530002 1.669999 10.747273
      vertex   9.050002 1.669999 9.700000
    endloop
  endfacet
  facet normal -0.758369 -0.506726 0.410006
    outer loop
      vertex   9.530002 1.349999 10.458077
      vertex   9.530002 1.537450 10.689748
      vertex   9.110898 1.363852 9.700000
    endloop
  endfacet
  facet normal -0.506726 -0.758369 0.410006
    outer loop
      vertex   9.530002 1.349999 10.458077
      vertex   9.284316 1.104313 9.700000
      vertex   9.543855 0.930895 9.700000
    endloop
  endfacet
  facet normal -0.177939 -0.894558 0.410006
    outer loop
      vertex   9.717453 1.349999 10.689748
      vertex   9.543855 0.930895 9.700000
      vertex   9.850002 0.869999 9.700000
    endloop
  endfacet
  facet normal 0.051701 -0.907849 0.416097
    outer loop
      vertex   9.886568 1.349999 10.742730
      vertex   9.850002 1.349999 10.747273
      vertex   9.850002 0.869999 9.700000
    endloop
  endfacet
  facet normal 0.506726 -0.758369 0.410006
    outer loop
      vertex   10.170002 1.349999 10.458077
      vertex   9.982550 1.349999 10.689748
      vertex   10.156148 0.930895 9.700000
    endloop
  endfacet
  facet normal 0.758369 -0.506726 0.410006
    outer loop
      vertex   10.170002 1.349999 10.458077
      vertex   10.415687 1.104313 9.700000
      vertex   10.589105 1.363852 9.700000
    endloop
  endfacet
  facet normal 0.894558 -0.177939 0.410006
    outer loop
      vertex   10.170002 1.537450 10.689748
      vertex   10.589105 1.363852 9.700000
      vertex   10.650002 1.669999 9.700000
    endloop
  endfacet
  facet normal 0.907849 0.051701 0.416097
    outer loop
      vertex   10.170002 1.706565 10.742730
      vertex   10.170002 1.669999 10.747273
      vertex   10.650002 1.669999 9.700000
    endloop
  endfacet
  facet normal 0.758369 0.506726 0.410006
    outer loop
      vertex   10.170002 1.989999 10.458077
      vertex   10.170002 1.802547 10.689748
      vertex   10.589105 1.976145 9.700000
    endloop
  endfacet
  facet normal 1.000000 0.000000 -0.000000
    outer loop
      vertex   10.170002 1.989999 10.826795
      vertex   10.170002 1.669999 10.747273
      vertex   10.170002 1.706565 10.742730
    endloop
  endfacet
  facet normal 1.000000 -0.000000 0.000000
    outer loop
      vertex   10.170002 1.706565 10.742730
      vertex   10.170002 1.741272 10.730165
      vertex   10.170002 1.989999 10.826795
    endloop
  endfacet
  facet normal 1.000000 -0.000000 -0.000000
    outer loop
      vertex   10.170002 1.349999 10.826795
      vertex   10.170002 1.633648 10.742783
      vertex   10.170002 1.669999 10.747273
    endloop
  endfacet
  facet normal 1.000000 0.000000 -0.000000
    outer loop
      vertex   10.170002 1.669999 10.747273
      vertex   10.170002 1.989999 10.826795
      vertex   10.170002 1.349999 10.826795
    endloop
  endfacet
  facet normal 1.000000 0.000000 0.000000
    outer loop
      vertex   10.170002 1.349999 10.826795
      vertex   10.170002 1.537450 10.689748
      vertex   10.170002 1.582565 10.721681
    endloop
  endfacet
  facet normal 1.000000 -0.000000 -0.000000
    outer loop
      vertex   10.170002 1.582565 10.721681
      vertex   10.170002 1.633648 10.742783
      vertex   10.170002 1.349999 10.826795
    endloop
  endfacet
  facet normal 1.000000 0.000000 0.000000
    outer loop
      vertex   10.170002 1.349999 10.826795
      vertex   10.170002 1.349999 10.458077
      vertex   10.170002 1.537450 10.689748
    endloop
  endfacet
  facet normal 1.000000 -0.000000 0.000000
    outer loop
      vertex   10.170002 1.741272 10.730165
      vertex   10.170002 1.802547 10.689748
      vertex   10.170002 1.989999 10.826795
    endloop
  endfacet
  facet normal 1.000000 -0.000000 0.000000
    outer loop
      vertex   10.170002 1.802547 10.689748
      vertex   10.170002 1.989999 10.458077
      vertex   10.170002 1.989999 10.826795
    endloop
  endfacet
  facet normal -0.000000 1.000000 0.000000
    outer loop
      vertex   9.530002 1.989999 10.826795
      vertex   10.170002 1.989999 10.826795
      vertex   9.850002 1.989999 10.747273
    endloop
  endfacet
  facet normal -0.000000 1.000000 -0.000000
    outer loop
      vertex   9.850002 1.989999 10.747273
      vertex   9.813651 1.989999 10.742783
      vertex   9.530002 1.989999 10.826795
    endloop
  endfacet
  facet normal 0.000000 1.000000 0.000000
    outer loop
      vertex   9.813651 1.989999 10.742783
      vertex   9.778907 1.989999 10.730249
      vertex   9.530002 1.989999 10.826795
    endloop
  endfacet
  facet normal 0.000000 1.000000 -0.000000
    outer loop
      vertex   10.170002 1.989999 10.826795
      vertex   9.886568 1.989999 10.742730
      vertex   9.850002 1.989999 10.747273
    endloop
  endfacet
  facet normal -0.000000 1.000000 0.000000
    outer loop
      vertex   10.170002 1.989999 10.826795
      vertex   9.982550 1.989999 10.689748
      vertex   9.937536 1.989999 10.721623
    endloop
  endfacet
  facet normal -0.000000 1.000000 0.000000
    outer loop
      vertex   9.937536 1.989999 10.721623
      vertex   9.886568 1.989999 10.742730
      vertex   10.170002 1.989999 10.826795
    endloop
  endfacet
  facet normal 0.000000 1.000000 0.000000
    outer loop
      vertex   10.170002 1.989999 10.826795
      vertex   10.170002 1.989999 10.458077
      vertex   9.982550 1.989999 10.689748
    endloop
  endfacet
  facet normal -0.000000 1.000000 -0.000000
    outer loop
      vertex   9.778907 1.989999 10.730249
      vertex   9.717453 1.989999 10.689748
      vertex   9.530002 1.989999 10.826795
    endloop
  endfacet
  facet normal 0.000000 1.000000 0.000000
    outer loop
      vertex   9.717453 1.989999 10.689748
      vertex   9.530002 1.989999 10.458077
      vertex   9.530002 1.989999 10.826795
    endloop
  endfacet
  facet normal -1.000000 0.000000 0.000000
    outer loop
      vertex   9.530002 1.349999 10.826795
      vertex   9.530002 1.989999 10.826795
      vertex   9.530002 1.669999 10.747273
    endloop
  endfacet
  facet normal -1.000000 -0.000000 -0.000000
    outer loop
      vertex   9.530002 1.669999 10.747273
      vertex   9.530002 1.633648 10.742783
      vertex   9.530002 1.349999 10.826795
    endloop
  endfacet
  facet normal -1.000000 0.000000 0.000000
    outer loop
      vertex   9.530002 1.633648 10.742783
      vertex   9.530002 1.598903 10.730249
      vertex   9.530002 1.349999 10.826795
    endloop
  endfacet
  facet normal -1.000000 0.000000 -0.000000
    outer loop
      vertex   9.530002 1.989999 10.826795
      vertex   9.530002 1.706565 10.742730
      vertex   9.530002 1.669999 10.747273
    endloop
  endfacet
  facet normal -1.000000 -0.000000 0.000000
    outer loop
      vertex   9.530002 1.989999 10.826795
      vertex   9.530002 1.802547 10.689748
      vertex   9.530002 1.757532 10.721623
    endloop
  endfacet
  facet normal -1.000000 -0.000000 0.000000
    outer loop
      vertex   9.530002 1.757532 10.721623
      vertex   9.530002 1.706565 10.742730
      vertex   9.530002 1.989999 10.826795
    endloop
  endfacet
  facet normal -1.000000 0.000000 -0.000000
    outer loop
      vertex   9.530002 1.989999 10.826795
      vertex   9.530002 1.989999 10.458077
      vertex   9.530002 1.802547 10.689748
    endloop
  endfacet
  facet normal -1.000000 -0.000000 -0.000000
    outer loop
      vertex   9.530002 1.598903 10.730249
      vertex   9.530002 1.537450 10.689748
      vertex   9.530002 1.349999 10.826795
    endloop
  endfacet
  facet normal -1.000000 0.000000 -0.000000
    outer loop
      vertex   9.530002 1.537450 10.689748
      vertex   9.530002 1.349999 10.458077
      vertex   9.530002 1.349999 10.826795
    endloop
  endfacet
  facet normal 0.000000 0.866025 0.500000
    outer loop
      vertex   10.170002 1.989999 10.826795
      vertex   9.530002 1.989999 10.826795
      vertex   9.630002 1.889999 11.000000
    endloop
  endfacet
  facet normal -0.000000 0.866025 0.500000
    outer loop
      vertex   9.630002 1.889999 11.000000
      vertex   10.070002 1.889999 11.000000
      vertex   10.170002 1.989999 10.826795
    endloop
  endfacet
  facet normal 0.000000 0.000000 1.000000
    outer loop
      vertex   9.630002 1.449999 11.000000
      vertex   10.070002 1.449999 11.000000
      vertex   10.070002 1.889999 11.000000
    endloop
  endfacet
  facet normal 0.000000 0.000000 1.000000
    outer loop
      vertex   10.070002 1.889999 11.000000
      vertex   9.630002 1.889999 11.000000
      vertex   9.630002 1.449999 11.000000
    endloop
  endfacet
  facet normal 0.000000 -0.866025 0.500000
    outer loop
      vertex   10.170002 1.349999 10.826795
      vertex   10.070002 1.449999 11.000000
      vertex   9.630002 1.449999 11.000000
    endloop
  endfacet
  facet normal 0.000000 -0.866025 0.500000
    outer loop
      vertex   9.630002 1.449999 11.000000
      vertex   9.530002 1.349999 10.826795
      vertex   10.170002 1.349999 10.826795
    endloop
  endfacet
  facet normal -0.866025 0.000000 0.500000
    outer loop
      vertex   9.530002 1.349999 10.826795
      vertex   9.630002 1.449999 11.000000
      vertex   9.630002 1.889999 11.000000
    endloop
  endfacet
  facet normal -0.866025 0.000000 0.500000
    outer loop
      vertex   9.630002 1.889999 11.000000
      vertex   9.530002 1.989999 10.826795
      vertex   9.530002 1.349999 10.826795
    endloop
  endfacet
  facet normal 0.866025 -0.000000 0.500000
    outer loop
      vertex   10.170002 1.349999 10.826795
      vertex   10.170002 1.989999 10.826795
      vertex   10.070002 1.889999 11.000000
    endloop
  endfacet
  facet normal 0.866025 0.000000 0.500000
    outer loop
      vertex   10.070002 1.889999 11.000000
      vertex   10.070002 1.449999 11.000000
      vertex   10.170002 1.349999 10.826795
    endloop
  endfacet
  facet normal 0.000000 -1.000000 -0.000000
    outer loop
      vertex   10.170002 1.349999 10.826795
      vertex   9.850002 1.349999 10.747273
      vertex   9.886568 1.349999 10.742730
    endloop
  endfacet
  facet normal -0.000000 -1.000000 0.000000
    outer loop
      vertex   9.886568 1.349999 10.742730
      vertex   9.921275 1.349999 10.730165
      vertex   10.170002 1.349999 10.826795
    endloop
  endfacet
  facet normal -0.000000 -1.000000 -0.000000
    outer loop
      vertex   9.530002 1.349999 10.826795
      vertex   9.813651 1.349999 10.742783
      vertex   9.850002 1.349999 10.747273
    endloop
  endfacet
  facet normal 0.000000 -1.000000 0.000000
    outer loop
      vertex   9.850002 1.349999 10.747273
      vertex   10.170002 1.349999 10.826795
      vertex   9.530002 1.349999 10.826795
    endloop
  endfacet
  facet normal 0.000000 -1.000000 0.000000
    outer loop
      vertex   9.530002 1.349999 10.826795
      vertex   9.717453 1.349999 10.689748
      vertex   9.762568 1.349999 10.721681
    endloop
  endfacet
  facet normal -0.000000 -1.000000 -0.000000
    outer loop
      vertex   9.762568 1.349999 10.721681
      vertex   9.813651 1.349999 10.742783
      vertex   9.530002 1.349999 10.826795
    endloop
  endfacet
  facet normal 0.000000 -1.000000 0.000000
    outer loop
      vertex   9.530002 1.349999 10.826795
      vertex   9.530002 1.349999 10.458077
      vertex   9.717453 1.349999 10.689748
    endloop
  endfacet
  facet normal 0.000000 -1.000000 0.000000
    outer loop
      vertex   9.921275 1.349999 10.730165
      vertex   9.982550 1.349999 10.689748
      vertex   10.170002 1.349999 10.826795
    endloop
  endfacet
  facet normal 0.000000 -1.000000 0.000000
    outer loop
      vertex   9.982550 1.349999 10.689748
      vertex   10.170002 1.349999 10.458077
      vertex   10.170002 1.349999 10.826795
    endloop
  endfacet
  facet normal 0.000000 -1.000000 0.000000
    outer loop
      vertex   12.710002 1.349999 0.173205
      vertex   12.710002 1.349999 9.700000
      vertex   12.070002 1.349999 9.700000
    endloop
  endfacet
  facet normal 0.000000 -1.000000 0.000000
    outer loop
      vertex   12.070002 1.349999 9.700000
      vertex   12.070002 1.349999 0.173205
      vertex   12.710002 1.349999 0.173205
    endloop
  endfacet
  facet normal 0.000000 0.000000 -1.000000
    outer loop
      vertex   12.710002 1.989999 9.700000
      vertex   13.129105 1.976145 9.700000
      vertex   13.190002 1.669999 9.700000
    endloop
  endfacet
  facet normal 0.000000 0.000000 -1.000000
    outer loop
      vertex   12.710002 1.349999 9.700000
      vertex   12.696148 0.930895 9.700000
      vertex   12.390002 0.869999 9.700000
    endloop
  endfacet
  facet normal 0.000000 0.000000 -1.000000
    outer loop
      vertex   12.070002 1.349999 9.700000
      vertex   11.650898 1.363852 9.700000
      vertex   11.590002 1.669999 9.700000
    endloop
  endfacet
  facet normal 0.000000 0.000000 -1.000000
    outer loop
      vertex   12.070002 1.989999 9.700000
      vertex   12.083855 2.409102 9.700000
      vertex   12.390002 2.469999 9.700000
    endloop
  endfacet
  facet normal 0.000000 0.000000 -1.000000
    outer loop
      vertex   12.710002 1.349999 9.700000
      vertex   13.190002 1.669999 9.700000
      vertex   13.129105 1.363852 9.700000
    endloop
  endfacet
  facet normal 0.000000 0.000000 -1.000000
    outer loop
      vertex   12.710002 1.989999 9.700000
      vertex   12.955687 2.235684 9.700000
      vertex   13.129105 1.976145 9.700000
    endloop
  endfacet
  facet normal 0.000000 0.000000 -1.000000
    outer loop
      vertex   12.070002 1.349999 9.700000
      vertex   12.390002 0.869999 9.700000
      vertex   12.083855 0.930895 9.700000
    endloop
  endfacet
  facet normal 0.000000 -0.000000 -1.000000
    outer loop
      vertex   12.710002 1.349999 9.700000
      vertex   12.955687 1.104313 9.700000
      vertex   12.696148 0.930895 9.700000
    endloop
  endfacet
  facet normal 0.000000 0.000000 -1.000000
    outer loop
      vertex   12.070002 1.989999 9.700000
      vertex   11.590002 1.669999 9.700000
      vertex   11.650898 1.976145 9.700000
    endloop
  endfacet
  facet normal -0.000000 0.000000 -1.000000
    outer loop
      vertex   12.070002 1.349999 9.700000
      vertex   11.824316 1.104313 9.700000
      vertex   11.650898 1.363852 9.700000
    endloop
  endfacet
  facet normal 0.000000 0.000000 -1.000000
    outer loop
      vertex   12.710002 1.989999 9.700000
      vertex   12.390002 2.469999 9.700000
      vertex   12.696148 2.409102 9.700000
    endloop
  endfacet
  facet normal 0.000000 0.000000 -1.000000
    outer loop
      vertex   12.070002 1.989999 9.700000
      vertex   11.824316 2.235684 9.700000
      vertex   12.083855 2.409102 9.700000
    endloop
  endfacet
  facet normal -0.000000 0.000000 -1.000000
    outer loop
      vertex   13.190002 1.669999 9.700000
      vertex   12.710002 1.349999 9.700000
      vertex   12.710002 1.989999 9.700000
    endloop
  endfacet
  facet normal 0.000000 0.000000 -1.000000
    outer loop
      vertex   12.390002 0.869999 9.700000
      vertex   12.070002 1.349999 9.700000
      vertex   12.710002 1.349999 9.700000
    endloop
  endfacet
  facet normal 0.000000 0.000000 -1.000000
    outer loop
      vertex   11.590002 1.669999 9.700000
      vertex   12.070002 1.989999 9.700000
      vertex   12.070002 1.349999 9.700000
    endloop
  endfacet
  facet normal 0.000000 -0.000000 -1.000000
    outer loop
      vertex   12.390002 2.469999 9.700000
      vertex   12.710002 1.989999 9.700000
      vertex   12.070002 1.989999 9.700000
    endloop
  endfacet
  facet normal 0.000000 0.000000 -1.000000
    outer loop
      vertex   12.083855 0.930895 9.700000
      vertex   11.824316 1.104313 9.700000
      vertex   12.070002 1.349999 9.700000
    endloop
  endfacet
  facet normal 0.000000 0.000000 -1.000000
    outer loop
      vertex   12.696148 2.409102 9.700000
      vertex   12.955687 2.235684 9.700000
      vertex   12.710002 1.989999 9.700000
    endloop
  endfacet
  facet normal 0.000000 0.000000 -1.000000
    outer loop
      vertex   11.650898 1.976145 9.700000
      vertex   11.824316 2.235684 9.700000
      vertex   12.070002 1.989999 9.700000
    endloop
  endfacet
  facet normal 0.000000 0.000000 -1.000000
    outer loop
      vertex   13.129105 1.363852 9.700000
      vertex   12.955687 1.104313 9.700000
      vertex   12.710002 1.349999 9.700000
    endloop
  endfacet
  facet normal -1.000000 0.000000 0.000000
    outer loop
      vertex   12.070002 1.349999 0.173205
      vertex   12.070002 1.349999 9.700000
      vertex   12.070002 1.989999 9.700000
    endloop
  endfacet
  facet normal -1.000000 0.000000 -0.000000
    outer loop
      vertex   12.070002 1.989999 9.700000
      vertex   12.070002 1.989999 0.173205
      vertex   12.070002 1.349999 0.173205
    endloop
  endfacet
  facet normal 0.000000 1.000000 0.000000
    outer loop
      vertex   12.070002 1.989999 0.173205
      vertex   12.070002 1.989999 9.700000
      vertex   12.710002 1.989999 9.700000
    endloop
  endfacet
  facet normal 0.000000 1.000000 0.000000
    outer loop
      vertex   12.710002 1.989999 9.700000
      vertex   12.710002 1.989999 0.173205
      vertex   12.070002 1.989999 0.173205
    endloop
  endfacet
  facet normal 1.000000 0.000000 -0.000000
    outer loop
      vertex   12.710002 1.989999 0.173205
      vertex   12.710002 1.989999 9.700000
      vertex   12.710002 1.349999 9.700000
    endloop
  endfacet
  facet normal 1.000000 0.000000 0.000000
    outer loop
      vertex   12.710002 1.349999 9.700000
      vertex   12.710002 1.349999 0.173205
      vertex   12.710002 1.989999 0.173205
    endloop
  endfacet
  facet normal -0.000000 -0.866025 -0.500000
    outer loop
      vertex   12.070002 1.349999 0.173205
      vertex   12.170002 1.449999 0.000000
      vertex   12.610002 1.449999 0.000000
    endloop
  endfacet
  facet normal -0.000000 -0.866025 -0.500000
    outer loop
      vertex   12.610002 1.449999 0.000000
      vertex   12.710002 1.349999 0.173205
      vertex   12.070002 1.349999 0.173205
    endloop
  endfacet
  facet normal 0.000000 -0.000000 -1.000000
    outer loop
      vertex   12.610002 1.889999 0.000000
      vertex   12.610002 1.449999 0.000000
      vertex   12.170002 1.449999 0.000000
    endloop
  endfacet
  facet normal 0.000000 0.000000 -1.000000
    outer loop
      vertex   12.170002 1.449999 0.000000
      vertex   12.170002 1.889999 0.000000
      vertex   12.610002 1.889999 0.000000
    endloop
  endfacet
  facet normal 0.866025 0.000000 -0.500000
    outer loop
      vertex   12.710002 1.349999 0.173205
      vertex   12.610002 1.449999 0.000000
      vertex   12.610002 1.889999 0.000000
    endloop
  endfacet
  facet normal 0.866025 0.000000 -0.500000
    outer loop
      vertex   12.610002 1.889999 0.000000
      vertex   12.710002 1.989999 0.173205
      vertex   12.710002 1.349999 0.173205
    endloop
  endfacet
  facet normal 0.000000 0.866025 -0.500000
    outer loop
      vertex   12.070002 1.989999 0.173205
      vertex   12.710002 1.989999 0.173205
      vertex   12.610002 1.889999 0.000000
    endloop
  endfacet
  facet normal 0.000000 0.866025 -0.500000
    outer loop
      vertex   12.610002 1.889999 0.000000
      vertex   12.170002 1.889999 0.000000
      vertex   12.070002 1.989999 0.173205
    endloop
  endfacet
  facet normal -0.866025 0.000000 -0.500000
    outer loop
      vertex   12.070002 1.349999 0.173205
      vertex   12.070002 1.989999 0.173205
      vertex   12.170002 1.889999 0.000000
    endloop
  endfacet
  facet normal -0.866025 -0.000000 -0.500000
    outer loop
      vertex   12.170002 1.889999 0.000000
      vertex   12.170002 1.449999 0.000000
      vertex   12.070002 1.349999 0.173205
    endloop
  endfacet
  facet normal 0.758369 0.506726 0.410006
    outer loop
      vertex   13.129105 1.976145 9.700000
      vertex   12.955687 2.235684 9.700000
      vertex   12.710002 1.989999 10.458077
    endloop
  endfacet
  facet normal 0.894558 0.177939 0.410006
    outer loop
      vertex   13.190002 1.669999 9.700000
      vertex   13.129105 1.976145 9.700000
      vertex   12.710002 1.802547 10.689748
    endloop
  endfacet
  facet normal 0.882177 0.259290 0.393106
    outer loop
      vertex   12.710002 1.802547 10.689748
      vertex   12.710002 1.741272 10.730165
      vertex   13.190002 1.669999 9.700000
    endloop
  endfacet
  facet normal 0.900315 0.148156 0.409247
    outer loop
      vertex   12.710002 1.741272 10.730165
      vertex   12.710002 1.706565 10.742730
      vertex   13.190002 1.669999 9.700000
    endloop
  endfacet
  facet normal 0.878905 -0.275576 0.389339
    outer loop
      vertex   13.190002 1.669999 9.700000
      vertex   12.710002 1.582565 10.721681
      vertex   12.710002 1.537450 10.689748
    endloop
  endfacet
  facet normal 0.907863 -0.051400 0.416104
    outer loop
      vertex   13.190002 1.669999 9.700000
      vertex   12.710002 1.669999 10.747273
      vertex   12.710002 1.633648 10.742783
    endloop
  endfacet
  facet normal 0.897648 -0.168264 0.407328
    outer loop
      vertex   12.710002 1.633648 10.742783
      vertex   12.710002 1.582565 10.721681
      vertex   13.190002 1.669999 9.700000
    endloop
  endfacet
  facet normal 0.758369 -0.506726 0.410006
    outer loop
      vertex   13.129105 1.363852 9.700000
      vertex   12.710002 1.537450 10.689748
      vertex   12.710002 1.349999 10.458077
    endloop
  endfacet
  facet normal 0.506726 -0.758369 0.410006
    outer loop
      vertex   12.696148 0.930895 9.700000
      vertex   12.955687 1.104313 9.700000
      vertex   12.710002 1.349999 10.458077
    endloop
  endfacet
  facet normal 0.177939 -0.894558 0.410006
    outer loop
      vertex   12.390002 0.869999 9.700000
      vertex   12.696148 0.930895 9.700000
      vertex   12.522550 1.349999 10.689748
    endloop
  endfacet
  facet normal 0.259290 -0.882177 0.393106
    outer loop
      vertex   12.522550 1.349999 10.689748
      vertex   12.461275 1.349999 10.730165
      vertex   12.390002 0.869999 9.700000
    endloop
  endfacet
  facet normal 0.148156 -0.900315 0.409247
    outer loop
      vertex   12.461275 1.349999 10.730165
      vertex   12.426568 1.349999 10.742730
      vertex   12.390002 0.869999 9.700000
    endloop
  endfacet
  facet normal -0.275576 -0.878905 0.389339
    outer loop
      vertex   12.390002 0.869999 9.700000
      vertex   12.302568 1.349999 10.721681
      vertex   12.257453 1.349999 10.689748
    endloop
  endfacet
  facet normal -0.051400 -0.907863 0.416104
    outer loop
      vertex   12.390002 0.869999 9.700000
      vertex   12.390002 1.349999 10.747273
      vertex   12.353651 1.349999 10.742783
    endloop
  endfacet
  facet normal -0.168264 -0.897648 0.407328
    outer loop
      vertex   12.353651 1.349999 10.742783
      vertex   12.302568 1.349999 10.721681
      vertex   12.390002 0.869999 9.700000
    endloop
  endfacet
  facet normal -0.506726 -0.758369 0.410006
    outer loop
      vertex   12.083855 0.930895 9.700000
      vertex   12.257453 1.349999 10.689748
      vertex   12.070002 1.349999 10.458077
    endloop
  endfacet
  facet normal -0.758369 -0.506726 0.410006
    outer loop
      vertex   11.650898 1.363852 9.700000
      vertex   11.824316 1.104313 9.700000
      vertex   12.070002 1.349999 10.458077
    endloop
  endfacet
  facet normal -0.894558 -0.177939 0.410006
    outer loop
      vertex   11.590002 1.669999 9.700000
      vertex   11.650898 1.363852 9.700000
      vertex   12.070002 1.537450 10.689748
    endloop
  endfacet
  facet normal -0.882212 -0.259106 0.393148
    outer loop
      vertex   12.070002 1.537450 10.689748
      vertex   12.070002 1.598903 10.730249
      vertex   11.590002 1.669999 9.700000
    endloop
  endfacet
  facet normal -0.900373 -0.147649 0.409301
    outer loop
      vertex   12.070002 1.598903 10.730249
      vertex   12.070002 1.633648 10.742783
      vertex   11.590002 1.669999 9.700000
    endloop
  endfacet
  facet normal -0.878884 0.275675 0.389315
    outer loop
      vertex   11.590002 1.669999 9.700000
      vertex   12.070002 1.757532 10.721623
      vertex   12.070002 1.802547 10.689748
    endloop
  endfacet
  facet normal -0.907849 0.051701 0.416097
    outer loop
      vertex   11.590002 1.669999 9.700000
      vertex   12.070002 1.669999 10.747273
      vertex   12.070002 1.706565 10.742730
    endloop
  endfacet
  facet normal -0.897597 0.168659 0.407277
    outer loop
      vertex   12.070002 1.706565 10.742730
      vertex   12.070002 1.757532 10.721623
      vertex   11.590002 1.669999 9.700000
    endloop
  endfacet
  facet normal -0.758369 0.506726 0.410006
    outer loop
      vertex   11.650898 1.976145 9.700000
      vertex   12.070002 1.802547 10.689748
      vertex   12.070002 1.989999 10.458077
    endloop
  endfacet
  facet normal -0.506726 0.758369 0.410006
    outer loop
      vertex   12.083855 2.409102 9.700000
      vertex   11.824316 2.235684 9.700000
      vertex   12.070002 1.989999 10.458077
    endloop
  endfacet
  facet normal -0.177939 0.894558 0.410006
    outer loop
      vertex   12.390002 2.469999 9.700000
      vertex   12.083855 2.409102 9.700000
      vertex   12.257453 1.989999 10.689748
    endloop
  endfacet
  facet normal -0.259106 0.882212 0.393148
    outer loop
      vertex   12.257453 1.989999 10.689748
      vertex   12.318907 1.989999 10.730249
      vertex   12.390002 2.469999 9.700000
    endloop
  endfacet
  facet normal -0.147649 0.900373 0.409301
    outer loop
      vertex   12.318907 1.989999 10.730249
      vertex   12.353651 1.989999 10.742783
      vertex   12.390002 2.469999 9.700000
    endloop
  endfacet
  facet normal 0.275675 0.878884 0.389315
    outer loop
      vertex   12.390002 2.469999 9.700000
      vertex   12.477536 1.989999 10.721623
      vertex   12.522550 1.989999 10.689748
    endloop
  endfacet
  facet normal 0.051701 0.907849 0.416097
    outer loop
      vertex   12.390002 2.469999 9.700000
      vertex   12.390002 1.989999 10.747273
      vertex   12.426568 1.989999 10.742730
    endloop
  endfacet
  facet normal 0.168659 0.897597 0.407277
    outer loop
      vertex   12.426568 1.989999 10.742730
      vertex   12.477536 1.989999 10.721623
      vertex   12.390002 2.469999 9.700000
    endloop
  endfacet
  facet normal 0.506726 0.758369 0.410006
    outer loop
      vertex   12.696148 2.409102 9.700000
      vertex   12.522550 1.989999 10.689748
      vertex   12.710002 1.989999 10.458077
    endloop
  endfacet
  facet normal 0.506726 0.758369 0.410006
    outer loop
      vertex   12.710002 1.989999 10.458077
      vertex   12.955687 2.235684 9.700000
      vertex   12.696148 2.409102 9.700000
    endloop
  endfacet
  facet normal 0.177939 0.894558 0.410006
    outer loop
      vertex   12.522550 1.989999 10.689748
      vertex   12.696148 2.409102 9.700000
      vertex   12.390002 2.469999 9.700000
    endloop
  endfacet
  facet normal -0.051400 0.907863 0.416104
    outer loop
      vertex   12.353651 1.989999 10.742783
      vertex   12.390002 1.989999 10.747273
      vertex   12.390002 2.469999 9.700000
    endloop
  endfacet
  facet normal -0.506726 0.758369 0.410006
    outer loop
      vertex   12.070002 1.989999 10.458077
      vertex   12.257453 1.989999 10.689748
      vertex   12.083855 2.409102 9.700000
    endloop
  endfacet
  facet normal -0.758369 0.506726 0.410006
    outer loop
      vertex   12.070002 1.989999 10.458077
      vertex   11.824316 2.235684 9.700000
      vertex   11.650898 1.976145 9.700000
    endloop
  endfacet
  facet normal -0.894558 0.177939 0.410006
    outer loop
      vertex   12.070002 1.802547 10.689748
      vertex   11.650898 1.976145 9.700000
      vertex   11.590002 1.669999 9.700000
    endloop
  endfacet
  facet normal -0.907863 -0.051400 0.416104
    outer loop
      vertex   12.070002 1.633648 10.742783
      vertex   12.070002 1.669999 10.747273
      vertex   11.590002 1.669999 9.700000
    endloop
  endfacet
  facet normal -0.758369 -0.506726 0.410006
    outer loop
      vertex   12.070002 1.349999 10.458077
      vertex   12.070002 1.537450 10.689748
      vertex   11.650898 1.363852 9.700000
    endloop
  endfacet
  facet normal -0.506726 -0.758369 0.410006
    outer loop
      vertex   12.070002 1.349999 10.458077
      vertex   11.824316 1.104313 9.700000
      vertex   12.083855 0.930895 9.700000
    endloop
  endfacet
  facet normal -0.177939 -0.894558 0.410006
    outer loop
      vertex   12.257453 1.349999 10.689748
      vertex   12.083855 0.930895 9.700000
      vertex   12.390002 0.869999 9.700000
    endloop
  endfacet
  facet normal 0.051701 -0.907849 0.416097
    outer loop
      vertex   12.426568 1.349999 10.742730
      vertex   12.390002 1.349999 10.747273
      vertex   12.390002 0.869999 9.700000
    endloop
  endfacet
  facet normal 0.506726 -0.758369 0.410006
    outer loop
      vertex   12.710002 1.349999 10.458077
      vertex   12.522550 1.349999 10.689748
      vertex   12.696148 0.930895 9.700000
    endloop
  endfacet
  facet normal 0.758369 -0.506726 0.410006
    outer loop
      vertex   12.710002 1.349999 10.458077
      vertex   12.955687 1.104313 9.700000
      vertex   13.129105 1.363852 9.700000
    endloop
  endfacet
  facet normal 0.894558 -0.177939 0.410006
    outer loop
      vertex   12.710002 1.537450 10.689748
      vertex   13.129105 1.363852 9.700000
      vertex   13.190002 1.669999 9.700000
    endloop
  endfacet
  facet normal 0.907849 0.051701 0.416097
    outer loop
      vertex   12.710002 1.706565 10.742730
      vertex   12.710002 1.669999 10.747273
      vertex   13.190002 1.669999 9.700000
    endloop
  endfacet
  facet normal 0.758369 0.506726 0.410006
    outer loop
      vertex   12.710002 1.989999 10.458077
      vertex   12.710002 1.802547 10.689748
      vertex   13.129105 1.976145 9.700000
    endloop
  endfacet
  facet normal 1.000000 0.000000 -0.000000
    outer loop
      vertex   12.710002 1.989999 10.826795
      vertex   12.710002 1.669999 10.747273
      vertex   12.710002 1.706565 10.742730
    endloop
  endfacet
  facet normal 1.000000 -0.000000 0.000000
    outer loop
      vertex   12.710002 1.706565 10.742730
      vertex   12.710002 1.741272 10.730165
      vertex   12.710002 1.989999 10.826795
    endloop
  endfacet
  facet normal 1.000000 -0.000000 -0.000000
    outer loop
      vertex   12.710002 1.349999 10.826795
      vertex   12.710002 1.633648 10.742783
      vertex   12.710002 1.669999 10.747273
    endloop
  endfacet
  facet normal 1.000000 0.000000 -0.000000
    outer loop
      vertex   12.710002 1.669999 10.747273
      vertex   12.710002 1.989999 10.826795
      vertex   12.710002 1.349999 10.826795
    endloop
  endfacet
  facet normal 1.000000 0.000000 0.000000
    outer loop
      vertex   12.710002 1.349999 10.826795
      vertex   12.710002 1.537450 10.689748
      vertex   12.710002 1.582565 10.721681
    endloop
  endfacet
  facet normal 1.000000 -0.000000 -0.000000
    outer loop
      vertex   12.710002 1.582565 10.721681
      vertex   12.710002 1.633648 10.742783
      vertex   12.710002 1.349999 10.826795
    endloop
  endfacet
  facet normal 1.000000 0.000000 0.000000
    outer loop
      vertex   12.710002 1.349999 10.826795
      vertex   12.710002 1.349999 10.458077
      vertex   12.710002 1.537450 10.689748
    endloop
  endfacet
  facet normal 1.000000 -0.000000 0.000000
    outer loop
      vertex   12.710002 1.741272 10.730165
      vertex   12.710002 1.802547 10.689748
      vertex   12.710002 1.989999 10.826795
    endloop
  endfacet
  facet normal 1.000000 -0.000000 0.000000
    outer loop
      vertex   12.710002 1.802547 10.689748
      vertex   12.710002 1.989999 10.458077
      vertex   12.710002 1.989999 10.826795
    endloop
  endfacet
  facet normal -0.000000 1.000000 0.000000
    outer loop
      vertex   12.070002 1.989999 10.826795
      vertex   12.710002 1.989999 10.826795
      vertex   12.390002 1.989999 10.747273
    endloop
  endfacet
  facet normal -0.000000 1.000000 -0.000000
    outer loop
      vertex   12.390002 1.989999 10.747273
      vertex   12.353651 1.989999 10.742783
      vertex   12.070002 1.989999 10.826795
    endloop
  endfacet
  facet normal 0.000000 1.000000 0.000000
    outer loop
      vertex   12.353651 1.989999 10.742783
      vertex   12.318907 1.989999 10.730249
      vertex   12.070002 1.989999 10.826795
    endloop
  endfacet
  facet normal 0.000000 1.000000 -0.000000
    outer loop
      vertex   12.710002 1.989999 10.826795
      vertex   12.426568 1.989999 10.742730
      vertex   12.390002 1.989999 10.747273
    endloop
  endfacet
  facet normal -0.000000 1.000000 0.000000
    outer loop
      vertex   12.710002 1.989999 10.826795
      vertex   12.522550 1.989999 10.689748
      vertex   12.477536 1.989999 10.721623
    endloop
  endfacet
  facet normal -0.000000 1.000000 0.000000
    outer loop
      vertex   12.477536 1.989999 10.721623
      vertex   12.426568 1.989999 10.742730
      vertex   12.710002 1.989999 10.826795
    endloop
  endfacet
  facet normal 0.000000 1.000000 0.000000
    outer loop
      vertex   12.710002 1.989999 10.826795
      vertex   12.710002 1.989999 10.458077
      vertex   12.522550 1.989999 10.689748
    endloop
  endfacet
  facet normal -0.000000 1.000000 -0.000000
    outer loop
      vertex   12.318907 1.989999 10.730249
      vertex   12.257453 1.989999 10.689748
      vertex   12.070002 1.989999 10.826795
    endloop
  endfacet
  facet normal 0.000000 1.000000 0.000000
    outer loop
      vertex   12.257453 1.989999 10.689748
      vertex   12.070002 1.989999 10.458077
      vertex   12.070002 1.989999 10.826795
    endloop
  endfacet
  facet normal -1.000000 0.000000 0.000000
    outer loop
      vertex   12.070002 1.349999 10.826795
      vertex   12.070002 1.989999 10.826795
      vertex   12.070002 1.669999 10.747273
    endloop
  endfacet
  facet normal -1.000000 -0.000000 -0.000000
    outer loop
      vertex   12.070002 1.669999 10.747273
      vertex   12.070002 1.633648 10.742783
      vertex   12.070002 1.349999 10.826795
    endloop
  endfacet
  facet normal -1.000000 0.000000 0.000000
    outer loop
      vertex   12.070002 1.633648 10.742783
      vertex   12.070002 1.598903 10.730249
      vertex   12.070002 1.349999 10.826795
    endloop
  endfacet
  facet normal -1.000000 0.000000 -0.000000
    outer loop
      vertex   12.070002 1.989999 10.826795
      vertex   12.070002 1.706565 10.742730
      vertex   12.070002 1.669999 10.747273
    endloop
  endfacet
  facet normal -1.000000 -0.000000 0.000000
    outer loop
      vertex   12.070002 1.989999 10.826795
      vertex   12.070002 1.802547 10.689748
      vertex   12.070002 1.757532 10.721623
    endloop
  endfacet
  facet normal -1.000000 -0.000000 0.000000
    outer loop
      vertex   12.070002 1.757532 10.721623
      vertex   12.070002 1.706565 10.742730
      vertex   12.070002 1.989999 10.826795
    endloop
  endfacet
  facet normal -1.000000 0.000000 -0.000000
    outer loop
      vertex   12.070002 1.989999 10.826795
      vertex   12.070002 1.989999 10.458077
      vertex   12.070002 1.802547 10.689748
    endloop
  endfacet
  facet normal -1.000000 -0.000000 -0.000000
    outer loop
      vertex   12.070002 1.598903 10.730249
      vertex   12.070002 1.537450 10.689748
      vertex   12.070002 1.349999 10.826795
    endloop
  endfacet
  facet normal -1.000000 0.000000 -0.000000
    outer loop
      vertex   12.070002 1.537450 10.689748
      vertex   12.070002 1.349999 10.458077
      vertex   12.070002 1.349999 10.826795
    endloop
  endfacet
  facet normal 0.000000 0.866025 0.500000
    outer loop
      vertex   12.070002 1.989999 10.826795
      vertex   12.170002 1.889999 11.000000
      vertex   12.610002 1.889999 11.000000
    endloop
  endfacet
  facet normal 0.000000 0.866025 0.500000
    outer loop
      vertex   12.610002 1.889999 11.000000
      vertex   12.710002 1.989999 10.826795
      vertex   12.070002 1.989999 10.826795
    endloop
  endfacet
  facet normal 0.000000 0.000000 1.000000
    outer loop
      vertex   12.170002 1.449999 11.000000
      vertex   12.610002 1.449999 11.000000
      vertex   12.610002 1.889999 11.000000
    endloop
  endfacet
  facet normal 0.000000 0.000000 1.000000
    outer loop
      vertex   12.610002 1.889999 11.000000
      vertex   12.170002 1.889999 11.000000
      vertex   12.170002 1.449999 11.000000
    endloop
  endfacet
  facet normal 0.000000 -0.866025 0.500000
    outer loop
      vertex   12.070002 1.349999 10.826795
      vertex   12.710002 1.349999 10.826795
      vertex   12.610002 1.449999 11.000000
    endloop
  endfacet
  facet normal 0.000000 -0.866025 0.500000
    outer loop
      vertex   12.610002 1.449999 11.000000
      vertex   12.170002 1.449999 11.000000
      vertex   12.070002 1.349999 10.826795
    endloop
  endfacet
  facet normal -0.866025 0.000000 0.500000
    outer loop
      vertex   12.070002 1.349999 10.826795
      vertex   12.170002 1.449999 11.000000
      vertex   12.170002 1.889999 11.000000
    endloop
  endfacet
  facet normal -0.866025 0.000000 0.500000
    outer loop
      vertex   12.170002 1.889999 11.000000
      vertex   12.070002 1.989999 10.826795
      vertex   12.070002 1.349999 10.826795
    endloop
  endfacet
  facet normal 0.866025 -0.000000 0.500000
    outer loop
      vertex   12.710002 1.349999 10.826795
      vertex   12.710002 1.989999 10.826795
      vertex   12.610002 1.889999 11.000000
    endloop
  endfacet
  facet normal 0.866025 0.000000 0.500000
    outer loop
      vertex   12.610002 1.889999 11.000000
      vertex   12.610002 1.449999 11.000000
      vertex   12.710002 1.349999 10.826795
    endloop
  endfacet
  facet normal 0.000000 -1.000000 -0.000000
    outer loop
      vertex   12.710002 1.349999 10.826795
      vertex   12.390002 1.349999 10.747273
      vertex   12.426568 1.349999 10.742730
    endloop
  endfacet
  facet normal -0.000000 -1.000000 0.000000
    outer loop
      vertex   12.426568 1.349999 10.742730
      vertex   12.461275 1.349999 10.730165
      vertex   12.710002 1.349999 10.826795
    endloop
  endfacet
  facet normal -0.000000 -1.000000 -0.000000
    outer loop
      vertex   12.070002 1.349999 10.826795
      vertex   12.353651 1.349999 10.742783
      vertex   12.390002 1.349999 10.747273
    endloop
  endfacet
  facet normal 0.000000 -1.000000 0.000000
    outer loop
      vertex   12.390002 1.349999 10.747273
      vertex   12.710002 1.349999 10.826795
      vertex   12.070002 1.349999 10.826795
    endloop
  endfacet
  facet normal 0.000000 -1.000000 0.000000
    outer loop
      vertex   12.070002 1.349999 10.826795
      vertex   12.257453 1.349999 10.689748
      vertex   12.302568 1.349999 10.721681
    endloop
  endfacet
  facet normal -0.000000 -1.000000 -0.000000
    outer loop
      vertex   12.302568 1.349999 10.721681
      vertex   12.353651 1.349999 10.742783
      vertex   12.070002 1.349999 10.826795
    endloop
  endfacet
  facet normal 0.000000 -1.000000 0.000000
    outer loop
      vertex   12.070002 1.349999 10.826795
      vertex   12.070002 1.349999 10.458077
      vertex   12.257453 1.349999 10.689748
    endloop
  endfacet
  facet normal 0.000000 -1.000000 0.000000
    outer loop
      vertex   12.461275 1.349999 10.730165
      vertex   12.522550 1.349999 10.689748
      vertex   12.710002 1.349999 10.826795
    endloop
  endfacet
  facet normal 0.000000 -1.000000 0.000000
    outer loop
      vertex   12.522550 1.349999 10.689748
      vertex   12.710002 1.349999 10.458077
      vertex   12.710002 1.349999 10.826795
    endloop
  endfacet
endsolid <icad/sx>
solid <icad/sx>
  facet normal -1.000000 0.000000 0.000000
    outer loop
      vertex   1.500002 21.326687 13.800000
      vertex   1.500002 19.979999 13.800000
      vertex   1.500002 19.979999 16.900000
    endloop
  endfacet
  facet normal -1.000000 0.000000 0.000000
    outer loop
      vertex   1.500002 19.979999 16.900000
      vertex   1.500002 21.326687 16.900000
      vertex   1.500002 21.326687 13.800000
    endloop
  endfacet
  facet normal -0.867884 -0.496767 0.000000
    outer loop
      vertex   1.470272 21.496528 16.900000
      vertex   1.384617 21.646172 16.900000
      vertex   1.384617 21.646172 13.800000
    endloop
  endfacet
  facet normal -0.985023 -0.172424 0.000000
    outer loop
      vertex   1.500002 21.326687 16.900000
      vertex   1.470272 21.496528 16.900000
      vertex   1.470272 21.496528 13.800000
    endloop
  endfacet
  facet normal -0.985023 -0.172424 0.000000
    outer loop
      vertex   1.470272 21.496528 13.800000
      vertex   1.500002 21.326687 13.800000
      vertex   1.500002 21.326687 16.900000
    endloop
  endfacet
  facet normal -0.867884 -0.496767 0.000000
    outer loop
      vertex   1.384617 21.646172 13.800000
      vertex   1.470272 21.496528 13.800000
      vertex   1.470272 21.496528 16.900000
    endloop
  endfacet
  facet normal 0.000000 0.000000 1.000000
    outer loop
      vertex   1.191343 19.518059 13.800000
      vertex   1.353555 19.626445 13.800000
      vertex   1.461941 19.788657 13.800000
    endloop
  endfacet
  facet normal 0.000000 0.000000 1.000000
    outer loop
      vertex   1.500002 19.979999 13.800000
      vertex   1.000002 19.479999 13.800000
      vertex   1.191343 19.518059 13.800000
    endloop
  endfacet
  facet normal 0.000000 0.000000 1.000000
    outer loop
      vertex   1.500002 19.979999 13.800000
      vertex   0.000002 19.479999 13.800000
      vertex   1.000002 19.479999 13.800000
    endloop
  endfacet
  facet normal 0.000000 0.000000 1.000000
    outer loop
      vertex   0.000002 19.479999 13.800000
      vertex   1.500002 21.326687 13.800000
      vertex   1.470272 21.496528 13.800000
    endloop
  endfacet
  facet normal 0.000000 -0.000000 1.000000
    outer loop
      vertex   1.461941 19.788657 13.800000
      vertex   1.500002 19.979999 13.800000
      vertex   1.191343 19.518059 13.800000
    endloop
  endfacet
  facet normal 0.000000 -0.000000 1.000000
    outer loop
      vertex   1.500002 19.979999 13.800000
      vertex   1.500002 21.326687 13.800000
      vertex   0.000002 19.479999 13.800000
    endloop
  endfacet
  facet normal 0.000000 0.000000 1.000000
    outer loop
      vertex   1.470272 21.496528 13.800000
      vertex   1.384617 21.646172 13.800000
      vertex   0.000002 19.479999 13.800000
    endloop
  endfacet
  facet normal 0.000000 0.000000 1.000000
    outer loop
      vertex   1.384617 21.646172 13.800000
      vertex   0.341848 23.483679 13.800000
      vertex   0.000002 19.479999 13.800000
    endloop
  endfacet
  facet normal 0.000000 0.000000 1.000000
    outer loop
      vertex   0.341848 23.483679 13.800000
      vertex   0.000002 25.479999 13.800000
      vertex   0.000002 19.479999 13.800000
    endloop
  endfacet
  facet normal 0.000000 1.000000 0.000000
    outer loop
      vertex   1.000002 19.479999 13.800000
      vertex   0.000002 19.479999 13.800000
      vertex   0.000002 19.479999 16.900000
    endloop
  endfacet
  facet normal -0.000000 1.000000 0.000000
    outer loop
      vertex   0.000002 19.479999 16.900000
      vertex   1.000002 19.479999 16.900000
      vertex   1.000002 19.479999 13.800000
    endloop
  endfacet
  facet normal -0.195090 0.980785 -0.000000
    outer loop
      vertex   1.191343 19.518059 13.800000
      vertex   1.000002 19.479999 13.800000
      vertex   1.000002 19.479999 16.900000
    endloop
  endfacet
  facet normal -0.555570 0.831470 0.000000
    outer loop
      vertex   1.353555 19.626445 13.800000
      vertex   1.191343 19.518059 13.800000
      vertex   1.191343 19.518059 16.900000
    endloop
  endfacet
  facet normal -0.831470 0.555570 0.000000
    outer loop
      vertex   1.461941 19.788657 13.800000
      vertex   1.353555 19.626445 13.800000
      vertex   1.353555 19.626445 16.900000
    endloop
  endfacet
  facet normal -0.980785 0.195090 -0.000000
    outer loop
      vertex   1.500002 19.979999 13.800000
      vertex   1.461941 19.788657 13.800000
      vertex   1.461941 19.788657 16.900000
    endloop
  endfacet
  facet normal -0.980785 0.195090 -0.000000
    outer loop
      vertex   1.461941 19.788657 16.900000
      vertex   1.500002 19.979999 16.900000
      vertex   1.500002 19.979999 13.800000
    endloop
  endfacet
  facet normal -0.831470 0.555570 0.000000
    outer loop
      vertex   1.353555 19.626445 16.900000
      vertex   1.461941 19.788657 16.900000
      vertex   1.461941 19.788657 13.800000
    endloop
  endfacet
  facet normal -0.555570 0.831470 0.000000
    outer loop
      vertex   1.191343 19.518059 16.900000
      vertex   1.353555 19.626445 16.900000
      vertex   1.353555 19.626445 13.800000
    endloop
  endfacet
  facet normal -0.195090 0.980785 0.000000
    outer loop
      vertex   1.000002 19.479999 16.900000
      vertex   1.191343 19.518059 16.900000
      vertex   1.191343 19.518059 13.800000
    endloop
  endfacet
  facet normal -0.038777 0.194944 0.980048
    outer loop
      vertex   1.000002 19.356535 17.084776
      vertex   1.000002 19.279999 17.100000
      vertex   1.267880 19.333283 17.100000
    endloop
  endfacet
  facet normal -0.110427 0.165265 0.980048
    outer loop
      vertex   1.238591 19.403994 17.084776
      vertex   1.267880 19.333283 17.100000
      vertex   1.494976 19.485024 17.100000
    endloop
  endfacet
  facet normal -0.165265 0.110427 0.980048
    outer loop
      vertex   1.440857 19.539143 17.084776
      vertex   1.494976 19.485024 17.100000
      vertex   1.646717 19.712120 17.100000
    endloop
  endfacet
  facet normal -0.194944 0.038777 0.980048
    outer loop
      vertex   1.576007 19.741409 17.084776
      vertex   1.646717 19.712120 17.100000
      vertex   1.700002 19.979999 17.100000
    endloop
  endfacet
  facet normal -0.109841 0.552209 0.826439
    outer loop
      vertex   1.000002 19.421420 17.041422
      vertex   1.000002 19.356535 17.084776
      vertex   1.238591 19.403994 17.084776
    endloop
  endfacet
  facet normal -0.312801 0.468140 0.826439
    outer loop
      vertex   1.213761 19.463939 17.041422
      vertex   1.238591 19.403994 17.084776
      vertex   1.440857 19.539143 17.084776
    endloop
  endfacet
  facet normal -0.468140 0.312801 0.826439
    outer loop
      vertex   1.394976 19.585024 17.041422
      vertex   1.440857 19.539143 17.084776
      vertex   1.576007 19.741409 17.084776
    endloop
  endfacet
  facet normal -0.552209 0.109841 0.826439
    outer loop
      vertex   1.516061 19.766240 17.041422
      vertex   1.576007 19.741409 17.084776
      vertex   1.623465 19.979999 17.084776
    endloop
  endfacet
  facet normal -0.163173 0.820326 0.548124
    outer loop
      vertex   1.000002 19.464774 16.976537
      vertex   1.000002 19.421420 17.041422
      vertex   1.213761 19.463939 17.041422
    endloop
  endfacet
  facet normal -0.464677 0.695439 0.548124
    outer loop
      vertex   1.197169 19.503994 16.976537
      vertex   1.213761 19.463939 17.041422
      vertex   1.394976 19.585024 17.041422
    endloop
  endfacet
  facet normal -0.695439 0.464677 0.548124
    outer loop
      vertex   1.364320 19.615680 16.976537
      vertex   1.394976 19.585024 17.041422
      vertex   1.516061 19.766240 17.041422
    endloop
  endfacet
  facet normal -0.820326 0.163173 0.548124
    outer loop
      vertex   1.476007 19.782831 16.976537
      vertex   1.516061 19.766240 17.041422
      vertex   1.558580 19.979999 17.041422
    endloop
  endfacet
  facet normal -0.191480 0.962637 0.191480
    outer loop
      vertex   1.000002 19.479999 16.900000
      vertex   1.000002 19.464774 16.976537
      vertex   1.197169 19.503994 16.976537
    endloop
  endfacet
  facet normal -0.545290 0.816084 0.191480
    outer loop
      vertex   1.191343 19.518059 16.900000
      vertex   1.197169 19.503994 16.976537
      vertex   1.364320 19.615680 16.976537
    endloop
  endfacet
  facet normal -0.816084 0.545290 0.191480
    outer loop
      vertex   1.353555 19.626445 16.900000
      vertex   1.364320 19.615680 16.976537
      vertex   1.476007 19.782831 16.976537
    endloop
  endfacet
  facet normal -0.962637 0.191480 0.191480
    outer loop
      vertex   1.461941 19.788657 16.900000
      vertex   1.476007 19.782831 16.976537
      vertex   1.515226 19.979999 16.976537
    endloop
  endfacet
  facet normal -0.962637 0.191480 0.191480
    outer loop
      vertex   1.515226 19.979999 16.976537
      vertex   1.500002 19.979999 16.900000
      vertex   1.461941 19.788657 16.900000
    endloop
  endfacet
  facet normal -0.816084 0.545290 0.191480
    outer loop
      vertex   1.476007 19.782831 16.976537
      vertex   1.461941 19.788657 16.900000
      vertex   1.353555 19.626445 16.900000
    endloop
  endfacet
  facet normal -0.545290 0.816084 0.191480
    outer loop
      vertex   1.364320 19.615680 16.976537
      vertex   1.353555 19.626445 16.900000
      vertex   1.191343 19.518059 16.900000
    endloop
  endfacet
  facet normal -0.191480 0.962637 0.191480
    outer loop
      vertex   1.197169 19.503994 16.976537
      vertex   1.191343 19.518059 16.900000
      vertex   1.000002 19.479999 16.900000
    endloop
  endfacet
  facet normal -0.820326 0.163173 0.548124
    outer loop
      vertex   1.558580 19.979999 17.041422
      vertex   1.515226 19.979999 16.976537
      vertex   1.476007 19.782831 16.976537
    endloop
  endfacet
  facet normal -0.695439 0.464677 0.548124
    outer loop
      vertex   1.516061 19.766240 17.041422
      vertex   1.476007 19.782831 16.976537
      vertex   1.364320 19.615680 16.976537
    endloop
  endfacet
  facet normal -0.464677 0.695439 0.548124
    outer loop
      vertex   1.394976 19.585024 17.041422
      vertex   1.364320 19.615680 16.976537
      vertex   1.197169 19.503994 16.976537
    endloop
  endfacet
  facet normal -0.163173 0.820326 0.548124
    outer loop
      vertex   1.213761 19.463939 17.041422
      vertex   1.197169 19.503994 16.976537
      vertex   1.000002 19.464774 16.976537
    endloop
  endfacet
  facet normal -0.552209 0.109841 0.826439
    outer loop
      vertex   1.623465 19.979999 17.084776
      vertex   1.558580 19.979999 17.041422
      vertex   1.516061 19.766240 17.041422
    endloop
  endfacet
  facet normal -0.468140 0.312801 0.826439
    outer loop
      vertex   1.576007 19.741409 17.084776
      vertex   1.516061 19.766240 17.041422
      vertex   1.394976 19.585024 17.041422
    endloop
  endfacet
  facet normal -0.312801 0.468140 0.826439
    outer loop
      vertex   1.440857 19.539143 17.084776
      vertex   1.394976 19.585024 17.041422
      vertex   1.213761 19.463939 17.041422
    endloop
  endfacet
  facet normal -0.109841 0.552209 0.826439
    outer loop
      vertex   1.238591 19.403994 17.084776
      vertex   1.213761 19.463939 17.041422
      vertex   1.000002 19.421420 17.041422
    endloop
  endfacet
  facet normal -0.194944 0.038777 0.980048
    outer loop
      vertex   1.700002 19.979999 17.100000
      vertex   1.623465 19.979999 17.084776
      vertex   1.576007 19.741409 17.084776
    endloop
  endfacet
  facet normal -0.165265 0.110427 0.980048
    outer loop
      vertex   1.646717 19.712120 17.100000
      vertex   1.576007 19.741409 17.084776
      vertex   1.440857 19.539143 17.084776
    endloop
  endfacet
  facet normal -0.110427 0.165265 0.980048
    outer loop
      vertex   1.494976 19.485024 17.100000
      vertex   1.440857 19.539143 17.084776
      vertex   1.238591 19.403994 17.084776
    endloop
  endfacet
  facet normal -0.038777 0.194944 0.980048
    outer loop
      vertex   1.267880 19.333283 17.100000
      vertex   1.238591 19.403994 17.084776
      vertex   1.000002 19.356535 17.084776
    endloop
  endfacet
  facet normal -0.980785 0.000000 0.195090
    outer loop
      vertex   1.500002 21.326687 16.900000
      vertex   1.500002 19.979999 16.900000
      vertex   1.515226 19.979999 16.976537
    endloop
  endfacet
  facet normal -0.831470 -0.000000 0.555570
    outer loop
      vertex   1.515226 21.326687 16.976537
      vertex   1.515226 19.979999 16.976537
      vertex   1.558580 19.979999 17.041422
    endloop
  endfacet
  facet normal -0.555570 0.000000 0.831470
    outer loop
      vertex   1.558580 21.326687 17.041422
      vertex   1.558580 19.979999 17.041422
      vertex   1.623465 19.979999 17.084776
    endloop
  endfacet
  facet normal -0.195090 0.000000 0.980785
    outer loop
      vertex   1.623465 21.326687 17.084776
      vertex   1.623465 19.979999 17.084776
      vertex   1.700002 19.979999 17.100000
    endloop
  endfacet
  facet normal -0.195090 0.000000 0.980785
    outer loop
      vertex   1.700002 19.979999 17.100000
      vertex   1.700002 21.326687 17.100000
      vertex   1.623465 21.326687 17.084776
    endloop
  endfacet
  facet normal -0.555570 -0.000000 0.831470
    outer loop
      vertex   1.623465 19.979999 17.084776
      vertex   1.623465 21.326687 17.084776
      vertex   1.558580 21.326687 17.041422
    endloop
  endfacet
  facet normal -0.831470 0.000000 0.555570
    outer loop
      vertex   1.558580 19.979999 17.041422
      vertex   1.558580 21.326687 17.041422
      vertex   1.515226 21.326687 16.976537
    endloop
  endfacet
  facet normal -0.980785 -0.000000 0.195090
    outer loop
      vertex   1.515226 19.979999 16.976537
      vertex   1.515226 21.326687 16.976537
      vertex   1.500002 21.326687 16.900000
    endloop
  endfacet
  facet normal 0.007593 0.957550 0.288166
    outer loop
      vertex   1.000002 19.479999 16.900000
      vertex   0.003845 19.476156 16.939018
      vertex   0.015226 19.464774 16.976537
    endloop
  endfacet
  facet normal 0.000000 0.995185 0.098017
    outer loop
      vertex   1.000002 19.479999 16.900000
      vertex   0.000002 19.479999 16.900000
      vertex   0.003845 19.476156 16.939018
    endloop
  endfacet
  facet normal 0.007720 0.776085 0.630581
    outer loop
      vertex   1.000002 19.464774 16.976537
      vertex   0.033708 19.446293 17.011114
      vertex   0.058580 19.421420 17.041422
    endloop
  endfacet
  facet normal -0.000000 0.881921 0.471397
    outer loop
      vertex   1.000002 19.464774 16.976537
      vertex   0.015226 19.464774 16.976537
      vertex   0.033708 19.446293 17.011114
    endloop
  endfacet
  facet normal 0.000000 0.555570 0.831470
    outer loop
      vertex   1.000002 19.421420 17.041422
      vertex   0.058580 19.421420 17.041422
      vertex   0.123465 19.356535 17.084776
    endloop
  endfacet
  facet normal -0.000000 0.195090 0.980785
    outer loop
      vertex   1.000002 19.356535 17.084776
      vertex   0.123465 19.356535 17.084776
      vertex   0.200002 19.279999 17.100000
    endloop
  endfacet
  facet normal -0.000000 0.195090 0.980785
    outer loop
      vertex   0.200002 19.279999 17.100000
      vertex   1.000002 19.279999 17.100000
      vertex   1.000002 19.356535 17.084776
    endloop
  endfacet
  facet normal -0.000000 0.555570 0.831470
    outer loop
      vertex   0.123465 19.356535 17.084776
      vertex   1.000002 19.356535 17.084776
      vertex   1.000002 19.421420 17.041422
    endloop
  endfacet
  facet normal -0.000000 0.831470 0.555570
    outer loop
      vertex   0.058580 19.421420 17.041422
      vertex   1.000002 19.421420 17.041422
      vertex   1.000002 19.464774 16.976537
    endloop
  endfacet
  facet normal -0.000000 0.980785 0.195090
    outer loop
      vertex   0.015226 19.464774 16.976537
      vertex   1.000002 19.464774 16.976537
      vertex   1.000002 19.479999 16.900000
    endloop
  endfacet
  facet normal -0.195090 0.000000 0.980785
    outer loop
      vertex   0.123465 3.979999 17.084776
      vertex   0.200002 3.979999 17.100000
      vertex   0.200002 19.279999 17.100000
    endloop
  endfacet
  facet normal -0.555570 -0.000000 0.831470
    outer loop
      vertex   0.058580 3.979999 17.041422
      vertex   0.123465 3.979999 17.084776
      vertex   0.123465 19.356535 17.084776
    endloop
  endfacet
  facet normal -0.831470 -0.000000 0.555570
    outer loop
      vertex   0.015226 3.979999 16.976537
      vertex   0.058580 3.979999 17.041422
      vertex   0.058580 19.421420 17.041422
    endloop
  endfacet
  facet normal -0.773209 -0.000494 0.634151
    outer loop
      vertex   0.058580 19.421420 17.041422
      vertex   0.033708 19.446293 17.011114
      vertex   0.015226 3.979999 16.976537
    endloop
  endfacet
  facet normal -0.980785 -0.000000 0.195090
    outer loop
      vertex   0.000002 3.979999 16.900000
      vertex   0.015226 3.979999 16.976537
      vertex   0.015226 19.464774 16.976537
    endloop
  endfacet
  facet normal -0.956982 -0.000493 0.290148
    outer loop
      vertex   0.015226 19.464774 16.976537
      vertex   0.003845 19.476156 16.939018
      vertex   0.000002 3.979999 16.900000
    endloop
  endfacet
  facet normal -0.995185 0.000000 0.098017
    outer loop
      vertex   0.003845 19.476156 16.939018
      vertex   0.000002 19.479999 16.900000
      vertex   0.000002 3.979999 16.900000
    endloop
  endfacet
  facet normal -0.881921 -0.000000 0.471397
    outer loop
      vertex   0.033708 19.446293 17.011114
      vertex   0.015226 19.464774 16.976537
      vertex   0.015226 3.979999 16.976537
    endloop
  endfacet
  facet normal -0.555570 -0.000000 0.831470
    outer loop
      vertex   0.123465 19.356535 17.084776
      vertex   0.058580 19.421420 17.041422
      vertex   0.058580 3.979999 17.041422
    endloop
  endfacet
  facet normal -0.195090 -0.000000 0.980785
    outer loop
      vertex   0.200002 19.279999 17.100000
      vertex   0.123465 19.356535 17.084776
      vertex   0.123465 3.979999 17.084776
    endloop
  endfacet
  facet normal -0.194977 -0.034130 0.980214
    outer loop
      vertex   1.623465 21.326687 17.084776
      vertex   1.700002 21.326687 17.100000
      vertex   1.658380 21.564465 17.100000
    endloop
  endfacet
  facet normal -0.171790 -0.098331 0.980214
    outer loop
      vertex   1.586394 21.538467 17.084776
      vertex   1.658380 21.564465 17.100000
      vertex   1.538463 21.773966 17.100000
    endloop
  endfacet
  facet normal -0.552962 -0.096794 0.827565
    outer loop
      vertex   1.558580 21.326687 17.041422
      vertex   1.623465 21.326687 17.084776
      vertex   1.586394 21.538467 17.084776
    endloop
  endfacet
  facet normal -0.487203 -0.278870 0.827565
    outer loop
      vertex   1.525367 21.516426 17.041422
      vertex   1.586394 21.538467 17.084776
      vertex   1.479589 21.725062 17.084776
    endloop
  endfacet
  facet normal -0.822800 -0.144028 0.549778
    outer loop
      vertex   1.515226 21.326687 16.976537
      vertex   1.558580 21.326687 17.041422
      vertex   1.525367 21.516426 17.041422
    endloop
  endfacet
  facet normal -0.724953 -0.414955 0.549778
    outer loop
      vertex   1.484591 21.501700 16.976537
      vertex   1.525367 21.516426 17.041422
      vertex   1.429678 21.683602 17.041422
    endloop
  endfacet
  facet normal -0.966643 -0.169207 0.192277
    outer loop
      vertex   1.500002 21.326687 16.900000
      vertex   1.515226 21.326687 16.976537
      vertex   1.484591 21.501700 16.976537
    endloop
  endfacet
  facet normal -0.851690 -0.487498 0.192277
    outer loop
      vertex   1.470272 21.496528 16.900000
      vertex   1.484591 21.501700 16.976537
      vertex   1.396328 21.655900 16.976537
    endloop
  endfacet
  facet normal -0.851690 -0.487498 0.192277
    outer loop
      vertex   1.396328 21.655900 16.976537
      vertex   1.384617 21.646172 16.900000
      vertex   1.470272 21.496528 16.900000
    endloop
  endfacet
  facet normal -0.966643 -0.169207 0.192277
    outer loop
      vertex   1.484591 21.501700 16.976537
      vertex   1.470272 21.496528 16.900000
      vertex   1.500002 21.326687 16.900000
    endloop
  endfacet
  facet normal -0.724953 -0.414955 0.549778
    outer loop
      vertex   1.429678 21.683602 17.041422
      vertex   1.396328 21.655900 16.976537
      vertex   1.484591 21.501700 16.976537
    endloop
  endfacet
  facet normal -0.822800 -0.144028 0.549778
    outer loop
      vertex   1.525367 21.516426 17.041422
      vertex   1.484591 21.501700 16.976537
      vertex   1.515226 21.326687 16.976537
    endloop
  endfacet
  facet normal -0.487203 -0.278870 0.827565
    outer loop
      vertex   1.479589 21.725062 17.084776
      vertex   1.429678 21.683602 17.041422
      vertex   1.525367 21.516426 17.041422
    endloop
  endfacet
  facet normal -0.552962 -0.096794 0.827565
    outer loop
      vertex   1.586394 21.538467 17.084776
      vertex   1.525367 21.516426 17.041422
      vertex   1.558580 21.326687 17.041422
    endloop
  endfacet
  facet normal -0.171790 -0.098331 0.980214
    outer loop
      vertex   1.538463 21.773966 17.100000
      vertex   1.479589 21.725062 17.084776
      vertex   1.586394 21.538467 17.084776
    endloop
  endfacet
  facet normal -0.194977 -0.034130 0.980214
    outer loop
      vertex   1.658380 21.564465 17.100000
      vertex   1.586394 21.538467 17.084776
      vertex   1.623465 21.326687 17.084776
    endloop
  endfacet
  facet normal -0.854734 0.519054 -0.003491
    outer loop
      vertex   1.500002 29.448626 13.800000
      vertex   0.403353 27.642757 13.800000
      vertex   0.426495 27.701716 16.900000
    endloop
  endfacet
  facet normal -0.979947 0.199228 0.003526
    outer loop
      vertex   0.403353 27.642757 13.800000
      vertex   0.414066 27.640579 16.900000
      vertex   0.426495 27.701716 16.900000
    endloop
  endfacet
  facet normal -0.981665 0.190600 -0.002351
    outer loop
      vertex   0.403353 27.642757 13.800000
      vertex   0.000658 25.568718 13.800000
      vertex   0.001431 25.610937 16.900000
    endloop
  endfacet
  facet normal -0.987710 -0.156278 0.002375
    outer loop
      vertex   0.000658 25.568718 13.800000
      vertex   0.007928 25.569869 16.900000
      vertex   0.001431 25.610937 16.900000
    endloop
  endfacet
  facet normal -0.987688 -0.156274 0.007056
    outer loop
      vertex   0.334858 23.503601 16.900000
      vertex   0.007928 25.569869 16.900000
      vertex   0.000002 25.479999 13.800000
    endloop
  endfacet
  facet normal -0.870581 -0.492024 0.001199
    outer loop
      vertex   0.341848 23.483679 13.800000
      vertex   0.345084 23.485508 16.900000
      vertex   0.334858 23.503601 16.900000
    endloop
  endfacet
  facet normal -0.999970 0.007393 0.002343
    outer loop
      vertex   0.007928 25.569869 16.900000
      vertex   0.000658 25.568718 13.800000
      vertex   0.000002 25.479999 13.800000
    endloop
  endfacet
  facet normal -0.869714 -0.493555 0.001199
    outer loop
      vertex   0.345084 23.485508 16.900000
      vertex   0.341848 23.483679 13.800000
      vertex   1.384617 21.646172 13.800000
    endloop
  endfacet
  facet normal -0.870581 -0.492025 0.000000
    outer loop
      vertex   1.384617 21.646172 13.800000
      vertex   1.384617 21.646172 16.900000
      vertex   0.345084 23.485508 16.900000
    endloop
  endfacet
  facet normal -0.985653 -0.168781 -0.001138
    outer loop
      vertex   0.000002 25.479999 13.800000
      vertex   0.341848 23.483679 13.800000
      vertex   0.334858 23.503601 16.900000
    endloop
  endfacet
  facet normal -0.979947 0.199228 0.003526
    outer loop
      vertex   0.001431 25.610937 16.900000
      vertex   0.414066 27.640579 16.900000
      vertex   0.403353 27.642757 13.800000
    endloop
  endfacet
  facet normal -0.851988 0.523561 0.000000
    outer loop
      vertex   0.426495 27.701716 16.900000
      vertex   1.500002 29.448626 16.900000
      vertex   1.500002 29.448626 13.800000
    endloop
  endfacet
  facet normal -0.961702 0.195518 0.192098
    outer loop
      vertex   0.016651 25.610605 16.976537
      vertex   0.440637 27.696078 16.976537
      vertex   0.414066 27.640579 16.900000
    endloop
  endfacet
  facet normal -0.961702 0.195518 0.192098
    outer loop
      vertex   0.440637 27.696078 16.976537
      vertex   0.426495 27.701716 16.900000
      vertex   0.414066 27.640579 16.900000
    endloop
  endfacet
  facet normal -0.969318 -0.153368 0.192098
    outer loop
      vertex   0.349232 23.508616 16.976537
      vertex   0.016651 25.610605 16.976537
      vertex   0.007928 25.569869 16.900000
    endloop
  endfacet
  facet normal -0.969318 -0.153368 0.192098
    outer loop
      vertex   0.016651 25.610605 16.976537
      vertex   0.001431 25.610937 16.900000
      vertex   0.007928 25.569869 16.900000
    endloop
  endfacet
  facet normal -0.854367 -0.482861 0.192098
    outer loop
      vertex   1.396328 21.655900 16.976537
      vertex   0.349232 23.508616 16.976537
      vertex   0.345084 23.485508 16.900000
    endloop
  endfacet
  facet normal -0.854367 -0.482861 0.192098
    outer loop
      vertex   0.349232 23.508616 16.976537
      vertex   0.334858 23.503601 16.900000
      vertex   0.345084 23.485508 16.900000
    endloop
  endfacet
  facet normal -0.818806 0.166467 0.549405
    outer loop
      vertex   0.480910 27.680025 17.041422
      vertex   0.440637 27.696078 16.976537
      vertex   0.016651 25.610605 16.976537
    endloop
  endfacet
  facet normal -0.825290 -0.130579 0.549405
    outer loop
      vertex   0.059995 25.609658 17.041422
      vertex   0.016651 25.610605 16.976537
      vertex   0.349232 23.508616 16.976537
    endloop
  endfacet
  facet normal -0.727419 -0.411114 0.549405
    outer loop
      vertex   0.390167 23.522897 17.041422
      vertex   0.349232 23.508616 16.976537
      vertex   1.396328 21.655900 16.976537
    endloop
  endfacet
  facet normal -0.550481 0.111915 0.827312
    outer loop
      vertex   0.541183 27.655999 17.084776
      vertex   0.480910 27.680025 17.041422
      vertex   0.059995 25.609658 17.041422
    endloop
  endfacet
  facet normal -0.554840 -0.087788 0.827312
    outer loop
      vertex   0.124865 25.608242 17.084776
      vertex   0.059995 25.609658 17.041422
      vertex   0.390167 23.522897 17.041422
    endloop
  endfacet
  facet normal -0.489042 -0.276391 0.827312
    outer loop
      vertex   0.451431 23.544270 17.084776
      vertex   0.390167 23.522897 17.041422
      vertex   1.429678 21.683602 17.041422
    endloop
  endfacet
  facet normal -0.194154 0.039472 0.980177
    outer loop
      vertex   0.612279 27.627659 17.100000
      vertex   0.541183 27.655999 17.084776
      vertex   0.124865 25.608242 17.084776
    endloop
  endfacet
  facet normal -0.195692 -0.030963 0.980177
    outer loop
      vertex   0.201383 25.606572 17.100000
      vertex   0.124865 25.608242 17.084776
      vertex   0.451431 23.544270 17.084776
    endloop
  endfacet
  facet normal -0.172485 -0.097483 0.980177
    outer loop
      vertex   0.523696 23.569481 17.100000
      vertex   0.451431 23.544270 17.084776
      vertex   1.479589 21.725062 17.084776
    endloop
  endfacet
  facet normal -0.014983 0.000563 0.999888
    outer loop
      vertex   0.541183 27.655999 17.084776
      vertex   1.618221 29.279999 17.100000
      vertex   1.616870 29.282959 17.099978
    endloop
  endfacet
  facet normal -0.271725 0.167685 0.947654
    outer loop
      vertex   1.583712 29.355940 17.082904
      vertex   0.541183 27.655999 17.084776
      vertex   1.606537 29.305633 17.098351
    endloop
  endfacet
  facet normal -0.072392 0.038551 0.996631
    outer loop
      vertex   1.616870 29.282959 17.099978
      vertex   1.606537 29.305633 17.098351
      vertex   0.541183 27.655999 17.084776
    endloop
  endfacet
  facet normal -0.478076 0.294103 0.827616
    outer loop
      vertex   0.480910 27.680025 17.041422
      vertex   0.541183 27.655999 17.084776
      vertex   1.583712 29.355940 17.082904
    endloop
  endfacet
  facet normal -0.282191 0.162286 0.945533
    outer loop
      vertex   1.583712 29.355940 17.082904
      vertex   1.577291 29.370092 17.078559
      vertex   0.480910 27.680025 17.041422
    endloop
  endfacet
  facet normal -0.718108 0.443157 0.536594
    outer loop
      vertex   0.440637 27.696078 16.976537
      vertex   1.553737 29.422315 17.040521
      vertex   1.536533 29.460637 16.985848
    endloop
  endfacet
  facet normal -0.711054 0.438330 0.549790
    outer loop
      vertex   0.440637 27.696078 16.976537
      vertex   0.480910 27.680025 17.041422
      vertex   1.554195 29.421300 17.041260
    endloop
  endfacet
  facet normal -0.542350 0.320935 0.776439
    outer loop
      vertex   1.554195 29.421300 17.041260
      vertex   1.553737 29.422315 17.040521
      vertex   0.440637 27.696078 16.976537
    endloop
  endfacet
  facet normal -0.851686 0.518224 0.077949
    outer loop
      vertex   0.440637 27.696078 16.976537
      vertex   1.502809 29.449660 16.923795
      vertex   1.500002 29.448626 16.900000
    endloop
  endfacet
  facet normal -0.830274 0.509693 0.225516
    outer loop
      vertex   0.440637 27.696078 16.976537
      vertex   1.510660 29.452453 16.946386
      vertex   1.502809 29.449660 16.923795
    endloop
  endfacet
  facet normal -0.776044 0.479810 0.409314
    outer loop
      vertex   0.440637 27.696078 16.976537
      vertex   1.530252 29.458650 16.976268
      vertex   1.510660 29.452453 16.946386
    endloop
  endfacet
  facet normal -0.836082 0.513787 0.192328
    outer loop
      vertex   1.500002 29.448626 16.900000
      vertex   0.426495 27.701716 16.900000
      vertex   0.440637 27.696078 16.976537
    endloop
  endfacet
  facet normal -0.776044 0.479810 0.409314
    outer loop
      vertex   1.536533 29.460637 16.985848
      vertex   1.530252 29.458650 16.976268
      vertex   0.440637 27.696078 16.976537
    endloop
  endfacet
  facet normal -0.532387 0.328224 0.780278
    outer loop
      vertex   1.577291 29.370092 17.078559
      vertex   1.554195 29.421300 17.041260
      vertex   0.480910 27.680025 17.041422
    endloop
  endfacet
  facet normal -0.168913 0.102834 0.980252
    outer loop
      vertex   0.541183 27.655999 17.084776
      vertex   0.612279 27.627659 17.100000
      vertex   1.618221 29.279999 17.100000
    endloop
  endfacet
  facet normal -0.172485 -0.097483 0.980177
    outer loop
      vertex   1.479589 21.725062 17.084776
      vertex   1.538463 21.773966 17.100000
      vertex   0.523696 23.569481 17.100000
    endloop
  endfacet
  facet normal -0.195692 -0.030963 0.980177
    outer loop
      vertex   0.451431 23.544270 17.084776
      vertex   0.523696 23.569481 17.100000
      vertex   0.201383 25.606572 17.100000
    endloop
  endfacet
  facet normal -0.194154 0.039472 0.980177
    outer loop
      vertex   0.124865 25.608242 17.084776
      vertex   0.201383 25.606572 17.100000
      vertex   0.612279 27.627659 17.100000
    endloop
  endfacet
  facet normal -0.489042 -0.276391 0.827312
    outer loop
      vertex   1.429678 21.683602 17.041422
      vertex   1.479589 21.725062 17.084776
      vertex   0.451431 23.544270 17.084776
    endloop
  endfacet
  facet normal -0.554840 -0.087788 0.827312
    outer loop
      vertex   0.390167 23.522897 17.041422
      vertex   0.451431 23.544270 17.084776
      vertex   0.124865 25.608242 17.084776
    endloop
  endfacet
  facet normal -0.550481 0.111915 0.827312
    outer loop
      vertex   0.059995 25.609658 17.041422
      vertex   0.124865 25.608242 17.084776
      vertex   0.541183 27.655999 17.084776
    endloop
  endfacet
  facet normal -0.727419 -0.411114 0.549405
    outer loop
      vertex   1.396328 21.655900 16.976537
      vertex   1.429678 21.683602 17.041422
      vertex   0.390167 23.522897 17.041422
    endloop
  endfacet
  facet normal -0.825290 -0.130579 0.549405
    outer loop
      vertex   0.349232 23.508616 16.976537
      vertex   0.390167 23.522897 17.041422
      vertex   0.059995 25.609658 17.041422
    endloop
  endfacet
  facet normal -0.818806 0.166467 0.549405
    outer loop
      vertex   0.016651 25.610605 16.976537
      vertex   0.059995 25.609658 17.041422
      vertex   0.480910 27.680025 17.041422
    endloop
  endfacet
  facet normal -0.854367 -0.482861 0.192098
    outer loop
      vertex   0.345084 23.485508 16.900000
      vertex   1.384617 21.646172 16.900000
      vertex   1.396328 21.655900 16.976537
    endloop
  endfacet
  facet normal -0.969318 -0.153368 0.192098
    outer loop
      vertex   0.007928 25.569869 16.900000
      vertex   0.334858 23.503601 16.900000
      vertex   0.349232 23.508616 16.976537
    endloop
  endfacet
  facet normal -0.961702 0.195518 0.192098
    outer loop
      vertex   0.414066 27.640579 16.900000
      vertex   0.001431 25.610937 16.900000
      vertex   0.016651 25.610605 16.976537
    endloop
  endfacet
  facet normal -0.190067 0.978641 -0.078332
    outer loop
      vertex   1.530252 29.458650 16.976268
      vertex   1.552301 29.462913 16.976028
      vertex   1.670546 29.479984 16.902391
    endloop
  endfacet
  facet normal -0.459208 0.516146 -0.722995
    outer loop
      vertex   1.670546 29.479984 16.902391
      vertex   1.674325 29.479999 16.900000
      vertex   1.530252 29.458650 16.976268
    endloop
  endfacet
  facet normal -0.190067 0.978641 -0.078332
    outer loop
      vertex   1.530252 29.458650 16.976268
      vertex   1.536533 29.460637 16.985848
      vertex   1.552301 29.462913 16.976028
    endloop
  endfacet
  facet normal -0.181710 0.981627 -0.058219
    outer loop
      vertex   1.674325 29.479999 16.900000
      vertex   1.502809 29.449660 16.923795
      vertex   1.510660 29.452453 16.946386
    endloop
  endfacet
  facet normal -0.177082 0.983953 -0.021897
    outer loop
      vertex   1.674325 29.479999 16.900000
      vertex   1.500002 29.448626 16.900000
      vertex   1.502809 29.449660 16.923795
    endloop
  endfacet
  facet normal -0.177124 0.984188 0.000000
    outer loop
      vertex   1.500002 29.448626 13.800000
      vertex   1.500002 29.448626 16.900000
      vertex   1.674325 29.479999 16.900000
    endloop
  endfacet
  facet normal -0.177124 0.984188 -0.000000
    outer loop
      vertex   1.674325 29.479999 16.900000
      vertex   1.674325 29.479999 13.800000
      vertex   1.500002 29.448626 13.800000
    endloop
  endfacet
  facet normal -0.187471 0.978998 -0.080108
    outer loop
      vertex   1.510660 29.452453 16.946386
      vertex   1.530252 29.458650 16.976268
      vertex   1.674325 29.479999 16.900000
    endloop
  endfacet
  facet normal 0.000000 0.000000 1.000000
    outer loop
      vertex   0.403353 27.642757 13.800000
      vertex   0.146448 29.333552 13.800000
      vertex   0.038062 29.171340 13.800000
    endloop
  endfacet
  facet normal 0.000000 0.000000 1.000000
    outer loop
      vertex   0.403353 27.642757 13.800000
      vertex   0.308660 29.441938 13.800000
      vertex   0.146448 29.333552 13.800000
    endloop
  endfacet
  facet normal 0.000000 -0.000000 1.000000
    outer loop
      vertex   0.403353 27.642757 13.800000
      vertex   0.500002 29.479999 13.800000
      vertex   0.308660 29.441938 13.800000
    endloop
  endfacet
  facet normal 0.000000 0.000000 1.000000
    outer loop
      vertex   0.403353 27.642757 13.800000
      vertex   1.500002 29.448626 13.800000
      vertex   0.500002 29.479999 13.800000
    endloop
  endfacet
  facet normal 0.000000 0.000000 1.000000
    outer loop
      vertex   0.000002 28.979999 13.800000
      vertex   0.000002 25.479999 13.800000
      vertex   0.000658 25.568718 13.800000
    endloop
  endfacet
  facet normal 0.000000 -0.000000 1.000000
    outer loop
      vertex   0.000658 25.568718 13.800000
      vertex   0.403353 27.642757 13.800000
      vertex   0.000002 28.979999 13.800000
    endloop
  endfacet
  facet normal 0.000000 0.000000 1.000000
    outer loop
      vertex   0.038062 29.171340 13.800000
      vertex   0.000002 28.979999 13.800000
      vertex   0.403353 27.642757 13.800000
    endloop
  endfacet
  facet normal 0.000000 -0.000000 1.000000
    outer loop
      vertex   1.500002 29.448626 13.800000
      vertex   1.674325 29.479999 13.800000
      vertex   0.500002 29.479999 13.800000
    endloop
  endfacet
  facet normal -0.000329 0.293382 0.955995
    outer loop
      vertex   1.583707 29.355949 17.082901
      vertex   7.550002 29.356535 17.084776
      vertex   1.577291 29.370092 17.078559
    endloop
  endfacet
  facet normal 0.000495 0.588901 0.808205
    outer loop
      vertex   7.550002 29.356535 17.084776
      vertex   1.554195 29.421300 17.041260
      vertex   1.577291 29.370092 17.078559
    endloop
  endfacet
  facet normal 0.002456 0.008522 0.999961
    outer loop
      vertex   7.550002 29.356535 17.084776
      vertex   1.616870 29.282959 17.099978
      vertex   1.618221 29.279999 17.100000
    endloop
  endfacet
  facet normal -0.000329 0.293382 0.955995
    outer loop
      vertex   7.550002 29.356535 17.084776
      vertex   1.583707 29.355949 17.082901
      vertex   1.606537 29.305633 17.098351
    endloop
  endfacet
  facet normal 0.001658 0.072353 0.997378
    outer loop
      vertex   1.606537 29.305633 17.098351
      vertex   1.616870 29.282959 17.099978
      vertex   7.550002 29.356535 17.084776
    endloop
  endfacet
  facet normal -0.000000 0.980785 0.195090
    outer loop
      vertex   7.550002 29.464774 16.976537
      vertex   7.550002 29.479999 16.900000
      vertex   1.674325 29.479999 16.900000
    endloop
  endfacet
  facet normal 0.002462 0.999948 0.009869
    outer loop
      vertex   1.674325 29.479999 16.900000
      vertex   1.670546 29.479984 16.902391
      vertex   7.550002 29.464774 16.976537
    endloop
  endfacet
  facet normal 0.004437 0.590056 0.807350
    outer loop
      vertex   7.550002 29.464774 16.976537
      vertex   1.553737 29.422315 17.040521
      vertex   1.554195 29.421300 17.041260
    endloop
  endfacet
  facet normal -0.000308 0.846279 0.532740
    outer loop
      vertex   1.553737 29.422315 17.040521
      vertex   7.550002 29.464774 16.976537
      vertex   1.552301 29.462913 16.976028
    endloop
  endfacet
  facet normal 0.202914 0.830707 0.518412
    outer loop
      vertex   1.552301 29.462913 16.976028
      vertex   1.536533 29.460637 16.985848
      vertex   1.553737 29.422315 17.040521
    endloop
  endfacet
  facet normal -0.000032 0.831470 0.555570
    outer loop
      vertex   1.554195 29.421300 17.041260
      vertex   7.550002 29.421420 17.041422
      vertex   7.550002 29.464774 16.976537
    endloop
  endfacet
  facet normal -0.000321 0.974279 0.225345
    outer loop
      vertex   1.670546 29.479984 16.902391
      vertex   1.552301 29.462913 16.976028
      vertex   7.550002 29.464774 16.976537
    endloop
  endfacet
  facet normal 0.000000 0.195090 0.980785
    outer loop
      vertex   1.618221 29.279999 17.100000
      vertex   7.550002 29.279999 17.100000
      vertex   7.550002 29.356535 17.084776
    endloop
  endfacet
  facet normal -0.000034 0.555570 0.831470
    outer loop
      vertex   7.550002 29.356535 17.084776
      vertex   7.550002 29.421420 17.041422
      vertex   1.554195 29.421300 17.041260
    endloop
  endfacet
  facet normal -0.195090 0.980785 0.000000
    outer loop
      vertex   0.500002 29.479999 13.800000
      vertex   0.500002 29.479999 8.500000
      vertex   0.308660 29.441938 8.500000
    endloop
  endfacet
  facet normal -0.555570 0.831470 0.000000
    outer loop
      vertex   0.308660 29.441938 13.800000
      vertex   0.308660 29.441938 8.500000
      vertex   0.146448 29.333552 8.500000
    endloop
  endfacet
  facet normal -0.831470 0.555570 0.000000
    outer loop
      vertex   0.146448 29.333552 13.800000
      vertex   0.146448 29.333552 8.500000
      vertex   0.038062 29.171340 8.500000
    endloop
  endfacet
  facet normal -0.980785 0.195090 0.000000
    outer loop
      vertex   0.038062 29.171340 13.800000
      vertex   0.038062 29.171340 8.500000
      vertex   0.000002 28.979999 8.500000
    endloop
  endfacet
  facet normal -0.980785 0.195090 0.000000
    outer loop
      vertex   0.000002 28.979999 8.500000
      vertex   0.000002 28.979999 13.800000
      vertex   0.038062 29.171340 13.800000
    endloop
  endfacet
  facet normal -0.831470 0.555570 0.000000
    outer loop
      vertex   0.038062 29.171340 8.500000
      vertex   0.038062 29.171340 13.800000
      vertex   0.146448 29.333552 13.800000
    endloop
  endfacet
  facet normal -0.555570 0.831470 0.000000
    outer loop
      vertex   0.146448 29.333552 8.500000
      vertex   0.146448 29.333552 13.800000
      vertex   0.308660 29.441938 13.800000
    endloop
  endfacet
  facet normal -0.195090 0.980785 0.000000
    outer loop
      vertex   0.308660 29.441938 8.500000
      vertex   0.308660 29.441938 13.800000
      vertex   0.500002 29.479999 13.800000
    endloop
  endfacet
  facet normal -1.000000 0.000000 0.000000
    outer loop
      vertex   0.000002 28.979999 8.500000
      vertex   0.000002 3.979999 8.500000
      vertex   0.000002 19.479999 13.800000
    endloop
  endfacet
  facet normal -1.000000 0.000000 0.000000
    outer loop
      vertex   0.000002 19.479999 13.800000
      vertex   0.000002 25.479999 13.800000
      vertex   0.000002 28.979999 8.500000
    endloop
  endfacet
  facet normal -1.000000 0.000000 0.000000
    outer loop
      vertex   0.000002 3.979999 16.900000
      vertex   0.000002 19.479999 16.900000
      vertex   0.000002 19.479999 13.800000
    endloop
  endfacet
  facet normal -1.000000 0.000000 0.000000
    outer loop
      vertex   0.000002 19.479999 13.800000
      vertex   0.000002 3.979999 8.500000
      vertex   0.000002 3.979999 16.900000
    endloop
  endfacet
  facet normal -1.000000 0.000000 0.000000
    outer loop
      vertex   0.000002 25.479999 13.800000
      vertex   0.000002 28.979999 13.800000
      vertex   0.000002 28.979999 8.500000
    endloop
  endfacet
  facet normal -0.980785 -0.195090 -0.000000
    outer loop
      vertex   0.000002 3.979999 16.900000
      vertex   0.000002 3.979999 8.500000
      vertex   0.038062 3.788657 8.500000
    endloop
  endfacet
  facet normal -0.831470 -0.555570 -0.000000
    outer loop
      vertex   0.038062 3.788657 16.900000
      vertex   0.038062 3.788657 8.500000
      vertex   0.146448 3.626445 8.500000
    endloop
  endfacet
  facet normal -0.555570 -0.831470 -0.000000
    outer loop
      vertex   0.146448 3.626445 16.900000
      vertex   0.146448 3.626445 8.500000
      vertex   0.308660 3.518059 8.500000
    endloop
  endfacet
  facet normal -0.195090 -0.980785 -0.000000
    outer loop
      vertex   0.308660 3.518059 16.900000
      vertex   0.308660 3.518059 8.500000
      vertex   0.500002 3.479999 8.500000
    endloop
  endfacet
  facet normal -0.195090 -0.980785 0.000000
    outer loop
      vertex   0.500002 3.479999 8.500000
      vertex   0.500002 3.479999 16.900000
      vertex   0.308660 3.518059 16.900000
    endloop
  endfacet
  facet normal -0.555570 -0.831470 0.000000
    outer loop
      vertex   0.308660 3.518059 8.500000
      vertex   0.308660 3.518059 16.900000
      vertex   0.146448 3.626445 16.900000
    endloop
  endfacet
  facet normal -0.831470 -0.555570 0.000000
    outer loop
      vertex   0.146448 3.626445 8.500000
      vertex   0.146448 3.626445 16.900000
      vertex   0.038062 3.788657 16.900000
    endloop
  endfacet
  facet normal -0.980785 -0.195090 0.000000
    outer loop
      vertex   0.038062 3.788657 8.500000
      vertex   0.038062 3.788657 16.900000
      vertex   0.000002 3.979999 16.900000
    endloop
  endfacet
  facet normal -0.962637 -0.191480 0.191480
    outer loop
      vertex   0.015226 3.979999 16.976537
      vertex   0.000002 3.979999 16.900000
      vertex   0.038062 3.788657 16.900000
    endloop
  endfacet
  facet normal -0.816084 -0.545290 0.191480
    outer loop
      vertex   0.052127 3.794483 16.976537
      vertex   0.038062 3.788657 16.900000
      vertex   0.146448 3.626445 16.900000
    endloop
  endfacet
  facet normal -0.545290 -0.816084 0.191480
    outer loop
      vertex   0.157213 3.637210 16.976537
      vertex   0.146448 3.626445 16.900000
      vertex   0.308660 3.518059 16.900000
    endloop
  endfacet
  facet normal -0.191480 -0.962637 0.191480
    outer loop
      vertex   0.314486 3.532124 16.976537
      vertex   0.308660 3.518059 16.900000
      vertex   0.500002 3.479999 16.900000
    endloop
  endfacet
  facet normal -0.820326 -0.163173 0.548124
    outer loop
      vertex   0.058580 3.979999 17.041422
      vertex   0.015226 3.979999 16.976537
      vertex   0.052127 3.794483 16.976537
    endloop
  endfacet
  facet normal -0.695439 -0.464677 0.548124
    outer loop
      vertex   0.092182 3.811074 17.041422
      vertex   0.052127 3.794483 16.976537
      vertex   0.157213 3.637210 16.976537
    endloop
  endfacet
  facet normal -0.464677 -0.695439 0.548124
    outer loop
      vertex   0.187870 3.667867 17.041422
      vertex   0.157213 3.637210 16.976537
      vertex   0.314486 3.532124 16.976537
    endloop
  endfacet
  facet normal -0.163173 -0.820326 0.548124
    outer loop
      vertex   0.331077 3.572178 17.041422
      vertex   0.314486 3.532124 16.976537
      vertex   0.500002 3.495223 16.976537
    endloop
  endfacet
  facet normal -0.552209 -0.109841 0.826439
    outer loop
      vertex   0.123465 3.979999 17.084776
      vertex   0.058580 3.979999 17.041422
      vertex   0.092182 3.811074 17.041422
    endloop
  endfacet
  facet normal -0.468140 -0.312801 0.826439
    outer loop
      vertex   0.152127 3.835904 17.084776
      vertex   0.092182 3.811074 17.041422
      vertex   0.187870 3.667867 17.041422
    endloop
  endfacet
  facet normal -0.312801 -0.468140 0.826439
    outer loop
      vertex   0.233750 3.713747 17.084776
      vertex   0.187870 3.667867 17.041422
      vertex   0.331077 3.572178 17.041422
    endloop
  endfacet
  facet normal -0.109841 -0.552209 0.826439
    outer loop
      vertex   0.355907 3.632124 17.084776
      vertex   0.331077 3.572178 17.041422
      vertex   0.500002 3.538577 17.041422
    endloop
  endfacet
  facet normal -0.194944 -0.038777 0.980048
    outer loop
      vertex   0.200002 3.979999 17.100000
      vertex   0.123465 3.979999 17.084776
      vertex   0.152127 3.835904 17.084776
    endloop
  endfacet
  facet normal -0.165265 -0.110427 0.980048
    outer loop
      vertex   0.222838 3.865194 17.100000
      vertex   0.152127 3.835904 17.084776
      vertex   0.233750 3.713747 17.084776
    endloop
  endfacet
  facet normal -0.110427 -0.165265 0.980048
    outer loop
      vertex   0.287870 3.767867 17.100000
      vertex   0.233750 3.713747 17.084776
      vertex   0.355907 3.632124 17.084776
    endloop
  endfacet
  facet normal -0.038777 -0.194944 0.980048
    outer loop
      vertex   0.385197 3.702835 17.100000
      vertex   0.355907 3.632124 17.084776
      vertex   0.500002 3.603462 17.084776
    endloop
  endfacet
  facet normal -0.038777 -0.194944 0.980048
    outer loop
      vertex   0.500002 3.603462 17.084776
      vertex   0.500002 3.679999 17.100000
      vertex   0.385197 3.702835 17.100000
    endloop
  endfacet
  facet normal -0.110427 -0.165265 0.980048
    outer loop
      vertex   0.355907 3.632124 17.084776
      vertex   0.385197 3.702835 17.100000
      vertex   0.287870 3.767867 17.100000
    endloop
  endfacet
  facet normal -0.165265 -0.110427 0.980048
    outer loop
      vertex   0.233750 3.713747 17.084776
      vertex   0.287870 3.767867 17.100000
      vertex   0.222838 3.865194 17.100000
    endloop
  endfacet
  facet normal -0.194944 -0.038777 0.980048
    outer loop
      vertex   0.152127 3.835904 17.084776
      vertex   0.222838 3.865194 17.100000
      vertex   0.200002 3.979999 17.100000
    endloop
  endfacet
  facet normal -0.109841 -0.552209 0.826439
    outer loop
      vertex   0.500002 3.538577 17.041422
      vertex   0.500002 3.603462 17.084776
      vertex   0.355907 3.632124 17.084776
    endloop
  endfacet
  facet normal -0.312801 -0.468140 0.826439
    outer loop
      vertex   0.331077 3.572178 17.041422
      vertex   0.355907 3.632124 17.084776
      vertex   0.233750 3.713747 17.084776
    endloop
  endfacet
  facet normal -0.468140 -0.312801 0.826439
    outer loop
      vertex   0.187870 3.667867 17.041422
      vertex   0.233750 3.713747 17.084776
      vertex   0.152127 3.835904 17.084776
    endloop
  endfacet
  facet normal -0.552209 -0.109841 0.826439
    outer loop
      vertex   0.092182 3.811074 17.041422
      vertex   0.152127 3.835904 17.084776
      vertex   0.123465 3.979999 17.084776
    endloop
  endfacet
  facet normal -0.163173 -0.820326 0.548124
    outer loop
      vertex   0.500002 3.495223 16.976537
      vertex   0.500002 3.538577 17.041422
      vertex   0.331077 3.572178 17.041422
    endloop
  endfacet
  facet normal -0.464677 -0.695439 0.548124
    outer loop
      vertex   0.314486 3.532124 16.976537
      vertex   0.331077 3.572178 17.041422
      vertex   0.187870 3.667867 17.041422
    endloop
  endfacet
  facet normal -0.695439 -0.464677 0.548124
    outer loop
      vertex   0.157213 3.637210 16.976537
      vertex   0.187870 3.667867 17.041422
      vertex   0.092182 3.811074 17.041422
    endloop
  endfacet
  facet normal -0.820326 -0.163173 0.548124
    outer loop
      vertex   0.052127 3.794483 16.976537
      vertex   0.092182 3.811074 17.041422
      vertex   0.058580 3.979999 17.041422
    endloop
  endfacet
  facet normal -0.191480 -0.962637 0.191480
    outer loop
      vertex   0.500002 3.479999 16.900000
      vertex   0.500002 3.495223 16.976537
      vertex   0.314486 3.532124 16.976537
    endloop
  endfacet
  facet normal -0.545290 -0.816084 0.191480
    outer loop
      vertex   0.308660 3.518059 16.900000
      vertex   0.314486 3.532124 16.976537
      vertex   0.157213 3.637210 16.976537
    endloop
  endfacet
  facet normal -0.816084 -0.545290 0.191480
    outer loop
      vertex   0.146448 3.626445 16.900000
      vertex   0.157213 3.637210 16.976537
      vertex   0.052127 3.794483 16.976537
    endloop
  endfacet
  facet normal -0.962637 -0.191480 0.191480
    outer loop
      vertex   0.038062 3.788657 16.900000
      vertex   0.052127 3.794483 16.976537
      vertex   0.015226 3.979999 16.976537
    endloop
  endfacet
  facet normal 0.000000 -0.980785 0.195090
    outer loop
      vertex   0.500002 3.479999 16.900000
      vertex   19.200002 3.479999 16.900000
      vertex   19.200002 3.495223 16.976537
    endloop
  endfacet
  facet normal -0.000000 -0.831470 0.555570
    outer loop
      vertex   0.500002 3.495223 16.976537
      vertex   19.200002 3.495223 16.976537
      vertex   19.200002 3.538577 17.041422
    endloop
  endfacet
  facet normal 0.000000 -0.555570 0.831470
    outer loop
      vertex   0.500002 3.538577 17.041422
      vertex   19.200002 3.538577 17.041422
      vertex   19.200002 3.603462 17.084776
    endloop
  endfacet
  facet normal -0.000000 -0.195090 0.980785
    outer loop
      vertex   0.500002 3.603462 17.084776
      vertex   19.200002 3.603462 17.084776
      vertex   19.200002 3.679999 17.100000
    endloop
  endfacet
  facet normal 0.000000 -0.195090 0.980785
    outer loop
      vertex   19.200002 3.679999 17.100000
      vertex   0.500002 3.679999 17.100000
      vertex   0.500002 3.603462 17.084776
    endloop
  endfacet
  facet normal -0.000000 -0.555570 0.831470
    outer loop
      vertex   19.200002 3.603462 17.084776
      vertex   0.500002 3.603462 17.084776
      vertex   0.500002 3.538577 17.041422
    endloop
  endfacet
  facet normal 0.000000 -0.831470 0.555570
    outer loop
      vertex   19.200002 3.538577 17.041422
      vertex   0.500002 3.538577 17.041422
      vertex   0.500002 3.495223 16.976537
    endloop
  endfacet
  facet normal -0.000000 -0.980785 0.195090
    outer loop
      vertex   19.200002 3.495223 16.976537
      vertex   0.500002 3.495223 16.976537
      vertex   0.500002 3.479999 16.900000
    endloop
  endfacet
  facet normal 1.000000 0.000000 0.000000
    outer loop
      vertex   7.550002 29.279999 17.100000
      vertex   7.550002 29.479999 16.900000
      vertex   7.550002 29.464774 16.976537
    endloop
  endfacet
  facet normal 1.000000 0.000000 0.000000
    outer loop
      vertex   7.550002 29.464774 16.976537
      vertex   7.550002 29.421420 17.041422
      vertex   7.550002 29.279999 17.100000
    endloop
  endfacet
  facet normal 1.000000 0.000000 0.000000
    outer loop
      vertex   7.550002 21.359999 16.800000
      vertex   7.550002 29.479999 16.800000
      vertex   7.550002 29.279999 17.100000
    endloop
  endfacet
  facet normal 1.000000 0.000000 0.000000
    outer loop
      vertex   7.550002 29.279999 17.100000
      vertex   7.550002 29.479999 16.800000
      vertex   7.550002 29.479999 16.900000
    endloop
  endfacet
  facet normal 1.000000 0.000000 0.000000
    outer loop
      vertex   7.550002 29.421420 17.041422
      vertex   7.550002 29.356535 17.084776
      vertex   7.550002 29.279999 17.100000
    endloop
  endfacet
  facet normal 1.000000 0.000000 0.000000
    outer loop
      vertex   7.550002 29.279999 17.100000
      vertex   7.550002 21.359999 17.100000
      vertex   7.550002 21.359999 16.800000
    endloop
  endfacet
  facet normal 0.000000 1.000000 0.000000
    outer loop
      vertex   19.700002 21.359999 16.900000
      vertex   19.500002 21.359999 17.100000
      vertex   19.576538 21.359999 17.084776
    endloop
  endfacet
  facet normal 0.000000 1.000000 0.000000
    outer loop
      vertex   19.576538 21.359999 17.084776
      vertex   19.641423 21.359999 17.041422
      vertex   19.700002 21.359999 16.900000
    endloop
  endfacet
  facet normal 0.000000 1.000000 0.000000
    outer loop
      vertex   7.550002 21.359999 16.800000
      vertex   7.550002 21.359999 17.100000
      vertex   19.500002 21.359999 17.100000
    endloop
  endfacet
  facet normal 0.000000 1.000000 0.000000
    outer loop
      vertex   19.500002 21.359999 17.100000
      vertex   19.700002 21.359999 16.900000
      vertex   7.550002 21.359999 16.800000
    endloop
  endfacet
  facet normal 0.000000 1.000000 0.000000
    outer loop
      vertex   19.641423 21.359999 17.041422
      vertex   19.684778 21.359999 16.976537
      vertex   19.700002 21.359999 16.900000
    endloop
  endfacet
  facet normal 0.000000 1.000000 0.000000
    outer loop
      vertex   19.700002 21.359999 16.900000
      vertex   19.700002 21.359999 16.800000
      vertex   7.550002 21.359999 16.800000
    endloop
  endfacet
  facet normal 0.000000 0.000000 1.000000
    outer loop
      vertex   19.391343 29.441938 16.800000
      vertex   19.700002 28.979999 16.800000
      vertex   19.661941 29.171340 16.800000
    endloop
  endfacet
  facet normal 0.000000 0.000000 1.000000
    outer loop
      vertex   19.661941 29.171340 16.800000
      vertex   19.553555 29.333552 16.800000
      vertex   19.391343 29.441938 16.800000
    endloop
  endfacet
  facet normal 0.000000 0.000000 1.000000
    outer loop
      vertex   19.391343 29.441938 16.800000
      vertex   19.200002 29.479999 16.800000
      vertex   19.700002 28.979999 16.800000
    endloop
  endfacet
  facet normal 0.000000 0.000000 1.000000
    outer loop
      vertex   7.550002 21.359999 16.800000
      vertex   19.700002 21.359999 16.800000
      vertex   19.700002 28.979999 16.800000
    endloop
  endfacet
  facet normal 0.000000 0.000000 1.000000
    outer loop
      vertex   19.700002 28.979999 16.800000
      vertex   7.550002 29.479999 16.800000
      vertex   7.550002 21.359999 16.800000
    endloop
  endfacet
  facet normal 0.000000 0.000000 1.000000
    outer loop
      vertex   19.200002 29.479999 16.800000
      vertex   7.550002 29.479999 16.800000
      vertex   19.700002 28.979999 16.800000
    endloop
  endfacet
  facet normal 0.980785 0.195090 0.000000
    outer loop
      vertex   19.700002 28.979999 16.800000
      vertex   19.700002 28.979999 8.500000
      vertex   19.661941 29.171340 8.500000
    endloop
  endfacet
  facet normal 0.831470 0.555570 0.000000
    outer loop
      vertex   19.661941 29.171340 16.800000
      vertex   19.661941 29.171340 8.500000
      vertex   19.553555 29.333552 8.500000
    endloop
  endfacet
  facet normal 0.555570 0.831470 0.000000
    outer loop
      vertex   19.553555 29.333552 16.800000
      vertex   19.553555 29.333552 8.500000
      vertex   19.391343 29.441938 8.500000
    endloop
  endfacet
  facet normal 0.195090 0.980785 0.000000
    outer loop
      vertex   19.391343 29.441938 16.800000
      vertex   19.391343 29.441938 8.500000
      vertex   19.200002 29.479999 8.500000
    endloop
  endfacet
  facet normal 0.195090 0.980785 -0.000000
    outer loop
      vertex   19.200002 29.479999 8.500000
      vertex   19.200002 29.479999 16.800000
      vertex   19.391343 29.441938 16.800000
    endloop
  endfacet
  facet normal 0.555570 0.831470 -0.000000
    outer loop
      vertex   19.391343 29.441938 8.500000
      vertex   19.391343 29.441938 16.800000
      vertex   19.553555 29.333552 16.800000
    endloop
  endfacet
  facet normal 0.831470 0.555570 -0.000000
    outer loop
      vertex   19.553555 29.333552 8.500000
      vertex   19.553555 29.333552 16.800000
      vertex   19.661941 29.171340 16.800000
    endloop
  endfacet
  facet normal 0.980785 0.195090 -0.000000
    outer loop
      vertex   19.661941 29.171340 8.500000
      vertex   19.661941 29.171340 16.800000
      vertex   19.700002 28.979999 16.800000
    endloop
  endfacet
  facet normal 0.195090 0.000000 0.980785
    outer loop
      vertex   19.576538 21.359999 17.084776
      vertex   19.500002 21.359999 17.100000
      vertex   19.500002 20.179999 17.100000
    endloop
  endfacet
  facet normal 0.555570 -0.000000 0.831470
    outer loop
      vertex   19.641423 21.359999 17.041422
      vertex   19.576538 21.359999 17.084776
      vertex   19.576538 20.103462 17.084776
    endloop
  endfacet
  facet normal 0.831470 0.000000 0.555570
    outer loop
      vertex   19.684778 21.359999 16.976537
      vertex   19.641423 21.359999 17.041422
      vertex   19.641423 20.038577 17.041422
    endloop
  endfacet
  facet normal 0.775239 0.005580 0.631643
    outer loop
      vertex   19.641423 20.038577 17.041422
      vertex   19.666296 20.013705 17.011114
      vertex   19.684778 21.359999 16.976537
    endloop
  endfacet
  facet normal 0.980785 0.000000 0.195090
    outer loop
      vertex   19.700002 21.359999 16.900000
      vertex   19.684778 21.359999 16.976537
      vertex   19.684778 19.995223 16.976537
    endloop
  endfacet
  facet normal 0.957389 0.005513 0.288748
    outer loop
      vertex   19.684778 19.995223 16.976537
      vertex   19.696159 19.983842 16.939018
      vertex   19.700002 21.359999 16.900000
    endloop
  endfacet
  facet normal 0.995185 0.000000 0.098017
    outer loop
      vertex   19.696159 19.983842 16.939018
      vertex   19.700002 19.979999 16.900000
      vertex   19.700002 21.359999 16.900000
    endloop
  endfacet
  facet normal 0.881921 0.000000 0.471397
    outer loop
      vertex   19.666296 20.013705 17.011114
      vertex   19.684778 19.995223 16.976537
      vertex   19.684778 21.359999 16.976537
    endloop
  endfacet
  facet normal 0.555570 0.000000 0.831470
    outer loop
      vertex   19.576538 20.103462 17.084776
      vertex   19.641423 20.038577 17.041422
      vertex   19.641423 21.359999 17.041422
    endloop
  endfacet
  facet normal 0.195090 0.000000 0.980785
    outer loop
      vertex   19.500002 20.179999 17.100000
      vertex   19.576538 20.103462 17.084776
      vertex   19.576538 21.359999 17.084776
    endloop
  endfacet
  facet normal 0.191480 -0.962637 0.191480
    outer loop
      vertex   19.200002 3.495223 16.976537
      vertex   19.200002 3.479999 16.900000
      vertex   19.391343 3.518059 16.900000
    endloop
  endfacet
  facet normal 0.545290 -0.816084 0.191480
    outer loop
      vertex   19.385517 3.532124 16.976537
      vertex   19.391343 3.518059 16.900000
      vertex   19.553555 3.626445 16.900000
    endloop
  endfacet
  facet normal 0.816084 -0.545290 0.191480
    outer loop
      vertex   19.542790 3.637210 16.976537
      vertex   19.553555 3.626445 16.900000
      vertex   19.661941 3.788657 16.900000
    endloop
  endfacet
  facet normal 0.962637 -0.191480 0.191480
    outer loop
      vertex   19.647876 3.794483 16.976537
      vertex   19.661941 3.788657 16.900000
      vertex   19.700002 3.979999 16.900000
    endloop
  endfacet
  facet normal 0.163173 -0.820326 0.548124
    outer loop
      vertex   19.200002 3.538577 17.041422
      vertex   19.200002 3.495223 16.976537
      vertex   19.385517 3.532124 16.976537
    endloop
  endfacet
  facet normal 0.464677 -0.695439 0.548124
    outer loop
      vertex   19.368926 3.572178 17.041422
      vertex   19.385517 3.532124 16.976537
      vertex   19.542790 3.637210 16.976537
    endloop
  endfacet
  facet normal 0.695439 -0.464677 0.548124
    outer loop
      vertex   19.512134 3.667867 17.041422
      vertex   19.542790 3.637210 16.976537
      vertex   19.647876 3.794483 16.976537
    endloop
  endfacet
  facet normal 0.820326 -0.163173 0.548124
    outer loop
      vertex   19.607822 3.811074 17.041422
      vertex   19.647876 3.794483 16.976537
      vertex   19.684778 3.979999 16.976537
    endloop
  endfacet
  facet normal 0.109841 -0.552209 0.826439
    outer loop
      vertex   19.200002 3.603462 17.084776
      vertex   19.200002 3.538577 17.041422
      vertex   19.368926 3.572178 17.041422
    endloop
  endfacet
  facet normal 0.312801 -0.468140 0.826439
    outer loop
      vertex   19.344096 3.632124 17.084776
      vertex   19.368926 3.572178 17.041422
      vertex   19.512134 3.667867 17.041422
    endloop
  endfacet
  facet normal 0.468140 -0.312801 0.826439
    outer loop
      vertex   19.466253 3.713747 17.084776
      vertex   19.512134 3.667867 17.041422
      vertex   19.607822 3.811074 17.041422
    endloop
  endfacet
  facet normal 0.552209 -0.109841 0.826439
    outer loop
      vertex   19.547876 3.835904 17.084776
      vertex   19.607822 3.811074 17.041422
      vertex   19.641423 3.979999 17.041422
    endloop
  endfacet
  facet normal 0.038777 -0.194944 0.980048
    outer loop
      vertex   19.200002 3.679999 17.100000
      vertex   19.200002 3.603462 17.084776
      vertex   19.344096 3.632124 17.084776
    endloop
  endfacet
  facet normal 0.110427 -0.165265 0.980048
    outer loop
      vertex   19.314807 3.702835 17.100000
      vertex   19.344096 3.632124 17.084776
      vertex   19.466253 3.713747 17.084776
    endloop
  endfacet
  facet normal 0.165265 -0.110427 0.980048
    outer loop
      vertex   19.412134 3.767867 17.100000
      vertex   19.466253 3.713747 17.084776
      vertex   19.547876 3.835904 17.084776
    endloop
  endfacet
  facet normal 0.194944 -0.038777 0.980048
    outer loop
      vertex   19.477166 3.865194 17.100000
      vertex   19.547876 3.835904 17.084776
      vertex   19.576538 3.979999 17.084776
    endloop
  endfacet
  facet normal 0.194944 -0.038777 0.980048
    outer loop
      vertex   19.576538 3.979999 17.084776
      vertex   19.500002 3.979999 17.100000
      vertex   19.477166 3.865194 17.100000
    endloop
  endfacet
  facet normal 0.165265 -0.110427 0.980048
    outer loop
      vertex   19.547876 3.835904 17.084776
      vertex   19.477166 3.865194 17.100000
      vertex   19.412134 3.767867 17.100000
    endloop
  endfacet
  facet normal 0.110427 -0.165265 0.980048
    outer loop
      vertex   19.466253 3.713747 17.084776
      vertex   19.412134 3.767867 17.100000
      vertex   19.314807 3.702835 17.100000
    endloop
  endfacet
  facet normal 0.038777 -0.194944 0.980048
    outer loop
      vertex   19.344096 3.632124 17.084776
      vertex   19.314807 3.702835 17.100000
      vertex   19.200002 3.679999 17.100000
    endloop
  endfacet
  facet normal 0.552209 -0.109841 0.826439
    outer loop
      vertex   19.641423 3.979999 17.041422
      vertex   19.576538 3.979999 17.084776
      vertex   19.547876 3.835904 17.084776
    endloop
  endfacet
  facet normal 0.468140 -0.312801 0.826439
    outer loop
      vertex   19.607822 3.811074 17.041422
      vertex   19.547876 3.835904 17.084776
      vertex   19.466253 3.713747 17.084776
    endloop
  endfacet
  facet normal 0.312801 -0.468140 0.826439
    outer loop
      vertex   19.512134 3.667867 17.041422
      vertex   19.466253 3.713747 17.084776
      vertex   19.344096 3.632124 17.084776
    endloop
  endfacet
  facet normal 0.109841 -0.552209 0.826439
    outer loop
      vertex   19.368926 3.572178 17.041422
      vertex   19.344096 3.632124 17.084776
      vertex   19.200002 3.603462 17.084776
    endloop
  endfacet
  facet normal 0.820326 -0.163173 0.548124
    outer loop
      vertex   19.684778 3.979999 16.976537
      vertex   19.641423 3.979999 17.041422
      vertex   19.607822 3.811074 17.041422
    endloop
  endfacet
  facet normal 0.695439 -0.464677 0.548124
    outer loop
      vertex   19.647876 3.794483 16.976537
      vertex   19.607822 3.811074 17.041422
      vertex   19.512134 3.667867 17.041422
    endloop
  endfacet
  facet normal 0.464677 -0.695439 0.548124
    outer loop
      vertex   19.542790 3.637210 16.976537
      vertex   19.512134 3.667867 17.041422
      vertex   19.368926 3.572178 17.041422
    endloop
  endfacet
  facet normal 0.163173 -0.820326 0.548124
    outer loop
      vertex   19.385517 3.532124 16.976537
      vertex   19.368926 3.572178 17.041422
      vertex   19.200002 3.538577 17.041422
    endloop
  endfacet
  facet normal 0.962637 -0.191480 0.191480
    outer loop
      vertex   19.700002 3.979999 16.900000
      vertex   19.684778 3.979999 16.976537
      vertex   19.647876 3.794483 16.976537
    endloop
  endfacet
  facet normal 0.816084 -0.545290 0.191480
    outer loop
      vertex   19.661941 3.788657 16.900000
      vertex   19.647876 3.794483 16.976537
      vertex   19.542790 3.637210 16.976537
    endloop
  endfacet
  facet normal 0.545290 -0.816084 0.191480
    outer loop
      vertex   19.553555 3.626445 16.900000
      vertex   19.542790 3.637210 16.976537
      vertex   19.385517 3.532124 16.976537
    endloop
  endfacet
  facet normal 0.191480 -0.962637 0.191480
    outer loop
      vertex   19.391343 3.518059 16.900000
      vertex   19.385517 3.532124 16.976537
      vertex   19.200002 3.495223 16.976537
    endloop
  endfacet
  facet normal 0.195090 -0.980785 0.000000
    outer loop
      vertex   19.200002 3.479999 16.900000
      vertex   19.200002 3.479999 8.500000
      vertex   19.391343 3.518059 8.500000
    endloop
  endfacet
  facet normal 0.555570 -0.831470 0.000000
    outer loop
      vertex   19.391343 3.518059 16.900000
      vertex   19.391343 3.518059 8.500000
      vertex   19.553555 3.626445 8.500000
    endloop
  endfacet
  facet normal 0.831470 -0.555570 0.000000
    outer loop
      vertex   19.553555 3.626445 16.900000
      vertex   19.553555 3.626445 8.500000
      vertex   19.661941 3.788657 8.500000
    endloop
  endfacet
  facet normal 0.980785 -0.195090 0.000000
    outer loop
      vertex   19.661941 3.788657 16.900000
      vertex   19.661941 3.788657 8.500000
      vertex   19.700002 3.979999 8.500000
    endloop
  endfacet
  facet normal 0.980785 -0.195090 0.000000
    outer loop
      vertex   19.700002 3.979999 8.500000
      vertex   19.700002 3.979999 16.900000
      vertex   19.661941 3.788657 16.900000
    endloop
  endfacet
  facet normal 0.831470 -0.555570 0.000000
    outer loop
      vertex   19.661941 3.788657 8.500000
      vertex   19.661941 3.788657 16.900000
      vertex   19.553555 3.626445 16.900000
    endloop
  endfacet
  facet normal 0.555570 -0.831470 0.000000
    outer loop
      vertex   19.553555 3.626445 8.500000
      vertex   19.553555 3.626445 16.900000
      vertex   19.391343 3.518059 16.900000
    endloop
  endfacet
  facet normal 0.195090 -0.980785 0.000000
    outer loop
      vertex   19.391343 3.518059 8.500000
      vertex   19.391343 3.518059 16.900000
      vertex   19.200002 3.479999 16.900000
    endloop
  endfacet
  facet normal 0.957007 -0.000796 0.290063
    outer loop
      vertex   19.700002 3.979999 16.900000
      vertex   19.696159 13.576156 16.939018
      vertex   19.684778 13.564774 16.976537
    endloop
  endfacet
  facet normal 0.995185 -0.000000 0.098017
    outer loop
      vertex   19.700002 3.979999 16.900000
      vertex   19.700002 13.579999 16.900000
      vertex   19.696159 13.576156 16.939018
    endloop
  endfacet
  facet normal 0.773331 -0.000798 0.634002
    outer loop
      vertex   19.684778 3.979999 16.976537
      vertex   19.666296 13.546293 17.011114
      vertex   19.641423 13.521420 17.041422
    endloop
  endfacet
  facet normal 0.881921 0.000000 0.471397
    outer loop
      vertex   19.684778 3.979999 16.976537
      vertex   19.684778 13.564774 16.976537
      vertex   19.666296 13.546293 17.011114
    endloop
  endfacet
  facet normal 0.555570 -0.000000 0.831470
    outer loop
      vertex   19.641423 3.979999 17.041422
      vertex   19.641423 13.521420 17.041422
      vertex   19.576538 13.456535 17.084776
    endloop
  endfacet
  facet normal 0.195090 0.000000 0.980785
    outer loop
      vertex   19.576538 3.979999 17.084776
      vertex   19.576538 13.456535 17.084776
      vertex   19.500002 13.379999 17.100000
    endloop
  endfacet
  facet normal 0.195090 0.000000 0.980785
    outer loop
      vertex   19.500002 13.379999 17.100000
      vertex   19.500002 3.979999 17.100000
      vertex   19.576538 3.979999 17.084776
    endloop
  endfacet
  facet normal 0.555570 0.000000 0.831470
    outer loop
      vertex   19.576538 13.456535 17.084776
      vertex   19.576538 3.979999 17.084776
      vertex   19.641423 3.979999 17.041422
    endloop
  endfacet
  facet normal 0.831470 0.000000 0.555570
    outer loop
      vertex   19.641423 13.521420 17.041422
      vertex   19.641423 3.979999 17.041422
      vertex   19.684778 3.979999 16.976537
    endloop
  endfacet
  facet normal 0.980785 0.000000 0.195090
    outer loop
      vertex   19.684778 13.564774 16.976537
      vertex   19.684778 3.979999 16.976537
      vertex   19.700002 3.979999 16.900000
    endloop
  endfacet
  facet normal 0.000000 -0.000000 1.000000
    outer loop
      vertex   7.550002 29.279999 17.100000
      vertex   0.612279 27.627659 17.100000
      vertex   0.201383 25.606572 17.100000
    endloop
  endfacet
  facet normal 0.000000 0.000000 1.000000
    outer loop
      vertex   18.053286 13.812120 17.100000
      vertex   0.200002 3.979999 17.100000
      vertex   0.222838 3.865194 17.100000
    endloop
  endfacet
  facet normal 0.000000 0.000000 1.000000
    outer loop
      vertex   0.201383 25.606572 17.100000
      vertex   0.523696 23.569481 17.100000
      vertex   7.550002 29.279999 17.100000
    endloop
  endfacet
  facet normal -0.000000 0.000000 1.000000
    outer loop
      vertex   7.550002 21.359999 17.100000
      vertex   0.200002 3.979999 17.100000
      vertex   18.000002 14.079999 17.100000
    endloop
  endfacet
  facet normal 0.000000 0.000000 1.000000
    outer loop
      vertex   18.053286 13.812120 17.100000
      vertex   0.385197 3.702835 17.100000
      vertex   0.500002 3.679999 17.100000
    endloop
  endfacet
  facet normal -0.000000 0.000000 1.000000
    outer loop
      vertex   0.222838 3.865194 17.100000
      vertex   0.287870 3.767867 17.100000
      vertex   18.053286 13.812120 17.100000
    endloop
  endfacet
  facet normal 0.000000 0.000000 1.000000
    outer loop
      vertex   19.500002 3.979999 17.100000
      vertex   19.314807 3.702835 17.100000
      vertex   19.412134 3.767867 17.100000
    endloop
  endfacet
  facet normal 0.000000 0.000000 1.000000
    outer loop
      vertex   7.550002 21.359999 17.100000
      vertex   1.658380 21.564465 17.100000
      vertex   1.700002 21.326687 17.100000
    endloop
  endfacet
  facet normal 0.000000 0.000000 1.000000
    outer loop
      vertex   7.550002 29.279999 17.100000
      vertex   1.538463 21.773966 17.100000
      vertex   1.658380 21.564465 17.100000
    endloop
  endfacet
  facet normal 0.000000 -0.000000 1.000000
    outer loop
      vertex   7.550002 29.279999 17.100000
      vertex   1.618221 29.279999 17.100000
      vertex   0.612279 27.627659 17.100000
    endloop
  endfacet
  facet normal 0.000000 0.000000 1.000000
    outer loop
      vertex   0.200002 3.979999 17.100000
      vertex   18.053286 13.812120 17.100000
      vertex   18.000002 14.079999 17.100000
    endloop
  endfacet
  facet normal -0.000000 0.000000 1.000000
    outer loop
      vertex   0.287870 3.767867 17.100000
      vertex   0.385197 3.702835 17.100000
      vertex   18.053286 13.812120 17.100000
    endloop
  endfacet
  facet normal 0.000000 0.000000 1.000000
    outer loop
      vertex   18.700002 13.379999 17.100000
      vertex   19.200002 3.679999 17.100000
      vertex   19.500002 3.979999 17.100000
    endloop
  endfacet
  facet normal 0.000000 0.000000 1.000000
    outer loop
      vertex   19.500002 3.979999 17.100000
      vertex   19.200002 3.679999 17.100000
      vertex   19.314807 3.702835 17.100000
    endloop
  endfacet
  facet normal 0.000000 0.000000 1.000000
    outer loop
      vertex   1.700002 21.326687 17.100000
      vertex   1.700002 19.979999 17.100000
      vertex   7.550002 21.359999 17.100000
    endloop
  endfacet
  facet normal 0.000000 0.000000 1.000000
    outer loop
      vertex   0.523696 23.569481 17.100000
      vertex   1.538463 21.773966 17.100000
      vertex   7.550002 29.279999 17.100000
    endloop
  endfacet
  facet normal 0.000000 0.000000 1.000000
    outer loop
      vertex   0.500002 3.679999 17.100000
      vertex   18.205027 13.585024 17.100000
      vertex   18.053286 13.812120 17.100000
    endloop
  endfacet
  facet normal 0.000000 0.000000 1.000000
    outer loop
      vertex   0.500002 3.679999 17.100000
      vertex   19.200002 3.679999 17.100000
      vertex   18.432123 13.433283 17.100000
    endloop
  endfacet
  facet normal 0.000000 0.000000 1.000000
    outer loop
      vertex   19.412134 3.767867 17.100000
      vertex   19.477166 3.865194 17.100000
      vertex   19.500002 3.979999 17.100000
    endloop
  endfacet
  facet normal 0.000000 0.000000 1.000000
    outer loop
      vertex   0.200002 3.979999 17.100000
      vertex   1.267880 19.333283 17.100000
      vertex   1.000002 19.279999 17.100000
    endloop
  endfacet
  facet normal 0.000000 -0.000000 1.000000
    outer loop
      vertex   7.550002 21.359999 17.100000
      vertex   1.646717 19.712120 17.100000
      vertex   1.494976 19.485024 17.100000
    endloop
  endfacet
  facet normal 0.000000 0.000000 1.000000
    outer loop
      vertex   1.658380 21.564465 17.100000
      vertex   7.550002 21.359999 17.100000
      vertex   7.550002 29.279999 17.100000
    endloop
  endfacet
  facet normal 0.000000 0.000000 1.000000
    outer loop
      vertex   18.432123 13.433283 17.100000
      vertex   18.205027 13.585024 17.100000
      vertex   0.500002 3.679999 17.100000
    endloop
  endfacet
  facet normal 0.000000 -0.000000 1.000000
    outer loop
      vertex   19.500002 3.979999 17.100000
      vertex   19.500002 13.379999 17.100000
      vertex   18.700002 13.379999 17.100000
    endloop
  endfacet
  facet normal 0.000000 0.000000 1.000000
    outer loop
      vertex   0.200002 3.979999 17.100000
      vertex   1.494976 19.485024 17.100000
      vertex   1.267880 19.333283 17.100000
    endloop
  endfacet
  facet normal 0.000000 -0.000000 1.000000
    outer loop
      vertex   1.700002 19.979999 17.100000
      vertex   1.646717 19.712120 17.100000
      vertex   7.550002 21.359999 17.100000
    endloop
  endfacet
  facet normal 0.000000 0.000000 1.000000
    outer loop
      vertex   19.500002 21.359999 17.100000
      vertex   7.550002 21.359999 17.100000
      vertex   18.000002 20.179999 17.100000
    endloop
  endfacet
  facet normal 0.000000 0.000000 1.000000
    outer loop
      vertex   18.700002 13.379999 17.100000
      vertex   18.432123 13.433283 17.100000
      vertex   19.200002 3.679999 17.100000
    endloop
  endfacet
  facet normal 0.000000 -0.000000 1.000000
    outer loop
      vertex   1.494976 19.485024 17.100000
      vertex   0.200002 3.979999 17.100000
      vertex   7.550002 21.359999 17.100000
    endloop
  endfacet
  facet normal -0.000000 0.000000 1.000000
    outer loop
      vertex   18.000002 14.079999 17.100000
      vertex   18.000002 20.179999 17.100000
      vertex   7.550002 21.359999 17.100000
    endloop
  endfacet
  facet normal -0.000000 0.000000 1.000000
    outer loop
      vertex   18.000002 20.179999 17.100000
      vertex   19.500002 20.179999 17.100000
      vertex   19.500002 21.359999 17.100000
    endloop
  endfacet
  facet normal 0.000000 0.000000 1.000000
    outer loop
      vertex   1.000002 19.279999 17.100000
      vertex   0.200002 19.279999 17.100000
      vertex   0.200002 3.979999 17.100000
    endloop
  endfacet
  facet normal 0.000000 0.195090 0.980785
    outer loop
      vertex   18.700002 13.456535 17.084776
      vertex   18.700002 13.379999 17.100000
      vertex   19.500002 13.379999 17.100000
    endloop
  endfacet
  facet normal 0.000000 0.555570 0.831470
    outer loop
      vertex   18.700002 13.521420 17.041422
      vertex   18.700002 13.456535 17.084776
      vertex   19.576538 13.456535 17.084776
    endloop
  endfacet
  facet normal 0.000000 0.831470 0.555570
    outer loop
      vertex   18.700002 13.564774 16.976537
      vertex   18.700002 13.521420 17.041422
      vertex   19.641423 13.521420 17.041422
    endloop
  endfacet
  facet normal -0.007720 0.776085 0.630581
    outer loop
      vertex   19.641423 13.521420 17.041422
      vertex   19.666296 13.546293 17.011114
      vertex   18.700002 13.564774 16.976537
    endloop
  endfacet
  facet normal 0.000000 0.980785 0.195090
    outer loop
      vertex   18.700002 13.579999 16.900000
      vertex   18.700002 13.564774 16.976537
      vertex   19.684778 13.564774 16.976537
    endloop
  endfacet
  facet normal -0.007593 0.957550 0.288166
    outer loop
      vertex   19.684778 13.564774 16.976537
      vertex   19.696159 13.576156 16.939018
      vertex   18.700002 13.579999 16.900000
    endloop
  endfacet
  facet normal 0.000000 0.995185 0.098017
    outer loop
      vertex   19.696159 13.576156 16.939018
      vertex   19.700002 13.579999 16.900000
      vertex   18.700002 13.579999 16.900000
    endloop
  endfacet
  facet normal 0.000000 0.881921 0.471397
    outer loop
      vertex   19.666296 13.546293 17.011114
      vertex   19.684778 13.564774 16.976537
      vertex   18.700002 13.564774 16.976537
    endloop
  endfacet
  facet normal 0.000000 0.555570 0.831470
    outer loop
      vertex   19.576538 13.456535 17.084776
      vertex   19.641423 13.521420 17.041422
      vertex   18.700002 13.521420 17.041422
    endloop
  endfacet
  facet normal 0.000000 0.195090 0.980785
    outer loop
      vertex   19.500002 13.379999 17.100000
      vertex   19.576538 13.456535 17.084776
      vertex   18.700002 13.456535 17.084776
    endloop
  endfacet
  facet normal 0.194944 0.038777 0.980048
    outer loop
      vertex   18.076538 14.079999 17.084776
      vertex   18.000002 14.079999 17.100000
      vertex   18.053286 13.812120 17.100000
    endloop
  endfacet
  facet normal 0.165265 0.110427 0.980048
    outer loop
      vertex   18.123997 13.841409 17.084776
      vertex   18.053286 13.812120 17.100000
      vertex   18.205027 13.585024 17.100000
    endloop
  endfacet
  facet normal 0.110427 0.165265 0.980048
    outer loop
      vertex   18.259147 13.639143 17.084776
      vertex   18.205027 13.585024 17.100000
      vertex   18.432123 13.433283 17.100000
    endloop
  endfacet
  facet normal 0.038777 0.194944 0.980048
    outer loop
      vertex   18.461413 13.503994 17.084776
      vertex   18.432123 13.433283 17.100000
      vertex   18.700002 13.379999 17.100000
    endloop
  endfacet
  facet normal 0.552209 0.109841 0.826439
    outer loop
      vertex   18.141423 14.079999 17.041422
      vertex   18.076538 14.079999 17.084776
      vertex   18.123997 13.841409 17.084776
    endloop
  endfacet
  facet normal 0.468140 0.312801 0.826439
    outer loop
      vertex   18.183942 13.866240 17.041422
      vertex   18.123997 13.841409 17.084776
      vertex   18.259147 13.639143 17.084776
    endloop
  endfacet
  facet normal 0.312801 0.468140 0.826439
    outer loop
      vertex   18.305027 13.685024 17.041422
      vertex   18.259147 13.639143 17.084776
      vertex   18.461413 13.503994 17.084776
    endloop
  endfacet
  facet normal 0.109841 0.552209 0.826439
    outer loop
      vertex   18.486243 13.563939 17.041422
      vertex   18.461413 13.503994 17.084776
      vertex   18.700002 13.456535 17.084776
    endloop
  endfacet
  facet normal 0.820326 0.163173 0.548124
    outer loop
      vertex   18.184778 14.079999 16.976537
      vertex   18.141423 14.079999 17.041422
      vertex   18.183942 13.866240 17.041422
    endloop
  endfacet
  facet normal 0.695439 0.464677 0.548124
    outer loop
      vertex   18.223997 13.882831 16.976537
      vertex   18.183942 13.866240 17.041422
      vertex   18.305027 13.685024 17.041422
    endloop
  endfacet
  facet normal 0.464677 0.695439 0.548124
    outer loop
      vertex   18.335683 13.715680 16.976537
      vertex   18.305027 13.685024 17.041422
      vertex   18.486243 13.563939 17.041422
    endloop
  endfacet
  facet normal 0.163173 0.820326 0.548124
    outer loop
      vertex   18.502834 13.603994 16.976537
      vertex   18.486243 13.563939 17.041422
      vertex   18.700002 13.521420 17.041422
    endloop
  endfacet
  facet normal 0.962637 0.191480 0.191480
    outer loop
      vertex   18.200002 14.079999 16.900000
      vertex   18.184778 14.079999 16.976537
      vertex   18.223997 13.882831 16.976537
    endloop
  endfacet
  facet normal 0.816084 0.545290 0.191480
    outer loop
      vertex   18.238062 13.888657 16.900000
      vertex   18.223997 13.882831 16.976537
      vertex   18.335683 13.715680 16.976537
    endloop
  endfacet
  facet normal 0.545290 0.816084 0.191480
    outer loop
      vertex   18.346448 13.726445 16.900000
      vertex   18.335683 13.715680 16.976537
      vertex   18.502834 13.603994 16.976537
    endloop
  endfacet
  facet normal 0.191480 0.962637 0.191480
    outer loop
      vertex   18.508660 13.618059 16.900000
      vertex   18.502834 13.603994 16.976537
      vertex   18.700002 13.564774 16.976537
    endloop
  endfacet
  facet normal 0.191480 0.962637 0.191480
    outer loop
      vertex   18.700002 13.564774 16.976537
      vertex   18.700002 13.579999 16.900000
      vertex   18.508660 13.618059 16.900000
    endloop
  endfacet
  facet normal 0.545290 0.816084 0.191480
    outer loop
      vertex   18.502834 13.603994 16.976537
      vertex   18.508660 13.618059 16.900000
      vertex   18.346448 13.726445 16.900000
    endloop
  endfacet
  facet normal 0.816084 0.545290 0.191480
    outer loop
      vertex   18.335683 13.715680 16.976537
      vertex   18.346448 13.726445 16.900000
      vertex   18.238062 13.888657 16.900000
    endloop
  endfacet
  facet normal 0.962637 0.191480 0.191480
    outer loop
      vertex   18.223997 13.882831 16.976537
      vertex   18.238062 13.888657 16.900000
      vertex   18.200002 14.079999 16.900000
    endloop
  endfacet
  facet normal 0.163173 0.820326 0.548124
    outer loop
      vertex   18.700002 13.521420 17.041422
      vertex   18.700002 13.564774 16.976537
      vertex   18.502834 13.603994 16.976537
    endloop
  endfacet
  facet normal 0.464677 0.695439 0.548124
    outer loop
      vertex   18.486243 13.563939 17.041422
      vertex   18.502834 13.603994 16.976537
      vertex   18.335683 13.715680 16.976537
    endloop
  endfacet
  facet normal 0.695439 0.464677 0.548124
    outer loop
      vertex   18.305027 13.685024 17.041422
      vertex   18.335683 13.715680 16.976537
      vertex   18.223997 13.882831 16.976537
    endloop
  endfacet
  facet normal 0.820326 0.163173 0.548124
    outer loop
      vertex   18.183942 13.866240 17.041422
      vertex   18.223997 13.882831 16.976537
      vertex   18.184778 14.079999 16.976537
    endloop
  endfacet
  facet normal 0.109841 0.552209 0.826439
    outer loop
      vertex   18.700002 13.456535 17.084776
      vertex   18.700002 13.521420 17.041422
      vertex   18.486243 13.563939 17.041422
    endloop
  endfacet
  facet normal 0.312801 0.468140 0.826439
    outer loop
      vertex   18.461413 13.503994 17.084776
      vertex   18.486243 13.563939 17.041422
      vertex   18.305027 13.685024 17.041422
    endloop
  endfacet
  facet normal 0.468140 0.312801 0.826439
    outer loop
      vertex   18.259147 13.639143 17.084776
      vertex   18.305027 13.685024 17.041422
      vertex   18.183942 13.866240 17.041422
    endloop
  endfacet
  facet normal 0.552209 0.109841 0.826439
    outer loop
      vertex   18.123997 13.841409 17.084776
      vertex   18.183942 13.866240 17.041422
      vertex   18.141423 14.079999 17.041422
    endloop
  endfacet
  facet normal 0.038777 0.194944 0.980048
    outer loop
      vertex   18.700002 13.379999 17.100000
      vertex   18.700002 13.456535 17.084776
      vertex   18.461413 13.503994 17.084776
    endloop
  endfacet
  facet normal 0.110427 0.165265 0.980048
    outer loop
      vertex   18.432123 13.433283 17.100000
      vertex   18.461413 13.503994 17.084776
      vertex   18.259147 13.639143 17.084776
    endloop
  endfacet
  facet normal 0.165265 0.110427 0.980048
    outer loop
      vertex   18.205027 13.585024 17.100000
      vertex   18.259147 13.639143 17.084776
      vertex   18.123997 13.841409 17.084776
    endloop
  endfacet
  facet normal 0.194944 0.038777 0.980048
    outer loop
      vertex   18.053286 13.812120 17.100000
      vertex   18.123997 13.841409 17.084776
      vertex   18.076538 14.079999 17.084776
    endloop
  endfacet
  facet normal -0.000000 1.000000 0.000000
    outer loop
      vertex   18.700002 13.579999 16.900000
      vertex   19.700002 13.579999 16.900000
      vertex   19.700002 13.579999 13.800000
    endloop
  endfacet
  facet normal 0.000000 1.000000 0.000000
    outer loop
      vertex   19.700002 13.579999 13.800000
      vertex   18.700002 13.579999 13.800000
      vertex   18.700002 13.579999 16.900000
    endloop
  endfacet
  facet normal 1.000000 0.000000 0.000000
    outer loop
      vertex   19.700002 3.979999 16.900000
      vertex   19.700002 3.979999 8.500000
      vertex   19.700002 13.579999 13.800000
    endloop
  endfacet
  facet normal 1.000000 -0.000000 -0.000000
    outer loop
      vertex   19.700002 28.979999 8.500000
      vertex   19.700002 19.979999 13.800000
      vertex   19.700002 13.579999 13.800000
    endloop
  endfacet
  facet normal 1.000000 0.000000 0.000000
    outer loop
      vertex   19.700002 19.979999 16.900000
      vertex   19.700002 19.979999 13.800000
      vertex   19.700002 21.359999 16.800000
    endloop
  endfacet
  facet normal 1.000000 0.000000 0.000000
    outer loop
      vertex   19.700002 28.979999 8.500000
      vertex   19.700002 28.979999 16.800000
      vertex   19.700002 21.359999 16.800000
    endloop
  endfacet
  facet normal 1.000000 0.000000 0.000000
    outer loop
      vertex   19.700002 13.579999 13.800000
      vertex   19.700002 3.979999 8.500000
      vertex   19.700002 28.979999 8.500000
    endloop
  endfacet
  facet normal 1.000000 0.000000 0.000000
    outer loop
      vertex   19.700002 21.359999 16.800000
      vertex   19.700002 19.979999 13.800000
      vertex   19.700002 28.979999 8.500000
    endloop
  endfacet
  facet normal 1.000000 0.000000 -0.000000
    outer loop
      vertex   19.700002 21.359999 16.800000
      vertex   19.700002 21.359999 16.900000
      vertex   19.700002 19.979999 16.900000
    endloop
  endfacet
  facet normal 1.000000 -0.000000 -0.000000
    outer loop
      vertex   19.700002 13.579999 13.800000
      vertex   19.700002 13.579999 16.900000
      vertex   19.700002 3.979999 16.900000
    endloop
  endfacet
  facet normal 0.000000 -0.195090 0.980785
    outer loop
      vertex   19.500002 20.179999 17.100000
      vertex   18.000002 20.179999 17.100000
      vertex   18.076538 20.103462 17.084776
    endloop
  endfacet
  facet normal 0.000000 -0.555570 0.831470
    outer loop
      vertex   19.576538 20.103462 17.084776
      vertex   18.076538 20.103462 17.084776
      vertex   18.141423 20.038577 17.041422
    endloop
  endfacet
  facet normal -0.005079 -0.775041 0.631891
    outer loop
      vertex   18.184778 19.995223 16.976537
      vertex   19.666296 20.013705 17.011114
      vertex   19.641423 20.038577 17.041422
    endloop
  endfacet
  facet normal 0.000000 -0.881921 0.471397
    outer loop
      vertex   18.184778 19.995223 16.976537
      vertex   19.684778 19.995223 16.976537
      vertex   19.666296 20.013705 17.011114
    endloop
  endfacet
  facet normal 0.000000 -0.773010 0.634393
    outer loop
      vertex   19.641423 20.038577 17.041422
      vertex   18.141423 20.038577 17.041422
      vertex   18.166296 20.013705 17.011114
    endloop
  endfacet
  facet normal -0.005074 -0.957355 0.288871
    outer loop
      vertex   18.200002 19.979999 16.900000
      vertex   19.696159 19.983842 16.939018
      vertex   19.684778 19.995223 16.976537
    endloop
  endfacet
  facet normal 0.000000 -0.995185 0.098017
    outer loop
      vertex   18.200002 19.979999 16.900000
      vertex   19.700002 19.979999 16.900000
      vertex   19.696159 19.983842 16.939018
    endloop
  endfacet
  facet normal 0.000000 -0.956940 0.290285
    outer loop
      vertex   19.684778 19.995223 16.976537
      vertex   18.184778 19.995223 16.976537
      vertex   18.196159 19.983842 16.939018
    endloop
  endfacet
  facet normal 0.005125 -0.995122 0.098516
    outer loop
      vertex   19.684778 19.995223 16.976537
      vertex   18.196159 19.983842 16.939018
      vertex   18.200002 19.979999 16.900000
    endloop
  endfacet
  facet normal 0.005122 -0.880769 0.473519
    outer loop
      vertex   19.641423 20.038577 17.041422
      vertex   18.166296 20.013705 17.011114
      vertex   18.184778 19.995223 16.976537
    endloop
  endfacet
  facet normal 0.000000 -0.555570 0.831470
    outer loop
      vertex   18.141423 20.038577 17.041422
      vertex   19.641423 20.038577 17.041422
      vertex   19.576538 20.103462 17.084776
    endloop
  endfacet
  facet normal 0.000000 -0.195090 0.980785
    outer loop
      vertex   18.076538 20.103462 17.084776
      vertex   19.576538 20.103462 17.084776
      vertex   19.500002 20.179999 17.100000
    endloop
  endfacet
  facet normal 0.000000 0.000000 1.000000
    outer loop
      vertex   18.238062 13.888657 13.800000
      vertex   18.346448 13.726445 13.800000
      vertex   18.508660 13.618059 13.800000
    endloop
  endfacet
  facet normal 0.000000 0.000000 1.000000
    outer loop
      vertex   18.700002 13.579999 13.800000
      vertex   18.200002 14.079999 13.800000
      vertex   18.238062 13.888657 13.800000
    endloop
  endfacet
  facet normal -0.000000 -0.000000 1.000000
    outer loop
      vertex   18.508660 13.618059 13.800000
      vertex   18.700002 13.579999 13.800000
      vertex   18.238062 13.888657 13.800000
    endloop
  endfacet
  facet normal 0.000000 0.000000 1.000000
    outer loop
      vertex   19.700002 19.979999 13.800000
      vertex   18.200002 19.979999 13.800000
      vertex   18.200002 14.079999 13.800000
    endloop
  endfacet
  facet normal -0.000000 0.000000 1.000000
    outer loop
      vertex   18.200002 14.079999 13.800000
      vertex   19.700002 13.579999 13.800000
      vertex   19.700002 19.979999 13.800000
    endloop
  endfacet
  facet normal 0.000000 -0.000000 1.000000
    outer loop
      vertex   18.700002 13.579999 13.800000
      vertex   19.700002 13.579999 13.800000
      vertex   18.200002 14.079999 13.800000
    endloop
  endfacet
  facet normal 1.000000 0.000000 0.000000
    outer loop
      vertex   18.200002 14.079999 13.800000
      vertex   18.200002 19.979999 13.800000
      vertex   18.200002 19.979999 16.900000
    endloop
  endfacet
  facet normal 1.000000 0.000000 0.000000
    outer loop
      vertex   18.200002 19.979999 16.900000
      vertex   18.200002 14.079999 16.900000
      vertex   18.200002 14.079999 13.800000
    endloop
  endfacet
  facet normal 0.000000 -1.000000 0.000000
    outer loop
      vertex   18.200002 19.979999 13.800000
      vertex   19.700002 19.979999 13.800000
      vertex   19.700002 19.979999 16.900000
    endloop
  endfacet
  facet normal -0.000000 -1.000000 0.000000
    outer loop
      vertex   19.700002 19.979999 16.900000
      vertex   18.200002 19.979999 16.900000
      vertex   18.200002 19.979999 13.800000
    endloop
  endfacet
  facet normal 0.980785 0.195090 -0.000000
    outer loop
      vertex   18.238062 13.888657 13.800000
      vertex   18.200002 14.079999 13.800000
      vertex   18.200002 14.079999 16.900000
    endloop
  endfacet
  facet normal 0.831470 0.555570 0.000000
    outer loop
      vertex   18.346448 13.726445 13.800000
      vertex   18.238062 13.888657 13.800000
      vertex   18.238062 13.888657 16.900000
    endloop
  endfacet
  facet normal 0.555570 0.831470 -0.000000
    outer loop
      vertex   18.508660 13.618059 13.800000
      vertex   18.346448 13.726445 13.800000
      vertex   18.346448 13.726445 16.900000
    endloop
  endfacet
  facet normal 0.195090 0.980785 0.000000
    outer loop
      vertex   18.700002 13.579999 13.800000
      vertex   18.508660 13.618059 13.800000
      vertex   18.508660 13.618059 16.900000
    endloop
  endfacet
  facet normal 0.195090 0.980785 0.000000
    outer loop
      vertex   18.508660 13.618059 16.900000
      vertex   18.700002 13.579999 16.900000
      vertex   18.700002 13.579999 13.800000
    endloop
  endfacet
  facet normal 0.555570 0.831470 -0.000000
    outer loop
      vertex   18.346448 13.726445 16.900000
      vertex   18.508660 13.618059 16.900000
      vertex   18.508660 13.618059 13.800000
    endloop
  endfacet
  facet normal 0.831470 0.555570 0.000000
    outer loop
      vertex   18.238062 13.888657 16.900000
      vertex   18.346448 13.726445 16.900000
      vertex   18.346448 13.726445 13.800000
    endloop
  endfacet
  facet normal 0.980785 0.195090 -0.000000
    outer loop
      vertex   18.200002 14.079999 16.900000
      vertex   18.238062 13.888657 16.900000
      vertex   18.238062 13.888657 13.800000
    endloop
  endfacet
  facet normal 0.980785 0.000000 0.195090
    outer loop
      vertex   18.184778 14.079999 16.976537
      vertex   18.200002 14.079999 16.900000
      vertex   18.200002 19.979999 16.900000
    endloop
  endfacet
  facet normal 0.995171 -0.001295 0.098143
    outer loop
      vertex   18.200002 19.979999 16.900000
      vertex   18.196159 19.983842 16.939018
      vertex   18.184778 14.079999 16.976537
    endloop
  endfacet
  facet normal 0.831470 0.000000 0.555570
    outer loop
      vertex   18.141423 14.079999 17.041422
      vertex   18.184778 14.079999 16.976537
      vertex   18.184778 19.995223 16.976537
    endloop
  endfacet
  facet normal 0.881635 -0.001285 0.471931
    outer loop
      vertex   18.184778 19.995223 16.976537
      vertex   18.166296 20.013705 17.011114
      vertex   18.141423 14.079999 17.041422
    endloop
  endfacet
  facet normal 0.555570 0.000000 0.831470
    outer loop
      vertex   18.076538 14.079999 17.084776
      vertex   18.141423 14.079999 17.041422
      vertex   18.141423 20.038577 17.041422
    endloop
  endfacet
  facet normal 0.195090 0.000000 0.980785
    outer loop
      vertex   18.000002 14.079999 17.100000
      vertex   18.076538 14.079999 17.084776
      vertex   18.076538 20.103462 17.084776
    endloop
  endfacet
  facet normal 0.195090 0.000000 0.980785
    outer loop
      vertex   18.076538 20.103462 17.084776
      vertex   18.000002 20.179999 17.100000
      vertex   18.000002 14.079999 17.100000
    endloop
  endfacet
  facet normal 0.555570 0.000000 0.831470
    outer loop
      vertex   18.141423 20.038577 17.041422
      vertex   18.076538 20.103462 17.084776
      vertex   18.076538 14.079999 17.084776
    endloop
  endfacet
  facet normal 0.773010 0.000000 0.634393
    outer loop
      vertex   18.166296 20.013705 17.011114
      vertex   18.141423 20.038577 17.041422
      vertex   18.141423 14.079999 17.041422
    endloop
  endfacet
  facet normal 0.956940 0.000000 0.290285
    outer loop
      vertex   18.196159 19.983842 16.939018
      vertex   18.184778 19.995223 16.976537
      vertex   18.184778 14.079999 16.976537
    endloop
  endfacet
  facet normal 0.000000 1.000000 -0.000000
    outer loop
      vertex   16.600002 29.479999 9.900000
      vertex   3.100002 29.479999 9.900000
      vertex   7.550002 29.479999 16.800000
    endloop
  endfacet
  facet normal 0.000000 1.000000 -0.000000
    outer loop
      vertex   7.550002 29.479999 16.800000
      vertex   19.200002 29.479999 16.800000
      vertex   16.600002 29.479999 9.900000
    endloop
  endfacet
  facet normal -0.000000 1.000000 0.000000
    outer loop
      vertex   1.674325 29.479999 16.900000
      vertex   7.550002 29.479999 16.900000
      vertex   7.550002 29.479999 16.800000
    endloop
  endfacet
  facet normal 0.000000 1.000000 -0.000000
    outer loop
      vertex   3.100002 29.479999 9.900000
      vertex   0.500002 29.479999 8.500000
      vertex   7.550002 29.479999 16.800000
    endloop
  endfacet
  facet normal -0.000000 1.000000 0.000000
    outer loop
      vertex   19.200002 29.479999 8.500000
      vertex   16.600002 29.479999 8.500000
      vertex   16.600002 29.479999 9.900000
    endloop
  endfacet
  facet normal -0.000000 1.000000 0.000000
    outer loop
      vertex   7.550002 29.479999 16.800000
      vertex   0.500002 29.479999 8.500000
      vertex   1.674325 29.479999 13.800000
    endloop
  endfacet
  facet normal -0.000000 1.000000 -0.000000
    outer loop
      vertex   16.600002 29.479999 9.900000
      vertex   19.200002 29.479999 16.800000
      vertex   19.200002 29.479999 8.500000
    endloop
  endfacet
  facet normal 0.000000 1.000000 0.000000
    outer loop
      vertex   0.500002 29.479999 8.500000
      vertex   0.500002 29.479999 13.800000
      vertex   1.674325 29.479999 13.800000
    endloop
  endfacet
  facet normal -0.000000 1.000000 -0.000000
    outer loop
      vertex   7.550002 29.479999 16.800000
      vertex   1.674325 29.479999 13.800000
      vertex   1.674325 29.479999 16.900000
    endloop
  endfacet
  facet normal 0.000000 1.000000 0.000000
    outer loop
      vertex   3.100002 29.479999 9.900000
      vertex   3.100002 29.479999 8.500000
      vertex   0.500002 29.479999 8.500000
    endloop
  endfacet
  facet normal 0.000000 0.000000 -1.000000
    outer loop
      vertex   3.100002 29.479999 9.900000
      vertex   16.600002 29.479999 9.900000
      vertex   16.600002 28.479999 9.900000
    endloop
  endfacet
  facet normal -0.000000 0.000000 -1.000000
    outer loop
      vertex   16.600002 28.479999 9.900000
      vertex   3.100002 28.479999 9.900000
      vertex   3.100002 29.479999 9.900000
    endloop
  endfacet
  facet normal 1.000000 0.000000 0.000000
    outer loop
      vertex   3.100002 29.479999 9.900000
      vertex   3.100002 28.479999 9.900000
      vertex   3.100002 28.479999 8.500000
    endloop
  endfacet
  facet normal 1.000000 0.000000 0.000000
    outer loop
      vertex   3.100002 28.479999 8.500000
      vertex   3.100002 29.479999 8.500000
      vertex   3.100002 29.479999 9.900000
    endloop
  endfacet
  facet normal -1.000000 0.000000 0.000000
    outer loop
      vertex   16.600002 29.479999 8.500000
      vertex   16.600002 28.479999 8.500000
      vertex   16.600002 28.479999 9.900000
    endloop
  endfacet
  facet normal -1.000000 0.000000 0.000000
    outer loop
      vertex   16.600002 28.479999 9.900000
      vertex   16.600002 29.479999 9.900000
      vertex   16.600002 29.479999 8.500000
    endloop
  endfacet
  facet normal 0.000000 0.000000 -1.000000
    outer loop
      vertex   18.700002 4.479999 8.500000
      vertex   19.700002 3.979999 8.500000
      vertex   19.661941 3.788657 8.500000
    endloop
  endfacet
  facet normal 0.000000 -0.000000 -1.000000
    outer loop
      vertex   19.700002 28.979999 8.500000
      vertex   19.700002 3.979999 8.500000
      vertex   18.700002 4.479999 8.500000
    endloop
  endfacet
  facet normal 0.000000 0.000000 -1.000000
    outer loop
      vertex   18.700002 4.479999 8.500000
      vertex   18.700002 28.479999 8.500000
      vertex   19.700002 28.979999 8.500000
    endloop
  endfacet
  facet normal 0.000000 0.000000 -1.000000
    outer loop
      vertex   18.700002 28.479999 8.500000
      vertex   19.553555 29.333552 8.500000
      vertex   19.661941 29.171340 8.500000
    endloop
  endfacet
  facet normal 0.000000 0.000000 -1.000000
    outer loop
      vertex   16.600002 3.479999 8.500000
      vertex   16.600002 4.479999 8.500000
      vertex   18.700002 4.479999 8.500000
    endloop
  endfacet
  facet normal 0.000000 0.000000 -1.000000
    outer loop
      vertex   18.700002 4.479999 8.500000
      vertex   19.553555 3.626445 8.500000
      vertex   19.391343 3.518059 8.500000
    endloop
  endfacet
  facet normal 0.000000 0.000000 -1.000000
    outer loop
      vertex   18.700002 28.479999 8.500000
      vertex   19.200002 29.479999 8.500000
      vertex   19.391343 29.441938 8.500000
    endloop
  endfacet
  facet normal 0.000000 -0.000000 -1.000000
    outer loop
      vertex   16.600002 29.479999 8.500000
      vertex   19.200002 29.479999 8.500000
      vertex   18.700002 28.479999 8.500000
    endloop
  endfacet
  facet normal 0.000000 -0.000000 -1.000000
    outer loop
      vertex   19.661941 29.171340 8.500000
      vertex   19.700002 28.979999 8.500000
      vertex   18.700002 28.479999 8.500000
    endloop
  endfacet
  facet normal -0.000000 0.000000 -1.000000
    outer loop
      vertex   19.391343 3.518059 8.500000
      vertex   19.200002 3.479999 8.500000
      vertex   18.700002 4.479999 8.500000
    endloop
  endfacet
  facet normal 0.000000 0.000000 -1.000000
    outer loop
      vertex   18.700002 28.479999 8.500000
      vertex   16.600002 28.479999 8.500000
      vertex   16.600002 29.479999 8.500000
    endloop
  endfacet
  facet normal 0.000000 0.000000 -1.000000
    outer loop
      vertex   18.700002 4.479999 8.500000
      vertex   19.200002 3.479999 8.500000
      vertex   16.600002 3.479999 8.500000
    endloop
  endfacet
  facet normal -0.000000 0.000000 -1.000000
    outer loop
      vertex   19.661941 3.788657 8.500000
      vertex   19.553555 3.626445 8.500000
      vertex   18.700002 4.479999 8.500000
    endloop
  endfacet
  facet normal 0.000000 -0.000000 -1.000000
    outer loop
      vertex   19.391343 29.441938 8.500000
      vertex   19.553555 29.333552 8.500000
      vertex   18.700002 28.479999 8.500000
    endloop
  endfacet
  facet normal -1.000000 0.000000 -0.000000
    outer loop
      vertex   18.700002 28.479999 12.500000
      vertex   18.700002 28.479999 8.500000
      vertex   18.700002 4.479999 8.500000
    endloop
  endfacet
  facet normal -1.000000 0.000000 0.000000
    outer loop
      vertex   18.700002 4.479999 8.500000
      vertex   18.700002 4.479999 12.500000
      vertex   18.700002 28.479999 12.500000
    endloop
  endfacet
  facet normal 0.000000 -1.000000 0.000000
    outer loop
      vertex   18.700002 28.479999 8.500000
      vertex   18.700002 28.479999 12.500000
      vertex   16.600002 28.479999 9.900000
    endloop
  endfacet
  facet normal 0.000000 -1.000000 0.000000
    outer loop
      vertex   18.700002 28.479999 12.500000
      vertex   1.000002 28.479999 12.500000
      vertex   3.100002 28.479999 9.900000
    endloop
  endfacet
  facet normal 0.000000 -1.000000 -0.000000
    outer loop
      vertex   3.100002 28.479999 9.900000
      vertex   16.600002 28.479999 9.900000
      vertex   18.700002 28.479999 12.500000
    endloop
  endfacet
  facet normal -0.000000 -1.000000 -0.000000
    outer loop
      vertex   1.000002 28.479999 8.500000
      vertex   3.100002 28.479999 8.500000
      vertex   3.100002 28.479999 9.900000
    endloop
  endfacet
  facet normal -0.000000 -1.000000 -0.000000
    outer loop
      vertex   3.100002 28.479999 9.900000
      vertex   1.000002 28.479999 12.500000
      vertex   1.000002 28.479999 8.500000
    endloop
  endfacet
  facet normal 0.000000 -1.000000 0.000000
    outer loop
      vertex   16.600002 28.479999 9.900000
      vertex   16.600002 28.479999 8.500000
      vertex   18.700002 28.479999 8.500000
    endloop
  endfacet
  facet normal 0.000000 -0.000000 -1.000000
    outer loop
      vertex   18.700002 28.479999 12.500000
      vertex   18.700002 4.479999 12.500000
      vertex   1.000002 4.479999 12.500000
    endloop
  endfacet
  facet normal 0.000000 0.000000 -1.000000
    outer loop
      vertex   1.000002 4.479999 12.500000
      vertex   1.000002 28.479999 12.500000
      vertex   18.700002 28.479999 12.500000
    endloop
  endfacet
  facet normal 1.000000 0.000000 0.000000
    outer loop
      vertex   1.000002 28.479999 12.500000
      vertex   1.000002 4.479999 12.500000
      vertex   1.000002 4.479999 8.500000
    endloop
  endfacet
  facet normal 1.000000 0.000000 0.000000
    outer loop
      vertex   1.000002 4.479999 8.500000
      vertex   1.000002 28.479999 8.500000
      vertex   1.000002 28.479999 12.500000
    endloop
  endfacet
  facet normal 0.000000 0.000000 -1.000000
    outer loop
      vertex   1.000002 28.479999 8.500000
      vertex   0.000002 28.979999 8.500000
      vertex   0.038062 29.171340 8.500000
    endloop
  endfacet
  facet normal 0.000000 0.000000 -1.000000
    outer loop
      vertex   0.000002 3.979999 8.500000
      vertex   0.000002 28.979999 8.500000
      vertex   1.000002 28.479999 8.500000
    endloop
  endfacet
  facet normal 0.000000 0.000000 -1.000000
    outer loop
      vertex   1.000002 4.479999 8.500000
      vertex   0.500002 3.479999 8.500000
      vertex   0.308660 3.518059 8.500000
    endloop
  endfacet
  facet normal -0.000000 0.000000 -1.000000
    outer loop
      vertex   3.100002 3.479999 8.500000
      vertex   0.500002 3.479999 8.500000
      vertex   1.000002 4.479999 8.500000
    endloop
  endfacet
  facet normal 0.000000 -0.000000 -1.000000
    outer loop
      vertex   1.000002 28.479999 8.500000
      vertex   1.000002 4.479999 8.500000
      vertex   0.000002 3.979999 8.500000
    endloop
  endfacet
  facet normal 0.000000 0.000000 -1.000000
    outer loop
      vertex   1.000002 4.479999 8.500000
      vertex   0.146448 3.626445 8.500000
      vertex   0.038062 3.788657 8.500000
    endloop
  endfacet
  facet normal -0.000000 0.000000 -1.000000
    outer loop
      vertex   1.000002 4.479999 8.500000
      vertex   3.100002 4.479999 8.500000
      vertex   3.100002 3.479999 8.500000
    endloop
  endfacet
  facet normal 0.000000 0.000000 -1.000000
    outer loop
      vertex   0.038062 3.788657 8.500000
      vertex   0.000002 3.979999 8.500000
      vertex   1.000002 4.479999 8.500000
    endloop
  endfacet
  facet normal -0.000000 -0.000000 -1.000000
    outer loop
      vertex   3.100002 29.479999 8.500000
      vertex   3.100002 28.479999 8.500000
      vertex   1.000002 28.479999 8.500000
    endloop
  endfacet
  facet normal 0.000000 0.000000 -1.000000
    outer loop
      vertex   1.000002 28.479999 8.500000
      vertex   0.146448 29.333552 8.500000
      vertex   0.308660 29.441938 8.500000
    endloop
  endfacet
  facet normal 0.000000 0.000000 -1.000000
    outer loop
      vertex   0.038062 29.171340 8.500000
      vertex   0.146448 29.333552 8.500000
      vertex   1.000002 28.479999 8.500000
    endloop
  endfacet
  facet normal 0.000000 0.000000 -1.000000
    outer loop
      vertex   0.308660 29.441938 8.500000
      vertex   0.500002 29.479999 8.500000
      vertex   1.000002 28.479999 8.500000
    endloop
  endfacet
  facet normal -0.000000 -0.000000 -1.000000
    outer loop
      vertex   1.000002 28.479999 8.500000
      vertex   0.500002 29.479999 8.500000
      vertex   3.100002 29.479999 8.500000
    endloop
  endfacet
  facet normal 0.000000 0.000000 -1.000000
    outer loop
      vertex   0.308660 3.518059 8.500000
      vertex   0.146448 3.626445 8.500000
      vertex   1.000002 4.479999 8.500000
    endloop
  endfacet
  facet normal 0.000000 1.000000 0.000000
    outer loop
      vertex   1.000002 4.479999 8.500000
      vertex   1.000002 4.479999 12.500000
      vertex   3.100002 4.479999 9.900000
    endloop
  endfacet
  facet normal 0.000000 1.000000 0.000000
    outer loop
      vertex   18.700002 4.479999 12.500000
      vertex   16.600002 4.479999 9.900000
      vertex   3.100002 4.479999 9.900000
    endloop
  endfacet
  facet normal 0.000000 1.000000 -0.000000
    outer loop
      vertex   3.100002 4.479999 9.900000
      vertex   1.000002 4.479999 12.500000
      vertex   18.700002 4.479999 12.500000
    endloop
  endfacet
  facet normal 0.000000 1.000000 0.000000
    outer loop
      vertex   18.700002 4.479999 8.500000
      vertex   16.600002 4.479999 8.500000
      vertex   16.600002 4.479999 9.900000
    endloop
  endfacet
  facet normal -0.000000 1.000000 0.000000
    outer loop
      vertex   16.600002 4.479999 9.900000
      vertex   18.700002 4.479999 12.500000
      vertex   18.700002 4.479999 8.500000
    endloop
  endfacet
  facet normal 0.000000 1.000000 0.000000
    outer loop
      vertex   3.100002 4.479999 9.900000
      vertex   3.100002 4.479999 8.500000
      vertex   1.000002 4.479999 8.500000
    endloop
  endfacet
  facet normal 0.000000 -1.000000 0.000000
    outer loop
      vertex   19.200002 3.479999 8.500000
      vertex   19.200002 3.479999 16.900000
      vertex   16.600002 3.479999 9.900000
    endloop
  endfacet
  facet normal -0.000000 -1.000000 0.000000
    outer loop
      vertex   19.200002 3.479999 16.900000
      vertex   0.500002 3.479999 16.900000
      vertex   3.100002 3.479999 9.900000
    endloop
  endfacet
  facet normal 0.000000 -1.000000 0.000000
    outer loop
      vertex   3.100002 3.479999 9.900000
      vertex   16.600002 3.479999 9.900000
      vertex   19.200002 3.479999 16.900000
    endloop
  endfacet
  facet normal 0.000000 -1.000000 0.000000
    outer loop
      vertex   0.500002 3.479999 8.500000
      vertex   3.100002 3.479999 8.500000
      vertex   3.100002 3.479999 9.900000
    endloop
  endfacet
  facet normal -0.000000 -1.000000 0.000000
    outer loop
      vertex   3.100002 3.479999 9.900000
      vertex   0.500002 3.479999 16.900000
      vertex   0.500002 3.479999 8.500000
    endloop
  endfacet
  facet normal 0.000000 -1.000000 0.000000
    outer loop
      vertex   16.600002 3.479999 9.900000
      vertex   16.600002 3.479999 8.500000
      vertex   19.200002 3.479999 8.500000
    endloop
  endfacet
  facet normal 0.000000 -0.000000 -1.000000
    outer loop
      vertex   16.600002 4.479999 9.900000
      vertex   16.600002 3.479999 9.900000
      vertex   3.100002 3.479999 9.900000
    endloop
  endfacet
  facet normal 0.000000 0.000000 -1.000000
    outer loop
      vertex   3.100002 3.479999 9.900000
      vertex   3.100002 4.479999 9.900000
      vertex   16.600002 4.479999 9.900000
    endloop
  endfacet
  facet normal 1.000000 0.000000 0.000000
    outer loop
      vertex   3.100002 4.479999 9.900000
      vertex   3.100002 3.479999 9.900000
      vertex   3.100002 3.479999 8.500000
    endloop
  endfacet
  facet normal 1.000000 0.000000 0.000000
    outer loop
      vertex   3.100002 3.479999 8.500000
      vertex   3.100002 4.479999 8.500000
      vertex   3.100002 4.479999 9.900000
    endloop
  endfacet
  facet normal -1.000000 0.000000 -0.000000
    outer loop
      vertex   16.600002 4.479999 9.900000
      vertex   16.600002 4.479999 8.500000
      vertex   16.600002 3.479999 8.500000
    endloop
  endfacet
  facet normal -1.000000 0.000000 0.000000
    outer loop
      vertex   16.600002 3.479999 8.500000
      vertex   16.600002 3.479999 9.900000
      vertex   16.600002 4.479999 9.900000
    endloop
  endfacet
endsolid <icad/sx>
solid <icad/sx>
  facet normal 0.000000 -1.000000 0.000000
    outer loop
      vertex   4.100002 0.399999 8.500000
      vertex   4.100002 0.399999 5.960000
      vertex   5.440002 0.399999 5.960000
    endloop
  endfacet
  facet normal 0.000000 -1.000000 0.000000
    outer loop
      vertex   5.440002 0.399999 5.960000
      vertex   5.440002 0.399999 8.500000
      vertex   4.100002 0.399999 8.500000
    endloop
  endfacet
  facet normal -0.707107 -0.707107 -0.000000
    outer loop
      vertex   3.500002 0.999999 8.500000
      vertex   3.500002 0.999999 5.960000
      vertex   4.100002 0.399999 5.960000
    endloop
  endfacet
  facet normal -0.707107 -0.707107 0.000000
    outer loop
      vertex   4.100002 0.399999 5.960000
      vertex   4.100002 0.399999 8.500000
      vertex   3.500002 0.999999 8.500000
    endloop
  endfacet
  facet normal -1.000000 0.000000 0.000000
    outer loop
      vertex   3.500002 0.999999 5.960000
      vertex   3.500002 0.999999 8.500000
      vertex   3.500002 2.339999 8.500000
    endloop
  endfacet
  facet normal -1.000000 0.000000 -0.000000
    outer loop
      vertex   3.500002 2.339999 8.500000
      vertex   3.500002 2.339999 5.960000
      vertex   3.500002 0.999999 5.960000
    endloop
  endfacet
  facet normal 0.707107 -0.707107 0.000000
    outer loop
      vertex   5.440002 0.399999 8.500000
      vertex   5.440002 0.399999 5.960000
      vertex   6.040002 0.999999 5.960000
    endloop
  endfacet
  facet normal 0.707107 -0.707107 -0.000000
    outer loop
      vertex   6.040002 0.999999 5.960000
      vertex   6.040002 0.999999 8.500000
      vertex   5.440002 0.399999 8.500000
    endloop
  endfacet
  facet normal -0.707107 0.707107 0.000000
    outer loop
      vertex   4.100002 2.939999 8.500000
      vertex   4.100002 2.939999 5.960000
      vertex   3.500002 2.339999 5.960000
    endloop
  endfacet
  facet normal -0.707107 0.707107 0.000000
    outer loop
      vertex   3.500002 2.339999 5.960000
      vertex   3.500002 2.339999 8.500000
      vertex   4.100002 2.939999 8.500000
    endloop
  endfacet
  facet normal 0.000000 1.000000 0.000000
    outer loop
      vertex   5.440002 2.939999 8.500000
      vertex   5.440002 2.939999 5.960000
      vertex   4.100002 2.939999 5.960000
    endloop
  endfacet
  facet normal 0.000000 1.000000 0.000000
    outer loop
      vertex   4.100002 2.939999 5.960000
      vertex   4.100002 2.939999 8.500000
      vertex   5.440002 2.939999 8.500000
    endloop
  endfacet
  facet normal 0.707107 0.707107 0.000000
    outer loop
      vertex   6.040002 2.339999 8.500000
      vertex   6.040002 2.339999 5.960000
      vertex   5.440002 2.939999 5.960000
    endloop
  endfacet
  facet normal 0.707107 0.707107 -0.000000
    outer loop
      vertex   5.440002 2.939999 5.960000
      vertex   5.440002 2.939999 8.500000
      vertex   6.040002 2.339999 8.500000
    endloop
  endfacet
  facet normal -0.707107 -0.707107 0.000000
    outer loop
      vertex   6.040002 0.999999 8.500000
      vertex   6.040002 0.999999 5.960000
      vertex   6.640002 0.399999 5.960000
    endloop
  endfacet
  facet normal -0.707107 -0.707107 0.000000
    outer loop
      vertex   6.640002 0.399999 5.960000
      vertex   6.640002 0.399999 8.500000
      vertex   6.040002 0.999999 8.500000
    endloop
  endfacet
  facet normal 0.000000 -1.000000 0.000000
    outer loop
      vertex   6.640002 0.399999 8.500000
      vertex   6.640002 0.399999 5.960000
      vertex   7.980002 0.399999 5.960000
    endloop
  endfacet
  facet normal 0.000000 -1.000000 0.000000
    outer loop
      vertex   7.980002 0.399999 5.960000
      vertex   7.980002 0.399999 8.500000
      vertex   6.640002 0.399999 8.500000
    endloop
  endfacet
  facet normal 0.707107 -0.707107 0.000000
    outer loop
      vertex   7.980002 0.399999 8.500000
      vertex   7.980002 0.399999 5.960000
      vertex   8.580002 0.999999 5.960000
    endloop
  endfacet
  facet normal 0.707107 -0.707107 -0.000000
    outer loop
      vertex   8.580002 0.999999 5.960000
      vertex   8.580002 0.999999 8.500000
      vertex   7.980002 0.399999 8.500000
    endloop
  endfacet
  facet normal -0.707107 0.707107 0.000000
    outer loop
      vertex   6.640002 2.939999 8.500000
      vertex   6.640002 2.939999 5.960000
      vertex   6.040002 2.339999 5.960000
    endloop
  endfacet
  facet normal -0.707107 0.707107 0.000000
    outer loop
      vertex   6.040002 2.339999 5.960000
      vertex   6.040002 2.339999 8.500000
      vertex   6.640002 2.939999 8.500000
    endloop
  endfacet
  facet normal 0.000000 1.000000 0.000000
    outer loop
      vertex   7.980002 2.939999 8.500000
      vertex   7.980002 2.939999 5.960000
      vertex   6.640002 2.939999 5.960000
    endloop
  endfacet
  facet normal 0.000000 1.000000 0.000000
    outer loop
      vertex   6.640002 2.939999 5.960000
      vertex   6.640002 2.939999 8.500000
      vertex   7.980002 2.939999 8.500000
    endloop
  endfacet
  facet normal 0.707107 0.707107 0.000000
    outer loop
      vertex   8.580002 2.339999 8.500000
      vertex   8.580002 2.339999 5.960000
      vertex   7.980002 2.939999 5.960000
    endloop
  endfacet
  facet normal 0.707107 0.707107 -0.000000
    outer loop
      vertex   7.980002 2.939999 5.960000
      vertex   7.980002 2.939999 8.500000
      vertex   8.580002 2.339999 8.500000
    endloop
  endfacet
  facet normal -0.707107 -0.707107 0.000000
    outer loop
      vertex   8.580002 0.999999 8.500000
      vertex   8.580002 0.999999 5.960000
      vertex   9.180002 0.399999 5.960000
    endloop
  endfacet
  facet normal -0.707107 -0.707107 0.000000
    outer loop
      vertex   9.180002 0.399999 5.960000
      vertex   9.180002 0.399999 8.500000
      vertex   8.580002 0.999999 8.500000
    endloop
  endfacet
  facet normal 0.000000 -1.000000 0.000000
    outer loop
      vertex   9.180002 0.399999 8.500000
      vertex   9.180002 0.399999 5.960000
      vertex   10.520002 0.399999 5.960000
    endloop
  endfacet
  facet normal 0.000000 -1.000000 0.000000
    outer loop
      vertex   10.520002 0.399999 5.960000
      vertex   10.520002 0.399999 8.500000
      vertex   9.180002 0.399999 8.500000
    endloop
  endfacet
  facet normal 0.707107 -0.707107 0.000000
    outer loop
      vertex   10.520002 0.399999 8.500000
      vertex   10.520002 0.399999 5.960000
      vertex   11.120002 0.999999 5.960000
    endloop
  endfacet
  facet normal 0.707107 -0.707107 0.000000
    outer loop
      vertex   11.120002 0.999999 5.960000
      vertex   11.120002 0.999999 8.500000
      vertex   10.520002 0.399999 8.500000
    endloop
  endfacet
  facet normal -0.707107 0.707107 0.000000
    outer loop
      vertex   9.180002 2.939999 8.500000
      vertex   9.180002 2.939999 5.960000
      vertex   8.580002 2.339999 5.960000
    endloop
  endfacet
  facet normal -0.707107 0.707107 0.000000
    outer loop
      vertex   8.580002 2.339999 5.960000
      vertex   8.580002 2.339999 8.500000
      vertex   9.180002 2.939999 8.500000
    endloop
  endfacet
  facet normal 0.000000 1.000000 0.000000
    outer loop
      vertex   10.520002 2.939999 8.500000
      vertex   10.520002 2.939999 5.960000
      vertex   9.180002 2.939999 5.960000
    endloop
  endfacet
  facet normal 0.000000 1.000000 0.000000
    outer loop
      vertex   9.180002 2.939999 5.960000
      vertex   9.180002 2.939999 8.500000
      vertex   10.520002 2.939999 8.500000
    endloop
  endfacet
  facet normal 0.707107 0.707107 0.000000
    outer loop
      vertex   11.120002 2.339999 8.500000
      vertex   11.120002 2.339999 5.960000
      vertex   10.520002 2.939999 5.960000
    endloop
  endfacet
  facet normal 0.707107 0.707107 -0.000000
    outer loop
      vertex   10.520002 2.939999 5.960000
      vertex   10.520002 2.939999 8.500000
      vertex   11.120002 2.339999 8.500000
    endloop
  endfacet
  facet normal -0.707107 -0.707107 -0.000000
    outer loop
      vertex   11.120002 0.999999 8.500000
      vertex   11.120002 0.999999 5.960000
      vertex   11.720002 0.399999 5.960000
    endloop
  endfacet
  facet normal -0.707107 -0.707107 0.000000
    outer loop
      vertex   11.720002 0.399999 5.960000
      vertex   11.720002 0.399999 8.500000
      vertex   11.120002 0.999999 8.500000
    endloop
  endfacet
  facet normal 0.000000 -1.000000 0.000000
    outer loop
      vertex   11.720002 0.399999 8.500000
      vertex   11.720002 0.399999 5.960000
      vertex   13.060002 0.399999 5.960000
    endloop
  endfacet
  facet normal 0.000000 -1.000000 0.000000
    outer loop
      vertex   13.060002 0.399999 5.960000
      vertex   13.060002 0.399999 8.500000
      vertex   11.720002 0.399999 8.500000
    endloop
  endfacet
  facet normal 0.707107 -0.707107 0.000000
    outer loop
      vertex   13.060002 0.399999 8.500000
      vertex   13.060002 0.399999 5.960000
      vertex   13.660002 0.999999 5.960000
    endloop
  endfacet
  facet normal 0.707107 -0.707107 -0.000000
    outer loop
      vertex   13.660002 0.999999 5.960000
      vertex   13.660002 0.999999 8.500000
      vertex   13.060002 0.399999 8.500000
    endloop
  endfacet
  facet normal -0.707107 0.707107 0.000000
    outer loop
      vertex   11.720002 2.939999 8.500000
      vertex   11.720002 2.939999 5.960000
      vertex   11.120002 2.339999 5.960000
    endloop
  endfacet
  facet normal -0.707107 0.707107 0.000000
    outer loop
      vertex   11.120002 2.339999 5.960000
      vertex   11.120002 2.339999 8.500000
      vertex   11.720002 2.939999 8.500000
    endloop
  endfacet
  facet normal 0.000000 1.000000 0.000000
    outer loop
      vertex   13.060002 2.939999 8.500000
      vertex   13.060002 2.939999 5.960000
      vertex   11.720002 2.939999 5.960000
    endloop
  endfacet
  facet normal 0.000000 1.000000 0.000000
    outer loop
      vertex   11.720002 2.939999 5.960000
      vertex   11.720002 2.939999 8.500000
      vertex   13.060002 2.939999 8.500000
    endloop
  endfacet
  facet normal 0.707107 0.707107 0.000000
    outer loop
      vertex   13.660002 2.339999 8.500000
      vertex   13.660002 2.339999 5.960000
      vertex   13.060002 2.939999 5.960000
    endloop
  endfacet
  facet normal 0.707107 0.707107 -0.000000
    outer loop
      vertex   13.060002 2.939999 5.960000
      vertex   13.060002 2.939999 8.500000
      vertex   13.660002 2.339999 8.500000
    endloop
  endfacet
  facet normal -0.707107 -0.707107 0.000000
    outer loop
      vertex   13.660002 0.999999 8.500000
      vertex   13.660002 0.999999 5.960000
      vertex   14.260002 0.399999 5.960000
    endloop
  endfacet
  facet normal -0.707107 -0.707107 0.000000
    outer loop
      vertex   14.260002 0.399999 5.960000
      vertex   14.260002 0.399999 8.500000
      vertex   13.660002 0.999999 8.500000
    endloop
  endfacet
  facet normal 0.000000 -1.000000 0.000000
    outer loop
      vertex   14.260002 0.399999 8.500000
      vertex   14.260002 0.399999 5.960000
      vertex   15.600002 0.399999 5.960000
    endloop
  endfacet
  facet normal 0.000000 -1.000000 0.000000
    outer loop
      vertex   15.600002 0.399999 5.960000
      vertex   15.600002 0.399999 8.500000
      vertex   14.260002 0.399999 8.500000
    endloop
  endfacet
  facet normal 0.707107 -0.707107 0.000000
    outer loop
      vertex   15.600002 0.399999 8.500000
      vertex   15.600002 0.399999 5.960000
      vertex   16.200002 0.999999 5.960000
    endloop
  endfacet
  facet normal 0.707107 -0.707107 0.000000
    outer loop
      vertex   16.200002 0.999999 5.960000
      vertex   16.200002 0.999999 8.500000
      vertex   15.600002 0.399999 8.500000
    endloop
  endfacet
  facet normal 1.000000 0.000000 0.000000
    outer loop
      vertex   16.200002 0.999999 8.500000
      vertex   16.200002 0.999999 5.960000
      vertex   16.200002 2.339999 5.960000
    endloop
  endfacet
  facet normal 1.000000 0.000000 -0.000000
    outer loop
      vertex   16.200002 2.339999 5.960000
      vertex   16.200002 2.339999 8.500000
      vertex   16.200002 0.999999 8.500000
    endloop
  endfacet
  facet normal 0.000000 -0.000000 1.000000
    outer loop
      vertex   4.100002 0.399999 8.500000
      vertex   4.100002 2.939999 8.500000
      vertex   3.500002 2.339999 8.500000
    endloop
  endfacet
  facet normal 0.000000 0.000000 1.000000
    outer loop
      vertex   5.440002 2.939999 8.500000
      vertex   5.440002 0.399999 8.500000
      vertex   6.040002 0.999999 8.500000
    endloop
  endfacet
  facet normal 0.000000 0.000000 1.000000
    outer loop
      vertex   7.980002 2.939999 8.500000
      vertex   7.980002 0.399999 8.500000
      vertex   8.580002 0.999999 8.500000
    endloop
  endfacet
  facet normal 0.000000 0.000000 1.000000
    outer loop
      vertex   7.980002 0.399999 8.500000
      vertex   6.040002 2.339999 8.500000
      vertex   6.040002 0.999999 8.500000
    endloop
  endfacet
  facet normal 0.000000 0.000000 1.000000
    outer loop
      vertex   15.600002 2.939999 8.500000
      vertex   15.600002 0.399999 8.500000
      vertex   16.200002 0.999999 8.500000
    endloop
  endfacet
  facet normal 0.000000 0.000000 1.000000
    outer loop
      vertex   15.600002 0.399999 8.500000
      vertex   13.660002 2.339999 8.500000
      vertex   13.660002 0.999999 8.500000
    endloop
  endfacet
  facet normal 0.000000 -0.000000 1.000000
    outer loop
      vertex   11.720002 0.399999 8.500000
      vertex   11.720002 2.939999 8.500000
      vertex   11.120002 2.339999 8.500000
    endloop
  endfacet
  facet normal 0.000000 0.000000 1.000000
    outer loop
      vertex   13.060002 2.939999 8.500000
      vertex   13.060002 0.399999 8.500000
      vertex   13.660002 0.999999 8.500000
    endloop
  endfacet
  facet normal 0.000000 0.000000 1.000000
    outer loop
      vertex   4.100002 0.399999 8.500000
      vertex   5.440002 2.939999 8.500000
      vertex   4.100002 2.939999 8.500000
    endloop
  endfacet
  facet normal 0.000000 0.000000 1.000000
    outer loop
      vertex   5.440002 2.939999 8.500000
      vertex   4.100002 0.399999 8.500000
      vertex   5.440002 0.399999 8.500000
    endloop
  endfacet
  facet normal 0.000000 -0.000000 1.000000
    outer loop
      vertex   8.580002 0.999999 8.500000
      vertex   8.580002 2.339999 8.500000
      vertex   7.980002 2.939999 8.500000
    endloop
  endfacet
  facet normal 0.000000 0.000000 1.000000
    outer loop
      vertex   7.980002 0.399999 8.500000
      vertex   6.640002 2.939999 8.500000
      vertex   6.040002 2.339999 8.500000
    endloop
  endfacet
  facet normal 0.000000 0.000000 1.000000
    outer loop
      vertex   11.120002 2.339999 8.500000
      vertex   9.180002 0.399999 8.500000
      vertex   10.520002 0.399999 8.500000
    endloop
  endfacet
  facet normal 0.000000 0.000000 1.000000
    outer loop
      vertex   8.580002 0.999999 8.500000
      vertex   10.520002 2.939999 8.500000
      vertex   9.180002 2.939999 8.500000
    endloop
  endfacet
  facet normal 0.000000 -0.000000 1.000000
    outer loop
      vertex   16.200002 0.999999 8.500000
      vertex   16.200002 2.339999 8.500000
      vertex   15.600002 2.939999 8.500000
    endloop
  endfacet
  facet normal 0.000000 0.000000 1.000000
    outer loop
      vertex   15.600002 0.399999 8.500000
      vertex   14.260002 2.939999 8.500000
      vertex   13.660002 2.339999 8.500000
    endloop
  endfacet
  facet normal 0.000000 0.000000 1.000000
    outer loop
      vertex   11.720002 0.399999 8.500000
      vertex   13.060002 2.939999 8.500000
      vertex   11.720002 2.939999 8.500000
    endloop
  endfacet
  facet normal 0.000000 0.000000 1.000000
    outer loop
      vertex   13.060002 2.939999 8.500000
      vertex   11.720002 0.399999 8.500000
      vertex   13.060002 0.399999 8.500000
    endloop
  endfacet
  facet normal 0.000000 -0.000000 1.000000
    outer loop
      vertex   6.040002 0.999999 8.500000
      vertex   6.040002 2.339999 8.500000
      vertex   5.440002 2.939999 8.500000
    endloop
  endfacet
  facet normal 0.000000 0.000000 1.000000
    outer loop
      vertex   6.040002 0.999999 8.500000
      vertex   6.640002 0.399999 8.500000
      vertex   7.980002 0.399999 8.500000
    endloop
  endfacet
  facet normal 0.000000 0.000000 1.000000
    outer loop
      vertex   11.120002 2.339999 8.500000
      vertex   8.580002 0.999999 8.500000
      vertex   9.180002 0.399999 8.500000
    endloop
  endfacet
  facet normal 0.000000 0.000000 1.000000
    outer loop
      vertex   8.580002 0.999999 8.500000
      vertex   11.120002 2.339999 8.500000
      vertex   10.520002 2.939999 8.500000
    endloop
  endfacet
  facet normal 0.000000 0.000000 1.000000
    outer loop
      vertex   13.660002 0.999999 8.500000
      vertex   14.260002 0.399999 8.500000
      vertex   15.600002 0.399999 8.500000
    endloop
  endfacet
  facet normal 0.000000 -0.000000 1.000000
    outer loop
      vertex   13.660002 0.999999 8.500000
      vertex   13.660002 2.339999 8.500000
      vertex   13.060002 2.939999 8.500000
    endloop
  endfacet
  facet normal 0.000000 0.000000 1.000000
    outer loop
      vertex   7.980002 2.939999 8.500000
      vertex   6.640002 2.939999 8.500000
      vertex   7.980002 0.399999 8.500000
    endloop
  endfacet
  facet normal 0.000000 0.000000 1.000000
    outer loop
      vertex   9.180002 2.939999 8.500000
      vertex   8.580002 2.339999 8.500000
      vertex   8.580002 0.999999 8.500000
    endloop
  endfacet
  facet normal 0.000000 0.000000 1.000000
    outer loop
      vertex   11.120002 2.339999 8.500000
      vertex   11.120002 0.999999 8.500000
      vertex   11.720002 0.399999 8.500000
    endloop
  endfacet
  facet normal 0.000000 0.000000 1.000000
    outer loop
      vertex   10.520002 0.399999 8.500000
      vertex   11.120002 0.999999 8.500000
      vertex   11.120002 2.339999 8.500000
    endloop
  endfacet
  facet normal 0.000000 0.000000 1.000000
    outer loop
      vertex   3.500002 2.339999 8.500000
      vertex   3.500002 0.999999 8.500000
      vertex   4.100002 0.399999 8.500000
    endloop
  endfacet
  facet normal 0.000000 0.000000 1.000000
    outer loop
      vertex   15.600002 2.939999 8.500000
      vertex   14.260002 2.939999 8.500000
      vertex   15.600002 0.399999 8.500000
    endloop
  endfacet
  facet normal 0.000000 -0.000000 -1.000000
    outer loop
      vertex   4.100002 2.939999 5.960000
      vertex   4.100002 0.399999 5.960000
      vertex   3.500002 0.999999 5.960000
    endloop
  endfacet
  facet normal 0.000000 0.000000 -1.000000
    outer loop
      vertex   5.440002 2.939999 5.960000
      vertex   6.040002 2.339999 5.960000
      vertex   6.040002 0.999999 5.960000
    endloop
  endfacet
  facet normal 0.000000 0.000000 -1.000000
    outer loop
      vertex   6.640002 0.399999 5.960000
      vertex   7.980002 2.939999 5.960000
      vertex   8.580002 2.339999 5.960000
    endloop
  endfacet
  facet normal 0.000000 0.000000 -1.000000
    outer loop
      vertex   7.980002 2.939999 5.960000
      vertex   6.640002 0.399999 5.960000
      vertex   6.040002 0.999999 5.960000
    endloop
  endfacet
  facet normal 0.000000 0.000000 -1.000000
    outer loop
      vertex   15.600002 0.399999 5.960000
      vertex   15.600002 2.939999 5.960000
      vertex   16.200002 2.339999 5.960000
    endloop
  endfacet
  facet normal 0.000000 0.000000 -1.000000
    outer loop
      vertex   15.600002 2.939999 5.960000
      vertex   14.260002 0.399999 5.960000
      vertex   13.660002 0.999999 5.960000
    endloop
  endfacet
  facet normal 0.000000 0.000000 -1.000000
    outer loop
      vertex   11.720002 0.399999 5.960000
      vertex   13.060002 2.939999 5.960000
      vertex   13.660002 2.339999 5.960000
    endloop
  endfacet
  facet normal 0.000000 0.000000 -1.000000
    outer loop
      vertex   13.060002 2.939999 5.960000
      vertex   11.120002 0.999999 5.960000
      vertex   11.120002 2.339999 5.960000
    endloop
  endfacet
  facet normal 0.000000 0.000000 -1.000000
    outer loop
      vertex   3.500002 0.999999 5.960000
      vertex   3.500002 2.339999 5.960000
      vertex   4.100002 2.939999 5.960000
    endloop
  endfacet
  facet normal -0.000000 0.000000 -1.000000
    outer loop
      vertex   6.040002 0.999999 5.960000
      vertex   5.440002 0.399999 5.960000
      vertex   5.440002 2.939999 5.960000
    endloop
  endfacet
  facet normal 0.000000 0.000000 -1.000000
    outer loop
      vertex   8.580002 2.339999 5.960000
      vertex   8.580002 0.999999 5.960000
      vertex   6.640002 0.399999 5.960000
    endloop
  endfacet
  facet normal 0.000000 0.000000 -1.000000
    outer loop
      vertex   6.040002 0.999999 5.960000
      vertex   6.040002 2.339999 5.960000
      vertex   7.980002 2.939999 5.960000
    endloop
  endfacet
  facet normal 0.000000 0.000000 -1.000000
    outer loop
      vertex   10.520002 2.939999 5.960000
      vertex   9.180002 0.399999 5.960000
      vertex   8.580002 0.999999 5.960000
    endloop
  endfacet
  facet normal 0.000000 0.000000 -1.000000
    outer loop
      vertex   9.180002 0.399999 5.960000
      vertex   11.120002 2.339999 5.960000
      vertex   11.120002 0.999999 5.960000
    endloop
  endfacet
  facet normal 0.000000 -0.000000 -1.000000
    outer loop
      vertex   16.200002 2.339999 5.960000
      vertex   16.200002 0.999999 5.960000
      vertex   15.600002 0.399999 5.960000
    endloop
  endfacet
  facet normal 0.000000 0.000000 -1.000000
    outer loop
      vertex   13.660002 0.999999 5.960000
      vertex   13.660002 2.339999 5.960000
      vertex   15.600002 2.939999 5.960000
    endloop
  endfacet
  facet normal 0.000000 0.000000 -1.000000
    outer loop
      vertex   13.660002 2.339999 5.960000
      vertex   13.660002 0.999999 5.960000
      vertex   11.720002 0.399999 5.960000
    endloop
  endfacet
  facet normal 0.000000 0.000000 -1.000000
    outer loop
      vertex   13.060002 2.939999 5.960000
      vertex   11.720002 0.399999 5.960000
      vertex   11.120002 0.999999 5.960000
    endloop
  endfacet
  facet normal 0.000000 0.000000 -1.000000
    outer loop
      vertex   5.440002 0.399999 5.960000
      vertex   4.100002 0.399999 5.960000
      vertex   5.440002 2.939999 5.960000
    endloop
  endfacet
  facet normal 0.000000 0.000000 -1.000000
    outer loop
      vertex   6.040002 2.339999 5.960000
      vertex   6.640002 2.939999 5.960000
      vertex   7.980002 2.939999 5.960000
    endloop
  endfacet
  facet normal 0.000000 0.000000 -1.000000
    outer loop
      vertex   8.580002 0.999999 5.960000
      vertex   8.580002 2.339999 5.960000
      vertex   10.520002 2.939999 5.960000
    endloop
  endfacet
  facet normal 0.000000 0.000000 -1.000000
    outer loop
      vertex   9.180002 0.399999 5.960000
      vertex   10.520002 2.939999 5.960000
      vertex   11.120002 2.339999 5.960000
    endloop
  endfacet
  facet normal 0.000000 0.000000 -1.000000
    outer loop
      vertex   13.660002 2.339999 5.960000
      vertex   14.260002 2.939999 5.960000
      vertex   15.600002 2.939999 5.960000
    endloop
  endfacet
  facet normal 0.000000 0.000000 -1.000000
    outer loop
      vertex   11.120002 2.339999 5.960000
      vertex   11.720002 2.939999 5.960000
      vertex   13.060002 2.939999 5.960000
    endloop
  endfacet
  facet normal 0.000000 0.000000 -1.000000
    outer loop
      vertex   8.580002 0.999999 5.960000
      vertex   7.980002 0.399999 5.960000
      vertex   6.640002 0.399999 5.960000
    endloop
  endfacet
  facet normal 0.000000 0.000000 -1.000000
    outer loop
      vertex   11.120002 0.999999 5.960000
      vertex   10.520002 0.399999 5.960000
      vertex   9.180002 0.399999 5.960000
    endloop
  endfacet
  facet normal 0.000000 0.000000 -1.000000
    outer loop
      vertex   13.660002 0.999999 5.960000
      vertex   13.060002 0.399999 5.960000
      vertex   11.720002 0.399999 5.960000
    endloop
  endfacet
  facet normal 0.000000 0.000000 -1.000000
    outer loop
      vertex   8.580002 2.339999 5.960000
      vertex   9.180002 2.939999 5.960000
      vertex   10.520002 2.939999 5.960000
    endloop
  endfacet
  facet normal 0.000000 0.000000 -1.000000
    outer loop
      vertex   4.100002 2.939999 5.960000
      vertex   5.440002 2.939999 5.960000
      vertex   4.100002 0.399999 5.960000
    endloop
  endfacet
  facet normal 0.000000 0.000000 -1.000000
    outer loop
      vertex   15.600002 0.399999 5.960000
      vertex   14.260002 0.399999 5.960000
      vertex   15.600002 2.939999 5.960000
    endloop
  endfacet
  facet normal 0.000000 1.000000 0.000000
    outer loop
      vertex   15.600002 2.939999 8.500000
      vertex   15.600002 2.939999 5.960000
      vertex   14.260002 2.939999 5.960000
    endloop
  endfacet
  facet normal 0.000000 1.000000 0.000000
    outer loop
      vertex   14.260002 2.939999 5.960000
      vertex   14.260002 2.939999 8.500000
      vertex   15.600002 2.939999 8.500000
    endloop
  endfacet
  facet normal 0.707107 0.707107 0.000000
    outer loop
      vertex   16.200002 2.339999 8.500000
      vertex   16.200002 2.339999 5.960000
      vertex   15.600002 2.939999 5.960000
    endloop
  endfacet
  facet normal 0.707107 0.707107 -0.000000
    outer loop
      vertex   15.600002 2.939999 5.960000
      vertex   15.600002 2.939999 8.500000
      vertex   16.200002 2.339999 8.500000
    endloop
  endfacet
  facet normal -0.707107 0.707107 0.000000
    outer loop
      vertex   14.260002 2.939999 8.500000
      vertex   14.260002 2.939999 5.960000
      vertex   13.660002 2.339999 5.960000
    endloop
  endfacet
  facet normal -0.707107 0.707107 0.000000
    outer loop
      vertex   13.660002 2.339999 5.960000
      vertex   13.660002 2.339999 8.500000
      vertex   14.260002 2.939999 8.500000
    endloop
  endfacet
endsolid <icad/sx>
solid <icad/sx>
  facet normal 0.000000 -1.000000 0.000000
    outer loop
      vertex   11.720002 29.899999 8.500000
      vertex   11.720002 29.899999 5.960000
      vertex   13.060002 29.899999 5.960000
    endloop
  endfacet
  facet normal 0.000000 -1.000000 0.000000
    outer loop
      vertex   13.060002 29.899999 5.960000
      vertex   13.060002 29.899999 8.500000
      vertex   11.720002 29.899999 8.500000
    endloop
  endfacet
  facet normal -0.707107 -0.707107 -0.000000
    outer loop
      vertex   11.120002 30.499999 8.500000
      vertex   11.120002 30.499999 5.960000
      vertex   11.720002 29.899999 5.960000
    endloop
  endfacet
  facet normal -0.707107 -0.707107 0.000000
    outer loop
      vertex   11.720002 29.899999 5.960000
      vertex   11.720002 29.899999 8.500000
      vertex   11.120002 30.499999 8.500000
    endloop
  endfacet
  facet normal 0.707107 -0.707107 0.000000
    outer loop
      vertex   13.060002 29.899999 8.500000
      vertex   13.060002 29.899999 5.960000
      vertex   13.660002 30.499999 5.960000
    endloop
  endfacet
  facet normal 0.707107 -0.707107 0.000000
    outer loop
      vertex   13.660002 30.499999 5.960000
      vertex   13.660002 30.499999 8.500000
      vertex   13.060002 29.899999 8.500000
    endloop
  endfacet
  facet normal 1.000000 0.000000 0.000000
    outer loop
      vertex   13.660002 30.499999 8.500000
      vertex   13.660002 30.499999 5.960000
      vertex   13.660002 31.839999 5.960000
    endloop
  endfacet
  facet normal 1.000000 0.000000 -0.000000
    outer loop
      vertex   13.660002 31.839999 5.960000
      vertex   13.660002 31.839999 8.500000
      vertex   13.660002 30.499999 8.500000
    endloop
  endfacet
  facet normal 0.707107 0.707107 0.000000
    outer loop
      vertex   13.660002 31.839999 8.500000
      vertex   13.660002 31.839999 5.960000
      vertex   13.060002 32.439999 5.960000
    endloop
  endfacet
  facet normal 0.707107 0.707107 -0.000000
    outer loop
      vertex   13.060002 32.439999 5.960000
      vertex   13.060002 32.439999 8.500000
      vertex   13.660002 31.839999 8.500000
    endloop
  endfacet
  facet normal 0.000000 1.000000 0.000000
    outer loop
      vertex   13.060002 32.439999 8.500000
      vertex   13.060002 32.439999 5.960000
      vertex   11.720002 32.439999 5.960000
    endloop
  endfacet
  facet normal 0.000000 1.000000 0.000000
    outer loop
      vertex   11.720002 32.439999 5.960000
      vertex   11.720002 32.439999 8.500000
      vertex   13.060002 32.439999 8.500000
    endloop
  endfacet
  facet normal -0.707107 0.707107 0.000000
    outer loop
      vertex   11.720002 32.439999 8.500000
      vertex   11.720002 32.439999 5.960000
      vertex   11.120002 31.839999 5.960000
    endloop
  endfacet
  facet normal -0.707107 0.707107 0.000000
    outer loop
      vertex   11.120002 31.839999 5.960000
      vertex   11.120002 31.839999 8.500000
      vertex   11.720002 32.439999 8.500000
    endloop
  endfacet
  facet normal 0.707107 -0.707107 0.000000
    outer loop
      vertex   10.520002 29.899999 8.500000
      vertex   10.520002 29.899999 5.960000
      vertex   11.120002 30.499999 5.960000
    endloop
  endfacet
  facet normal 0.707107 -0.707107 0.000000
    outer loop
      vertex   11.120002 30.499999 5.960000
      vertex   11.120002 30.499999 8.500000
      vertex   10.520002 29.899999 8.500000
    endloop
  endfacet
  facet normal 0.000000 -1.000000 0.000000
    outer loop
      vertex   9.180002 29.899999 8.500000
      vertex   9.180002 29.899999 5.960000
      vertex   10.520002 29.899999 5.960000
    endloop
  endfacet
  facet normal 0.000000 -1.000000 0.000000
    outer loop
      vertex   10.520002 29.899999 5.960000
      vertex   10.520002 29.899999 8.500000
      vertex   9.180002 29.899999 8.500000
    endloop
  endfacet
  facet normal -0.707107 -0.707107 0.000000
    outer loop
      vertex   8.580002 30.499999 8.500000
      vertex   8.580002 30.499999 5.960000
      vertex   9.180002 29.899999 5.960000
    endloop
  endfacet
  facet normal -0.707107 -0.707107 0.000000
    outer loop
      vertex   9.180002 29.899999 5.960000
      vertex   9.180002 29.899999 8.500000
      vertex   8.580002 30.499999 8.500000
    endloop
  endfacet
  facet normal 0.707107 -0.707107 0.000000
    outer loop
      vertex   7.980002 29.899999 8.500000
      vertex   7.980002 29.899999 5.960000
      vertex   8.580002 30.499999 5.960000
    endloop
  endfacet
  facet normal 0.707107 -0.707107 -0.000000
    outer loop
      vertex   8.580002 30.499999 5.960000
      vertex   8.580002 30.499999 8.500000
      vertex   7.980002 29.899999 8.500000
    endloop
  endfacet
  facet normal 0.000000 -1.000000 0.000000
    outer loop
      vertex   6.640002 29.899999 8.500000
      vertex   6.640002 29.899999 5.960000
      vertex   7.980002 29.899999 5.960000
    endloop
  endfacet
  facet normal 0.000000 -1.000000 0.000000
    outer loop
      vertex   7.980002 29.899999 5.960000
      vertex   7.980002 29.899999 8.500000
      vertex   6.640002 29.899999 8.500000
    endloop
  endfacet
  facet normal -0.707107 -0.707107 0.000000
    outer loop
      vertex   6.040002 30.499999 8.500000
      vertex   6.040002 30.499999 5.960000
      vertex   6.640002 29.899999 5.960000
    endloop
  endfacet
  facet normal -0.707107 -0.707107 0.000000
    outer loop
      vertex   6.640002 29.899999 5.960000
      vertex   6.640002 29.899999 8.500000
      vertex   6.040002 30.499999 8.500000
    endloop
  endfacet
  facet normal 0.707107 -0.707107 0.000000
    outer loop
      vertex   5.440002 29.899999 8.500000
      vertex   5.440002 29.899999 5.960000
      vertex   6.040002 30.499999 5.960000
    endloop
  endfacet
  facet normal 0.707107 -0.707107 -0.000000
    outer loop
      vertex   6.040002 30.499999 5.960000
      vertex   6.040002 30.499999 8.500000
      vertex   5.440002 29.899999 8.500000
    endloop
  endfacet
  facet normal 0.000000 -1.000000 0.000000
    outer loop
      vertex   4.100002 29.899999 8.500000
      vertex   4.100002 29.899999 5.960000
      vertex   5.440002 29.899999 5.960000
    endloop
  endfacet
  facet normal 0.000000 -1.000000 0.000000
    outer loop
      vertex   5.440002 29.899999 5.960000
      vertex   5.440002 29.899999 8.500000
      vertex   4.100002 29.899999 8.500000
    endloop
  endfacet
  facet normal -0.707107 -0.707107 -0.000000
    outer loop
      vertex   3.500002 30.499999 8.500000
      vertex   3.500002 30.499999 5.960000
      vertex   4.100002 29.899999 5.960000
    endloop
  endfacet
  facet normal -0.707107 -0.707107 0.000000
    outer loop
      vertex   4.100002 29.899999 5.960000
      vertex   4.100002 29.899999 8.500000
      vertex   3.500002 30.499999 8.500000
    endloop
  endfacet
  facet normal -1.000000 0.000000 0.000000
    outer loop
      vertex   3.500002 30.499999 5.960000
      vertex   3.500002 30.499999 8.500000
      vertex   3.500002 31.839999 8.500000
    endloop
  endfacet
  facet normal -1.000000 0.000000 -0.000000
    outer loop
      vertex   3.500002 31.839999 8.500000
      vertex   3.500002 31.839999 5.960000
      vertex   3.500002 30.499999 5.960000
    endloop
  endfacet
  facet normal -0.707107 0.707107 0.000000
    outer loop
      vertex   4.100002 32.439999 8.500000
      vertex   4.100002 32.439999 5.960000
      vertex   3.500002 31.839999 5.960000
    endloop
  endfacet
  facet normal -0.707107 0.707107 0.000000
    outer loop
      vertex   3.500002 31.839999 5.960000
      vertex   3.500002 31.839999 8.500000
      vertex   4.100002 32.439999 8.500000
    endloop
  endfacet
  facet normal 0.000000 1.000000 0.000000
    outer loop
      vertex   5.440002 32.439999 8.500000
      vertex   5.440002 32.439999 5.960000
      vertex   4.100002 32.439999 5.960000
    endloop
  endfacet
  facet normal 0.000000 1.000000 0.000000
    outer loop
      vertex   4.100002 32.439999 5.960000
      vertex   4.100002 32.439999 8.500000
      vertex   5.440002 32.439999 8.500000
    endloop
  endfacet
  facet normal 0.707107 0.707107 0.000000
    outer loop
      vertex   6.040002 31.839999 8.500000
      vertex   6.040002 31.839999 5.960000
      vertex   5.440002 32.439999 5.960000
    endloop
  endfacet
  facet normal 0.707107 0.707107 -0.000000
    outer loop
      vertex   5.440002 32.439999 5.960000
      vertex   5.440002 32.439999 8.500000
      vertex   6.040002 31.839999 8.500000
    endloop
  endfacet
  facet normal -0.707107 0.707107 0.000000
    outer loop
      vertex   6.640002 32.439999 8.500000
      vertex   6.640002 32.439999 5.960000
      vertex   6.040002 31.839999 5.960000
    endloop
  endfacet
  facet normal -0.707107 0.707107 0.000000
    outer loop
      vertex   6.040002 31.839999 5.960000
      vertex   6.040002 31.839999 8.500000
      vertex   6.640002 32.439999 8.500000
    endloop
  endfacet
  facet normal 0.000000 1.000000 0.000000
    outer loop
      vertex   7.980002 32.439999 8.500000
      vertex   7.980002 32.439999 5.960000
      vertex   6.640002 32.439999 5.960000
    endloop
  endfacet
  facet normal 0.000000 1.000000 0.000000
    outer loop
      vertex   6.640002 32.439999 5.960000
      vertex   6.640002 32.439999 8.500000
      vertex   7.980002 32.439999 8.500000
    endloop
  endfacet
  facet normal 0.707107 0.707107 0.000000
    outer loop
      vertex   8.580002 31.839999 8.500000
      vertex   8.580002 31.839999 5.960000
      vertex   7.980002 32.439999 5.960000
    endloop
  endfacet
  facet normal 0.707107 0.707107 -0.000000
    outer loop
      vertex   7.980002 32.439999 5.960000
      vertex   7.980002 32.439999 8.500000
      vertex   8.580002 31.839999 8.500000
    endloop
  endfacet
  facet normal 0.000000 -0.000000 1.000000
    outer loop
      vertex   4.100002 29.899999 8.500000
      vertex   4.100002 32.439999 8.500000
      vertex   3.500002 31.839999 8.500000
    endloop
  endfacet
  facet normal 0.000000 0.000000 1.000000
    outer loop
      vertex   5.440002 32.439999 8.500000
      vertex   5.440002 29.899999 8.500000
      vertex   6.040002 30.499999 8.500000
    endloop
  endfacet
  facet normal 0.000000 0.000000 1.000000
    outer loop
      vertex   7.980002 32.439999 8.500000
      vertex   7.980002 29.899999 8.500000
      vertex   8.580002 30.499999 8.500000
    endloop
  endfacet
  facet normal 0.000000 0.000000 1.000000
    outer loop
      vertex   7.980002 29.899999 8.500000
      vertex   6.040002 31.839999 8.500000
      vertex   6.040002 30.499999 8.500000
    endloop
  endfacet
  facet normal 0.000000 0.000000 1.000000
    outer loop
      vertex   4.100002 29.899999 8.500000
      vertex   5.440002 32.439999 8.500000
      vertex   4.100002 32.439999 8.500000
    endloop
  endfacet
  facet normal 0.000000 0.000000 1.000000
    outer loop
      vertex   5.440002 32.439999 8.500000
      vertex   4.100002 29.899999 8.500000
      vertex   5.440002 29.899999 8.500000
    endloop
  endfacet
  facet normal 0.000000 -0.000000 1.000000
    outer loop
      vertex   8.580002 30.499999 8.500000
      vertex   8.580002 31.839999 8.500000
      vertex   7.980002 32.439999 8.500000
    endloop
  endfacet
  facet normal 0.000000 0.000000 1.000000
    outer loop
      vertex   7.980002 29.899999 8.500000
      vertex   6.640002 32.439999 8.500000
      vertex   6.040002 31.839999 8.500000
    endloop
  endfacet
  facet normal 0.000000 0.000000 1.000000
    outer loop
      vertex   10.520002 32.439999 8.500000
      vertex   10.520002 29.899999 8.500000
      vertex   11.120002 30.499999 8.500000
    endloop
  endfacet
  facet normal 0.000000 0.000000 1.000000
    outer loop
      vertex   10.520002 29.899999 8.500000
      vertex   8.580002 31.839999 8.500000
      vertex   8.580002 30.499999 8.500000
    endloop
  endfacet
  facet normal 0.000000 -0.000000 1.000000
    outer loop
      vertex   6.040002 30.499999 8.500000
      vertex   6.040002 31.839999 8.500000
      vertex   5.440002 32.439999 8.500000
    endloop
  endfacet
  facet normal 0.000000 0.000000 1.000000
    outer loop
      vertex   6.040002 30.499999 8.500000
      vertex   6.640002 29.899999 8.500000
      vertex   7.980002 29.899999 8.500000
    endloop
  endfacet
  facet normal 0.000000 -0.000000 1.000000
    outer loop
      vertex   11.120002 30.499999 8.500000
      vertex   11.120002 31.839999 8.500000
      vertex   10.520002 32.439999 8.500000
    endloop
  endfacet
  facet normal 0.000000 0.000000 1.000000
    outer loop
      vertex   10.520002 29.899999 8.500000
      vertex   9.180002 32.439999 8.500000
      vertex   8.580002 31.839999 8.500000
    endloop
  endfacet
  facet normal 0.000000 0.000000 1.000000
    outer loop
      vertex   13.660002 31.839999 8.500000
      vertex   11.720002 29.899999 8.500000
      vertex   13.060002 29.899999 8.500000
    endloop
  endfacet
  facet normal 0.000000 0.000000 1.000000
    outer loop
      vertex   11.120002 30.499999 8.500000
      vertex   13.060002 32.439999 8.500000
      vertex   11.720002 32.439999 8.500000
    endloop
  endfacet
  facet normal 0.000000 0.000000 1.000000
    outer loop
      vertex   7.980002 32.439999 8.500000
      vertex   6.640002 32.439999 8.500000
      vertex   7.980002 29.899999 8.500000
    endloop
  endfacet
  facet normal 0.000000 0.000000 1.000000
    outer loop
      vertex   8.580002 30.499999 8.500000
      vertex   9.180002 29.899999 8.500000
      vertex   10.520002 29.899999 8.500000
    endloop
  endfacet
  facet normal 0.000000 0.000000 1.000000
    outer loop
      vertex   13.660002 31.839999 8.500000
      vertex   11.120002 30.499999 8.500000
      vertex   11.720002 29.899999 8.500000
    endloop
  endfacet
  facet normal 0.000000 0.000000 1.000000
    outer loop
      vertex   11.120002 30.499999 8.500000
      vertex   13.660002 31.839999 8.500000
      vertex   13.060002 32.439999 8.500000
    endloop
  endfacet
  facet normal 0.000000 0.000000 1.000000
    outer loop
      vertex   10.520002 32.439999 8.500000
      vertex   9.180002 32.439999 8.500000
      vertex   10.520002 29.899999 8.500000
    endloop
  endfacet
  facet normal 0.000000 0.000000 1.000000
    outer loop
      vertex   11.720002 32.439999 8.500000
      vertex   11.120002 31.839999 8.500000
      vertex   11.120002 30.499999 8.500000
    endloop
  endfacet
  facet normal 0.000000 0.000000 1.000000
    outer loop
      vertex   13.060002 29.899999 8.500000
      vertex   13.660002 30.499999 8.500000
      vertex   13.660002 31.839999 8.500000
    endloop
  endfacet
  facet normal 0.000000 0.000000 1.000000
    outer loop
      vertex   3.500002 31.839999 8.500000
      vertex   3.500002 30.499999 8.500000
      vertex   4.100002 29.899999 8.500000
    endloop
  endfacet
  facet normal 0.000000 0.000000 -1.000000
    outer loop
      vertex   5.440002 32.439999 5.960000
      vertex   6.040002 31.839999 5.960000
      vertex   6.040002 30.499999 5.960000
    endloop
  endfacet
  facet normal 0.000000 -0.000000 -1.000000
    outer loop
      vertex   4.100002 32.439999 5.960000
      vertex   4.100002 29.899999 5.960000
      vertex   3.500002 30.499999 5.960000
    endloop
  endfacet
  facet normal 0.000000 0.000000 -1.000000
    outer loop
      vertex   6.640002 29.899999 5.960000
      vertex   7.980002 32.439999 5.960000
      vertex   8.580002 31.839999 5.960000
    endloop
  endfacet
  facet normal 0.000000 0.000000 -1.000000
    outer loop
      vertex   7.980002 32.439999 5.960000
      vertex   6.640002 29.899999 5.960000
      vertex   6.040002 30.499999 5.960000
    endloop
  endfacet
  facet normal -0.000000 0.000000 -1.000000
    outer loop
      vertex   6.040002 30.499999 5.960000
      vertex   5.440002 29.899999 5.960000
      vertex   5.440002 32.439999 5.960000
    endloop
  endfacet
  facet normal 0.000000 0.000000 -1.000000
    outer loop
      vertex   3.500002 30.499999 5.960000
      vertex   3.500002 31.839999 5.960000
      vertex   4.100002 32.439999 5.960000
    endloop
  endfacet
  facet normal 0.000000 0.000000 -1.000000
    outer loop
      vertex   8.580002 31.839999 5.960000
      vertex   8.580002 30.499999 5.960000
      vertex   6.640002 29.899999 5.960000
    endloop
  endfacet
  facet normal 0.000000 0.000000 -1.000000
    outer loop
      vertex   6.040002 30.499999 5.960000
      vertex   6.040002 31.839999 5.960000
      vertex   7.980002 32.439999 5.960000
    endloop
  endfacet
  facet normal 0.000000 0.000000 -1.000000
    outer loop
      vertex   10.520002 29.899999 5.960000
      vertex   10.520002 32.439999 5.960000
      vertex   11.120002 31.839999 5.960000
    endloop
  endfacet
  facet normal 0.000000 0.000000 -1.000000
    outer loop
      vertex   10.520002 32.439999 5.960000
      vertex   9.180002 29.899999 5.960000
      vertex   8.580002 30.499999 5.960000
    endloop
  endfacet
  facet normal 0.000000 0.000000 -1.000000
    outer loop
      vertex   4.100002 32.439999 5.960000
      vertex   5.440002 32.439999 5.960000
      vertex   4.100002 29.899999 5.960000
    endloop
  endfacet
  facet normal 0.000000 0.000000 -1.000000
    outer loop
      vertex   6.040002 31.839999 5.960000
      vertex   6.640002 32.439999 5.960000
      vertex   7.980002 32.439999 5.960000
    endloop
  endfacet
  facet normal 0.000000 -0.000000 -1.000000
    outer loop
      vertex   11.120002 31.839999 5.960000
      vertex   11.120002 30.499999 5.960000
      vertex   10.520002 29.899999 5.960000
    endloop
  endfacet
  facet normal 0.000000 0.000000 -1.000000
    outer loop
      vertex   8.580002 30.499999 5.960000
      vertex   8.580002 31.839999 5.960000
      vertex   10.520002 32.439999 5.960000
    endloop
  endfacet
  facet normal 0.000000 0.000000 -1.000000
    outer loop
      vertex   13.660002 30.499999 5.960000
      vertex   11.720002 32.439999 5.960000
      vertex   13.060002 32.439999 5.960000
    endloop
  endfacet
  facet normal 0.000000 0.000000 -1.000000
    outer loop
      vertex   11.120002 31.839999 5.960000
      vertex   13.060002 29.899999 5.960000
      vertex   11.720002 29.899999 5.960000
    endloop
  endfacet
  facet normal 0.000000 0.000000 -1.000000
    outer loop
      vertex   8.580002 30.499999 5.960000
      vertex   7.980002 29.899999 5.960000
      vertex   6.640002 29.899999 5.960000
    endloop
  endfacet
  facet normal 0.000000 0.000000 -1.000000
    outer loop
      vertex   8.580002 31.839999 5.960000
      vertex   9.180002 32.439999 5.960000
      vertex   10.520002 32.439999 5.960000
    endloop
  endfacet
  facet normal 0.000000 0.000000 -1.000000
    outer loop
      vertex   13.660002 30.499999 5.960000
      vertex   11.120002 31.839999 5.960000
      vertex   11.720002 32.439999 5.960000
    endloop
  endfacet
  facet normal 0.000000 0.000000 -1.000000
    outer loop
      vertex   11.120002 31.839999 5.960000
      vertex   13.660002 30.499999 5.960000
      vertex   13.060002 29.899999 5.960000
    endloop
  endfacet
  facet normal 0.000000 0.000000 -1.000000
    outer loop
      vertex   10.520002 29.899999 5.960000
      vertex   9.180002 29.899999 5.960000
      vertex   10.520002 32.439999 5.960000
    endloop
  endfacet
  facet normal 0.000000 0.000000 -1.000000
    outer loop
      vertex   11.720002 29.899999 5.960000
      vertex   11.120002 30.499999 5.960000
      vertex   11.120002 31.839999 5.960000
    endloop
  endfacet
  facet normal 0.000000 0.000000 -1.000000
    outer loop
      vertex   13.060002 32.439999 5.960000
      vertex   13.660002 31.839999 5.960000
      vertex   13.660002 30.499999 5.960000
    endloop
  endfacet
  facet normal 0.000000 0.000000 -1.000000
    outer loop
      vertex   5.440002 29.899999 5.960000
      vertex   4.100002 29.899999 5.960000
      vertex   5.440002 32.439999 5.960000
    endloop
  endfacet
  facet normal 0.000000 1.000000 0.000000
    outer loop
      vertex   10.520002 32.439999 8.500000
      vertex   10.520002 32.439999 5.960000
      vertex   9.180002 32.439999 5.960000
    endloop
  endfacet
  facet normal 0.000000 1.000000 0.000000
    outer loop
      vertex   9.180002 32.439999 5.960000
      vertex   9.180002 32.439999 8.500000
      vertex   10.520002 32.439999 8.500000
    endloop
  endfacet
  facet normal 0.707107 0.707107 0.000000
    outer loop
      vertex   11.120002 31.839999 8.500000
      vertex   11.120002 31.839999 5.960000
      vertex   10.520002 32.439999 5.960000
    endloop
  endfacet
  facet normal 0.707107 0.707107 -0.000000
    outer loop
      vertex   10.520002 32.439999 5.960000
      vertex   10.520002 32.439999 8.500000
      vertex   11.120002 31.839999 8.500000
    endloop
  endfacet
  facet normal -0.707107 0.707107 0.000000
    outer loop
      vertex   9.180002 32.439999 8.500000
      vertex   9.180002 32.439999 5.960000
      vertex   8.580002 31.839999 5.960000
    endloop
  endfacet
  facet normal -0.707107 0.707107 0.000000
    outer loop
      vertex   8.580002 31.839999 5.960000
      vertex   8.580002 31.839999 8.500000
      vertex   9.180002 32.439999 8.500000
    endloop
  endfacet
endsolid <icad/sx>
solid <icad/sx>
  facet normal 0.000000 -1.000000 0.000000
    outer loop
      vertex   12.710002 30.849999 0.173205
      vertex   12.710002 30.849999 9.700000
      vertex   12.070002 30.849999 9.700000
    endloop
  endfacet
  facet normal 0.000000 -1.000000 0.000000
    outer loop
      vertex   12.070002 30.849999 9.700000
      vertex   12.070002 30.849999 0.173205
      vertex   12.710002 30.849999 0.173205
    endloop
  endfacet
  facet normal 0.000000 0.000000 -1.000000
    outer loop
      vertex   12.710002 31.489999 9.700000
      vertex   13.129105 31.476145 9.700000
      vertex   13.190002 31.169999 9.700000
    endloop
  endfacet
  facet normal 0.000000 0.000000 -1.000000
    outer loop
      vertex   12.710002 30.849999 9.700000
      vertex   12.696148 30.430895 9.700000
      vertex   12.390002 30.369999 9.700000
    endloop
  endfacet
  facet normal 0.000000 0.000000 -1.000000
    outer loop
      vertex   12.070002 30.849999 9.700000
      vertex   11.650898 30.863852 9.700000
      vertex   11.590002 31.169999 9.700000
    endloop
  endfacet
  facet normal 0.000000 0.000000 -1.000000
    outer loop
      vertex   12.070002 31.489999 9.700000
      vertex   12.083855 31.909102 9.700000
      vertex   12.390002 31.969999 9.700000
    endloop
  endfacet
  facet normal 0.000000 0.000000 -1.000000
    outer loop
      vertex   12.710002 30.849999 9.700000
      vertex   13.190002 31.169999 9.700000
      vertex   13.129105 30.863852 9.700000
    endloop
  endfacet
  facet normal 0.000000 0.000000 -1.000000
    outer loop
      vertex   12.710002 31.489999 9.700000
      vertex   12.955687 31.735684 9.700000
      vertex   13.129105 31.476145 9.700000
    endloop
  endfacet
  facet normal 0.000000 0.000000 -1.000000
    outer loop
      vertex   12.070002 30.849999 9.700000
      vertex   12.390002 30.369999 9.700000
      vertex   12.083855 30.430895 9.700000
    endloop
  endfacet
  facet normal 0.000000 -0.000000 -1.000000
    outer loop
      vertex   12.710002 30.849999 9.700000
      vertex   12.955687 30.604313 9.700000
      vertex   12.696148 30.430895 9.700000
    endloop
  endfacet
  facet normal 0.000000 0.000000 -1.000000
    outer loop
      vertex   12.070002 31.489999 9.700000
      vertex   11.590002 31.169999 9.700000
      vertex   11.650898 31.476145 9.700000
    endloop
  endfacet
  facet normal -0.000000 0.000000 -1.000000
    outer loop
      vertex   12.070002 30.849999 9.700000
      vertex   11.824316 30.604313 9.700000
      vertex   11.650898 30.863852 9.700000
    endloop
  endfacet
  facet normal 0.000000 0.000000 -1.000000
    outer loop
      vertex   12.710002 31.489999 9.700000
      vertex   12.390002 31.969999 9.700000
      vertex   12.696148 31.909102 9.700000
    endloop
  endfacet
  facet normal 0.000000 0.000000 -1.000000
    outer loop
      vertex   12.070002 31.489999 9.700000
      vertex   11.824316 31.735684 9.700000
      vertex   12.083855 31.909102 9.700000
    endloop
  endfacet
  facet normal -0.000000 0.000000 -1.000000
    outer loop
      vertex   13.190002 31.169999 9.700000
      vertex   12.710002 30.849999 9.700000
      vertex   12.710002 31.489999 9.700000
    endloop
  endfacet
  facet normal 0.000000 0.000000 -1.000000
    outer loop
      vertex   12.390002 30.369999 9.700000
      vertex   12.070002 30.849999 9.700000
      vertex   12.710002 30.849999 9.700000
    endloop
  endfacet
  facet normal 0.000000 0.000000 -1.000000
    outer loop
      vertex   11.590002 31.169999 9.700000
      vertex   12.070002 31.489999 9.700000
      vertex   12.070002 30.849999 9.700000
    endloop
  endfacet
  facet normal 0.000000 -0.000000 -1.000000
    outer loop
      vertex   12.390002 31.969999 9.700000
      vertex   12.710002 31.489999 9.700000
      vertex   12.070002 31.489999 9.700000
    endloop
  endfacet
  facet normal 0.000000 0.000000 -1.000000
    outer loop
      vertex   12.083855 30.430895 9.700000
      vertex   11.824316 30.604313 9.700000
      vertex   12.070002 30.849999 9.700000
    endloop
  endfacet
  facet normal 0.000000 0.000000 -1.000000
    outer loop
      vertex   12.696148 31.909102 9.700000
      vertex   12.955687 31.735684 9.700000
      vertex   12.710002 31.489999 9.700000
    endloop
  endfacet
  facet normal 0.000000 0.000000 -1.000000
    outer loop
      vertex   11.650898 31.476145 9.700000
      vertex   11.824316 31.735684 9.700000
      vertex   12.070002 31.489999 9.700000
    endloop
  endfacet
  facet normal 0.000000 0.000000 -1.000000
    outer loop
      vertex   13.129105 30.863852 9.700000
      vertex   12.955687 30.604313 9.700000
      vertex   12.710002 30.849999 9.700000
    endloop
  endfacet
  facet normal -1.000000 0.000000 0.000000
    outer loop
      vertex   12.070002 30.849999 0.173205
      vertex   12.070002 30.849999 9.700000
      vertex   12.070002 31.489999 9.700000
    endloop
  endfacet
  facet normal -1.000000 0.000000 -0.000000
    outer loop
      vertex   12.070002 31.489999 9.700000
      vertex   12.070002 31.489999 0.173205
      vertex   12.070002 30.849999 0.173205
    endloop
  endfacet
  facet normal 0.000000 1.000000 0.000000
    outer loop
      vertex   12.070002 31.489999 0.173205
      vertex   12.070002 31.489999 9.700000
      vertex   12.710002 31.489999 9.700000
    endloop
  endfacet
  facet normal 0.000000 1.000000 0.000000
    outer loop
      vertex   12.710002 31.489999 9.700000
      vertex   12.710002 31.489999 0.173205
      vertex   12.070002 31.489999 0.173205
    endloop
  endfacet
  facet normal 1.000000 0.000000 -0.000000
    outer loop
      vertex   12.710002 31.489999 0.173205
      vertex   12.710002 31.489999 9.700000
      vertex   12.710002 30.849999 9.700000
    endloop
  endfacet
  facet normal 1.000000 0.000000 0.000000
    outer loop
      vertex   12.710002 30.849999 9.700000
      vertex   12.710002 30.849999 0.173205
      vertex   12.710002 31.489999 0.173205
    endloop
  endfacet
  facet normal -0.000000 -0.866025 -0.500000
    outer loop
      vertex   12.710002 30.849999 0.173205
      vertex   12.070002 30.849999 0.173205
      vertex   12.170002 30.949999 0.000000
    endloop
  endfacet
  facet normal 0.000000 -0.866025 -0.500000
    outer loop
      vertex   12.170002 30.949999 0.000000
      vertex   12.610002 30.949999 0.000000
      vertex   12.710002 30.849999 0.173205
    endloop
  endfacet
  facet normal 0.000000 -0.000000 -1.000000
    outer loop
      vertex   12.610002 31.389999 0.000000
      vertex   12.610002 30.949999 0.000000
      vertex   12.170002 30.949999 0.000000
    endloop
  endfacet
  facet normal 0.000000 0.000000 -1.000000
    outer loop
      vertex   12.170002 30.949999 0.000000
      vertex   12.170002 31.389999 0.000000
      vertex   12.610002 31.389999 0.000000
    endloop
  endfacet
  facet normal 0.866025 0.000000 -0.500000
    outer loop
      vertex   12.710002 30.849999 0.173205
      vertex   12.610002 30.949999 0.000000
      vertex   12.610002 31.389999 0.000000
    endloop
  endfacet
  facet normal 0.866025 0.000000 -0.500000
    outer loop
      vertex   12.610002 31.389999 0.000000
      vertex   12.710002 31.489999 0.173205
      vertex   12.710002 30.849999 0.173205
    endloop
  endfacet
  facet normal 0.000000 0.866025 -0.500000
    outer loop
      vertex   12.710002 31.489999 0.173205
      vertex   12.610002 31.389999 0.000000
      vertex   12.170002 31.389999 0.000000
    endloop
  endfacet
  facet normal 0.000000 0.866025 -0.500000
    outer loop
      vertex   12.170002 31.389999 0.000000
      vertex   12.070002 31.489999 0.173205
      vertex   12.710002 31.489999 0.173205
    endloop
  endfacet
  facet normal -0.866025 0.000000 -0.500000
    outer loop
      vertex   12.070002 30.849999 0.173205
      vertex   12.070002 31.489999 0.173205
      vertex   12.170002 31.389999 0.000000
    endloop
  endfacet
  facet normal -0.866025 -0.000000 -0.500000
    outer loop
      vertex   12.170002 31.389999 0.000000
      vertex   12.170002 30.949999 0.000000
      vertex   12.070002 30.849999 0.173205
    endloop
  endfacet
  facet normal 0.758369 0.506726 0.410006
    outer loop
      vertex   13.129105 31.476145 9.700000
      vertex   12.955687 31.735684 9.700000
      vertex   12.710002 31.489999 10.458077
    endloop
  endfacet
  facet normal 0.894558 0.177939 0.410006
    outer loop
      vertex   13.190002 31.169999 9.700000
      vertex   13.129105 31.476145 9.700000
      vertex   12.710002 31.302547 10.689748
    endloop
  endfacet
  facet normal 0.882177 0.259290 0.393106
    outer loop
      vertex   12.710002 31.302547 10.689748
      vertex   12.710002 31.241272 10.730165
      vertex   13.190002 31.169999 9.700000
    endloop
  endfacet
  facet normal 0.900315 0.148156 0.409247
    outer loop
      vertex   12.710002 31.241272 10.730165
      vertex   12.710002 31.206565 10.742730
      vertex   13.190002 31.169999 9.700000
    endloop
  endfacet
  facet normal 0.878905 -0.275576 0.389339
    outer loop
      vertex   13.190002 31.169999 9.700000
      vertex   12.710002 31.082565 10.721681
      vertex   12.710002 31.037450 10.689748
    endloop
  endfacet
  facet normal 0.907863 -0.051400 0.416104
    outer loop
      vertex   13.190002 31.169999 9.700000
      vertex   12.710002 31.169999 10.747273
      vertex   12.710002 31.133648 10.742783
    endloop
  endfacet
  facet normal 0.897648 -0.168264 0.407328
    outer loop
      vertex   12.710002 31.133648 10.742783
      vertex   12.710002 31.082565 10.721681
      vertex   13.190002 31.169999 9.700000
    endloop
  endfacet
  facet normal 0.758369 -0.506726 0.410006
    outer loop
      vertex   13.129105 30.863852 9.700000
      vertex   12.710002 31.037450 10.689748
      vertex   12.710002 30.849999 10.458077
    endloop
  endfacet
  facet normal 0.506726 -0.758369 0.410006
    outer loop
      vertex   12.696148 30.430895 9.700000
      vertex   12.955687 30.604313 9.700000
      vertex   12.710002 30.849999 10.458077
    endloop
  endfacet
  facet normal 0.177939 -0.894558 0.410006
    outer loop
      vertex   12.390002 30.369999 9.700000
      vertex   12.696148 30.430895 9.700000
      vertex   12.522550 30.849999 10.689748
    endloop
  endfacet
  facet normal 0.259290 -0.882177 0.393106
    outer loop
      vertex   12.522550 30.849999 10.689748
      vertex   12.461275 30.849999 10.730165
      vertex   12.390002 30.369999 9.700000
    endloop
  endfacet
  facet normal 0.148156 -0.900315 0.409247
    outer loop
      vertex   12.461275 30.849999 10.730165
      vertex   12.426568 30.849999 10.742730
      vertex   12.390002 30.369999 9.700000
    endloop
  endfacet
  facet normal -0.275576 -0.878905 0.389339
    outer loop
      vertex   12.390002 30.369999 9.700000
      vertex   12.302568 30.849999 10.721681
      vertex   12.257453 30.849999 10.689748
    endloop
  endfacet
  facet normal -0.051400 -0.907863 0.416104
    outer loop
      vertex   12.390002 30.369999 9.700000
      vertex   12.390002 30.849999 10.747273
      vertex   12.353651 30.849999 10.742783
    endloop
  endfacet
  facet normal -0.168264 -0.897648 0.407328
    outer loop
      vertex   12.353651 30.849999 10.742783
      vertex   12.302568 30.849999 10.721681
      vertex   12.390002 30.369999 9.700000
    endloop
  endfacet
  facet normal -0.506726 -0.758369 0.410006
    outer loop
      vertex   12.083855 30.430895 9.700000
      vertex   12.257453 30.849999 10.689748
      vertex   12.070002 30.849999 10.458077
    endloop
  endfacet
  facet normal -0.758369 -0.506726 0.410006
    outer loop
      vertex   11.650898 30.863852 9.700000
      vertex   11.824316 30.604313 9.700000
      vertex   12.070002 30.849999 10.458077
    endloop
  endfacet
  facet normal -0.894558 -0.177939 0.410006
    outer loop
      vertex   11.590002 31.169999 9.700000
      vertex   11.650898 30.863852 9.700000
      vertex   12.070002 31.037450 10.689748
    endloop
  endfacet
  facet normal -0.882212 -0.259106 0.393148
    outer loop
      vertex   12.070002 31.037450 10.689748
      vertex   12.070002 31.098903 10.730249
      vertex   11.590002 31.169999 9.700000
    endloop
  endfacet
  facet normal -0.900373 -0.147649 0.409301
    outer loop
      vertex   12.070002 31.098903 10.730249
      vertex   12.070002 31.133648 10.742783
      vertex   11.590002 31.169999 9.700000
    endloop
  endfacet
  facet normal -0.878884 0.275675 0.389315
    outer loop
      vertex   11.590002 31.169999 9.700000
      vertex   12.070002 31.257532 10.721623
      vertex   12.070002 31.302547 10.689748
    endloop
  endfacet
  facet normal -0.907849 0.051701 0.416097
    outer loop
      vertex   11.590002 31.169999 9.700000
      vertex   12.070002 31.169999 10.747273
      vertex   12.070002 31.206565 10.742730
    endloop
  endfacet
  facet normal -0.897597 0.168659 0.407277
    outer loop
      vertex   12.070002 31.206565 10.742730
      vertex   12.070002 31.257532 10.721623
      vertex   11.590002 31.169999 9.700000
    endloop
  endfacet
  facet normal -0.758369 0.506726 0.410006
    outer loop
      vertex   11.650898 31.476145 9.700000
      vertex   12.070002 31.302547 10.689748
      vertex   12.070002 31.489999 10.458077
    endloop
  endfacet
  facet normal -0.506726 0.758369 0.410006
    outer loop
      vertex   12.083855 31.909102 9.700000
      vertex   11.824316 31.735684 9.700000
      vertex   12.070002 31.489999 10.458077
    endloop
  endfacet
  facet normal -0.177939 0.894558 0.410006
    outer loop
      vertex   12.390002 31.969999 9.700000
      vertex   12.083855 31.909102 9.700000
      vertex   12.257453 31.489999 10.689748
    endloop
  endfacet
  facet normal -0.259106 0.882212 0.393148
    outer loop
      vertex   12.257453 31.489999 10.689748
      vertex   12.318907 31.489999 10.730249
      vertex   12.390002 31.969999 9.700000
    endloop
  endfacet
  facet normal -0.147649 0.900373 0.409301
    outer loop
      vertex   12.318907 31.489999 10.730249
      vertex   12.353651 31.489999 10.742783
      vertex   12.390002 31.969999 9.700000
    endloop
  endfacet
  facet normal 0.275675 0.878884 0.389315
    outer loop
      vertex   12.390002 31.969999 9.700000
      vertex   12.477536 31.489999 10.721623
      vertex   12.522550 31.489999 10.689748
    endloop
  endfacet
  facet normal 0.051701 0.907849 0.416097
    outer loop
      vertex   12.390002 31.969999 9.700000
      vertex   12.390002 31.489999 10.747273
      vertex   12.426568 31.489999 10.742730
    endloop
  endfacet
  facet normal 0.168659 0.897597 0.407277
    outer loop
      vertex   12.426568 31.489999 10.742730
      vertex   12.477536 31.489999 10.721623
      vertex   12.390002 31.969999 9.700000
    endloop
  endfacet
  facet normal 0.506726 0.758369 0.410006
    outer loop
      vertex   12.696148 31.909102 9.700000
      vertex   12.522550 31.489999 10.689748
      vertex   12.710002 31.489999 10.458077
    endloop
  endfacet
  facet normal 0.506726 0.758369 0.410006
    outer loop
      vertex   12.710002 31.489999 10.458077
      vertex   12.955687 31.735684 9.700000
      vertex   12.696148 31.909102 9.700000
    endloop
  endfacet
  facet normal 0.177939 0.894558 0.410006
    outer loop
      vertex   12.522550 31.489999 10.689748
      vertex   12.696148 31.909102 9.700000
      vertex   12.390002 31.969999 9.700000
    endloop
  endfacet
  facet normal -0.051400 0.907863 0.416104
    outer loop
      vertex   12.353651 31.489999 10.742783
      vertex   12.390002 31.489999 10.747273
      vertex   12.390002 31.969999 9.700000
    endloop
  endfacet
  facet normal -0.506726 0.758369 0.410006
    outer loop
      vertex   12.070002 31.489999 10.458077
      vertex   12.257453 31.489999 10.689748
      vertex   12.083855 31.909102 9.700000
    endloop
  endfacet
  facet normal -0.758369 0.506726 0.410006
    outer loop
      vertex   12.070002 31.489999 10.458077
      vertex   11.824316 31.735684 9.700000
      vertex   11.650898 31.476145 9.700000
    endloop
  endfacet
  facet normal -0.894558 0.177939 0.410006
    outer loop
      vertex   12.070002 31.302547 10.689748
      vertex   11.650898 31.476145 9.700000
      vertex   11.590002 31.169999 9.700000
    endloop
  endfacet
  facet normal -0.907863 -0.051400 0.416104
    outer loop
      vertex   12.070002 31.133648 10.742783
      vertex   12.070002 31.169999 10.747273
      vertex   11.590002 31.169999 9.700000
    endloop
  endfacet
  facet normal -0.758369 -0.506726 0.410006
    outer loop
      vertex   12.070002 30.849999 10.458077
      vertex   12.070002 31.037450 10.689748
      vertex   11.650898 30.863852 9.700000
    endloop
  endfacet
  facet normal -0.506726 -0.758369 0.410006
    outer loop
      vertex   12.070002 30.849999 10.458077
      vertex   11.824316 30.604313 9.700000
      vertex   12.083855 30.430895 9.700000
    endloop
  endfacet
  facet normal -0.177939 -0.894558 0.410006
    outer loop
      vertex   12.257453 30.849999 10.689748
      vertex   12.083855 30.430895 9.700000
      vertex   12.390002 30.369999 9.700000
    endloop
  endfacet
  facet normal 0.051701 -0.907849 0.416097
    outer loop
      vertex   12.426568 30.849999 10.742730
      vertex   12.390002 30.849999 10.747273
      vertex   12.390002 30.369999 9.700000
    endloop
  endfacet
  facet normal 0.506726 -0.758369 0.410006
    outer loop
      vertex   12.710002 30.849999 10.458077
      vertex   12.522550 30.849999 10.689748
      vertex   12.696148 30.430895 9.700000
    endloop
  endfacet
  facet normal 0.758369 -0.506726 0.410006
    outer loop
      vertex   12.710002 30.849999 10.458077
      vertex   12.955687 30.604313 9.700000
      vertex   13.129105 30.863852 9.700000
    endloop
  endfacet
  facet normal 0.894558 -0.177939 0.410006
    outer loop
      vertex   12.710002 31.037450 10.689748
      vertex   13.129105 30.863852 9.700000
      vertex   13.190002 31.169999 9.700000
    endloop
  endfacet
  facet normal 0.907849 0.051701 0.416097
    outer loop
      vertex   12.710002 31.206565 10.742730
      vertex   12.710002 31.169999 10.747273
      vertex   13.190002 31.169999 9.700000
    endloop
  endfacet
  facet normal 0.758369 0.506726 0.410006
    outer loop
      vertex   12.710002 31.489999 10.458077
      vertex   12.710002 31.302547 10.689748
      vertex   13.129105 31.476145 9.700000
    endloop
  endfacet
  facet normal 1.000000 0.000000 -0.000000
    outer loop
      vertex   12.710002 31.489999 10.826795
      vertex   12.710002 31.169999 10.747273
      vertex   12.710002 31.206565 10.742730
    endloop
  endfacet
  facet normal 1.000000 -0.000000 0.000000
    outer loop
      vertex   12.710002 31.206565 10.742730
      vertex   12.710002 31.241272 10.730165
      vertex   12.710002 31.489999 10.826795
    endloop
  endfacet
  facet normal 1.000000 -0.000000 -0.000000
    outer loop
      vertex   12.710002 30.849999 10.826795
      vertex   12.710002 31.133648 10.742783
      vertex   12.710002 31.169999 10.747273
    endloop
  endfacet
  facet normal 1.000000 0.000000 -0.000000
    outer loop
      vertex   12.710002 31.169999 10.747273
      vertex   12.710002 31.489999 10.826795
      vertex   12.710002 30.849999 10.826795
    endloop
  endfacet
  facet normal 1.000000 0.000000 0.000000
    outer loop
      vertex   12.710002 30.849999 10.826795
      vertex   12.710002 31.037450 10.689748
      vertex   12.710002 31.082565 10.721681
    endloop
  endfacet
  facet normal 1.000000 -0.000000 -0.000000
    outer loop
      vertex   12.710002 31.082565 10.721681
      vertex   12.710002 31.133648 10.742783
      vertex   12.710002 30.849999 10.826795
    endloop
  endfacet
  facet normal 1.000000 0.000000 0.000000
    outer loop
      vertex   12.710002 30.849999 10.826795
      vertex   12.710002 30.849999 10.458077
      vertex   12.710002 31.037450 10.689748
    endloop
  endfacet
  facet normal 1.000000 -0.000000 0.000000
    outer loop
      vertex   12.710002 31.241272 10.730165
      vertex   12.710002 31.302547 10.689748
      vertex   12.710002 31.489999 10.826795
    endloop
  endfacet
  facet normal 1.000000 -0.000000 0.000000
    outer loop
      vertex   12.710002 31.302547 10.689748
      vertex   12.710002 31.489999 10.458077
      vertex   12.710002 31.489999 10.826795
    endloop
  endfacet
  facet normal -0.000000 1.000000 0.000000
    outer loop
      vertex   12.070002 31.489999 10.826795
      vertex   12.710002 31.489999 10.826795
      vertex   12.390002 31.489999 10.747273
    endloop
  endfacet
  facet normal -0.000000 1.000000 -0.000000
    outer loop
      vertex   12.390002 31.489999 10.747273
      vertex   12.353651 31.489999 10.742783
      vertex   12.070002 31.489999 10.826795
    endloop
  endfacet
  facet normal 0.000000 1.000000 0.000000
    outer loop
      vertex   12.353651 31.489999 10.742783
      vertex   12.318907 31.489999 10.730249
      vertex   12.070002 31.489999 10.826795
    endloop
  endfacet
  facet normal 0.000000 1.000000 -0.000000
    outer loop
      vertex   12.710002 31.489999 10.826795
      vertex   12.426568 31.489999 10.742730
      vertex   12.390002 31.489999 10.747273
    endloop
  endfacet
  facet normal -0.000000 1.000000 0.000000
    outer loop
      vertex   12.710002 31.489999 10.826795
      vertex   12.522550 31.489999 10.689748
      vertex   12.477536 31.489999 10.721623
    endloop
  endfacet
  facet normal -0.000000 1.000000 0.000000
    outer loop
      vertex   12.477536 31.489999 10.721623
      vertex   12.426568 31.489999 10.742730
      vertex   12.710002 31.489999 10.826795
    endloop
  endfacet
  facet normal 0.000000 1.000000 0.000000
    outer loop
      vertex   12.710002 31.489999 10.826795
      vertex   12.710002 31.489999 10.458077
      vertex   12.522550 31.489999 10.689748
    endloop
  endfacet
  facet normal -0.000000 1.000000 -0.000000
    outer loop
      vertex   12.318907 31.489999 10.730249
      vertex   12.257453 31.489999 10.689748
      vertex   12.070002 31.489999 10.826795
    endloop
  endfacet
  facet normal 0.000000 1.000000 0.000000
    outer loop
      vertex   12.257453 31.489999 10.689748
      vertex   12.070002 31.489999 10.458077
      vertex   12.070002 31.489999 10.826795
    endloop
  endfacet
  facet normal -1.000000 0.000000 0.000000
    outer loop
      vertex   12.070002 30.849999 10.826795
      vertex   12.070002 31.489999 10.826795
      vertex   12.070002 31.169999 10.747273
    endloop
  endfacet
  facet normal -1.000000 -0.000000 -0.000000
    outer loop
      vertex   12.070002 31.169999 10.747273
      vertex   12.070002 31.133648 10.742783
      vertex   12.070002 30.849999 10.826795
    endloop
  endfacet
  facet normal -1.000000 0.000000 0.000000
    outer loop
      vertex   12.070002 31.133648 10.742783
      vertex   12.070002 31.098903 10.730249
      vertex   12.070002 30.849999 10.826795
    endloop
  endfacet
  facet normal -1.000000 0.000000 -0.000000
    outer loop
      vertex   12.070002 31.489999 10.826795
      vertex   12.070002 31.206565 10.742730
      vertex   12.070002 31.169999 10.747273
    endloop
  endfacet
  facet normal -1.000000 -0.000000 0.000000
    outer loop
      vertex   12.070002 31.489999 10.826795
      vertex   12.070002 31.302547 10.689748
      vertex   12.070002 31.257532 10.721623
    endloop
  endfacet
  facet normal -1.000000 -0.000000 0.000000
    outer loop
      vertex   12.070002 31.257532 10.721623
      vertex   12.070002 31.206565 10.742730
      vertex   12.070002 31.489999 10.826795
    endloop
  endfacet
  facet normal -1.000000 0.000000 -0.000000
    outer loop
      vertex   12.070002 31.489999 10.826795
      vertex   12.070002 31.489999 10.458077
      vertex   12.070002 31.302547 10.689748
    endloop
  endfacet
  facet normal -1.000000 -0.000000 -0.000000
    outer loop
      vertex   12.070002 31.098903 10.730249
      vertex   12.070002 31.037450 10.689748
      vertex   12.070002 30.849999 10.826795
    endloop
  endfacet
  facet normal -1.000000 0.000000 -0.000000
    outer loop
      vertex   12.070002 31.037450 10.689748
      vertex   12.070002 30.849999 10.458077
      vertex   12.070002 30.849999 10.826795
    endloop
  endfacet
  facet normal 0.000000 0.866025 0.500000
    outer loop
      vertex   12.710002 31.489999 10.826795
      vertex   12.070002 31.489999 10.826795
      vertex   12.170002 31.389999 11.000000
    endloop
  endfacet
  facet normal -0.000000 0.866025 0.500000
    outer loop
      vertex   12.170002 31.389999 11.000000
      vertex   12.610002 31.389999 11.000000
      vertex   12.710002 31.489999 10.826795
    endloop
  endfacet
  facet normal 0.000000 0.000000 1.000000
    outer loop
      vertex   12.170002 30.949999 11.000000
      vertex   12.610002 30.949999 11.000000
      vertex   12.610002 31.389999 11.000000
    endloop
  endfacet
  facet normal 0.000000 0.000000 1.000000
    outer loop
      vertex   12.610002 31.389999 11.000000
      vertex   12.170002 31.389999 11.000000
      vertex   12.170002 30.949999 11.000000
    endloop
  endfacet
  facet normal -0.000000 -0.866025 0.500000
    outer loop
      vertex   12.710002 30.849999 10.826795
      vertex   12.610002 30.949999 11.000000
      vertex   12.170002 30.949999 11.000000
    endloop
  endfacet
  facet normal -0.000000 -0.866025 0.500000
    outer loop
      vertex   12.170002 30.949999 11.000000
      vertex   12.070002 30.849999 10.826795
      vertex   12.710002 30.849999 10.826795
    endloop
  endfacet
  facet normal -0.866025 0.000000 0.500000
    outer loop
      vertex   12.070002 30.849999 10.826795
      vertex   12.170002 30.949999 11.000000
      vertex   12.170002 31.389999 11.000000
    endloop
  endfacet
  facet normal -0.866025 0.000000 0.500000
    outer loop
      vertex   12.170002 31.389999 11.000000
      vertex   12.070002 31.489999 10.826795
      vertex   12.070002 30.849999 10.826795
    endloop
  endfacet
  facet normal 0.866025 -0.000000 0.500000
    outer loop
      vertex   12.710002 30.849999 10.826795
      vertex   12.710002 31.489999 10.826795
      vertex   12.610002 31.389999 11.000000
    endloop
  endfacet
  facet normal 0.866025 0.000000 0.500000
    outer loop
      vertex   12.610002 31.389999 11.000000
      vertex   12.610002 30.949999 11.000000
      vertex   12.710002 30.849999 10.826795
    endloop
  endfacet
  facet normal 0.000000 -1.000000 -0.000000
    outer loop
      vertex   12.710002 30.849999 10.826795
      vertex   12.390002 30.849999 10.747273
      vertex   12.426568 30.849999 10.742730
    endloop
  endfacet
  facet normal -0.000000 -1.000000 0.000000
    outer loop
      vertex   12.426568 30.849999 10.742730
      vertex   12.461275 30.849999 10.730165
      vertex   12.710002 30.849999 10.826795
    endloop
  endfacet
  facet normal -0.000000 -1.000000 -0.000000
    outer loop
      vertex   12.070002 30.849999 10.826795
      vertex   12.353651 30.849999 10.742783
      vertex   12.390002 30.849999 10.747273
    endloop
  endfacet
  facet normal 0.000000 -1.000000 0.000000
    outer loop
      vertex   12.390002 30.849999 10.747273
      vertex   12.710002 30.849999 10.826795
      vertex   12.070002 30.849999 10.826795
    endloop
  endfacet
  facet normal 0.000000 -1.000000 0.000000
    outer loop
      vertex   12.070002 30.849999 10.826795
      vertex   12.257453 30.849999 10.689748
      vertex   12.302568 30.849999 10.721681
    endloop
  endfacet
  facet normal -0.000000 -1.000000 -0.000000
    outer loop
      vertex   12.302568 30.849999 10.721681
      vertex   12.353651 30.849999 10.742783
      vertex   12.070002 30.849999 10.826795
    endloop
  endfacet
  facet normal 0.000000 -1.000000 0.000000
    outer loop
      vertex   12.070002 30.849999 10.826795
      vertex   12.070002 30.849999 10.458077
      vertex   12.257453 30.849999 10.689748
    endloop
  endfacet
  facet normal 0.000000 -1.000000 0.000000
    outer loop
      vertex   12.461275 30.849999 10.730165
      vertex   12.522550 30.849999 10.689748
      vertex   12.710002 30.849999 10.826795
    endloop
  endfacet
  facet normal 0.000000 -1.000000 0.000000
    outer loop
      vertex   12.522550 30.849999 10.689748
      vertex   12.710002 30.849999 10.458077
      vertex   12.710002 30.849999 10.826795
    endloop
  endfacet
  facet normal 0.000000 -1.000000 0.000000
    outer loop
      vertex   5.090002 30.849999 0.173205
      vertex   5.090002 30.849999 9.700000
      vertex   4.450002 30.849999 9.700000
    endloop
  endfacet
  facet normal 0.000000 -1.000000 0.000000
    outer loop
      vertex   4.450002 30.849999 9.700000
      vertex   4.450002 30.849999 0.173205
      vertex   5.090002 30.849999 0.173205
    endloop
  endfacet
  facet normal 0.000000 0.000000 -1.000000
    outer loop
      vertex   5.090002 31.489999 9.700000
      vertex   5.509105 31.476145 9.700000
      vertex   5.570002 31.169999 9.700000
    endloop
  endfacet
  facet normal 0.000000 0.000000 -1.000000
    outer loop
      vertex   4.450002 30.849999 9.700000
      vertex   4.030898 30.863852 9.700000
      vertex   3.970002 31.169999 9.700000
    endloop
  endfacet
  facet normal -0.000000 0.000000 -1.000000
    outer loop
      vertex   5.570002 31.169999 9.700000
      vertex   5.090002 30.849999 9.700000
      vertex   5.090002 31.489999 9.700000
    endloop
  endfacet
  facet normal 0.000000 0.000000 -1.000000
    outer loop
      vertex   4.450002 30.849999 9.700000
      vertex   5.090002 30.849999 9.700000
      vertex   4.770002 30.369999 9.700000
    endloop
  endfacet
  facet normal 0.000000 0.000000 -1.000000
    outer loop
      vertex   3.970002 31.169999 9.700000
      vertex   4.450002 31.489999 9.700000
      vertex   4.450002 30.849999 9.700000
    endloop
  endfacet
  facet normal 0.000000 0.000000 -1.000000
    outer loop
      vertex   5.090002 31.489999 9.700000
      vertex   4.450002 31.489999 9.700000
      vertex   4.770002 31.969999 9.700000
    endloop
  endfacet
  facet normal 0.000000 0.000000 -1.000000
    outer loop
      vertex   5.570002 31.169999 9.700000
      vertex   5.509105 30.863852 9.700000
      vertex   5.090002 30.849999 9.700000
    endloop
  endfacet
  facet normal 0.000000 0.000000 -1.000000
    outer loop
      vertex   4.770002 30.369999 9.700000
      vertex   4.463855 30.430895 9.700000
      vertex   4.450002 30.849999 9.700000
    endloop
  endfacet
  facet normal 0.000000 -0.000000 -1.000000
    outer loop
      vertex   5.090002 30.849999 9.700000
      vertex   5.335687 30.604313 9.700000
      vertex   5.076148 30.430895 9.700000
    endloop
  endfacet
  facet normal 0.000000 0.000000 -1.000000
    outer loop
      vertex   3.970002 31.169999 9.700000
      vertex   4.030898 31.476145 9.700000
      vertex   4.450002 31.489999 9.700000
    endloop
  endfacet
  facet normal 0.000000 0.000000 -1.000000
    outer loop
      vertex   4.770002 31.969999 9.700000
      vertex   5.076148 31.909102 9.700000
      vertex   5.090002 31.489999 9.700000
    endloop
  endfacet
  facet normal 0.000000 0.000000 -1.000000
    outer loop
      vertex   4.450002 31.489999 9.700000
      vertex   4.204316 31.735684 9.700000
      vertex   4.463855 31.909102 9.700000
    endloop
  endfacet
  facet normal 0.000000 0.000000 -1.000000
    outer loop
      vertex   5.090002 31.489999 9.700000
      vertex   5.335687 31.735684 9.700000
      vertex   5.509105 31.476145 9.700000
    endloop
  endfacet
  facet normal -0.000000 0.000000 -1.000000
    outer loop
      vertex   5.076148 30.430895 9.700000
      vertex   4.770002 30.369999 9.700000
      vertex   5.090002 30.849999 9.700000
    endloop
  endfacet
  facet normal -0.000000 0.000000 -1.000000
    outer loop
      vertex   4.450002 30.849999 9.700000
      vertex   4.204316 30.604313 9.700000
      vertex   4.030898 30.863852 9.700000
    endloop
  endfacet
  facet normal 0.000000 -0.000000 -1.000000
    outer loop
      vertex   4.463855 31.909102 9.700000
      vertex   4.770002 31.969999 9.700000
      vertex   4.450002 31.489999 9.700000
    endloop
  endfacet
  facet normal 0.000000 0.000000 -1.000000
    outer loop
      vertex   4.463855 30.430895 9.700000
      vertex   4.204316 30.604313 9.700000
      vertex   4.450002 30.849999 9.700000
    endloop
  endfacet
  facet normal 0.000000 0.000000 -1.000000
    outer loop
      vertex   5.076148 31.909102 9.700000
      vertex   5.335687 31.735684 9.700000
      vertex   5.090002 31.489999 9.700000
    endloop
  endfacet
  facet normal 0.000000 0.000000 -1.000000
    outer loop
      vertex   4.030898 31.476145 9.700000
      vertex   4.204316 31.735684 9.700000
      vertex   4.450002 31.489999 9.700000
    endloop
  endfacet
  facet normal 0.000000 0.000000 -1.000000
    outer loop
      vertex   5.509105 30.863852 9.700000
      vertex   5.335687 30.604313 9.700000
      vertex   5.090002 30.849999 9.700000
    endloop
  endfacet
  facet normal -1.000000 0.000000 0.000000
    outer loop
      vertex   4.450002 30.849999 0.173205
      vertex   4.450002 30.849999 9.700000
      vertex   4.450002 31.489999 9.700000
    endloop
  endfacet
  facet normal -1.000000 0.000000 -0.000000
    outer loop
      vertex   4.450002 31.489999 9.700000
      vertex   4.450002 31.489999 0.173205
      vertex   4.450002 30.849999 0.173205
    endloop
  endfacet
  facet normal 0.000000 1.000000 0.000000
    outer loop
      vertex   4.450002 31.489999 0.173205
      vertex   4.450002 31.489999 9.700000
      vertex   5.090002 31.489999 9.700000
    endloop
  endfacet
  facet normal 0.000000 1.000000 0.000000
    outer loop
      vertex   5.090002 31.489999 9.700000
      vertex   5.090002 31.489999 0.173205
      vertex   4.450002 31.489999 0.173205
    endloop
  endfacet
  facet normal 1.000000 0.000000 -0.000000
    outer loop
      vertex   5.090002 31.489999 0.173205
      vertex   5.090002 31.489999 9.700000
      vertex   5.090002 30.849999 9.700000
    endloop
  endfacet
  facet normal 1.000000 0.000000 0.000000
    outer loop
      vertex   5.090002 30.849999 9.700000
      vertex   5.090002 30.849999 0.173205
      vertex   5.090002 31.489999 0.173205
    endloop
  endfacet
  facet normal -0.000000 -0.866025 -0.500000
    outer loop
      vertex   4.450002 30.849999 0.173205
      vertex   4.550002 30.949999 0.000000
      vertex   4.990002 30.949999 0.000000
    endloop
  endfacet
  facet normal -0.000000 -0.866025 -0.500000
    outer loop
      vertex   4.990002 30.949999 0.000000
      vertex   5.090002 30.849999 0.173205
      vertex   4.450002 30.849999 0.173205
    endloop
  endfacet
  facet normal 0.000000 -0.000000 -1.000000
    outer loop
      vertex   4.990002 31.389999 0.000000
      vertex   4.990002 30.949999 0.000000
      vertex   4.550002 30.949999 0.000000
    endloop
  endfacet
  facet normal 0.000000 0.000000 -1.000000
    outer loop
      vertex   4.550002 30.949999 0.000000
      vertex   4.550002 31.389999 0.000000
      vertex   4.990002 31.389999 0.000000
    endloop
  endfacet
  facet normal 0.866025 0.000000 -0.500000
    outer loop
      vertex   5.090002 30.849999 0.173205
      vertex   4.990002 30.949999 0.000000
      vertex   4.990002 31.389999 0.000000
    endloop
  endfacet
  facet normal 0.866025 0.000000 -0.500000
    outer loop
      vertex   4.990002 31.389999 0.000000
      vertex   5.090002 31.489999 0.173205
      vertex   5.090002 30.849999 0.173205
    endloop
  endfacet
  facet normal 0.000000 0.866025 -0.500000
    outer loop
      vertex   4.450002 31.489999 0.173205
      vertex   5.090002 31.489999 0.173205
      vertex   4.990002 31.389999 0.000000
    endloop
  endfacet
  facet normal 0.000000 0.866025 -0.500000
    outer loop
      vertex   4.990002 31.389999 0.000000
      vertex   4.550002 31.389999 0.000000
      vertex   4.450002 31.489999 0.173205
    endloop
  endfacet
  facet normal -0.866025 0.000000 -0.500000
    outer loop
      vertex   4.450002 30.849999 0.173205
      vertex   4.450002 31.489999 0.173205
      vertex   4.550002 31.389999 0.000000
    endloop
  endfacet
  facet normal -0.866025 -0.000000 -0.500000
    outer loop
      vertex   4.550002 31.389999 0.000000
      vertex   4.550002 30.949999 0.000000
      vertex   4.450002 30.849999 0.173205
    endloop
  endfacet
  facet normal 0.758369 0.506726 0.410006
    outer loop
      vertex   5.509105 31.476145 9.700000
      vertex   5.335687 31.735684 9.700000
      vertex   5.090002 31.489999 10.458077
    endloop
  endfacet
  facet normal 0.894558 0.177939 0.410006
    outer loop
      vertex   5.570002 31.169999 9.700000
      vertex   5.509105 31.476145 9.700000
      vertex   5.090002 31.302547 10.689748
    endloop
  endfacet
  facet normal 0.882177 0.259290 0.393106
    outer loop
      vertex   5.090002 31.302547 10.689748
      vertex   5.090002 31.241272 10.730165
      vertex   5.570002 31.169999 9.700000
    endloop
  endfacet
  facet normal 0.900315 0.148156 0.409247
    outer loop
      vertex   5.090002 31.241272 10.730165
      vertex   5.090002 31.206565 10.742730
      vertex   5.570002 31.169999 9.700000
    endloop
  endfacet
  facet normal 0.878905 -0.275576 0.389339
    outer loop
      vertex   5.570002 31.169999 9.700000
      vertex   5.090002 31.082565 10.721681
      vertex   5.090002 31.037450 10.689748
    endloop
  endfacet
  facet normal 0.907863 -0.051400 0.416104
    outer loop
      vertex   5.570002 31.169999 9.700000
      vertex   5.090002 31.169999 10.747273
      vertex   5.090002 31.133648 10.742783
    endloop
  endfacet
  facet normal 0.897648 -0.168264 0.407328
    outer loop
      vertex   5.090002 31.133648 10.742783
      vertex   5.090002 31.082565 10.721681
      vertex   5.570002 31.169999 9.700000
    endloop
  endfacet
  facet normal 0.758369 -0.506726 0.410006
    outer loop
      vertex   5.509105 30.863852 9.700000
      vertex   5.090002 31.037450 10.689748
      vertex   5.090002 30.849999 10.458077
    endloop
  endfacet
  facet normal 0.506726 -0.758369 0.410006
    outer loop
      vertex   5.076148 30.430895 9.700000
      vertex   5.335687 30.604313 9.700000
      vertex   5.090002 30.849999 10.458077
    endloop
  endfacet
  facet normal 0.177939 -0.894558 0.410006
    outer loop
      vertex   4.770002 30.369999 9.700000
      vertex   5.076148 30.430895 9.700000
      vertex   4.902550 30.849999 10.689748
    endloop
  endfacet
  facet normal 0.259290 -0.882177 0.393106
    outer loop
      vertex   4.902550 30.849999 10.689748
      vertex   4.841275 30.849999 10.730165
      vertex   4.770002 30.369999 9.700000
    endloop
  endfacet
  facet normal 0.148156 -0.900315 0.409247
    outer loop
      vertex   4.841275 30.849999 10.730165
      vertex   4.806568 30.849999 10.742730
      vertex   4.770002 30.369999 9.700000
    endloop
  endfacet
  facet normal -0.275576 -0.878905 0.389339
    outer loop
      vertex   4.770002 30.369999 9.700000
      vertex   4.682568 30.849999 10.721681
      vertex   4.637453 30.849999 10.689748
    endloop
  endfacet
  facet normal -0.051400 -0.907863 0.416104
    outer loop
      vertex   4.770002 30.369999 9.700000
      vertex   4.770002 30.849999 10.747273
      vertex   4.733651 30.849999 10.742783
    endloop
  endfacet
  facet normal -0.168264 -0.897648 0.407328
    outer loop
      vertex   4.733651 30.849999 10.742783
      vertex   4.682568 30.849999 10.721681
      vertex   4.770002 30.369999 9.700000
    endloop
  endfacet
  facet normal -0.506726 -0.758369 0.410006
    outer loop
      vertex   4.463855 30.430895 9.700000
      vertex   4.637453 30.849999 10.689748
      vertex   4.450002 30.849999 10.458077
    endloop
  endfacet
  facet normal -0.758369 -0.506726 0.410006
    outer loop
      vertex   4.030898 30.863852 9.700000
      vertex   4.204316 30.604313 9.700000
      vertex   4.450002 30.849999 10.458077
    endloop
  endfacet
  facet normal -0.894558 -0.177939 0.410006
    outer loop
      vertex   3.970002 31.169999 9.700000
      vertex   4.030898 30.863852 9.700000
      vertex   4.450002 31.037450 10.689748
    endloop
  endfacet
  facet normal -0.882212 -0.259106 0.393148
    outer loop
      vertex   4.450002 31.037450 10.689748
      vertex   4.450002 31.098903 10.730249
      vertex   3.970002 31.169999 9.700000
    endloop
  endfacet
  facet normal -0.900373 -0.147649 0.409301
    outer loop
      vertex   4.450002 31.098903 10.730249
      vertex   4.450002 31.133648 10.742783
      vertex   3.970002 31.169999 9.700000
    endloop
  endfacet
  facet normal -0.878884 0.275675 0.389315
    outer loop
      vertex   3.970002 31.169999 9.700000
      vertex   4.450002 31.257532 10.721623
      vertex   4.450002 31.302547 10.689748
    endloop
  endfacet
  facet normal -0.907849 0.051701 0.416097
    outer loop
      vertex   3.970002 31.169999 9.700000
      vertex   4.450002 31.169999 10.747273
      vertex   4.450002 31.206565 10.742730
    endloop
  endfacet
  facet normal -0.897597 0.168659 0.407277
    outer loop
      vertex   4.450002 31.206565 10.742730
      vertex   4.450002 31.257532 10.721623
      vertex   3.970002 31.169999 9.700000
    endloop
  endfacet
  facet normal -0.758369 0.506726 0.410006
    outer loop
      vertex   4.030898 31.476145 9.700000
      vertex   4.450002 31.302547 10.689748
      vertex   4.450002 31.489999 10.458077
    endloop
  endfacet
  facet normal -0.506726 0.758369 0.410006
    outer loop
      vertex   4.463855 31.909102 9.700000
      vertex   4.204316 31.735684 9.700000
      vertex   4.450002 31.489999 10.458077
    endloop
  endfacet
  facet normal -0.177939 0.894558 0.410006
    outer loop
      vertex   4.770002 31.969999 9.700000
      vertex   4.463855 31.909102 9.700000
      vertex   4.637453 31.489999 10.689748
    endloop
  endfacet
  facet normal -0.259106 0.882212 0.393148
    outer loop
      vertex   4.637453 31.489999 10.689748
      vertex   4.698907 31.489999 10.730249
      vertex   4.770002 31.969999 9.700000
    endloop
  endfacet
  facet normal -0.147649 0.900373 0.409301
    outer loop
      vertex   4.698907 31.489999 10.730249
      vertex   4.733651 31.489999 10.742783
      vertex   4.770002 31.969999 9.700000
    endloop
  endfacet
  facet normal 0.275675 0.878884 0.389315
    outer loop
      vertex   4.770002 31.969999 9.700000
      vertex   4.857536 31.489999 10.721623
      vertex   4.902550 31.489999 10.689748
    endloop
  endfacet
  facet normal 0.051701 0.907849 0.416097
    outer loop
      vertex   4.770002 31.969999 9.700000
      vertex   4.770002 31.489999 10.747273
      vertex   4.806568 31.489999 10.742730
    endloop
  endfacet
  facet normal 0.168659 0.897597 0.407277
    outer loop
      vertex   4.806568 31.489999 10.742730
      vertex   4.857536 31.489999 10.721623
      vertex   4.770002 31.969999 9.700000
    endloop
  endfacet
  facet normal 0.506726 0.758369 0.410006
    outer loop
      vertex   5.076148 31.909102 9.700000
      vertex   4.902550 31.489999 10.689748
      vertex   5.090002 31.489999 10.458077
    endloop
  endfacet
  facet normal 0.506726 0.758369 0.410006
    outer loop
      vertex   5.090002 31.489999 10.458077
      vertex   5.335687 31.735684 9.700000
      vertex   5.076148 31.909102 9.700000
    endloop
  endfacet
  facet normal 0.177939 0.894558 0.410006
    outer loop
      vertex   4.902550 31.489999 10.689748
      vertex   5.076148 31.909102 9.700000
      vertex   4.770002 31.969999 9.700000
    endloop
  endfacet
  facet normal -0.051400 0.907863 0.416104
    outer loop
      vertex   4.733651 31.489999 10.742783
      vertex   4.770002 31.489999 10.747273
      vertex   4.770002 31.969999 9.700000
    endloop
  endfacet
  facet normal -0.506726 0.758369 0.410006
    outer loop
      vertex   4.450002 31.489999 10.458077
      vertex   4.637453 31.489999 10.689748
      vertex   4.463855 31.909102 9.700000
    endloop
  endfacet
  facet normal -0.758369 0.506726 0.410006
    outer loop
      vertex   4.450002 31.489999 10.458077
      vertex   4.204316 31.735684 9.700000
      vertex   4.030898 31.476145 9.700000
    endloop
  endfacet
  facet normal -0.894558 0.177939 0.410006
    outer loop
      vertex   4.450002 31.302547 10.689748
      vertex   4.030898 31.476145 9.700000
      vertex   3.970002 31.169999 9.700000
    endloop
  endfacet
  facet normal -0.907863 -0.051400 0.416104
    outer loop
      vertex   4.450002 31.133648 10.742783
      vertex   4.450002 31.169999 10.747273
      vertex   3.970002 31.169999 9.700000
    endloop
  endfacet
  facet normal -0.758369 -0.506726 0.410006
    outer loop
      vertex   4.450002 30.849999 10.458077
      vertex   4.450002 31.037450 10.689748
      vertex   4.030898 30.863852 9.700000
    endloop
  endfacet
  facet normal -0.506726 -0.758369 0.410006
    outer loop
      vertex   4.450002 30.849999 10.458077
      vertex   4.204316 30.604313 9.700000
      vertex   4.463855 30.430895 9.700000
    endloop
  endfacet
  facet normal -0.177939 -0.894558 0.410006
    outer loop
      vertex   4.637453 30.849999 10.689748
      vertex   4.463855 30.430895 9.700000
      vertex   4.770002 30.369999 9.700000
    endloop
  endfacet
  facet normal 0.051701 -0.907849 0.416097
    outer loop
      vertex   4.806568 30.849999 10.742730
      vertex   4.770002 30.849999 10.747273
      vertex   4.770002 30.369999 9.700000
    endloop
  endfacet
  facet normal 0.506726 -0.758369 0.410006
    outer loop
      vertex   5.090002 30.849999 10.458077
      vertex   4.902550 30.849999 10.689748
      vertex   5.076148 30.430895 9.700000
    endloop
  endfacet
  facet normal 0.758369 -0.506726 0.410006
    outer loop
      vertex   5.090002 30.849999 10.458077
      vertex   5.335687 30.604313 9.700000
      vertex   5.509105 30.863852 9.700000
    endloop
  endfacet
  facet normal 0.894558 -0.177939 0.410006
    outer loop
      vertex   5.090002 31.037450 10.689748
      vertex   5.509105 30.863852 9.700000
      vertex   5.570002 31.169999 9.700000
    endloop
  endfacet
  facet normal 0.907849 0.051701 0.416097
    outer loop
      vertex   5.090002 31.206565 10.742730
      vertex   5.090002 31.169999 10.747273
      vertex   5.570002 31.169999 9.700000
    endloop
  endfacet
  facet normal 0.758369 0.506726 0.410006
    outer loop
      vertex   5.090002 31.489999 10.458077
      vertex   5.090002 31.302547 10.689748
      vertex   5.509105 31.476145 9.700000
    endloop
  endfacet
  facet normal 1.000000 0.000000 -0.000000
    outer loop
      vertex   5.090002 31.489999 10.826795
      vertex   5.090002 31.169999 10.747273
      vertex   5.090002 31.206565 10.742730
    endloop
  endfacet
  facet normal 1.000000 -0.000000 0.000000
    outer loop
      vertex   5.090002 31.206565 10.742730
      vertex   5.090002 31.241272 10.730165
      vertex   5.090002 31.489999 10.826795
    endloop
  endfacet
  facet normal 1.000000 -0.000000 -0.000000
    outer loop
      vertex   5.090002 30.849999 10.826795
      vertex   5.090002 31.133648 10.742783
      vertex   5.090002 31.169999 10.747273
    endloop
  endfacet
  facet normal 1.000000 0.000000 -0.000000
    outer loop
      vertex   5.090002 31.169999 10.747273
      vertex   5.090002 31.489999 10.826795
      vertex   5.090002 30.849999 10.826795
    endloop
  endfacet
  facet normal 1.000000 0.000000 0.000000
    outer loop
      vertex   5.090002 30.849999 10.826795
      vertex   5.090002 31.037450 10.689748
      vertex   5.090002 31.082565 10.721681
    endloop
  endfacet
  facet normal 1.000000 -0.000000 -0.000000
    outer loop
      vertex   5.090002 31.082565 10.721681
      vertex   5.090002 31.133648 10.742783
      vertex   5.090002 30.849999 10.826795
    endloop
  endfacet
  facet normal 1.000000 0.000000 0.000000
    outer loop
      vertex   5.090002 30.849999 10.826795
      vertex   5.090002 30.849999 10.458077
      vertex   5.090002 31.037450 10.689748
    endloop
  endfacet
  facet normal 1.000000 -0.000000 0.000000
    outer loop
      vertex   5.090002 31.241272 10.730165
      vertex   5.090002 31.302547 10.689748
      vertex   5.090002 31.489999 10.826795
    endloop
  endfacet
  facet normal 1.000000 -0.000000 0.000000
    outer loop
      vertex   5.090002 31.302547 10.689748
      vertex   5.090002 31.489999 10.458077
      vertex   5.090002 31.489999 10.826795
    endloop
  endfacet
  facet normal -0.000000 1.000000 0.000000
    outer loop
      vertex   4.450002 31.489999 10.826795
      vertex   5.090002 31.489999 10.826795
      vertex   4.770002 31.489999 10.747273
    endloop
  endfacet
  facet normal -0.000000 1.000000 -0.000000
    outer loop
      vertex   4.770002 31.489999 10.747273
      vertex   4.733651 31.489999 10.742783
      vertex   4.450002 31.489999 10.826795
    endloop
  endfacet
  facet normal 0.000000 1.000000 0.000000
    outer loop
      vertex   4.733651 31.489999 10.742783
      vertex   4.698907 31.489999 10.730249
      vertex   4.450002 31.489999 10.826795
    endloop
  endfacet
  facet normal 0.000000 1.000000 -0.000000
    outer loop
      vertex   5.090002 31.489999 10.826795
      vertex   4.806568 31.489999 10.742730
      vertex   4.770002 31.489999 10.747273
    endloop
  endfacet
  facet normal -0.000000 1.000000 0.000000
    outer loop
      vertex   5.090002 31.489999 10.826795
      vertex   4.902550 31.489999 10.689748
      vertex   4.857536 31.489999 10.721623
    endloop
  endfacet
  facet normal -0.000000 1.000000 0.000000
    outer loop
      vertex   4.857536 31.489999 10.721623
      vertex   4.806568 31.489999 10.742730
      vertex   5.090002 31.489999 10.826795
    endloop
  endfacet
  facet normal 0.000000 1.000000 0.000000
    outer loop
      vertex   5.090002 31.489999 10.826795
      vertex   5.090002 31.489999 10.458077
      vertex   4.902550 31.489999 10.689748
    endloop
  endfacet
  facet normal -0.000000 1.000000 -0.000000
    outer loop
      vertex   4.698907 31.489999 10.730249
      vertex   4.637453 31.489999 10.689748
      vertex   4.450002 31.489999 10.826795
    endloop
  endfacet
  facet normal 0.000000 1.000000 0.000000
    outer loop
      vertex   4.637453 31.489999 10.689748
      vertex   4.450002 31.489999 10.458077
      vertex   4.450002 31.489999 10.826795
    endloop
  endfacet
  facet normal -1.000000 0.000000 0.000000
    outer loop
      vertex   4.450002 30.849999 10.826795
      vertex   4.450002 31.489999 10.826795
      vertex   4.450002 31.169999 10.747273
    endloop
  endfacet
  facet normal -1.000000 -0.000000 -0.000000
    outer loop
      vertex   4.450002 31.169999 10.747273
      vertex   4.450002 31.133648 10.742783
      vertex   4.450002 30.849999 10.826795
    endloop
  endfacet
  facet normal -1.000000 0.000000 0.000000
    outer loop
      vertex   4.450002 31.133648 10.742783
      vertex   4.450002 31.098903 10.730249
      vertex   4.450002 30.849999 10.826795
    endloop
  endfacet
  facet normal -1.000000 0.000000 -0.000000
    outer loop
      vertex   4.450002 31.489999 10.826795
      vertex   4.450002 31.206565 10.742730
      vertex   4.450002 31.169999 10.747273
    endloop
  endfacet
  facet normal -1.000000 -0.000000 0.000000
    outer loop
      vertex   4.450002 31.489999 10.826795
      vertex   4.450002 31.302547 10.689748
      vertex   4.450002 31.257532 10.721623
    endloop
  endfacet
  facet normal -1.000000 -0.000000 0.000000
    outer loop
      vertex   4.450002 31.257532 10.721623
      vertex   4.450002 31.206565 10.742730
      vertex   4.450002 31.489999 10.826795
    endloop
  endfacet
  facet normal -1.000000 0.000000 -0.000000
    outer loop
      vertex   4.450002 31.489999 10.826795
      vertex   4.450002 31.489999 10.458077
      vertex   4.450002 31.302547 10.689748
    endloop
  endfacet
  facet normal -1.000000 -0.000000 -0.000000
    outer loop
      vertex   4.450002 31.098903 10.730249
      vertex   4.450002 31.037450 10.689748
      vertex   4.450002 30.849999 10.826795
    endloop
  endfacet
  facet normal -1.000000 0.000000 0.000000
    outer loop
      vertex   4.450002 31.037450 10.689748
      vertex   4.450002 30.849999 10.458077
      vertex   4.450002 30.849999 10.826795
    endloop
  endfacet
  facet normal -0.000000 0.866025 0.500000
    outer loop
      vertex   4.450002 31.489999 10.826795
      vertex   4.550002 31.389999 11.000000
      vertex   4.990002 31.389999 11.000000
    endloop
  endfacet
  facet normal 0.000000 0.866025 0.500000
    outer loop
      vertex   4.990002 31.389999 11.000000
      vertex   5.090002 31.489999 10.826795
      vertex   4.450002 31.489999 10.826795
    endloop
  endfacet
  facet normal 0.000000 0.000000 1.000000
    outer loop
      vertex   4.550002 30.949999 11.000000
      vertex   4.990002 30.949999 11.000000
      vertex   4.990002 31.389999 11.000000
    endloop
  endfacet
  facet normal 0.000000 0.000000 1.000000
    outer loop
      vertex   4.990002 31.389999 11.000000
      vertex   4.550002 31.389999 11.000000
      vertex   4.550002 30.949999 11.000000
    endloop
  endfacet
  facet normal 0.000000 -0.866025 0.500000
    outer loop
      vertex   4.450002 30.849999 10.826795
      vertex   5.090002 30.849999 10.826795
      vertex   4.990002 30.949999 11.000000
    endloop
  endfacet
  facet normal 0.000000 -0.866025 0.500000
    outer loop
      vertex   4.990002 30.949999 11.000000
      vertex   4.550002 30.949999 11.000000
      vertex   4.450002 30.849999 10.826795
    endloop
  endfacet
  facet normal -0.866025 -0.000000 0.500000
    outer loop
      vertex   4.450002 30.849999 10.826795
      vertex   4.550002 30.949999 11.000000
      vertex   4.550002 31.389999 11.000000
    endloop
  endfacet
  facet normal -0.866025 -0.000000 0.500000
    outer loop
      vertex   4.550002 31.389999 11.000000
      vertex   4.450002 31.489999 10.826795
      vertex   4.450002 30.849999 10.826795
    endloop
  endfacet
  facet normal 0.866025 -0.000000 0.500000
    outer loop
      vertex   5.090002 30.849999 10.826795
      vertex   5.090002 31.489999 10.826795
      vertex   4.990002 31.389999 11.000000
    endloop
  endfacet
  facet normal 0.866025 0.000000 0.500000
    outer loop
      vertex   4.990002 31.389999 11.000000
      vertex   4.990002 30.949999 11.000000
      vertex   5.090002 30.849999 10.826795
    endloop
  endfacet
  facet normal 0.000000 -1.000000 -0.000000
    outer loop
      vertex   5.090002 30.849999 10.826795
      vertex   4.770002 30.849999 10.747273
      vertex   4.806568 30.849999 10.742730
    endloop
  endfacet
  facet normal -0.000000 -1.000000 0.000000
    outer loop
      vertex   4.806568 30.849999 10.742730
      vertex   4.841275 30.849999 10.730165
      vertex   5.090002 30.849999 10.826795
    endloop
  endfacet
  facet normal -0.000000 -1.000000 -0.000000
    outer loop
      vertex   4.450002 30.849999 10.826795
      vertex   4.733651 30.849999 10.742783
      vertex   4.770002 30.849999 10.747273
    endloop
  endfacet
  facet normal 0.000000 -1.000000 0.000000
    outer loop
      vertex   4.770002 30.849999 10.747273
      vertex   5.090002 30.849999 10.826795
      vertex   4.450002 30.849999 10.826795
    endloop
  endfacet
  facet normal 0.000000 -1.000000 0.000000
    outer loop
      vertex   4.450002 30.849999 10.826795
      vertex   4.637453 30.849999 10.689748
      vertex   4.682568 30.849999 10.721681
    endloop
  endfacet
  facet normal -0.000000 -1.000000 -0.000000
    outer loop
      vertex   4.682568 30.849999 10.721681
      vertex   4.733651 30.849999 10.742783
      vertex   4.450002 30.849999 10.826795
    endloop
  endfacet
  facet normal 0.000000 -1.000000 0.000000
    outer loop
      vertex   4.450002 30.849999 10.826795
      vertex   4.450002 30.849999 10.458077
      vertex   4.637453 30.849999 10.689748
    endloop
  endfacet
  facet normal 0.000000 -1.000000 0.000000
    outer loop
      vertex   4.841275 30.849999 10.730165
      vertex   4.902550 30.849999 10.689748
      vertex   5.090002 30.849999 10.826795
    endloop
  endfacet
  facet normal 0.000000 -1.000000 0.000000
    outer loop
      vertex   4.902550 30.849999 10.689748
      vertex   5.090002 30.849999 10.458077
      vertex   5.090002 30.849999 10.826795
    endloop
  endfacet
  facet normal 0.000000 -1.000000 0.000000
    outer loop
      vertex   7.630002 30.849999 0.173205
      vertex   7.630002 30.849999 9.700000
      vertex   6.990002 30.849999 9.700000
    endloop
  endfacet
  facet normal 0.000000 -1.000000 0.000000
    outer loop
      vertex   6.990002 30.849999 9.700000
      vertex   6.990002 30.849999 0.173205
      vertex   7.630002 30.849999 0.173205
    endloop
  endfacet
  facet normal 0.000000 0.000000 -1.000000
    outer loop
      vertex   6.990002 30.849999 9.700000
      vertex   6.570898 30.863852 9.700000
      vertex   6.510002 31.169999 9.700000
    endloop
  endfacet
  facet normal 0.000000 0.000000 -1.000000
    outer loop
      vertex   7.630002 31.489999 9.700000
      vertex   8.049105 31.476145 9.700000
      vertex   8.110002 31.169999 9.700000
    endloop
  endfacet
  facet normal 0.000000 0.000000 -1.000000
    outer loop
      vertex   7.630002 30.849999 9.700000
      vertex   7.616148 30.430895 9.700000
      vertex   7.310002 30.369999 9.700000
    endloop
  endfacet
  facet normal 0.000000 0.000000 -1.000000
    outer loop
      vertex   6.510002 31.169999 9.700000
      vertex   6.990002 31.489999 9.700000
      vertex   6.990002 30.849999 9.700000
    endloop
  endfacet
  facet normal 0.000000 0.000000 -1.000000
    outer loop
      vertex   7.630002 31.489999 9.700000
      vertex   6.990002 31.489999 9.700000
      vertex   7.310002 31.969999 9.700000
    endloop
  endfacet
  facet normal 0.000000 0.000000 -1.000000
    outer loop
      vertex   7.630002 30.849999 9.700000
      vertex   8.110002 31.169999 9.700000
      vertex   8.049105 30.863852 9.700000
    endloop
  endfacet
  facet normal 0.000000 0.000000 -1.000000
    outer loop
      vertex   7.630002 31.489999 9.700000
      vertex   7.875687 31.735684 9.700000
      vertex   8.049105 31.476145 9.700000
    endloop
  endfacet
  facet normal 0.000000 0.000000 -1.000000
    outer loop
      vertex   6.990002 30.849999 9.700000
      vertex   7.310002 30.369999 9.700000
      vertex   7.003855 30.430895 9.700000
    endloop
  endfacet
  facet normal 0.000000 -0.000000 -1.000000
    outer loop
      vertex   7.630002 30.849999 9.700000
      vertex   7.875687 30.604313 9.700000
      vertex   7.616148 30.430895 9.700000
    endloop
  endfacet
  facet normal 0.000000 0.000000 -1.000000
    outer loop
      vertex   6.510002 31.169999 9.700000
      vertex   6.570898 31.476145 9.700000
      vertex   6.990002 31.489999 9.700000
    endloop
  endfacet
  facet normal 0.000000 0.000000 -1.000000
    outer loop
      vertex   7.310002 31.969999 9.700000
      vertex   7.616148 31.909102 9.700000
      vertex   7.630002 31.489999 9.700000
    endloop
  endfacet
  facet normal 0.000000 0.000000 -1.000000
    outer loop
      vertex   6.990002 31.489999 9.700000
      vertex   6.744316 31.735684 9.700000
      vertex   7.003855 31.909102 9.700000
    endloop
  endfacet
  facet normal -0.000000 0.000000 -1.000000
    outer loop
      vertex   8.110002 31.169999 9.700000
      vertex   7.630002 30.849999 9.700000
      vertex   7.630002 31.489999 9.700000
    endloop
  endfacet
  facet normal 0.000000 0.000000 -1.000000
    outer loop
      vertex   7.310002 30.369999 9.700000
      vertex   6.990002 30.849999 9.700000
      vertex   7.630002 30.849999 9.700000
    endloop
  endfacet
  facet normal -0.000000 0.000000 -1.000000
    outer loop
      vertex   6.990002 30.849999 9.700000
      vertex   6.744316 30.604313 9.700000
      vertex   6.570898 30.863852 9.700000
    endloop
  endfacet
  facet normal 0.000000 -0.000000 -1.000000
    outer loop
      vertex   7.003855 31.909102 9.700000
      vertex   7.310002 31.969999 9.700000
      vertex   6.990002 31.489999 9.700000
    endloop
  endfacet
  facet normal 0.000000 0.000000 -1.000000
    outer loop
      vertex   7.003855 30.430895 9.700000
      vertex   6.744316 30.604313 9.700000
      vertex   6.990002 30.849999 9.700000
    endloop
  endfacet
  facet normal 0.000000 0.000000 -1.000000
    outer loop
      vertex   7.616148 31.909102 9.700000
      vertex   7.875687 31.735684 9.700000
      vertex   7.630002 31.489999 9.700000
    endloop
  endfacet
  facet normal 0.000000 0.000000 -1.000000
    outer loop
      vertex   6.570898 31.476145 9.700000
      vertex   6.744316 31.735684 9.700000
      vertex   6.990002 31.489999 9.700000
    endloop
  endfacet
  facet normal 0.000000 0.000000 -1.000000
    outer loop
      vertex   8.049105 30.863852 9.700000
      vertex   7.875687 30.604313 9.700000
      vertex   7.630002 30.849999 9.700000
    endloop
  endfacet
  facet normal -1.000000 0.000000 0.000000
    outer loop
      vertex   6.990002 30.849999 0.173205
      vertex   6.990002 30.849999 9.700000
      vertex   6.990002 31.489999 9.700000
    endloop
  endfacet
  facet normal -1.000000 0.000000 -0.000000
    outer loop
      vertex   6.990002 31.489999 9.700000
      vertex   6.990002 31.489999 0.173205
      vertex   6.990002 30.849999 0.173205
    endloop
  endfacet
  facet normal 0.000000 1.000000 0.000000
    outer loop
      vertex   6.990002 31.489999 0.173205
      vertex   6.990002 31.489999 9.700000
      vertex   7.630002 31.489999 9.700000
    endloop
  endfacet
  facet normal 0.000000 1.000000 0.000000
    outer loop
      vertex   7.630002 31.489999 9.700000
      vertex   7.630002 31.489999 0.173205
      vertex   6.990002 31.489999 0.173205
    endloop
  endfacet
  facet normal 1.000000 0.000000 -0.000000
    outer loop
      vertex   7.630002 31.489999 0.173205
      vertex   7.630002 31.489999 9.700000
      vertex   7.630002 30.849999 9.700000
    endloop
  endfacet
  facet normal 1.000000 0.000000 0.000000
    outer loop
      vertex   7.630002 30.849999 9.700000
      vertex   7.630002 30.849999 0.173205
      vertex   7.630002 31.489999 0.173205
    endloop
  endfacet
  facet normal 0.000000 -0.866025 -0.500000
    outer loop
      vertex   6.990002 30.849999 0.173205
      vertex   7.090002 30.949999 0.000000
      vertex   7.530002 30.949999 0.000000
    endloop
  endfacet
  facet normal 0.000000 -0.866025 -0.500000
    outer loop
      vertex   7.530002 30.949999 0.000000
      vertex   7.630002 30.849999 0.173205
      vertex   6.990002 30.849999 0.173205
    endloop
  endfacet
  facet normal 0.000000 -0.000000 -1.000000
    outer loop
      vertex   7.530002 31.389999 0.000000
      vertex   7.530002 30.949999 0.000000
      vertex   7.090002 30.949999 0.000000
    endloop
  endfacet
  facet normal 0.000000 0.000000 -1.000000
    outer loop
      vertex   7.090002 30.949999 0.000000
      vertex   7.090002 31.389999 0.000000
      vertex   7.530002 31.389999 0.000000
    endloop
  endfacet
  facet normal 0.866025 0.000000 -0.500000
    outer loop
      vertex   7.630002 30.849999 0.173205
      vertex   7.530002 30.949999 0.000000
      vertex   7.530002 31.389999 0.000000
    endloop
  endfacet
  facet normal 0.866025 0.000000 -0.500000
    outer loop
      vertex   7.530002 31.389999 0.000000
      vertex   7.630002 31.489999 0.173205
      vertex   7.630002 30.849999 0.173205
    endloop
  endfacet
  facet normal 0.000000 0.866025 -0.500000
    outer loop
      vertex   6.990002 31.489999 0.173205
      vertex   7.630002 31.489999 0.173205
      vertex   7.530002 31.389999 0.000000
    endloop
  endfacet
  facet normal 0.000000 0.866025 -0.500000
    outer loop
      vertex   7.530002 31.389999 0.000000
      vertex   7.090002 31.389999 0.000000
      vertex   6.990002 31.489999 0.173205
    endloop
  endfacet
  facet normal -0.866025 0.000000 -0.500000
    outer loop
      vertex   6.990002 30.849999 0.173205
      vertex   6.990002 31.489999 0.173205
      vertex   7.090002 31.389999 0.000000
    endloop
  endfacet
  facet normal -0.866025 -0.000000 -0.500000
    outer loop
      vertex   7.090002 31.389999 0.000000
      vertex   7.090002 30.949999 0.000000
      vertex   6.990002 30.849999 0.173205
    endloop
  endfacet
  facet normal 0.758369 0.506726 0.410006
    outer loop
      vertex   8.049105 31.476145 9.700000
      vertex   7.875687 31.735684 9.700000
      vertex   7.630002 31.489999 10.458077
    endloop
  endfacet
  facet normal 0.894558 0.177939 0.410006
    outer loop
      vertex   8.110002 31.169999 9.700000
      vertex   8.049105 31.476145 9.700000
      vertex   7.630002 31.302547 10.689748
    endloop
  endfacet
  facet normal 0.882177 0.259290 0.393106
    outer loop
      vertex   7.630002 31.302547 10.689748
      vertex   7.630002 31.241272 10.730165
      vertex   8.110002 31.169999 9.700000
    endloop
  endfacet
  facet normal 0.900315 0.148156 0.409247
    outer loop
      vertex   7.630002 31.241272 10.730165
      vertex   7.630002 31.206565 10.742730
      vertex   8.110002 31.169999 9.700000
    endloop
  endfacet
  facet normal 0.878905 -0.275576 0.389339
    outer loop
      vertex   8.110002 31.169999 9.700000
      vertex   7.630002 31.082565 10.721681
      vertex   7.630002 31.037450 10.689748
    endloop
  endfacet
  facet normal 0.907863 -0.051400 0.416104
    outer loop
      vertex   8.110002 31.169999 9.700000
      vertex   7.630002 31.169999 10.747273
      vertex   7.630002 31.133648 10.742783
    endloop
  endfacet
  facet normal 0.897648 -0.168264 0.407328
    outer loop
      vertex   7.630002 31.133648 10.742783
      vertex   7.630002 31.082565 10.721681
      vertex   8.110002 31.169999 9.700000
    endloop
  endfacet
  facet normal 0.758369 -0.506726 0.410006
    outer loop
      vertex   8.049105 30.863852 9.700000
      vertex   7.630002 31.037450 10.689748
      vertex   7.630002 30.849999 10.458077
    endloop
  endfacet
  facet normal 0.506726 -0.758369 0.410006
    outer loop
      vertex   7.616148 30.430895 9.700000
      vertex   7.875687 30.604313 9.700000
      vertex   7.630002 30.849999 10.458077
    endloop
  endfacet
  facet normal 0.177939 -0.894558 0.410006
    outer loop
      vertex   7.310002 30.369999 9.700000
      vertex   7.616148 30.430895 9.700000
      vertex   7.442550 30.849999 10.689748
    endloop
  endfacet
  facet normal 0.259290 -0.882177 0.393106
    outer loop
      vertex   7.442550 30.849999 10.689748
      vertex   7.381275 30.849999 10.730165
      vertex   7.310002 30.369999 9.700000
    endloop
  endfacet
  facet normal 0.148156 -0.900315 0.409247
    outer loop
      vertex   7.381275 30.849999 10.730165
      vertex   7.346568 30.849999 10.742730
      vertex   7.310002 30.369999 9.700000
    endloop
  endfacet
  facet normal -0.275576 -0.878905 0.389339
    outer loop
      vertex   7.310002 30.369999 9.700000
      vertex   7.222568 30.849999 10.721681
      vertex   7.177453 30.849999 10.689748
    endloop
  endfacet
  facet normal -0.051400 -0.907863 0.416104
    outer loop
      vertex   7.310002 30.369999 9.700000
      vertex   7.310002 30.849999 10.747273
      vertex   7.273651 30.849999 10.742783
    endloop
  endfacet
  facet normal -0.168264 -0.897648 0.407328
    outer loop
      vertex   7.273651 30.849999 10.742783
      vertex   7.222568 30.849999 10.721681
      vertex   7.310002 30.369999 9.700000
    endloop
  endfacet
  facet normal -0.506726 -0.758369 0.410006
    outer loop
      vertex   7.003855 30.430895 9.700000
      vertex   7.177453 30.849999 10.689748
      vertex   6.990002 30.849999 10.458077
    endloop
  endfacet
  facet normal -0.758369 -0.506726 0.410006
    outer loop
      vertex   6.570898 30.863852 9.700000
      vertex   6.744316 30.604313 9.700000
      vertex   6.990002 30.849999 10.458077
    endloop
  endfacet
  facet normal -0.894558 -0.177939 0.410006
    outer loop
      vertex   6.510002 31.169999 9.700000
      vertex   6.570898 30.863852 9.700000
      vertex   6.990002 31.037450 10.689748
    endloop
  endfacet
  facet normal -0.882212 -0.259106 0.393148
    outer loop
      vertex   6.990002 31.037450 10.689748
      vertex   6.990002 31.098903 10.730249
      vertex   6.510002 31.169999 9.700000
    endloop
  endfacet
  facet normal -0.900373 -0.147649 0.409301
    outer loop
      vertex   6.990002 31.098903 10.730249
      vertex   6.990002 31.133648 10.742783
      vertex   6.510002 31.169999 9.700000
    endloop
  endfacet
  facet normal -0.878884 0.275675 0.389315
    outer loop
      vertex   6.510002 31.169999 9.700000
      vertex   6.990002 31.257532 10.721623
      vertex   6.990002 31.302547 10.689748
    endloop
  endfacet
  facet normal -0.907849 0.051701 0.416097
    outer loop
      vertex   6.510002 31.169999 9.700000
      vertex   6.990002 31.169999 10.747273
      vertex   6.990002 31.206565 10.742730
    endloop
  endfacet
  facet normal -0.897597 0.168659 0.407277
    outer loop
      vertex   6.990002 31.206565 10.742730
      vertex   6.990002 31.257532 10.721623
      vertex   6.510002 31.169999 9.700000
    endloop
  endfacet
  facet normal -0.758369 0.506726 0.410006
    outer loop
      vertex   6.570898 31.476145 9.700000
      vertex   6.990002 31.302547 10.689748
      vertex   6.990002 31.489999 10.458077
    endloop
  endfacet
  facet normal -0.506726 0.758369 0.410006
    outer loop
      vertex   7.003855 31.909102 9.700000
      vertex   6.744316 31.735684 9.700000
      vertex   6.990002 31.489999 10.458077
    endloop
  endfacet
  facet normal -0.177939 0.894558 0.410006
    outer loop
      vertex   7.310002 31.969999 9.700000
      vertex   7.003855 31.909102 9.700000
      vertex   7.177453 31.489999 10.689748
    endloop
  endfacet
  facet normal -0.259106 0.882212 0.393148
    outer loop
      vertex   7.177453 31.489999 10.689748
      vertex   7.238907 31.489999 10.730249
      vertex   7.310002 31.969999 9.700000
    endloop
  endfacet
  facet normal -0.147649 0.900373 0.409301
    outer loop
      vertex   7.238907 31.489999 10.730249
      vertex   7.273651 31.489999 10.742783
      vertex   7.310002 31.969999 9.700000
    endloop
  endfacet
  facet normal 0.275675 0.878884 0.389315
    outer loop
      vertex   7.310002 31.969999 9.700000
      vertex   7.397536 31.489999 10.721623
      vertex   7.442550 31.489999 10.689748
    endloop
  endfacet
  facet normal 0.051701 0.907849 0.416097
    outer loop
      vertex   7.310002 31.969999 9.700000
      vertex   7.310002 31.489999 10.747273
      vertex   7.346568 31.489999 10.742730
    endloop
  endfacet
  facet normal 0.168659 0.897597 0.407277
    outer loop
      vertex   7.346568 31.489999 10.742730
      vertex   7.397536 31.489999 10.721623
      vertex   7.310002 31.969999 9.700000
    endloop
  endfacet
  facet normal 0.506726 0.758369 0.410006
    outer loop
      vertex   7.616148 31.909102 9.700000
      vertex   7.442550 31.489999 10.689748
      vertex   7.630002 31.489999 10.458077
    endloop
  endfacet
  facet normal 0.506726 0.758369 0.410006
    outer loop
      vertex   7.630002 31.489999 10.458077
      vertex   7.875687 31.735684 9.700000
      vertex   7.616148 31.909102 9.700000
    endloop
  endfacet
  facet normal 0.177939 0.894558 0.410006
    outer loop
      vertex   7.442550 31.489999 10.689748
      vertex   7.616148 31.909102 9.700000
      vertex   7.310002 31.969999 9.700000
    endloop
  endfacet
  facet normal -0.051400 0.907863 0.416104
    outer loop
      vertex   7.273651 31.489999 10.742783
      vertex   7.310002 31.489999 10.747273
      vertex   7.310002 31.969999 9.700000
    endloop
  endfacet
  facet normal -0.506726 0.758369 0.410006
    outer loop
      vertex   6.990002 31.489999 10.458077
      vertex   7.177453 31.489999 10.689748
      vertex   7.003855 31.909102 9.700000
    endloop
  endfacet
  facet normal -0.758369 0.506726 0.410006
    outer loop
      vertex   6.990002 31.489999 10.458077
      vertex   6.744316 31.735684 9.700000
      vertex   6.570898 31.476145 9.700000
    endloop
  endfacet
  facet normal -0.894558 0.177939 0.410006
    outer loop
      vertex   6.990002 31.302547 10.689748
      vertex   6.570898 31.476145 9.700000
      vertex   6.510002 31.169999 9.700000
    endloop
  endfacet
  facet normal -0.907863 -0.051400 0.416104
    outer loop
      vertex   6.990002 31.133648 10.742783
      vertex   6.990002 31.169999 10.747273
      vertex   6.510002 31.169999 9.700000
    endloop
  endfacet
  facet normal -0.758369 -0.506726 0.410006
    outer loop
      vertex   6.990002 30.849999 10.458077
      vertex   6.990002 31.037450 10.689748
      vertex   6.570898 30.863852 9.700000
    endloop
  endfacet
  facet normal -0.506726 -0.758369 0.410006
    outer loop
      vertex   6.990002 30.849999 10.458077
      vertex   6.744316 30.604313 9.700000
      vertex   7.003855 30.430895 9.700000
    endloop
  endfacet
  facet normal -0.177939 -0.894558 0.410006
    outer loop
      vertex   7.177453 30.849999 10.689748
      vertex   7.003855 30.430895 9.700000
      vertex   7.310002 30.369999 9.700000
    endloop
  endfacet
  facet normal 0.051701 -0.907849 0.416097
    outer loop
      vertex   7.346568 30.849999 10.742730
      vertex   7.310002 30.849999 10.747273
      vertex   7.310002 30.369999 9.700000
    endloop
  endfacet
  facet normal 0.506726 -0.758369 0.410006
    outer loop
      vertex   7.630002 30.849999 10.458077
      vertex   7.442550 30.849999 10.689748
      vertex   7.616148 30.430895 9.700000
    endloop
  endfacet
  facet normal 0.758369 -0.506726 0.410006
    outer loop
      vertex   7.630002 30.849999 10.458077
      vertex   7.875687 30.604313 9.700000
      vertex   8.049105 30.863852 9.700000
    endloop
  endfacet
  facet normal 0.894558 -0.177939 0.410006
    outer loop
      vertex   7.630002 31.037450 10.689748
      vertex   8.049105 30.863852 9.700000
      vertex   8.110002 31.169999 9.700000
    endloop
  endfacet
  facet normal 0.907849 0.051701 0.416097
    outer loop
      vertex   7.630002 31.206565 10.742730
      vertex   7.630002 31.169999 10.747273
      vertex   8.110002 31.169999 9.700000
    endloop
  endfacet
  facet normal 0.758369 0.506726 0.410006
    outer loop
      vertex   7.630002 31.489999 10.458077
      vertex   7.630002 31.302547 10.689748
      vertex   8.049105 31.476145 9.700000
    endloop
  endfacet
  facet normal 1.000000 0.000000 -0.000000
    outer loop
      vertex   7.630002 31.489999 10.826795
      vertex   7.630002 31.169999 10.747273
      vertex   7.630002 31.206565 10.742730
    endloop
  endfacet
  facet normal 1.000000 -0.000000 0.000000
    outer loop
      vertex   7.630002 31.206565 10.742730
      vertex   7.630002 31.241272 10.730165
      vertex   7.630002 31.489999 10.826795
    endloop
  endfacet
  facet normal 1.000000 -0.000000 -0.000000
    outer loop
      vertex   7.630002 30.849999 10.826795
      vertex   7.630002 31.133648 10.742783
      vertex   7.630002 31.169999 10.747273
    endloop
  endfacet
  facet normal 1.000000 0.000000 -0.000000
    outer loop
      vertex   7.630002 31.169999 10.747273
      vertex   7.630002 31.489999 10.826795
      vertex   7.630002 30.849999 10.826795
    endloop
  endfacet
  facet normal 1.000000 0.000000 0.000000
    outer loop
      vertex   7.630002 30.849999 10.826795
      vertex   7.630002 31.037450 10.689748
      vertex   7.630002 31.082565 10.721681
    endloop
  endfacet
  facet normal 1.000000 -0.000000 -0.000000
    outer loop
      vertex   7.630002 31.082565 10.721681
      vertex   7.630002 31.133648 10.742783
      vertex   7.630002 30.849999 10.826795
    endloop
  endfacet
  facet normal 1.000000 0.000000 0.000000
    outer loop
      vertex   7.630002 30.849999 10.826795
      vertex   7.630002 30.849999 10.458077
      vertex   7.630002 31.037450 10.689748
    endloop
  endfacet
  facet normal 1.000000 -0.000000 0.000000
    outer loop
      vertex   7.630002 31.241272 10.730165
      vertex   7.630002 31.302547 10.689748
      vertex   7.630002 31.489999 10.826795
    endloop
  endfacet
  facet normal 1.000000 -0.000000 0.000000
    outer loop
      vertex   7.630002 31.302547 10.689748
      vertex   7.630002 31.489999 10.458077
      vertex   7.630002 31.489999 10.826795
    endloop
  endfacet
  facet normal -0.000000 1.000000 0.000000
    outer loop
      vertex   6.990002 31.489999 10.826795
      vertex   7.630002 31.489999 10.826795
      vertex   7.310002 31.489999 10.747273
    endloop
  endfacet
  facet normal -0.000000 1.000000 -0.000000
    outer loop
      vertex   7.310002 31.489999 10.747273
      vertex   7.273651 31.489999 10.742783
      vertex   6.990002 31.489999 10.826795
    endloop
  endfacet
  facet normal 0.000000 1.000000 0.000000
    outer loop
      vertex   7.273651 31.489999 10.742783
      vertex   7.238907 31.489999 10.730249
      vertex   6.990002 31.489999 10.826795
    endloop
  endfacet
  facet normal 0.000000 1.000000 -0.000000
    outer loop
      vertex   7.630002 31.489999 10.826795
      vertex   7.346568 31.489999 10.742730
      vertex   7.310002 31.489999 10.747273
    endloop
  endfacet
  facet normal -0.000000 1.000000 0.000000
    outer loop
      vertex   7.630002 31.489999 10.826795
      vertex   7.442550 31.489999 10.689748
      vertex   7.397536 31.489999 10.721623
    endloop
  endfacet
  facet normal -0.000000 1.000000 0.000000
    outer loop
      vertex   7.397536 31.489999 10.721623
      vertex   7.346568 31.489999 10.742730
      vertex   7.630002 31.489999 10.826795
    endloop
  endfacet
  facet normal 0.000000 1.000000 0.000000
    outer loop
      vertex   7.630002 31.489999 10.826795
      vertex   7.630002 31.489999 10.458077
      vertex   7.442550 31.489999 10.689748
    endloop
  endfacet
  facet normal -0.000000 1.000000 -0.000000
    outer loop
      vertex   7.238907 31.489999 10.730249
      vertex   7.177453 31.489999 10.689748
      vertex   6.990002 31.489999 10.826795
    endloop
  endfacet
  facet normal 0.000000 1.000000 0.000000
    outer loop
      vertex   7.177453 31.489999 10.689748
      vertex   6.990002 31.489999 10.458077
      vertex   6.990002 31.489999 10.826795
    endloop
  endfacet
  facet normal -1.000000 0.000000 0.000000
    outer loop
      vertex   6.990002 30.849999 10.826795
      vertex   6.990002 31.489999 10.826795
      vertex   6.990002 31.169999 10.747273
    endloop
  endfacet
  facet normal -1.000000 -0.000000 -0.000000
    outer loop
      vertex   6.990002 31.169999 10.747273
      vertex   6.990002 31.133648 10.742783
      vertex   6.990002 30.849999 10.826795
    endloop
  endfacet
  facet normal -1.000000 0.000000 0.000000
    outer loop
      vertex   6.990002 31.133648 10.742783
      vertex   6.990002 31.098903 10.730249
      vertex   6.990002 30.849999 10.826795
    endloop
  endfacet
  facet normal -1.000000 0.000000 -0.000000
    outer loop
      vertex   6.990002 31.489999 10.826795
      vertex   6.990002 31.206565 10.742730
      vertex   6.990002 31.169999 10.747273
    endloop
  endfacet
  facet normal -1.000000 -0.000000 0.000000
    outer loop
      vertex   6.990002 31.489999 10.826795
      vertex   6.990002 31.302547 10.689748
      vertex   6.990002 31.257532 10.721623
    endloop
  endfacet
  facet normal -1.000000 -0.000000 0.000000
    outer loop
      vertex   6.990002 31.257532 10.721623
      vertex   6.990002 31.206565 10.742730
      vertex   6.990002 31.489999 10.826795
    endloop
  endfacet
  facet normal -1.000000 -0.000000 -0.000000
    outer loop
      vertex   6.990002 31.489999 10.826795
      vertex   6.990002 31.489999 10.458077
      vertex   6.990002 31.302547 10.689748
    endloop
  endfacet
  facet normal -1.000000 -0.000000 -0.000000
    outer loop
      vertex   6.990002 31.098903 10.730249
      vertex   6.990002 31.037450 10.689748
      vertex   6.990002 30.849999 10.826795
    endloop
  endfacet
  facet normal -1.000000 0.000000 0.000000
    outer loop
      vertex   6.990002 31.037450 10.689748
      vertex   6.990002 30.849999 10.458077
      vertex   6.990002 30.849999 10.826795
    endloop
  endfacet
  facet normal -0.000000 0.866025 0.500000
    outer loop
      vertex   6.990002 31.489999 10.826795
      vertex   7.090002 31.389999 11.000000
      vertex   7.530002 31.389999 11.000000
    endloop
  endfacet
  facet normal -0.000000 0.866025 0.500000
    outer loop
      vertex   7.530002 31.389999 11.000000
      vertex   7.630002 31.489999 10.826795
      vertex   6.990002 31.489999 10.826795
    endloop
  endfacet
  facet normal 0.000000 0.000000 1.000000
    outer loop
      vertex   7.090002 30.949999 11.000000
      vertex   7.530002 30.949999 11.000000
      vertex   7.530002 31.389999 11.000000
    endloop
  endfacet
  facet normal 0.000000 0.000000 1.000000
    outer loop
      vertex   7.530002 31.389999 11.000000
      vertex   7.090002 31.389999 11.000000
      vertex   7.090002 30.949999 11.000000
    endloop
  endfacet
  facet normal 0.000000 -0.866025 0.500000
    outer loop
      vertex   6.990002 30.849999 10.826795
      vertex   7.630002 30.849999 10.826795
      vertex   7.530002 30.949999 11.000000
    endloop
  endfacet
  facet normal 0.000000 -0.866025 0.500000
    outer loop
      vertex   7.530002 30.949999 11.000000
      vertex   7.090002 30.949999 11.000000
      vertex   6.990002 30.849999 10.826795
    endloop
  endfacet
  facet normal -0.866025 0.000000 0.500000
    outer loop
      vertex   6.990002 30.849999 10.826795
      vertex   7.090002 30.949999 11.000000
      vertex   7.090002 31.389999 11.000000
    endloop
  endfacet
  facet normal -0.866025 0.000000 0.500000
    outer loop
      vertex   7.090002 31.389999 11.000000
      vertex   6.990002 31.489999 10.826795
      vertex   6.990002 30.849999 10.826795
    endloop
  endfacet
  facet normal 0.866025 -0.000000 0.500000
    outer loop
      vertex   7.630002 30.849999 10.826795
      vertex   7.630002 31.489999 10.826795
      vertex   7.530002 31.389999 11.000000
    endloop
  endfacet
  facet normal 0.866025 0.000000 0.500000
    outer loop
      vertex   7.530002 31.389999 11.000000
      vertex   7.530002 30.949999 11.000000
      vertex   7.630002 30.849999 10.826795
    endloop
  endfacet
  facet normal 0.000000 -1.000000 -0.000000
    outer loop
      vertex   7.630002 30.849999 10.826795
      vertex   7.310002 30.849999 10.747273
      vertex   7.346568 30.849999 10.742730
    endloop
  endfacet
  facet normal -0.000000 -1.000000 0.000000
    outer loop
      vertex   7.346568 30.849999 10.742730
      vertex   7.381275 30.849999 10.730165
      vertex   7.630002 30.849999 10.826795
    endloop
  endfacet
  facet normal -0.000000 -1.000000 -0.000000
    outer loop
      vertex   6.990002 30.849999 10.826795
      vertex   7.273651 30.849999 10.742783
      vertex   7.310002 30.849999 10.747273
    endloop
  endfacet
  facet normal 0.000000 -1.000000 0.000000
    outer loop
      vertex   7.310002 30.849999 10.747273
      vertex   7.630002 30.849999 10.826795
      vertex   6.990002 30.849999 10.826795
    endloop
  endfacet
  facet normal 0.000000 -1.000000 0.000000
    outer loop
      vertex   6.990002 30.849999 10.826795
      vertex   7.177453 30.849999 10.689748
      vertex   7.222568 30.849999 10.721681
    endloop
  endfacet
  facet normal -0.000000 -1.000000 -0.000000
    outer loop
      vertex   7.222568 30.849999 10.721681
      vertex   7.273651 30.849999 10.742783
      vertex   6.990002 30.849999 10.826795
    endloop
  endfacet
  facet normal 0.000000 -1.000000 0.000000
    outer loop
      vertex   6.990002 30.849999 10.826795
      vertex   6.990002 30.849999 10.458077
      vertex   7.177453 30.849999 10.689748
    endloop
  endfacet
  facet normal 0.000000 -1.000000 0.000000
    outer loop
      vertex   7.381275 30.849999 10.730165
      vertex   7.442550 30.849999 10.689748
      vertex   7.630002 30.849999 10.826795
    endloop
  endfacet
  facet normal 0.000000 -1.000000 0.000000
    outer loop
      vertex   7.442550 30.849999 10.689748
      vertex   7.630002 30.849999 10.458077
      vertex   7.630002 30.849999 10.826795
    endloop
  endfacet
  facet normal 0.000000 -1.000000 0.000000
    outer loop
      vertex   10.170002 30.849999 0.173205
      vertex   10.170002 30.849999 9.700000
      vertex   9.530002 30.849999 9.700000
    endloop
  endfacet
  facet normal 0.000000 -1.000000 0.000000
    outer loop
      vertex   9.530002 30.849999 9.700000
      vertex   9.530002 30.849999 0.173205
      vertex   10.170002 30.849999 0.173205
    endloop
  endfacet
  facet normal 0.000000 0.000000 -1.000000
    outer loop
      vertex   10.170002 31.489999 9.700000
      vertex   10.589105 31.476145 9.700000
      vertex   10.650002 31.169999 9.700000
    endloop
  endfacet
  facet normal 0.000000 0.000000 -1.000000
    outer loop
      vertex   10.170002 30.849999 9.700000
      vertex   10.156148 30.430895 9.700000
      vertex   9.850002 30.369999 9.700000
    endloop
  endfacet
  facet normal 0.000000 0.000000 -1.000000
    outer loop
      vertex   9.530002 30.849999 9.700000
      vertex   9.110898 30.863852 9.700000
      vertex   9.050002 31.169999 9.700000
    endloop
  endfacet
  facet normal 0.000000 0.000000 -1.000000
    outer loop
      vertex   9.530002 31.489999 9.700000
      vertex   9.543855 31.909102 9.700000
      vertex   9.850002 31.969999 9.700000
    endloop
  endfacet
  facet normal 0.000000 0.000000 -1.000000
    outer loop
      vertex   10.170002 30.849999 9.700000
      vertex   10.650002 31.169999 9.700000
      vertex   10.589105 30.863852 9.700000
    endloop
  endfacet
  facet normal 0.000000 0.000000 -1.000000
    outer loop
      vertex   10.170002 31.489999 9.700000
      vertex   10.415687 31.735684 9.700000
      vertex   10.589105 31.476145 9.700000
    endloop
  endfacet
  facet normal 0.000000 0.000000 -1.000000
    outer loop
      vertex   9.530002 30.849999 9.700000
      vertex   9.850002 30.369999 9.700000
      vertex   9.543855 30.430895 9.700000
    endloop
  endfacet
  facet normal 0.000000 -0.000000 -1.000000
    outer loop
      vertex   10.170002 30.849999 9.700000
      vertex   10.415687 30.604313 9.700000
      vertex   10.156148 30.430895 9.700000
    endloop
  endfacet
  facet normal 0.000000 0.000000 -1.000000
    outer loop
      vertex   9.530002 31.489999 9.700000
      vertex   9.050002 31.169999 9.700000
      vertex   9.110898 31.476145 9.700000
    endloop
  endfacet
  facet normal -0.000000 0.000000 -1.000000
    outer loop
      vertex   9.530002 30.849999 9.700000
      vertex   9.284316 30.604313 9.700000
      vertex   9.110898 30.863852 9.700000
    endloop
  endfacet
  facet normal 0.000000 0.000000 -1.000000
    outer loop
      vertex   10.170002 31.489999 9.700000
      vertex   9.850002 31.969999 9.700000
      vertex   10.156148 31.909102 9.700000
    endloop
  endfacet
  facet normal 0.000000 0.000000 -1.000000
    outer loop
      vertex   9.530002 31.489999 9.700000
      vertex   9.284316 31.735684 9.700000
      vertex   9.543855 31.909102 9.700000
    endloop
  endfacet
  facet normal -0.000000 0.000000 -1.000000
    outer loop
      vertex   10.650002 31.169999 9.700000
      vertex   10.170002 30.849999 9.700000
      vertex   10.170002 31.489999 9.700000
    endloop
  endfacet
  facet normal 0.000000 0.000000 -1.000000
    outer loop
      vertex   9.850002 30.369999 9.700000
      vertex   9.530002 30.849999 9.700000
      vertex   10.170002 30.849999 9.700000
    endloop
  endfacet
  facet normal 0.000000 0.000000 -1.000000
    outer loop
      vertex   9.050002 31.169999 9.700000
      vertex   9.530002 31.489999 9.700000
      vertex   9.530002 30.849999 9.700000
    endloop
  endfacet
  facet normal 0.000000 -0.000000 -1.000000
    outer loop
      vertex   9.850002 31.969999 9.700000
      vertex   10.170002 31.489999 9.700000
      vertex   9.530002 31.489999 9.700000
    endloop
  endfacet
  facet normal 0.000000 0.000000 -1.000000
    outer loop
      vertex   9.543855 30.430895 9.700000
      vertex   9.284316 30.604313 9.700000
      vertex   9.530002 30.849999 9.700000
    endloop
  endfacet
  facet normal 0.000000 0.000000 -1.000000
    outer loop
      vertex   10.156148 31.909102 9.700000
      vertex   10.415687 31.735684 9.700000
      vertex   10.170002 31.489999 9.700000
    endloop
  endfacet
  facet normal 0.000000 0.000000 -1.000000
    outer loop
      vertex   9.110898 31.476145 9.700000
      vertex   9.284316 31.735684 9.700000
      vertex   9.530002 31.489999 9.700000
    endloop
  endfacet
  facet normal 0.000000 0.000000 -1.000000
    outer loop
      vertex   10.589105 30.863852 9.700000
      vertex   10.415687 30.604313 9.700000
      vertex   10.170002 30.849999 9.700000
    endloop
  endfacet
  facet normal -1.000000 0.000000 0.000000
    outer loop
      vertex   9.530002 30.849999 0.173205
      vertex   9.530002 30.849999 9.700000
      vertex   9.530002 31.489999 9.700000
    endloop
  endfacet
  facet normal -1.000000 0.000000 -0.000000
    outer loop
      vertex   9.530002 31.489999 9.700000
      vertex   9.530002 31.489999 0.173205
      vertex   9.530002 30.849999 0.173205
    endloop
  endfacet
  facet normal 0.000000 1.000000 0.000000
    outer loop
      vertex   9.530002 31.489999 0.173205
      vertex   9.530002 31.489999 9.700000
      vertex   10.170002 31.489999 9.700000
    endloop
  endfacet
  facet normal 0.000000 1.000000 0.000000
    outer loop
      vertex   10.170002 31.489999 9.700000
      vertex   10.170002 31.489999 0.173205
      vertex   9.530002 31.489999 0.173205
    endloop
  endfacet
  facet normal 1.000000 0.000000 -0.000000
    outer loop
      vertex   10.170002 31.489999 0.173205
      vertex   10.170002 31.489999 9.700000
      vertex   10.170002 30.849999 9.700000
    endloop
  endfacet
  facet normal 1.000000 0.000000 0.000000
    outer loop
      vertex   10.170002 30.849999 9.700000
      vertex   10.170002 30.849999 0.173205
      vertex   10.170002 31.489999 0.173205
    endloop
  endfacet
  facet normal 0.000000 -0.866025 -0.500000
    outer loop
      vertex   9.530002 30.849999 0.173205
      vertex   9.630002 30.949999 0.000000
      vertex   10.070002 30.949999 0.000000
    endloop
  endfacet
  facet normal 0.000000 -0.866025 -0.500000
    outer loop
      vertex   10.070002 30.949999 0.000000
      vertex   10.170002 30.849999 0.173205
      vertex   9.530002 30.849999 0.173205
    endloop
  endfacet
  facet normal 0.000000 -0.000000 -1.000000
    outer loop
      vertex   10.070002 31.389999 0.000000
      vertex   10.070002 30.949999 0.000000
      vertex   9.630002 30.949999 0.000000
    endloop
  endfacet
  facet normal 0.000000 0.000000 -1.000000
    outer loop
      vertex   9.630002 30.949999 0.000000
      vertex   9.630002 31.389999 0.000000
      vertex   10.070002 31.389999 0.000000
    endloop
  endfacet
  facet normal 0.866025 0.000000 -0.500000
    outer loop
      vertex   10.170002 30.849999 0.173205
      vertex   10.070002 30.949999 0.000000
      vertex   10.070002 31.389999 0.000000
    endloop
  endfacet
  facet normal 0.866025 0.000000 -0.500000
    outer loop
      vertex   10.070002 31.389999 0.000000
      vertex   10.170002 31.489999 0.173205
      vertex   10.170002 30.849999 0.173205
    endloop
  endfacet
  facet normal 0.000000 0.866025 -0.500000
    outer loop
      vertex   9.530002 31.489999 0.173205
      vertex   10.170002 31.489999 0.173205
      vertex   10.070002 31.389999 0.000000
    endloop
  endfacet
  facet normal 0.000000 0.866025 -0.500000
    outer loop
      vertex   10.070002 31.389999 0.000000
      vertex   9.630002 31.389999 0.000000
      vertex   9.530002 31.489999 0.173205
    endloop
  endfacet
  facet normal -0.866025 0.000000 -0.500000
    outer loop
      vertex   9.530002 30.849999 0.173205
      vertex   9.530002 31.489999 0.173205
      vertex   9.630002 31.389999 0.000000
    endloop
  endfacet
  facet normal -0.866025 -0.000000 -0.500000
    outer loop
      vertex   9.630002 31.389999 0.000000
      vertex   9.630002 30.949999 0.000000
      vertex   9.530002 30.849999 0.173205
    endloop
  endfacet
  facet normal 0.758369 0.506726 0.410006
    outer loop
      vertex   10.589105 31.476145 9.700000
      vertex   10.415687 31.735684 9.700000
      vertex   10.170002 31.489999 10.458077
    endloop
  endfacet
  facet normal 0.894558 0.177939 0.410006
    outer loop
      vertex   10.650002 31.169999 9.700000
      vertex   10.589105 31.476145 9.700000
      vertex   10.170002 31.302547 10.689748
    endloop
  endfacet
  facet normal 0.882177 0.259290 0.393106
    outer loop
      vertex   10.170002 31.302547 10.689748
      vertex   10.170002 31.241272 10.730165
      vertex   10.650002 31.169999 9.700000
    endloop
  endfacet
  facet normal 0.900315 0.148156 0.409247
    outer loop
      vertex   10.170002 31.241272 10.730165
      vertex   10.170002 31.206565 10.742730
      vertex   10.650002 31.169999 9.700000
    endloop
  endfacet
  facet normal 0.878905 -0.275576 0.389339
    outer loop
      vertex   10.650002 31.169999 9.700000
      vertex   10.170002 31.082565 10.721681
      vertex   10.170002 31.037450 10.689748
    endloop
  endfacet
  facet normal 0.907863 -0.051400 0.416104
    outer loop
      vertex   10.650002 31.169999 9.700000
      vertex   10.170002 31.169999 10.747273
      vertex   10.170002 31.133648 10.742783
    endloop
  endfacet
  facet normal 0.897648 -0.168264 0.407328
    outer loop
      vertex   10.170002 31.133648 10.742783
      vertex   10.170002 31.082565 10.721681
      vertex   10.650002 31.169999 9.700000
    endloop
  endfacet
  facet normal 0.758369 -0.506726 0.410006
    outer loop
      vertex   10.589105 30.863852 9.700000
      vertex   10.170002 31.037450 10.689748
      vertex   10.170002 30.849999 10.458077
    endloop
  endfacet
  facet normal 0.506726 -0.758369 0.410006
    outer loop
      vertex   10.156148 30.430895 9.700000
      vertex   10.415687 30.604313 9.700000
      vertex   10.170002 30.849999 10.458077
    endloop
  endfacet
  facet normal 0.177939 -0.894558 0.410006
    outer loop
      vertex   9.850002 30.369999 9.700000
      vertex   10.156148 30.430895 9.700000
      vertex   9.982550 30.849999 10.689748
    endloop
  endfacet
  facet normal 0.259290 -0.882177 0.393106
    outer loop
      vertex   9.982550 30.849999 10.689748
      vertex   9.921275 30.849999 10.730165
      vertex   9.850002 30.369999 9.700000
    endloop
  endfacet
  facet normal 0.148156 -0.900315 0.409247
    outer loop
      vertex   9.921275 30.849999 10.730165
      vertex   9.886568 30.849999 10.742730
      vertex   9.850002 30.369999 9.700000
    endloop
  endfacet
  facet normal -0.275576 -0.878905 0.389339
    outer loop
      vertex   9.850002 30.369999 9.700000
      vertex   9.762568 30.849999 10.721681
      vertex   9.717453 30.849999 10.689748
    endloop
  endfacet
  facet normal -0.051400 -0.907863 0.416104
    outer loop
      vertex   9.850002 30.369999 9.700000
      vertex   9.850002 30.849999 10.747273
      vertex   9.813651 30.849999 10.742783
    endloop
  endfacet
  facet normal -0.168264 -0.897648 0.407328
    outer loop
      vertex   9.813651 30.849999 10.742783
      vertex   9.762568 30.849999 10.721681
      vertex   9.850002 30.369999 9.700000
    endloop
  endfacet
  facet normal -0.506726 -0.758369 0.410006
    outer loop
      vertex   9.543855 30.430895 9.700000
      vertex   9.717453 30.849999 10.689748
      vertex   9.530002 30.849999 10.458077
    endloop
  endfacet
  facet normal -0.758369 -0.506726 0.410006
    outer loop
      vertex   9.110898 30.863852 9.700000
      vertex   9.284316 30.604313 9.700000
      vertex   9.530002 30.849999 10.458077
    endloop
  endfacet
  facet normal -0.894558 -0.177939 0.410006
    outer loop
      vertex   9.050002 31.169999 9.700000
      vertex   9.110898 30.863852 9.700000
      vertex   9.530002 31.037450 10.689748
    endloop
  endfacet
  facet normal -0.882212 -0.259106 0.393148
    outer loop
      vertex   9.530002 31.037450 10.689748
      vertex   9.530002 31.098903 10.730249
      vertex   9.050002 31.169999 9.700000
    endloop
  endfacet
  facet normal -0.900373 -0.147649 0.409301
    outer loop
      vertex   9.530002 31.098903 10.730249
      vertex   9.530002 31.133648 10.742783
      vertex   9.050002 31.169999 9.700000
    endloop
  endfacet
  facet normal -0.878884 0.275675 0.389315
    outer loop
      vertex   9.050002 31.169999 9.700000
      vertex   9.530002 31.257532 10.721623
      vertex   9.530002 31.302547 10.689748
    endloop
  endfacet
  facet normal -0.907849 0.051701 0.416097
    outer loop
      vertex   9.050002 31.169999 9.700000
      vertex   9.530002 31.169999 10.747273
      vertex   9.530002 31.206565 10.742730
    endloop
  endfacet
  facet normal -0.897597 0.168659 0.407277
    outer loop
      vertex   9.530002 31.206565 10.742730
      vertex   9.530002 31.257532 10.721623
      vertex   9.050002 31.169999 9.700000
    endloop
  endfacet
  facet normal -0.758369 0.506726 0.410006
    outer loop
      vertex   9.110898 31.476145 9.700000
      vertex   9.530002 31.302547 10.689748
      vertex   9.530002 31.489999 10.458077
    endloop
  endfacet
  facet normal -0.506726 0.758369 0.410006
    outer loop
      vertex   9.543855 31.909102 9.700000
      vertex   9.284316 31.735684 9.700000
      vertex   9.530002 31.489999 10.458077
    endloop
  endfacet
  facet normal -0.177939 0.894558 0.410006
    outer loop
      vertex   9.850002 31.969999 9.700000
      vertex   9.543855 31.909102 9.700000
      vertex   9.717453 31.489999 10.689748
    endloop
  endfacet
  facet normal -0.259106 0.882212 0.393148
    outer loop
      vertex   9.717453 31.489999 10.689748
      vertex   9.778907 31.489999 10.730249
      vertex   9.850002 31.969999 9.700000
    endloop
  endfacet
  facet normal -0.147649 0.900373 0.409301
    outer loop
      vertex   9.778907 31.489999 10.730249
      vertex   9.813651 31.489999 10.742783
      vertex   9.850002 31.969999 9.700000
    endloop
  endfacet
  facet normal 0.275675 0.878884 0.389315
    outer loop
      vertex   9.850002 31.969999 9.700000
      vertex   9.937536 31.489999 10.721623
      vertex   9.982550 31.489999 10.689748
    endloop
  endfacet
  facet normal 0.051701 0.907849 0.416097
    outer loop
      vertex   9.850002 31.969999 9.700000
      vertex   9.850002 31.489999 10.747273
      vertex   9.886568 31.489999 10.742730
    endloop
  endfacet
  facet normal 0.168659 0.897597 0.407277
    outer loop
      vertex   9.886568 31.489999 10.742730
      vertex   9.937536 31.489999 10.721623
      vertex   9.850002 31.969999 9.700000
    endloop
  endfacet
  facet normal 0.506726 0.758369 0.410006
    outer loop
      vertex   10.156148 31.909102 9.700000
      vertex   9.982550 31.489999 10.689748
      vertex   10.170002 31.489999 10.458077
    endloop
  endfacet
  facet normal 0.506726 0.758369 0.410006
    outer loop
      vertex   10.170002 31.489999 10.458077
      vertex   10.415687 31.735684 9.700000
      vertex   10.156148 31.909102 9.700000
    endloop
  endfacet
  facet normal 0.177939 0.894558 0.410006
    outer loop
      vertex   9.982550 31.489999 10.689748
      vertex   10.156148 31.909102 9.700000
      vertex   9.850002 31.969999 9.700000
    endloop
  endfacet
  facet normal -0.051400 0.907863 0.416104
    outer loop
      vertex   9.813651 31.489999 10.742783
      vertex   9.850002 31.489999 10.747273
      vertex   9.850002 31.969999 9.700000
    endloop
  endfacet
  facet normal -0.506726 0.758369 0.410006
    outer loop
      vertex   9.530002 31.489999 10.458077
      vertex   9.717453 31.489999 10.689748
      vertex   9.543855 31.909102 9.700000
    endloop
  endfacet
  facet normal -0.758369 0.506726 0.410006
    outer loop
      vertex   9.530002 31.489999 10.458077
      vertex   9.284316 31.735684 9.700000
      vertex   9.110898 31.476145 9.700000
    endloop
  endfacet
  facet normal -0.894558 0.177939 0.410006
    outer loop
      vertex   9.530002 31.302547 10.689748
      vertex   9.110898 31.476145 9.700000
      vertex   9.050002 31.169999 9.700000
    endloop
  endfacet
  facet normal -0.907863 -0.051400 0.416104
    outer loop
      vertex   9.530002 31.133648 10.742783
      vertex   9.530002 31.169999 10.747273
      vertex   9.050002 31.169999 9.700000
    endloop
  endfacet
  facet normal -0.758369 -0.506726 0.410006
    outer loop
      vertex   9.530002 30.849999 10.458077
      vertex   9.530002 31.037450 10.689748
      vertex   9.110898 30.863852 9.700000
    endloop
  endfacet
  facet normal -0.506726 -0.758369 0.410006
    outer loop
      vertex   9.530002 30.849999 10.458077
      vertex   9.284316 30.604313 9.700000
      vertex   9.543855 30.430895 9.700000
    endloop
  endfacet
  facet normal -0.177939 -0.894558 0.410006
    outer loop
      vertex   9.717453 30.849999 10.689748
      vertex   9.543855 30.430895 9.700000
      vertex   9.850002 30.369999 9.700000
    endloop
  endfacet
  facet normal 0.051701 -0.907849 0.416097
    outer loop
      vertex   9.886568 30.849999 10.742730
      vertex   9.850002 30.849999 10.747273
      vertex   9.850002 30.369999 9.700000
    endloop
  endfacet
  facet normal 0.506726 -0.758369 0.410006
    outer loop
      vertex   10.170002 30.849999 10.458077
      vertex   9.982550 30.849999 10.689748
      vertex   10.156148 30.430895 9.700000
    endloop
  endfacet
  facet normal 0.758369 -0.506726 0.410006
    outer loop
      vertex   10.170002 30.849999 10.458077
      vertex   10.415687 30.604313 9.700000
      vertex   10.589105 30.863852 9.700000
    endloop
  endfacet
  facet normal 0.894558 -0.177939 0.410006
    outer loop
      vertex   10.170002 31.037450 10.689748
      vertex   10.589105 30.863852 9.700000
      vertex   10.650002 31.169999 9.700000
    endloop
  endfacet
  facet normal 0.907849 0.051701 0.416097
    outer loop
      vertex   10.170002 31.206565 10.742730
      vertex   10.170002 31.169999 10.747273
      vertex   10.650002 31.169999 9.700000
    endloop
  endfacet
  facet normal 0.758369 0.506726 0.410006
    outer loop
      vertex   10.170002 31.489999 10.458077
      vertex   10.170002 31.302547 10.689748
      vertex   10.589105 31.476145 9.700000
    endloop
  endfacet
  facet normal 1.000000 0.000000 -0.000000
    outer loop
      vertex   10.170002 31.489999 10.826795
      vertex   10.170002 31.169999 10.747273
      vertex   10.170002 31.206565 10.742730
    endloop
  endfacet
  facet normal 1.000000 -0.000000 0.000000
    outer loop
      vertex   10.170002 31.206565 10.742730
      vertex   10.170002 31.241272 10.730165
      vertex   10.170002 31.489999 10.826795
    endloop
  endfacet
  facet normal 1.000000 -0.000000 -0.000000
    outer loop
      vertex   10.170002 30.849999 10.826795
      vertex   10.170002 31.133648 10.742783
      vertex   10.170002 31.169999 10.747273
    endloop
  endfacet
  facet normal 1.000000 0.000000 -0.000000
    outer loop
      vertex   10.170002 31.169999 10.747273
      vertex   10.170002 31.489999 10.826795
      vertex   10.170002 30.849999 10.826795
    endloop
  endfacet
  facet normal 1.000000 0.000000 0.000000
    outer loop
      vertex   10.170002 30.849999 10.826795
      vertex   10.170002 31.037450 10.689748
      vertex   10.170002 31.082565 10.721681
    endloop
  endfacet
  facet normal 1.000000 -0.000000 -0.000000
    outer loop
      vertex   10.170002 31.082565 10.721681
      vertex   10.170002 31.133648 10.742783
      vertex   10.170002 30.849999 10.826795
    endloop
  endfacet
  facet normal 1.000000 0.000000 0.000000
    outer loop
      vertex   10.170002 30.849999 10.826795
      vertex   10.170002 30.849999 10.458077
      vertex   10.170002 31.037450 10.689748
    endloop
  endfacet
  facet normal 1.000000 -0.000000 0.000000
    outer loop
      vertex   10.170002 31.241272 10.730165
      vertex   10.170002 31.302547 10.689748
      vertex   10.170002 31.489999 10.826795
    endloop
  endfacet
  facet normal 1.000000 -0.000000 0.000000
    outer loop
      vertex   10.170002 31.302547 10.689748
      vertex   10.170002 31.489999 10.458077
      vertex   10.170002 31.489999 10.826795
    endloop
  endfacet
  facet normal -0.000000 1.000000 0.000000
    outer loop
      vertex   9.530002 31.489999 10.826795
      vertex   10.170002 31.489999 10.826795
      vertex   9.850002 31.489999 10.747273
    endloop
  endfacet
  facet normal -0.000000 1.000000 -0.000000
    outer loop
      vertex   9.850002 31.489999 10.747273
      vertex   9.813651 31.489999 10.742783
      vertex   9.530002 31.489999 10.826795
    endloop
  endfacet
  facet normal 0.000000 1.000000 0.000000
    outer loop
      vertex   9.813651 31.489999 10.742783
      vertex   9.778907 31.489999 10.730249
      vertex   9.530002 31.489999 10.826795
    endloop
  endfacet
  facet normal 0.000000 1.000000 -0.000000
    outer loop
      vertex   10.170002 31.489999 10.826795
      vertex   9.886568 31.489999 10.742730
      vertex   9.850002 31.489999 10.747273
    endloop
  endfacet
  facet normal -0.000000 1.000000 0.000000
    outer loop
      vertex   10.170002 31.489999 10.826795
      vertex   9.982550 31.489999 10.689748
      vertex   9.937536 31.489999 10.721623
    endloop
  endfacet
  facet normal -0.000000 1.000000 0.000000
    outer loop
      vertex   9.937536 31.489999 10.721623
      vertex   9.886568 31.489999 10.742730
      vertex   10.170002 31.489999 10.826795
    endloop
  endfacet
  facet normal 0.000000 1.000000 0.000000
    outer loop
      vertex   10.170002 31.489999 10.826795
      vertex   10.170002 31.489999 10.458077
      vertex   9.982550 31.489999 10.689748
    endloop
  endfacet
  facet normal -0.000000 1.000000 -0.000000
    outer loop
      vertex   9.778907 31.489999 10.730249
      vertex   9.717453 31.489999 10.689748
      vertex   9.530002 31.489999 10.826795
    endloop
  endfacet
  facet normal 0.000000 1.000000 0.000000
    outer loop
      vertex   9.717453 31.489999 10.689748
      vertex   9.530002 31.489999 10.458077
      vertex   9.530002 31.489999 10.826795
    endloop
  endfacet
  facet normal -1.000000 0.000000 0.000000
    outer loop
      vertex   9.530002 30.849999 10.826795
      vertex   9.530002 31.489999 10.826795
      vertex   9.530002 31.169999 10.747273
    endloop
  endfacet
  facet normal -1.000000 -0.000000 -0.000000
    outer loop
      vertex   9.530002 31.169999 10.747273
      vertex   9.530002 31.133648 10.742783
      vertex   9.530002 30.849999 10.826795
    endloop
  endfacet
  facet normal -1.000000 0.000000 0.000000
    outer loop
      vertex   9.530002 31.133648 10.742783
      vertex   9.530002 31.098903 10.730249
      vertex   9.530002 30.849999 10.826795
    endloop
  endfacet
  facet normal -1.000000 0.000000 -0.000000
    outer loop
      vertex   9.530002 31.489999 10.826795
      vertex   9.530002 31.206565 10.742730
      vertex   9.530002 31.169999 10.747273
    endloop
  endfacet
  facet normal -1.000000 -0.000000 0.000000
    outer loop
      vertex   9.530002 31.489999 10.826795
      vertex   9.530002 31.302547 10.689748
      vertex   9.530002 31.257532 10.721623
    endloop
  endfacet
  facet normal -1.000000 -0.000000 0.000000
    outer loop
      vertex   9.530002 31.257532 10.721623
      vertex   9.530002 31.206565 10.742730
      vertex   9.530002 31.489999 10.826795
    endloop
  endfacet
  facet normal -1.000000 0.000000 -0.000000
    outer loop
      vertex   9.530002 31.489999 10.826795
      vertex   9.530002 31.489999 10.458077
      vertex   9.530002 31.302547 10.689748
    endloop
  endfacet
  facet normal -1.000000 -0.000000 -0.000000
    outer loop
      vertex   9.530002 31.098903 10.730249
      vertex   9.530002 31.037450 10.689748
      vertex   9.530002 30.849999 10.826795
    endloop
  endfacet
  facet normal -1.000000 0.000000 0.000000
    outer loop
      vertex   9.530002 31.037450 10.689748
      vertex   9.530002 30.849999 10.458077
      vertex   9.530002 30.849999 10.826795
    endloop
  endfacet
  facet normal 0.000000 0.866025 0.500000
    outer loop
      vertex   9.530002 31.489999 10.826795
      vertex   9.630002 31.389999 11.000000
      vertex   10.070002 31.389999 11.000000
    endloop
  endfacet
  facet normal 0.000000 0.866025 0.500000
    outer loop
      vertex   10.070002 31.389999 11.000000
      vertex   10.170002 31.489999 10.826795
      vertex   9.530002 31.489999 10.826795
    endloop
  endfacet
  facet normal 0.000000 0.000000 1.000000
    outer loop
      vertex   9.630002 30.949999 11.000000
      vertex   10.070002 30.949999 11.000000
      vertex   10.070002 31.389999 11.000000
    endloop
  endfacet
  facet normal 0.000000 0.000000 1.000000
    outer loop
      vertex   10.070002 31.389999 11.000000
      vertex   9.630002 31.389999 11.000000
      vertex   9.630002 30.949999 11.000000
    endloop
  endfacet
  facet normal 0.000000 -0.866025 0.500000
    outer loop
      vertex   9.530002 30.849999 10.826795
      vertex   10.170002 30.849999 10.826795
      vertex   10.070002 30.949999 11.000000
    endloop
  endfacet
  facet normal 0.000000 -0.866025 0.500000
    outer loop
      vertex   10.070002 30.949999 11.000000
      vertex   9.630002 30.949999 11.000000
      vertex   9.530002 30.849999 10.826795
    endloop
  endfacet
  facet normal -0.866025 0.000000 0.500000
    outer loop
      vertex   9.530002 30.849999 10.826795
      vertex   9.630002 30.949999 11.000000
      vertex   9.630002 31.389999 11.000000
    endloop
  endfacet
  facet normal -0.866025 0.000000 0.500000
    outer loop
      vertex   9.630002 31.389999 11.000000
      vertex   9.530002 31.489999 10.826795
      vertex   9.530002 30.849999 10.826795
    endloop
  endfacet
  facet normal 0.866025 -0.000000 0.500000
    outer loop
      vertex   10.170002 30.849999 10.826795
      vertex   10.170002 31.489999 10.826795
      vertex   10.070002 31.389999 11.000000
    endloop
  endfacet
  facet normal 0.866025 0.000000 0.500000
    outer loop
      vertex   10.070002 31.389999 11.000000
      vertex   10.070002 30.949999 11.000000
      vertex   10.170002 30.849999 10.826795
    endloop
  endfacet
  facet normal 0.000000 -1.000000 -0.000000
    outer loop
      vertex   10.170002 30.849999 10.826795
      vertex   9.850002 30.849999 10.747273
      vertex   9.886568 30.849999 10.742730
    endloop
  endfacet
  facet normal -0.000000 -1.000000 0.000000
    outer loop
      vertex   9.886568 30.849999 10.742730
      vertex   9.921275 30.849999 10.730165
      vertex   10.170002 30.849999 10.826795
    endloop
  endfacet
  facet normal -0.000000 -1.000000 -0.000000
    outer loop
      vertex   9.530002 30.849999 10.826795
      vertex   9.813651 30.849999 10.742783
      vertex   9.850002 30.849999 10.747273
    endloop
  endfacet
  facet normal 0.000000 -1.000000 0.000000
    outer loop
      vertex   9.850002 30.849999 10.747273
      vertex   10.170002 30.849999 10.826795
      vertex   9.530002 30.849999 10.826795
    endloop
  endfacet
  facet normal 0.000000 -1.000000 0.000000
    outer loop
      vertex   9.530002 30.849999 10.826795
      vertex   9.717453 30.849999 10.689748
      vertex   9.762568 30.849999 10.721681
    endloop
  endfacet
  facet normal -0.000000 -1.000000 -0.000000
    outer loop
      vertex   9.762568 30.849999 10.721681
      vertex   9.813651 30.849999 10.742783
      vertex   9.530002 30.849999 10.826795
    endloop
  endfacet
  facet normal 0.000000 -1.000000 0.000000
    outer loop
      vertex   9.530002 30.849999 10.826795
      vertex   9.530002 30.849999 10.458077
      vertex   9.717453 30.849999 10.689748
    endloop
  endfacet
  facet normal 0.000000 -1.000000 0.000000
    outer loop
      vertex   9.921275 30.849999 10.730165
      vertex   9.982550 30.849999 10.689748
      vertex   10.170002 30.849999 10.826795
    endloop
  endfacet
  facet normal 0.000000 -1.000000 0.000000
    outer loop
      vertex   9.982550 30.849999 10.689748
      vertex   10.170002 30.849999 10.458077
      vertex   10.170002 30.849999 10.826795
    endloop
  endfacet
endsolid <icad/sx>
solid <icad/sx>
  facet normal -0.980785 0.195090 0.000000
    outer loop
      vertex   10.311941 1.478657 9.700000
      vertex   10.350002 1.669999 9.700000
      vertex   10.350002 1.669999 8.500000
    endloop
  endfacet
  facet normal -0.831470 0.555570 0.000000
    outer loop
      vertex   10.203555 1.316445 9.700000
      vertex   10.311941 1.478657 9.700000
      vertex   10.311941 1.478657 8.500000
    endloop
  endfacet
  facet normal -0.555570 0.831470 0.000000
    outer loop
      vertex   10.041343 1.208059 9.700000
      vertex   10.203555 1.316445 9.700000
      vertex   10.203555 1.316445 8.500000
    endloop
  endfacet
  facet normal -0.195090 0.980785 0.000000
    outer loop
      vertex   9.850002 1.169999 9.700000
      vertex   10.041343 1.208059 9.700000
      vertex   10.041343 1.208059 8.500000
    endloop
  endfacet
  facet normal 0.195090 0.980785 0.000000
    outer loop
      vertex   9.658660 1.208059 9.700000
      vertex   9.850002 1.169999 9.700000
      vertex   9.850002 1.169999 8.500000
    endloop
  endfacet
  facet normal 0.555570 0.831470 0.000000
    outer loop
      vertex   9.496448 1.316445 9.700000
      vertex   9.658660 1.208059 9.700000
      vertex   9.658660 1.208059 8.500000
    endloop
  endfacet
  facet normal 0.831470 0.555570 0.000000
    outer loop
      vertex   9.388062 1.478657 9.700000
      vertex   9.496448 1.316445 9.700000
      vertex   9.496448 1.316445 8.500000
    endloop
  endfacet
  facet normal 0.980785 0.195090 -0.000000
    outer loop
      vertex   9.350002 1.669999 9.700000
      vertex   9.388062 1.478657 9.700000
      vertex   9.388062 1.478657 8.500000
    endloop
  endfacet
  facet normal 0.980785 -0.195090 0.000000
    outer loop
      vertex   9.388062 1.861340 9.700000
      vertex   9.350002 1.669999 9.700000
      vertex   9.350002 1.669999 8.500000
    endloop
  endfacet
  facet normal 0.831470 -0.555570 0.000000
    outer loop
      vertex   9.496448 2.023552 9.700000
      vertex   9.388062 1.861340 9.700000
      vertex   9.388062 1.861340 8.500000
    endloop
  endfacet
  facet normal 0.555570 -0.831470 0.000000
    outer loop
      vertex   9.658660 2.131938 9.700000
      vertex   9.496448 2.023552 9.700000
      vertex   9.496448 2.023552 8.500000
    endloop
  endfacet
  facet normal 0.195090 -0.980785 0.000000
    outer loop
      vertex   9.850002 2.169999 9.700000
      vertex   9.658660 2.131938 9.700000
      vertex   9.658660 2.131938 8.500000
    endloop
  endfacet
  facet normal -0.195090 -0.980785 0.000000
    outer loop
      vertex   10.041343 2.131938 9.700000
      vertex   9.850002 2.169999 9.700000
      vertex   9.850002 2.169999 8.500000
    endloop
  endfacet
  facet normal -0.555570 -0.831470 0.000000
    outer loop
      vertex   10.203555 2.023552 9.700000
      vertex   10.041343 2.131938 9.700000
      vertex   10.041343 2.131938 8.500000
    endloop
  endfacet
  facet normal -0.831470 -0.555570 0.000000
    outer loop
      vertex   10.311941 1.861340 9.700000
      vertex   10.203555 2.023552 9.700000
      vertex   10.203555 2.023552 8.500000
    endloop
  endfacet
  facet normal -0.980785 -0.195090 -0.000000
    outer loop
      vertex   10.350002 1.669999 9.700000
      vertex   10.311941 1.861340 9.700000
      vertex   10.311941 1.861340 8.500000
    endloop
  endfacet
  facet normal -0.980785 -0.195090 -0.000000
    outer loop
      vertex   10.311941 1.861340 8.500000
      vertex   10.350002 1.669999 8.500000
      vertex   10.350002 1.669999 9.700000
    endloop
  endfacet
  facet normal -0.831470 -0.555570 0.000000
    outer loop
      vertex   10.203555 2.023552 8.500000
      vertex   10.311941 1.861340 8.500000
      vertex   10.311941 1.861340 9.700000
    endloop
  endfacet
  facet normal -0.555570 -0.831470 0.000000
    outer loop
      vertex   10.041343 2.131938 8.500000
      vertex   10.203555 2.023552 8.500000
      vertex   10.203555 2.023552 9.700000
    endloop
  endfacet
  facet normal -0.195090 -0.980785 0.000000
    outer loop
      vertex   9.850002 2.169999 8.500000
      vertex   10.041343 2.131938 8.500000
      vertex   10.041343 2.131938 9.700000
    endloop
  endfacet
  facet normal 0.195090 -0.980785 0.000000
    outer loop
      vertex   9.658660 2.131938 8.500000
      vertex   9.850002 2.169999 8.500000
      vertex   9.850002 2.169999 9.700000
    endloop
  endfacet
  facet normal 0.555570 -0.831470 0.000000
    outer loop
      vertex   9.496448 2.023552 8.500000
      vertex   9.658660 2.131938 8.500000
      vertex   9.658660 2.131938 9.700000
    endloop
  endfacet
  facet normal 0.831470 -0.555570 0.000000
    outer loop
      vertex   9.388062 1.861340 8.500000
      vertex   9.496448 2.023552 8.500000
      vertex   9.496448 2.023552 9.700000
    endloop
  endfacet
  facet normal 0.980785 -0.195090 0.000000
    outer loop
      vertex   9.350002 1.669999 8.500000
      vertex   9.388062 1.861340 8.500000
      vertex   9.388062 1.861340 9.700000
    endloop
  endfacet
  facet normal 0.980785 0.195090 -0.000000
    outer loop
      vertex   9.388062 1.478657 8.500000
      vertex   9.350002 1.669999 8.500000
      vertex   9.350002 1.669999 9.700000
    endloop
  endfacet
  facet normal 0.831470 0.555570 0.000000
    outer loop
      vertex   9.496448 1.316445 8.500000
      vertex   9.388062 1.478657 8.500000
      vertex   9.388062 1.478657 9.700000
    endloop
  endfacet
  facet normal 0.555570 0.831470 0.000000
    outer loop
      vertex   9.658660 1.208059 8.500000
      vertex   9.496448 1.316445 8.500000
      vertex   9.496448 1.316445 9.700000
    endloop
  endfacet
  facet normal 0.195090 0.980785 0.000000
    outer loop
      vertex   9.850002 1.169999 8.500000
      vertex   9.658660 1.208059 8.500000
      vertex   9.658660 1.208059 9.700000
    endloop
  endfacet
  facet normal -0.195090 0.980785 0.000000
    outer loop
      vertex   10.041343 1.208059 8.500000
      vertex   9.850002 1.169999 8.500000
      vertex   9.850002 1.169999 9.700000
    endloop
  endfacet
  facet normal -0.555570 0.831470 0.000000
    outer loop
      vertex   10.203555 1.316445 8.500000
      vertex   10.041343 1.208059 8.500000
      vertex   10.041343 1.208059 9.700000
    endloop
  endfacet
  facet normal -0.831470 0.555570 0.000000
    outer loop
      vertex   10.311941 1.478657 8.500000
      vertex   10.203555 1.316445 8.500000
      vertex   10.203555 1.316445 9.700000
    endloop
  endfacet
  facet normal -0.980785 0.195090 0.000000
    outer loop
      vertex   10.350002 1.669999 8.500000
      vertex   10.311941 1.478657 8.500000
      vertex   10.311941 1.478657 9.700000
    endloop
  endfacet
  facet normal 0.000000 0.000000 1.000000
    outer loop
      vertex   6.040002 0.584999 9.700000
      vertex   6.040002 -0.000001 9.700000
      vertex   8.580002 -0.000001 9.700000
    endloop
  endfacet
  facet normal 0.000000 0.000000 1.000000
    outer loop
      vertex   8.580002 0.584999 9.700000
      vertex   8.580002 -0.000001 9.700000
      vertex   11.120002 -0.000001 9.700000
    endloop
  endfacet
  facet normal 0.000000 0.000000 1.000000
    outer loop
      vertex   11.120002 0.584999 9.700000
      vertex   11.120002 -0.000001 9.700000
      vertex   13.660002 -0.000001 9.700000
    endloop
  endfacet
  facet normal 0.000000 -0.000000 1.000000
    outer loop
      vertex   6.040002 0.584999 9.700000
      vertex   6.810002 1.669999 9.700000
      vertex   6.848062 1.861340 9.700000
    endloop
  endfacet
  facet normal -0.000000 0.000000 1.000000
    outer loop
      vertex   8.580002 0.584999 9.700000
      vertex   8.580002 16.419999 9.700000
      vertex   7.771941 1.861340 9.700000
    endloop
  endfacet
  facet normal 0.000000 -0.000000 1.000000
    outer loop
      vertex   6.040002 16.419999 9.700000
      vertex   7.118660 2.131938 9.700000
      vertex   7.310002 2.169999 9.700000
    endloop
  endfacet
  facet normal 0.000000 0.000000 1.000000
    outer loop
      vertex   6.848062 1.861340 9.700000
      vertex   6.040002 16.419999 9.700000
      vertex   6.040002 0.584999 9.700000
    endloop
  endfacet
  facet normal 0.000000 0.000000 1.000000
    outer loop
      vertex   6.040002 0.584999 9.700000
      vertex   6.956448 1.316445 9.700000
      vertex   6.848062 1.478657 9.700000
    endloop
  endfacet
  facet normal -0.000000 0.000000 1.000000
    outer loop
      vertex   8.580002 0.584999 9.700000
      vertex   7.663555 1.316445 9.700000
      vertex   7.501343 1.208059 9.700000
    endloop
  endfacet
  facet normal -0.000000 0.000000 1.000000
    outer loop
      vertex   8.580002 0.584999 9.700000
      vertex   7.810002 1.669999 9.700000
      vertex   7.771941 1.478657 9.700000
    endloop
  endfacet
  facet normal -0.000000 -0.000000 1.000000
    outer loop
      vertex   8.580002 16.419999 9.700000
      vertex   7.663555 2.023552 9.700000
      vertex   7.771941 1.861340 9.700000
    endloop
  endfacet
  facet normal -0.000000 -0.000000 1.000000
    outer loop
      vertex   8.580002 16.419999 9.700000
      vertex   7.310002 2.169999 9.700000
      vertex   7.501343 2.131938 9.700000
    endloop
  endfacet
  facet normal 0.000000 -0.000000 1.000000
    outer loop
      vertex   6.040002 16.419999 9.700000
      vertex   6.956448 2.023552 9.700000
      vertex   7.118660 2.131938 9.700000
    endloop
  endfacet
  facet normal 0.000000 0.000000 1.000000
    outer loop
      vertex   6.848062 1.478657 9.700000
      vertex   6.810002 1.669999 9.700000
      vertex   6.040002 0.584999 9.700000
    endloop
  endfacet
  facet normal -0.000000 0.000000 1.000000
    outer loop
      vertex   6.040002 0.584999 9.700000
      vertex   8.580002 0.584999 9.700000
      vertex   7.310002 1.169999 9.700000
    endloop
  endfacet
  facet normal -0.000000 0.000000 1.000000
    outer loop
      vertex   7.771941 1.478657 9.700000
      vertex   7.663555 1.316445 9.700000
      vertex   8.580002 0.584999 9.700000
    endloop
  endfacet
  facet normal -0.000000 -0.000000 1.000000
    outer loop
      vertex   7.501343 2.131938 9.700000
      vertex   7.663555 2.023552 9.700000
      vertex   8.580002 16.419999 9.700000
    endloop
  endfacet
  facet normal 0.000000 -0.000000 1.000000
    outer loop
      vertex   6.848062 1.861340 9.700000
      vertex   6.956448 2.023552 9.700000
      vertex   6.040002 16.419999 9.700000
    endloop
  endfacet
  facet normal 0.000000 0.000000 1.000000
    outer loop
      vertex   7.310002 1.169999 9.700000
      vertex   7.118660 1.208059 9.700000
      vertex   6.040002 0.584999 9.700000
    endloop
  endfacet
  facet normal -0.000000 -0.000000 1.000000
    outer loop
      vertex   7.771941 1.861340 9.700000
      vertex   7.810002 1.669999 9.700000
      vertex   8.580002 0.584999 9.700000
    endloop
  endfacet
  facet normal 0.000000 0.000000 1.000000
    outer loop
      vertex   7.118660 1.208059 9.700000
      vertex   6.956448 1.316445 9.700000
      vertex   6.040002 0.584999 9.700000
    endloop
  endfacet
  facet normal 0.000000 -0.000000 1.000000
    outer loop
      vertex   7.310002 2.169999 9.700000
      vertex   8.580002 16.419999 9.700000
      vertex   6.040002 16.419999 9.700000
    endloop
  endfacet
  facet normal -0.000000 0.000000 1.000000
    outer loop
      vertex   11.120002 0.584999 9.700000
      vertex   10.041343 1.208059 9.700000
      vertex   9.850002 1.169999 9.700000
    endloop
  endfacet
  facet normal -0.000000 0.000000 1.000000
    outer loop
      vertex   11.120002 0.584999 9.700000
      vertex   11.120002 16.419999 9.700000
      vertex   10.311941 1.861340 9.700000
    endloop
  endfacet
  facet normal 0.000000 -0.000000 1.000000
    outer loop
      vertex   11.120002 16.419999 9.700000
      vertex   8.580002 16.419999 9.700000
      vertex   9.850002 2.169999 9.700000
    endloop
  endfacet
  facet normal -0.000000 0.000000 1.000000
    outer loop
      vertex   11.120002 0.584999 9.700000
      vertex   10.203555 1.316445 9.700000
      vertex   10.041343 1.208059 9.700000
    endloop
  endfacet
  facet normal -0.000000 0.000000 1.000000
    outer loop
      vertex   11.120002 0.584999 9.700000
      vertex   10.350002 1.669999 9.700000
      vertex   10.311941 1.478657 9.700000
    endloop
  endfacet
  facet normal -0.000000 -0.000000 1.000000
    outer loop
      vertex   11.120002 16.419999 9.700000
      vertex   10.203555 2.023552 9.700000
      vertex   10.311941 1.861340 9.700000
    endloop
  endfacet
  facet normal -0.000000 -0.000000 1.000000
    outer loop
      vertex   9.850002 2.169999 9.700000
      vertex   10.041343 2.131938 9.700000
      vertex   11.120002 16.419999 9.700000
    endloop
  endfacet
  facet normal 0.000000 -0.000000 1.000000
    outer loop
      vertex   8.580002 0.584999 9.700000
      vertex   9.350002 1.669999 9.700000
      vertex   9.388062 1.861340 9.700000
    endloop
  endfacet
  facet normal -0.000000 0.000000 1.000000
    outer loop
      vertex   10.311941 1.478657 9.700000
      vertex   10.203555 1.316445 9.700000
      vertex   11.120002 0.584999 9.700000
    endloop
  endfacet
  facet normal -0.000000 -0.000000 1.000000
    outer loop
      vertex   10.041343 2.131938 9.700000
      vertex   10.203555 2.023552 9.700000
      vertex   11.120002 16.419999 9.700000
    endloop
  endfacet
  facet normal 0.000000 -0.000000 1.000000
    outer loop
      vertex   8.580002 16.419999 9.700000
      vertex   9.496448 2.023552 9.700000
      vertex   9.658660 2.131938 9.700000
    endloop
  endfacet
  facet normal 0.000000 0.000000 1.000000
    outer loop
      vertex   9.388062 1.861340 9.700000
      vertex   8.580002 16.419999 9.700000
      vertex   8.580002 0.584999 9.700000
    endloop
  endfacet
  facet normal -0.000000 -0.000000 1.000000
    outer loop
      vertex   10.311941 1.861340 9.700000
      vertex   10.350002 1.669999 9.700000
      vertex   11.120002 0.584999 9.700000
    endloop
  endfacet
  facet normal 0.000000 -0.000000 1.000000
    outer loop
      vertex   9.388062 1.861340 9.700000
      vertex   9.496448 2.023552 9.700000
      vertex   8.580002 16.419999 9.700000
    endloop
  endfacet
  facet normal 0.000000 0.000000 1.000000
    outer loop
      vertex   8.580002 0.584999 9.700000
      vertex   9.496448 1.316445 9.700000
      vertex   9.388062 1.478657 9.700000
    endloop
  endfacet
  facet normal 0.000000 0.000000 1.000000
    outer loop
      vertex   8.580002 0.584999 9.700000
      vertex   9.850002 1.169999 9.700000
      vertex   9.658660 1.208059 9.700000
    endloop
  endfacet
  facet normal 0.000000 -0.000000 1.000000
    outer loop
      vertex   9.658660 2.131938 9.700000
      vertex   9.850002 2.169999 9.700000
      vertex   8.580002 16.419999 9.700000
    endloop
  endfacet
  facet normal 0.000000 0.000000 1.000000
    outer loop
      vertex   9.658660 1.208059 9.700000
      vertex   9.496448 1.316445 9.700000
      vertex   8.580002 0.584999 9.700000
    endloop
  endfacet
  facet normal 0.000000 0.000000 1.000000
    outer loop
      vertex   9.388062 1.478657 9.700000
      vertex   9.350002 1.669999 9.700000
      vertex   8.580002 0.584999 9.700000
    endloop
  endfacet
  facet normal -0.000000 0.000000 1.000000
    outer loop
      vertex   13.660002 0.584999 9.700000
      vertex   12.581343 1.208059 9.700000
      vertex   12.390002 1.169999 9.700000
    endloop
  endfacet
  facet normal -0.000000 0.000000 1.000000
    outer loop
      vertex   13.660002 0.584999 9.700000
      vertex   13.660002 16.419999 9.700000
      vertex   12.851941 1.861340 9.700000
    endloop
  endfacet
  facet normal 0.000000 -0.000000 1.000000
    outer loop
      vertex   13.660002 16.419999 9.700000
      vertex   11.120002 16.419999 9.700000
      vertex   12.390002 2.169999 9.700000
    endloop
  endfacet
  facet normal -0.000000 0.000000 1.000000
    outer loop
      vertex   13.660002 0.584999 9.700000
      vertex   12.743555 1.316445 9.700000
      vertex   12.581343 1.208059 9.700000
    endloop
  endfacet
  facet normal -0.000000 0.000000 1.000000
    outer loop
      vertex   13.660002 0.584999 9.700000
      vertex   12.890002 1.669999 9.700000
      vertex   12.851941 1.478657 9.700000
    endloop
  endfacet
  facet normal -0.000000 -0.000000 1.000000
    outer loop
      vertex   13.660002 16.419999 9.700000
      vertex   12.743555 2.023552 9.700000
      vertex   12.851941 1.861340 9.700000
    endloop
  endfacet
  facet normal -0.000000 -0.000000 1.000000
    outer loop
      vertex   12.390002 2.169999 9.700000
      vertex   12.581343 2.131938 9.700000
      vertex   13.660002 16.419999 9.700000
    endloop
  endfacet
  facet normal 0.000000 -0.000000 1.000000
    outer loop
      vertex   11.120002 0.584999 9.700000
      vertex   11.890002 1.669999 9.700000
      vertex   11.928062 1.861340 9.700000
    endloop
  endfacet
  facet normal -0.000000 0.000000 1.000000
    outer loop
      vertex   12.851941 1.478657 9.700000
      vertex   12.743555 1.316445 9.700000
      vertex   13.660002 0.584999 9.700000
    endloop
  endfacet
  facet normal -0.000000 -0.000000 1.000000
    outer loop
      vertex   12.581343 2.131938 9.700000
      vertex   12.743555 2.023552 9.700000
      vertex   13.660002 16.419999 9.700000
    endloop
  endfacet
  facet normal 0.000000 -0.000000 1.000000
    outer loop
      vertex   11.120002 16.419999 9.700000
      vertex   12.036448 2.023552 9.700000
      vertex   12.198660 2.131938 9.700000
    endloop
  endfacet
  facet normal 0.000000 0.000000 1.000000
    outer loop
      vertex   11.928062 1.861340 9.700000
      vertex   11.120002 16.419999 9.700000
      vertex   11.120002 0.584999 9.700000
    endloop
  endfacet
  facet normal -0.000000 -0.000000 1.000000
    outer loop
      vertex   12.851941 1.861340 9.700000
      vertex   12.890002 1.669999 9.700000
      vertex   13.660002 0.584999 9.700000
    endloop
  endfacet
  facet normal 0.000000 -0.000000 1.000000
    outer loop
      vertex   11.928062 1.861340 9.700000
      vertex   12.036448 2.023552 9.700000
      vertex   11.120002 16.419999 9.700000
    endloop
  endfacet
  facet normal 0.000000 0.000000 1.000000
    outer loop
      vertex   11.120002 0.584999 9.700000
      vertex   12.036448 1.316445 9.700000
      vertex   11.928062 1.478657 9.700000
    endloop
  endfacet
  facet normal 0.000000 0.000000 1.000000
    outer loop
      vertex   11.120002 0.584999 9.700000
      vertex   12.390002 1.169999 9.700000
      vertex   12.198660 1.208059 9.700000
    endloop
  endfacet
  facet normal 0.000000 -0.000000 1.000000
    outer loop
      vertex   12.198660 2.131938 9.700000
      vertex   12.390002 2.169999 9.700000
      vertex   11.120002 16.419999 9.700000
    endloop
  endfacet
  facet normal 0.000000 0.000000 1.000000
    outer loop
      vertex   12.198660 1.208059 9.700000
      vertex   12.036448 1.316445 9.700000
      vertex   11.120002 0.584999 9.700000
    endloop
  endfacet
  facet normal 0.000000 0.000000 1.000000
    outer loop
      vertex   11.928062 1.478657 9.700000
      vertex   11.890002 1.669999 9.700000
      vertex   11.120002 0.584999 9.700000
    endloop
  endfacet
  facet normal 0.000000 0.000000 1.000000
    outer loop
      vertex   6.040002 16.419999 9.700000
      vertex   6.848062 30.978657 9.700000
      vertex   6.810002 31.169999 9.700000
    endloop
  endfacet
  facet normal -0.000000 0.000000 1.000000
    outer loop
      vertex   8.580002 16.419999 9.700000
      vertex   8.580002 32.899999 9.700000
      vertex   7.810002 31.169999 9.700000
    endloop
  endfacet
  facet normal 0.000000 -0.000000 1.000000
    outer loop
      vertex   6.040002 32.899999 9.700000
      vertex   7.118660 31.631938 9.700000
      vertex   7.310002 31.669999 9.700000
    endloop
  endfacet
  facet normal 0.000000 -0.000000 1.000000
    outer loop
      vertex   6.040002 32.899999 9.700000
      vertex   6.810002 31.169999 9.700000
      vertex   6.848062 31.361340 9.700000
    endloop
  endfacet
  facet normal 0.000000 0.000000 1.000000
    outer loop
      vertex   6.040002 16.419999 9.700000
      vertex   6.956448 30.816445 9.700000
      vertex   6.848062 30.978657 9.700000
    endloop
  endfacet
  facet normal -0.000000 0.000000 1.000000
    outer loop
      vertex   8.580002 16.419999 9.700000
      vertex   7.663555 30.816445 9.700000
      vertex   7.501343 30.708059 9.700000
    endloop
  endfacet
  facet normal -0.000000 0.000000 1.000000
    outer loop
      vertex   7.810002 31.169999 9.700000
      vertex   7.771941 30.978657 9.700000
      vertex   8.580002 16.419999 9.700000
    endloop
  endfacet
  facet normal -0.000000 -0.000000 1.000000
    outer loop
      vertex   8.580002 32.899999 9.700000
      vertex   7.663555 31.523552 9.700000
      vertex   7.771941 31.361340 9.700000
    endloop
  endfacet
  facet normal -0.000000 -0.000000 1.000000
    outer loop
      vertex   8.580002 32.899999 9.700000
      vertex   7.310002 31.669999 9.700000
      vertex   7.501343 31.631938 9.700000
    endloop
  endfacet
  facet normal 0.000000 -0.000000 1.000000
    outer loop
      vertex   6.040002 32.899999 9.700000
      vertex   6.956448 31.523552 9.700000
      vertex   7.118660 31.631938 9.700000
    endloop
  endfacet
  facet normal 0.000000 0.000000 1.000000
    outer loop
      vertex   6.810002 31.169999 9.700000
      vertex   6.040002 32.899999 9.700000
      vertex   6.040002 16.419999 9.700000
    endloop
  endfacet
  facet normal -0.000000 0.000000 1.000000
    outer loop
      vertex   6.040002 16.419999 9.700000
      vertex   8.580002 16.419999 9.700000
      vertex   7.310002 30.669999 9.700000
    endloop
  endfacet
  facet normal -0.000000 0.000000 1.000000
    outer loop
      vertex   7.771941 30.978657 9.700000
      vertex   7.663555 30.816445 9.700000
      vertex   8.580002 16.419999 9.700000
    endloop
  endfacet
  facet normal -0.000000 -0.000000 1.000000
    outer loop
      vertex   7.501343 31.631938 9.700000
      vertex   7.663555 31.523552 9.700000
      vertex   8.580002 32.899999 9.700000
    endloop
  endfacet
  facet normal 0.000000 -0.000000 1.000000
    outer loop
      vertex   6.848062 31.361340 9.700000
      vertex   6.956448 31.523552 9.700000
      vertex   6.040002 32.899999 9.700000
    endloop
  endfacet
  facet normal 0.000000 0.000000 1.000000
    outer loop
      vertex   7.310002 30.669999 9.700000
      vertex   7.118660 30.708059 9.700000
      vertex   6.040002 16.419999 9.700000
    endloop
  endfacet
  facet normal -0.000000 -0.000000 1.000000
    outer loop
      vertex   7.771941 31.361340 9.700000
      vertex   7.810002 31.169999 9.700000
      vertex   8.580002 32.899999 9.700000
    endloop
  endfacet
  facet normal 0.000000 0.000000 1.000000
    outer loop
      vertex   7.118660 30.708059 9.700000
      vertex   6.956448 30.816445 9.700000
      vertex   6.040002 16.419999 9.700000
    endloop
  endfacet
  facet normal 0.000000 -0.000000 1.000000
    outer loop
      vertex   7.310002 31.669999 9.700000
      vertex   8.580002 32.899999 9.700000
      vertex   6.040002 32.899999 9.700000
    endloop
  endfacet
  facet normal -0.000000 0.000000 1.000000
    outer loop
      vertex   11.120002 16.419999 9.700000
      vertex   10.041343 30.708059 9.700000
      vertex   9.850002 30.669999 9.700000
    endloop
  endfacet
  facet normal -0.000000 0.000000 1.000000
    outer loop
      vertex   11.120002 16.419999 9.700000
      vertex   11.120002 32.899999 9.700000
      vertex   10.350002 31.169999 9.700000
    endloop
  endfacet
  facet normal 0.000000 -0.000000 1.000000
    outer loop
      vertex   11.120002 32.899999 9.700000
      vertex   8.580002 32.899999 9.700000
      vertex   9.850002 31.669999 9.700000
    endloop
  endfacet
  facet normal -0.000000 0.000000 1.000000
    outer loop
      vertex   11.120002 16.419999 9.700000
      vertex   10.203555 30.816445 9.700000
      vertex   10.041343 30.708059 9.700000
    endloop
  endfacet
  facet normal -0.000000 0.000000 1.000000
    outer loop
      vertex   10.350002 31.169999 9.700000
      vertex   10.311941 30.978657 9.700000
      vertex   11.120002 16.419999 9.700000
    endloop
  endfacet
  facet normal -0.000000 -0.000000 1.000000
    outer loop
      vertex   11.120002 32.899999 9.700000
      vertex   10.203555 31.523552 9.700000
      vertex   10.311941 31.361340 9.700000
    endloop
  endfacet
  facet normal -0.000000 -0.000000 1.000000
    outer loop
      vertex   9.850002 31.669999 9.700000
      vertex   10.041343 31.631938 9.700000
      vertex   11.120002 32.899999 9.700000
    endloop
  endfacet
  facet normal -0.000000 0.000000 1.000000
    outer loop
      vertex   10.311941 30.978657 9.700000
      vertex   10.203555 30.816445 9.700000
      vertex   11.120002 16.419999 9.700000
    endloop
  endfacet
  facet normal -0.000000 -0.000000 1.000000
    outer loop
      vertex   10.041343 31.631938 9.700000
      vertex   10.203555 31.523552 9.700000
      vertex   11.120002 32.899999 9.700000
    endloop
  endfacet
  facet normal 0.000000 -0.000000 1.000000
    outer loop
      vertex   8.580002 32.899999 9.700000
      vertex   9.496448 31.523552 9.700000
      vertex   9.658660 31.631938 9.700000
    endloop
  endfacet
  facet normal 0.000000 -0.000000 1.000000
    outer loop
      vertex   8.580002 32.899999 9.700000
      vertex   9.350002 31.169999 9.700000
      vertex   9.388062 31.361340 9.700000
    endloop
  endfacet
  facet normal 0.000000 0.000000 1.000000
    outer loop
      vertex   8.580002 16.419999 9.700000
      vertex   9.388062 30.978657 9.700000
      vertex   9.350002 31.169999 9.700000
    endloop
  endfacet
  facet normal -0.000000 -0.000000 1.000000
    outer loop
      vertex   10.311941 31.361340 9.700000
      vertex   10.350002 31.169999 9.700000
      vertex   11.120002 32.899999 9.700000
    endloop
  endfacet
  facet normal 0.000000 -0.000000 1.000000
    outer loop
      vertex   9.388062 31.361340 9.700000
      vertex   9.496448 31.523552 9.700000
      vertex   8.580002 32.899999 9.700000
    endloop
  endfacet
  facet normal 0.000000 0.000000 1.000000
    outer loop
      vertex   8.580002 16.419999 9.700000
      vertex   9.496448 30.816445 9.700000
      vertex   9.388062 30.978657 9.700000
    endloop
  endfacet
  facet normal 0.000000 0.000000 1.000000
    outer loop
      vertex   8.580002 16.419999 9.700000
      vertex   9.850002 30.669999 9.700000
      vertex   9.658660 30.708059 9.700000
    endloop
  endfacet
  facet normal 0.000000 -0.000000 1.000000
    outer loop
      vertex   9.658660 31.631938 9.700000
      vertex   9.850002 31.669999 9.700000
      vertex   8.580002 32.899999 9.700000
    endloop
  endfacet
  facet normal 0.000000 0.000000 1.000000
    outer loop
      vertex   9.658660 30.708059 9.700000
      vertex   9.496448 30.816445 9.700000
      vertex   8.580002 16.419999 9.700000
    endloop
  endfacet
  facet normal 0.000000 0.000000 1.000000
    outer loop
      vertex   9.350002 31.169999 9.700000
      vertex   8.580002 32.899999 9.700000
      vertex   8.580002 16.419999 9.700000
    endloop
  endfacet
  facet normal -0.000000 0.000000 1.000000
    outer loop
      vertex   13.660002 16.419999 9.700000
      vertex   12.581343 30.708059 9.700000
      vertex   12.390002 30.669999 9.700000
    endloop
  endfacet
  facet normal -0.000000 0.000000 1.000000
    outer loop
      vertex   13.660002 16.419999 9.700000
      vertex   13.660002 32.899999 9.700000
      vertex   12.890002 31.169999 9.700000
    endloop
  endfacet
  facet normal 0.000000 -0.000000 1.000000
    outer loop
      vertex   13.660002 32.899999 9.700000
      vertex   11.120002 32.899999 9.700000
      vertex   12.390002 31.669999 9.700000
    endloop
  endfacet
  facet normal -0.000000 0.000000 1.000000
    outer loop
      vertex   13.660002 16.419999 9.700000
      vertex   12.743555 30.816445 9.700000
      vertex   12.581343 30.708059 9.700000
    endloop
  endfacet
  facet normal -0.000000 0.000000 1.000000
    outer loop
      vertex   12.890002 31.169999 9.700000
      vertex   12.851941 30.978657 9.700000
      vertex   13.660002 16.419999 9.700000
    endloop
  endfacet
  facet normal -0.000000 -0.000000 1.000000
    outer loop
      vertex   13.660002 32.899999 9.700000
      vertex   12.743555 31.523552 9.700000
      vertex   12.851941 31.361340 9.700000
    endloop
  endfacet
  facet normal -0.000000 -0.000000 1.000000
    outer loop
      vertex   12.390002 31.669999 9.700000
      vertex   12.581343 31.631938 9.700000
      vertex   13.660002 32.899999 9.700000
    endloop
  endfacet
  facet normal -0.000000 0.000000 1.000000
    outer loop
      vertex   12.851941 30.978657 9.700000
      vertex   12.743555 30.816445 9.700000
      vertex   13.660002 16.419999 9.700000
    endloop
  endfacet
  facet normal -0.000000 -0.000000 1.000000
    outer loop
      vertex   12.581343 31.631938 9.700000
      vertex   12.743555 31.523552 9.700000
      vertex   13.660002 32.899999 9.700000
    endloop
  endfacet
  facet normal 0.000000 -0.000000 1.000000
    outer loop
      vertex   11.120002 32.899999 9.700000
      vertex   12.036448 31.523552 9.700000
      vertex   12.198660 31.631938 9.700000
    endloop
  endfacet
  facet normal 0.000000 -0.000000 1.000000
    outer loop
      vertex   11.120002 32.899999 9.700000
      vertex   11.890002 31.169999 9.700000
      vertex   11.928062 31.361340 9.700000
    endloop
  endfacet
  facet normal 0.000000 0.000000 1.000000
    outer loop
      vertex   11.120002 16.419999 9.700000
      vertex   11.928062 30.978657 9.700000
      vertex   11.890002 31.169999 9.700000
    endloop
  endfacet
  facet normal -0.000000 -0.000000 1.000000
    outer loop
      vertex   12.851941 31.361340 9.700000
      vertex   12.890002 31.169999 9.700000
      vertex   13.660002 32.899999 9.700000
    endloop
  endfacet
  facet normal 0.000000 -0.000000 1.000000
    outer loop
      vertex   11.928062 31.361340 9.700000
      vertex   12.036448 31.523552 9.700000
      vertex   11.120002 32.899999 9.700000
    endloop
  endfacet
  facet normal 0.000000 0.000000 1.000000
    outer loop
      vertex   11.120002 16.419999 9.700000
      vertex   12.036448 30.816445 9.700000
      vertex   11.928062 30.978657 9.700000
    endloop
  endfacet
  facet normal 0.000000 0.000000 1.000000
    outer loop
      vertex   11.120002 16.419999 9.700000
      vertex   12.390002 30.669999 9.700000
      vertex   12.198660 30.708059 9.700000
    endloop
  endfacet
  facet normal 0.000000 -0.000000 1.000000
    outer loop
      vertex   12.198660 31.631938 9.700000
      vertex   12.390002 31.669999 9.700000
      vertex   11.120002 32.899999 9.700000
    endloop
  endfacet
  facet normal 0.000000 0.000000 1.000000
    outer loop
      vertex   12.198660 30.708059 9.700000
      vertex   12.036448 30.816445 9.700000
      vertex   11.120002 16.419999 9.700000
    endloop
  endfacet
  facet normal 0.000000 0.000000 1.000000
    outer loop
      vertex   11.890002 31.169999 9.700000
      vertex   11.120002 32.899999 9.700000
      vertex   11.120002 16.419999 9.700000
    endloop
  endfacet
  facet normal -0.000000 0.000000 1.000000
    outer loop
      vertex   3.200002 28.699999 9.700000
      vertex   6.040002 16.419999 9.700000
      vertex   4.416448 30.816445 9.700000
    endloop
  endfacet
  facet normal 0.000000 0.000000 1.000000
    outer loop
      vertex   4.416448 31.523552 9.700000
      vertex   3.276122 32.282682 9.700000
      vertex   3.200002 31.899999 9.700000
    endloop
  endfacet
  facet normal 0.000000 0.000000 1.000000
    outer loop
      vertex   3.200002 31.899999 9.700000
      vertex   3.200002 28.699999 9.700000
      vertex   4.308062 30.978657 9.700000
    endloop
  endfacet
  facet normal 0.000000 0.000000 1.000000
    outer loop
      vertex   4.416448 30.816445 9.700000
      vertex   4.308062 30.978657 9.700000
      vertex   3.200002 28.699999 9.700000
    endloop
  endfacet
  facet normal -0.000000 0.000000 1.000000
    outer loop
      vertex   6.040002 16.419999 9.700000
      vertex   6.040002 32.899999 9.700000
      vertex   5.270002 31.169999 9.700000
    endloop
  endfacet
  facet normal 0.000000 0.000000 1.000000
    outer loop
      vertex   3.817318 32.823878 9.700000
      vertex   4.416448 31.523552 9.700000
      vertex   4.578660 31.631938 9.700000
    endloop
  endfacet
  facet normal 0.000000 0.000000 1.000000
    outer loop
      vertex   4.416448 31.523552 9.700000
      vertex   3.492895 32.607105 9.700000
      vertex   3.276122 32.282682 9.700000
    endloop
  endfacet
  facet normal -0.000000 0.000000 1.000000
    outer loop
      vertex   6.040002 16.419999 9.700000
      vertex   3.177166 28.585194 9.700000
      vertex   3.112134 28.487867 9.700000
    endloop
  endfacet
  facet normal -0.000000 0.000000 1.000000
    outer loop
      vertex   3.200002 28.699999 9.700000
      vertex   3.177166 28.585194 9.700000
      vertex   6.040002 16.419999 9.700000
    endloop
  endfacet
  facet normal -0.000000 0.000000 1.000000
    outer loop
      vertex   5.270002 31.169999 9.700000
      vertex   5.231941 30.978657 9.700000
      vertex   6.040002 16.419999 9.700000
    endloop
  endfacet
  facet normal -0.000000 -0.000000 1.000000
    outer loop
      vertex   6.040002 32.899999 9.700000
      vertex   5.123555 31.523552 9.700000
      vertex   5.231941 31.361340 9.700000
    endloop
  endfacet
  facet normal 0.000000 0.000000 1.000000
    outer loop
      vertex   4.578660 31.631938 9.700000
      vertex   4.200002 32.899999 9.700000
      vertex   3.817318 32.823878 9.700000
    endloop
  endfacet
  facet normal 0.000000 0.000000 1.000000
    outer loop
      vertex   3.200002 31.899999 9.700000
      vertex   4.270002 31.169999 9.700000
      vertex   4.308062 31.361340 9.700000
    endloop
  endfacet
  facet normal 0.000000 0.000000 1.000000
    outer loop
      vertex   4.308062 30.978657 9.700000
      vertex   4.270002 31.169999 9.700000
      vertex   3.200002 31.899999 9.700000
    endloop
  endfacet
  facet normal -0.000000 0.000000 1.000000
    outer loop
      vertex   6.040002 16.419999 9.700000
      vertex   5.123555 30.816445 9.700000
      vertex   4.961343 30.708059 9.700000
    endloop
  endfacet
  facet normal -0.000000 -0.000000 1.000000
    outer loop
      vertex   5.231941 31.361340 9.700000
      vertex   5.270002 31.169999 9.700000
      vertex   6.040002 32.899999 9.700000
    endloop
  endfacet
  facet normal -0.000000 -0.000000 1.000000
    outer loop
      vertex   6.040002 32.899999 9.700000
      vertex   4.200002 32.899999 9.700000
      vertex   4.770002 31.669999 9.700000
    endloop
  endfacet
  facet normal 0.000000 0.000000 1.000000
    outer loop
      vertex   3.817318 32.823878 9.700000
      vertex   3.492895 32.607105 9.700000
      vertex   4.416448 31.523552 9.700000
    endloop
  endfacet
  facet normal -0.000000 0.000000 1.000000
    outer loop
      vertex   3.112134 28.487867 9.700000
      vertex   3.014807 28.422835 9.700000
      vertex   6.040002 16.419999 9.700000
    endloop
  endfacet
  facet normal -0.000000 0.000000 1.000000
    outer loop
      vertex   5.231941 30.978657 9.700000
      vertex   5.123555 30.816445 9.700000
      vertex   6.040002 16.419999 9.700000
    endloop
  endfacet
  facet normal -0.000000 -0.000000 1.000000
    outer loop
      vertex   4.770002 31.669999 9.700000
      vertex   4.961343 31.631938 9.700000
      vertex   6.040002 32.899999 9.700000
    endloop
  endfacet
  facet normal 0.000000 0.000000 1.000000
    outer loop
      vertex   3.200002 31.899999 9.700000
      vertex   4.308062 31.361340 9.700000
      vertex   4.416448 31.523552 9.700000
    endloop
  endfacet
  facet normal 0.000000 0.000000 1.000000
    outer loop
      vertex   6.040002 16.419999 9.700000
      vertex   4.770002 30.669999 9.700000
      vertex   4.578660 30.708059 9.700000
    endloop
  endfacet
  facet normal 0.000000 0.000000 1.000000
    outer loop
      vertex   6.040002 16.419999 9.700000
      vertex   3.014807 28.422835 9.700000
      vertex   2.900002 28.399999 9.700000
    endloop
  endfacet
  facet normal -0.000000 -0.000000 1.000000
    outer loop
      vertex   4.961343 31.631938 9.700000
      vertex   5.123555 31.523552 9.700000
      vertex   6.040002 32.899999 9.700000
    endloop
  endfacet
  facet normal 0.000000 0.000000 1.000000
    outer loop
      vertex   4.578660 30.708059 9.700000
      vertex   4.416448 30.816445 9.700000
      vertex   6.040002 16.419999 9.700000
    endloop
  endfacet
  facet normal 0.000000 0.000000 1.000000
    outer loop
      vertex   2.900002 28.399999 9.700000
      vertex   2.735002 16.419999 9.700000
      vertex   6.040002 16.419999 9.700000
    endloop
  endfacet
  facet normal 0.000000 -0.000000 1.000000
    outer loop
      vertex   4.578660 31.631938 9.700000
      vertex   4.770002 31.669999 9.700000
      vertex   4.200002 32.899999 9.700000
    endloop
  endfacet
  facet normal -0.000000 0.000000 1.000000
    outer loop
      vertex   4.961343 30.708059 9.700000
      vertex   4.770002 30.669999 9.700000
      vertex   6.040002 16.419999 9.700000
    endloop
  endfacet
  facet normal 0.000000 0.000000 1.000000
    outer loop
      vertex   1.200002 28.399999 9.700000
      vertex   1.200002 16.419999 9.700000
      vertex   2.735002 16.419999 9.700000
    endloop
  endfacet
  facet normal 0.000000 0.000000 1.000000
    outer loop
      vertex   1.200002 16.419999 9.700000
      vertex   1.200002 4.499999 9.700000
      vertex   2.735002 4.499999 9.700000
    endloop
  endfacet
  facet normal 0.000000 -0.000000 1.000000
    outer loop
      vertex   4.770002 2.169999 9.700000
      vertex   6.040002 16.419999 9.700000
      vertex   3.177166 4.314804 9.700000
    endloop
  endfacet
  facet normal 0.000000 0.000000 1.000000
    outer loop
      vertex   4.416448 1.316445 9.700000
      vertex   4.308062 1.478657 9.700000
      vertex   3.200002 0.999999 9.700000
    endloop
  endfacet
  facet normal -0.000000 0.000000 1.000000
    outer loop
      vertex   6.040002 0.584999 9.700000
      vertex   6.040002 16.419999 9.700000
      vertex   5.231941 1.861340 9.700000
    endloop
  endfacet
  facet normal 0.000000 0.000000 1.000000
    outer loop
      vertex   6.040002 16.419999 9.700000
      vertex   3.112134 4.412131 9.700000
      vertex   3.177166 4.314804 9.700000
    endloop
  endfacet
  facet normal -0.000000 -0.000000 1.000000
    outer loop
      vertex   4.416448 2.023552 9.700000
      vertex   3.177166 4.314804 9.700000
      vertex   3.200002 4.199999 9.700000
    endloop
  endfacet
  facet normal 0.000000 0.000000 1.000000
    outer loop
      vertex   3.200002 0.999999 9.700000
      vertex   4.270002 1.669999 9.700000
      vertex   4.308062 1.861340 9.700000
    endloop
  endfacet
  facet normal -0.000000 0.000000 1.000000
    outer loop
      vertex   3.200002 0.999999 9.700000
      vertex   3.276122 0.617315 9.700000
      vertex   4.416448 1.316445 9.700000
    endloop
  endfacet
  facet normal -0.000000 0.000000 1.000000
    outer loop
      vertex   6.040002 0.584999 9.700000
      vertex   5.270002 1.669999 9.700000
      vertex   5.231941 1.478657 9.700000
    endloop
  endfacet
  facet normal -0.000000 -0.000000 1.000000
    outer loop
      vertex   6.040002 16.419999 9.700000
      vertex   5.123555 2.023552 9.700000
      vertex   5.231941 1.861340 9.700000
    endloop
  endfacet
  facet normal 0.000000 -0.000000 1.000000
    outer loop
      vertex   3.177166 4.314804 9.700000
      vertex   4.416448 2.023552 9.700000
      vertex   4.578660 2.131938 9.700000
    endloop
  endfacet
  facet normal 0.000000 0.000000 1.000000
    outer loop
      vertex   4.308062 1.861340 9.700000
      vertex   3.200002 4.199999 9.700000
      vertex   3.200002 0.999999 9.700000
    endloop
  endfacet
  facet normal -0.000000 0.000000 1.000000
    outer loop
      vertex   3.276122 0.617315 9.700000
      vertex   3.297715 0.584999 9.700000
      vertex   4.416448 1.316445 9.700000
    endloop
  endfacet
  facet normal -0.000000 0.000000 1.000000
    outer loop
      vertex   6.040002 0.584999 9.700000
      vertex   5.123555 1.316445 9.700000
      vertex   4.961343 1.208059 9.700000
    endloop
  endfacet
  facet normal -0.000000 -0.000000 1.000000
    outer loop
      vertex   5.231941 1.861340 9.700000
      vertex   5.270002 1.669999 9.700000
      vertex   6.040002 0.584999 9.700000
    endloop
  endfacet
  facet normal 0.000000 0.000000 1.000000
    outer loop
      vertex   6.040002 16.419999 9.700000
      vertex   3.014807 4.477162 9.700000
      vertex   3.112134 4.412131 9.700000
    endloop
  endfacet
  facet normal 0.000000 0.000000 1.000000
    outer loop
      vertex   4.308062 1.478657 9.700000
      vertex   4.270002 1.669999 9.700000
      vertex   3.200002 0.999999 9.700000
    endloop
  endfacet
  facet normal -0.000000 0.000000 1.000000
    outer loop
      vertex   3.297715 0.584999 9.700000
      vertex   6.040002 0.584999 9.700000
      vertex   4.770002 1.169999 9.700000
    endloop
  endfacet
  facet normal -0.000000 0.000000 1.000000
    outer loop
      vertex   5.231941 1.478657 9.700000
      vertex   5.123555 1.316445 9.700000
      vertex   6.040002 0.584999 9.700000
    endloop
  endfacet
  facet normal -0.000000 -0.000000 1.000000
    outer loop
      vertex   6.040002 16.419999 9.700000
      vertex   4.770002 2.169999 9.700000
      vertex   4.961343 2.131938 9.700000
    endloop
  endfacet
  facet normal 0.000000 0.000000 1.000000
    outer loop
      vertex   3.200002 4.199999 9.700000
      vertex   4.308062 1.861340 9.700000
      vertex   4.416448 2.023552 9.700000
    endloop
  endfacet
  facet normal 0.000000 0.000000 1.000000
    outer loop
      vertex   4.770002 1.169999 9.700000
      vertex   4.578660 1.208059 9.700000
      vertex   3.297715 0.584999 9.700000
    endloop
  endfacet
  facet normal -0.000000 -0.000000 1.000000
    outer loop
      vertex   4.961343 2.131938 9.700000
      vertex   5.123555 2.023552 9.700000
      vertex   6.040002 16.419999 9.700000
    endloop
  endfacet
  facet normal 0.000000 0.000000 1.000000
    outer loop
      vertex   4.578660 1.208059 9.700000
      vertex   4.416448 1.316445 9.700000
      vertex   3.297715 0.584999 9.700000
    endloop
  endfacet
  facet normal 0.000000 0.000000 1.000000
    outer loop
      vertex   6.040002 16.419999 9.700000
      vertex   2.735002 16.419999 9.700000
      vertex   2.900002 4.499999 9.700000
    endloop
  endfacet
  facet normal 0.000000 -0.000000 1.000000
    outer loop
      vertex   3.177166 4.314804 9.700000
      vertex   4.578660 2.131938 9.700000
      vertex   4.770002 2.169999 9.700000
    endloop
  endfacet
  facet normal 0.000000 0.000000 1.000000
    outer loop
      vertex   2.735002 16.419999 9.700000
      vertex   2.735002 4.499999 9.700000
      vertex   2.900002 4.499999 9.700000
    endloop
  endfacet
  facet normal -0.000000 0.000000 1.000000
    outer loop
      vertex   2.900002 4.499999 9.700000
      vertex   3.014807 4.477162 9.700000
      vertex   6.040002 16.419999 9.700000
    endloop
  endfacet
  facet normal 0.000000 -0.000000 1.000000
    outer loop
      vertex   6.040002 0.584999 9.700000
      vertex   3.297715 0.584999 9.700000
      vertex   4.200002 -0.000001 9.700000
    endloop
  endfacet
  facet normal -0.000000 -0.000000 1.000000
    outer loop
      vertex   4.200002 -0.000001 9.700000
      vertex   3.297715 0.584999 9.700000
      vertex   3.492895 0.292892 9.700000
    endloop
  endfacet
  facet normal 0.000000 0.000000 1.000000
    outer loop
      vertex   3.492895 0.292892 9.700000
      vertex   3.817318 0.076119 9.700000
      vertex   4.200002 -0.000001 9.700000
    endloop
  endfacet
  facet normal 0.000000 -0.000000 1.000000
    outer loop
      vertex   16.402288 0.584999 9.700000
      vertex   15.500002 -0.000001 9.700000
      vertex   15.882685 0.076119 9.700000
    endloop
  endfacet
  facet normal 0.000000 0.000000 1.000000
    outer loop
      vertex   13.660002 0.584999 9.700000
      vertex   13.660002 -0.000001 9.700000
      vertex   15.500002 -0.000001 9.700000
    endloop
  endfacet
  facet normal 0.000000 -0.000000 1.000000
    outer loop
      vertex   15.500002 -0.000001 9.700000
      vertex   16.402288 0.584999 9.700000
      vertex   13.660002 0.584999 9.700000
    endloop
  endfacet
  facet normal 0.000000 0.000000 1.000000
    outer loop
      vertex   15.283555 1.316445 9.700000
      vertex   16.423881 0.617315 9.700000
      vertex   16.500002 0.999999 9.700000
    endloop
  endfacet
  facet normal 0.000000 -0.000000 1.000000
    outer loop
      vertex   18.500002 16.419999 9.700000
      vertex   13.660002 16.419999 9.700000
      vertex   16.800002 4.499999 9.700000
    endloop
  endfacet
  facet normal 0.000000 -0.000000 1.000000
    outer loop
      vertex   16.500002 0.999999 9.700000
      vertex   16.500002 4.199999 9.700000
      vertex   15.391941 1.861340 9.700000
    endloop
  endfacet
  facet normal -0.000000 0.000000 1.000000
    outer loop
      vertex   15.121343 2.131938 9.700000
      vertex   15.283555 2.023552 9.700000
      vertex   16.500002 4.199999 9.700000
    endloop
  endfacet
  facet normal -0.000000 0.000000 1.000000
    outer loop
      vertex   14.930002 2.169999 9.700000
      vertex   15.121343 2.131938 9.700000
      vertex   16.522838 4.314804 9.700000
    endloop
  endfacet
  facet normal -0.000000 0.000000 1.000000
    outer loop
      vertex   16.402288 0.584999 9.700000
      vertex   15.121343 1.208059 9.700000
      vertex   14.930002 1.169999 9.700000
    endloop
  endfacet
  facet normal 0.000000 0.000000 1.000000
    outer loop
      vertex   15.283555 1.316445 9.700000
      vertex   16.402288 0.584999 9.700000
      vertex   16.423881 0.617315 9.700000
    endloop
  endfacet
  facet normal 0.000000 0.000000 1.000000
    outer loop
      vertex   13.660002 16.419999 9.700000
      vertex   16.685197 4.477162 9.700000
      vertex   16.800002 4.499999 9.700000
    endloop
  endfacet
  facet normal 0.000000 -0.000000 1.000000
    outer loop
      vertex   13.660002 16.419999 9.700000
      vertex   16.522838 4.314804 9.700000
      vertex   16.587870 4.412131 9.700000
    endloop
  endfacet
  facet normal 0.000000 0.000000 1.000000
    outer loop
      vertex   16.500002 4.199999 9.700000
      vertex   15.283555 2.023552 9.700000
      vertex   15.391941 1.861340 9.700000
    endloop
  endfacet
  facet normal 0.000000 -0.000000 1.000000
    outer loop
      vertex   16.522838 4.314804 9.700000
      vertex   13.660002 16.419999 9.700000
      vertex   14.930002 2.169999 9.700000
    endloop
  endfacet
  facet normal -0.000000 0.000000 1.000000
    outer loop
      vertex   16.402288 0.584999 9.700000
      vertex   15.283555 1.316445 9.700000
      vertex   15.121343 1.208059 9.700000
    endloop
  endfacet
  facet normal 0.000000 0.000000 1.000000
    outer loop
      vertex   16.500002 0.999999 9.700000
      vertex   15.430002 1.669999 9.700000
      vertex   15.391941 1.478657 9.700000
    endloop
  endfacet
  facet normal 0.000000 -0.000000 1.000000
    outer loop
      vertex   16.587870 4.412131 9.700000
      vertex   16.685197 4.477162 9.700000
      vertex   13.660002 16.419999 9.700000
    endloop
  endfacet
  facet normal 0.000000 -0.000000 1.000000
    outer loop
      vertex   16.500002 4.199999 9.700000
      vertex   16.522838 4.314804 9.700000
      vertex   15.121343 2.131938 9.700000
    endloop
  endfacet
  facet normal 0.000000 -0.000000 1.000000
    outer loop
      vertex   13.660002 0.584999 9.700000
      vertex   14.430002 1.669999 9.700000
      vertex   14.468062 1.861340 9.700000
    endloop
  endfacet
  facet normal 0.000000 0.000000 1.000000
    outer loop
      vertex   16.500002 0.999999 9.700000
      vertex   15.391941 1.478657 9.700000
      vertex   15.283555 1.316445 9.700000
    endloop
  endfacet
  facet normal 0.000000 0.000000 1.000000
    outer loop
      vertex   15.391941 1.861340 9.700000
      vertex   15.430002 1.669999 9.700000
      vertex   16.500002 0.999999 9.700000
    endloop
  endfacet
  facet normal 0.000000 -0.000000 1.000000
    outer loop
      vertex   13.660002 16.419999 9.700000
      vertex   14.576448 2.023552 9.700000
      vertex   14.738660 2.131938 9.700000
    endloop
  endfacet
  facet normal 0.000000 -0.000000 1.000000
    outer loop
      vertex   14.468062 1.861340 9.700000
      vertex   13.660002 16.419999 9.700000
      vertex   13.660002 0.584999 9.700000
    endloop
  endfacet
  facet normal 0.000000 -0.000000 1.000000
    outer loop
      vertex   16.800002 4.499999 9.700000
      vertex   18.500002 4.499999 9.700000
      vertex   18.500002 16.419999 9.700000
    endloop
  endfacet
  facet normal 0.000000 -0.000000 1.000000
    outer loop
      vertex   14.468062 1.861340 9.700000
      vertex   14.576448 2.023552 9.700000
      vertex   13.660002 16.419999 9.700000
    endloop
  endfacet
  facet normal 0.000000 0.000000 1.000000
    outer loop
      vertex   13.660002 0.584999 9.700000
      vertex   14.576448 1.316445 9.700000
      vertex   14.468062 1.478657 9.700000
    endloop
  endfacet
  facet normal 0.000000 0.000000 1.000000
    outer loop
      vertex   13.660002 0.584999 9.700000
      vertex   14.930002 1.169999 9.700000
      vertex   14.738660 1.208059 9.700000
    endloop
  endfacet
  facet normal 0.000000 -0.000000 1.000000
    outer loop
      vertex   14.738660 2.131938 9.700000
      vertex   14.930002 2.169999 9.700000
      vertex   13.660002 16.419999 9.700000
    endloop
  endfacet
  facet normal 0.000000 0.000000 1.000000
    outer loop
      vertex   14.738660 1.208059 9.700000
      vertex   14.576448 1.316445 9.700000
      vertex   13.660002 0.584999 9.700000
    endloop
  endfacet
  facet normal 0.000000 0.000000 1.000000
    outer loop
      vertex   14.468062 1.478657 9.700000
      vertex   14.430002 1.669999 9.700000
      vertex   13.660002 0.584999 9.700000
    endloop
  endfacet
  facet normal 0.000000 0.000000 1.000000
    outer loop
      vertex   16.423881 32.282682 9.700000
      vertex   16.207109 32.607105 9.700000
      vertex   15.882685 32.823878 9.700000
    endloop
  endfacet
  facet normal 0.000000 0.000000 1.000000
    outer loop
      vertex   15.500002 32.899999 9.700000
      vertex   16.500002 31.899999 9.700000
      vertex   16.423881 32.282682 9.700000
    endloop
  endfacet
  facet normal 0.000000 0.000000 1.000000
    outer loop
      vertex   15.882685 32.823878 9.700000
      vertex   15.500002 32.899999 9.700000
      vertex   16.423881 32.282682 9.700000
    endloop
  endfacet
  facet normal 0.000000 0.000000 1.000000
    outer loop
      vertex   13.660002 32.899999 9.700000
      vertex   16.500002 28.699999 9.700000
      vertex   16.500002 31.899999 9.700000
    endloop
  endfacet
  facet normal 0.000000 -0.000000 1.000000
    outer loop
      vertex   13.660002 16.419999 9.700000
      vertex   16.522838 28.585194 9.700000
      vertex   16.500002 28.699999 9.700000
    endloop
  endfacet
  facet normal 0.000000 0.000000 1.000000
    outer loop
      vertex   16.500002 28.699999 9.700000
      vertex   13.660002 32.899999 9.700000
      vertex   13.660002 16.419999 9.700000
    endloop
  endfacet
  facet normal 0.000000 0.000000 1.000000
    outer loop
      vertex   13.660002 16.419999 9.700000
      vertex   16.685197 28.422835 9.700000
      vertex   16.587870 28.487867 9.700000
    endloop
  endfacet
  facet normal -0.000000 0.000000 1.000000
    outer loop
      vertex   18.500002 16.419999 9.700000
      vertex   18.500002 28.399999 9.700000
      vertex   16.800002 28.399999 9.700000
    endloop
  endfacet
  facet normal 0.000000 0.000000 1.000000
    outer loop
      vertex   16.587870 28.487867 9.700000
      vertex   16.522838 28.585194 9.700000
      vertex   13.660002 16.419999 9.700000
    endloop
  endfacet
  facet normal -0.000000 0.000000 1.000000
    outer loop
      vertex   16.800002 28.399999 9.700000
      vertex   13.660002 16.419999 9.700000
      vertex   18.500002 16.419999 9.700000
    endloop
  endfacet
  facet normal 0.000000 0.000000 1.000000
    outer loop
      vertex   16.800002 28.399999 9.700000
      vertex   16.685197 28.422835 9.700000
      vertex   13.660002 16.419999 9.700000
    endloop
  endfacet
  facet normal 0.000000 0.000000 1.000000
    outer loop
      vertex   15.500002 32.899999 9.700000
      vertex   13.660002 32.899999 9.700000
      vertex   16.500002 31.899999 9.700000
    endloop
  endfacet
  facet normal 0.000000 0.000000 1.000000
    outer loop
      vertex   14.930002 1.169999 9.700000
      vertex   13.660002 0.584999 9.700000
      vertex   16.402288 0.584999 9.700000
    endloop
  endfacet
  facet normal 0.000000 -0.000000 1.000000
    outer loop
      vertex   15.882685 0.076119 9.700000
      vertex   16.207109 0.292892 9.700000
      vertex   16.402288 0.584999 9.700000
    endloop
  endfacet
  facet normal -0.000000 0.000000 1.000000
    outer loop
      vertex   4.200002 -0.000001 9.700000
      vertex   6.040002 -0.000001 9.700000
      vertex   6.040002 0.584999 9.700000
    endloop
  endfacet
  facet normal -0.000000 0.000000 1.000000
    outer loop
      vertex   4.961343 1.208059 9.700000
      vertex   4.770002 1.169999 9.700000
      vertex   6.040002 0.584999 9.700000
    endloop
  endfacet
  facet normal 0.000000 -0.000000 1.000000
    outer loop
      vertex   2.735002 4.499999 9.700000
      vertex   2.735002 16.419999 9.700000
      vertex   1.200002 16.419999 9.700000
    endloop
  endfacet
  facet normal 0.000000 -0.000000 1.000000
    outer loop
      vertex   2.735002 16.419999 9.700000
      vertex   2.735002 28.399999 9.700000
      vertex   1.200002 28.399999 9.700000
    endloop
  endfacet
  facet normal 0.000000 0.000000 1.000000
    outer loop
      vertex   2.900002 28.399999 9.700000
      vertex   2.735002 28.399999 9.700000
      vertex   2.735002 16.419999 9.700000
    endloop
  endfacet
  facet normal 0.000000 0.000000 1.000000
    outer loop
      vertex   12.390002 30.669999 9.700000
      vertex   11.120002 16.419999 9.700000
      vertex   13.660002 16.419999 9.700000
    endloop
  endfacet
  facet normal 0.000000 0.000000 1.000000
    outer loop
      vertex   9.850002 30.669999 9.700000
      vertex   8.580002 16.419999 9.700000
      vertex   11.120002 16.419999 9.700000
    endloop
  endfacet
  facet normal -0.000000 0.000000 1.000000
    outer loop
      vertex   7.501343 30.708059 9.700000
      vertex   7.310002 30.669999 9.700000
      vertex   8.580002 16.419999 9.700000
    endloop
  endfacet
  facet normal 0.000000 0.000000 1.000000
    outer loop
      vertex   12.390002 1.169999 9.700000
      vertex   11.120002 0.584999 9.700000
      vertex   13.660002 0.584999 9.700000
    endloop
  endfacet
  facet normal 0.000000 0.000000 1.000000
    outer loop
      vertex   9.850002 1.169999 9.700000
      vertex   8.580002 0.584999 9.700000
      vertex   11.120002 0.584999 9.700000
    endloop
  endfacet
  facet normal -0.000000 0.000000 1.000000
    outer loop
      vertex   7.501343 1.208059 9.700000
      vertex   7.310002 1.169999 9.700000
      vertex   8.580002 0.584999 9.700000
    endloop
  endfacet
  facet normal 0.000000 -0.000000 1.000000
    outer loop
      vertex   13.660002 -0.000001 9.700000
      vertex   13.660002 0.584999 9.700000
      vertex   11.120002 0.584999 9.700000
    endloop
  endfacet
  facet normal 0.000000 -0.000000 1.000000
    outer loop
      vertex   11.120002 -0.000001 9.700000
      vertex   11.120002 0.584999 9.700000
      vertex   8.580002 0.584999 9.700000
    endloop
  endfacet
  facet normal 0.000000 -0.000000 1.000000
    outer loop
      vertex   8.580002 -0.000001 9.700000
      vertex   8.580002 0.584999 9.700000
      vertex   6.040002 0.584999 9.700000
    endloop
  endfacet
  facet normal 0.000000 -0.000000 -1.000000
    outer loop
      vertex   13.660002 0.584999 8.500000
      vertex   13.660002 -0.000001 8.500000
      vertex   11.120002 -0.000001 8.500000
    endloop
  endfacet
  facet normal 0.000000 0.000000 -1.000000
    outer loop
      vertex   11.120002 0.584999 8.500000
      vertex   11.120002 -0.000001 8.500000
      vertex   8.580002 -0.000001 8.500000
    endloop
  endfacet
  facet normal 0.000000 0.000000 -1.000000
    outer loop
      vertex   8.580002 0.584999 8.500000
      vertex   8.580002 -0.000001 8.500000
      vertex   6.040002 -0.000001 8.500000
    endloop
  endfacet
  facet normal -0.000000 -0.000000 -1.000000
    outer loop
      vertex   13.660002 0.584999 8.500000
      vertex   11.120002 0.584999 8.500000
      vertex   12.390002 1.169999 8.500000
    endloop
  endfacet
  facet normal 0.000000 -0.000000 -1.000000
    outer loop
      vertex   13.660002 0.584999 8.500000
      vertex   12.743555 1.316445 8.500000
      vertex   12.851941 1.478657 8.500000
    endloop
  endfacet
  facet normal 0.000000 -0.000000 -1.000000
    outer loop
      vertex   12.390002 1.169999 8.500000
      vertex   12.581343 1.208059 8.500000
      vertex   13.660002 0.584999 8.500000
    endloop
  endfacet
  facet normal -0.000000 -0.000000 -1.000000
    outer loop
      vertex   11.120002 0.584999 8.500000
      vertex   12.036448 1.316445 8.500000
      vertex   12.198660 1.208059 8.500000
    endloop
  endfacet
  facet normal -0.000000 -0.000000 -1.000000
    outer loop
      vertex   11.120002 0.584999 8.500000
      vertex   11.890002 1.669999 8.500000
      vertex   11.928062 1.478657 8.500000
    endloop
  endfacet
  facet normal -0.000000 0.000000 -1.000000
    outer loop
      vertex   11.120002 0.584999 8.500000
      vertex   11.120002 16.419999 8.500000
      vertex   11.928062 1.861340 8.500000
    endloop
  endfacet
  facet normal 0.000000 0.000000 -1.000000
    outer loop
      vertex   13.660002 16.419999 8.500000
      vertex   12.581343 2.131938 8.500000
      vertex   12.390002 2.169999 8.500000
    endloop
  endfacet
  facet normal 0.000000 0.000000 -1.000000
    outer loop
      vertex   13.660002 0.584999 8.500000
      vertex   12.890002 1.669999 8.500000
      vertex   12.851941 1.861340 8.500000
    endloop
  endfacet
  facet normal 0.000000 -0.000000 -1.000000
    outer loop
      vertex   12.581343 1.208059 8.500000
      vertex   12.743555 1.316445 8.500000
      vertex   13.660002 0.584999 8.500000
    endloop
  endfacet
  facet normal -0.000000 -0.000000 -1.000000
    outer loop
      vertex   11.928062 1.478657 8.500000
      vertex   12.036448 1.316445 8.500000
      vertex   11.120002 0.584999 8.500000
    endloop
  endfacet
  facet normal -0.000000 0.000000 -1.000000
    outer loop
      vertex   11.120002 16.419999 8.500000
      vertex   12.036448 2.023552 8.500000
      vertex   11.928062 1.861340 8.500000
    endloop
  endfacet
  facet normal -0.000000 0.000000 -1.000000
    outer loop
      vertex   11.120002 16.419999 8.500000
      vertex   12.390002 2.169999 8.500000
      vertex   12.198660 2.131938 8.500000
    endloop
  endfacet
  facet normal 0.000000 0.000000 -1.000000
    outer loop
      vertex   13.660002 16.419999 8.500000
      vertex   12.743555 2.023552 8.500000
      vertex   12.581343 2.131938 8.500000
    endloop
  endfacet
  facet normal 0.000000 0.000000 -1.000000
    outer loop
      vertex   12.851941 1.861340 8.500000
      vertex   13.660002 16.419999 8.500000
      vertex   13.660002 0.584999 8.500000
    endloop
  endfacet
  facet normal -0.000000 -0.000000 -1.000000
    outer loop
      vertex   12.198660 1.208059 8.500000
      vertex   12.390002 1.169999 8.500000
      vertex   11.120002 0.584999 8.500000
    endloop
  endfacet
  facet normal -0.000000 0.000000 -1.000000
    outer loop
      vertex   12.198660 2.131938 8.500000
      vertex   12.036448 2.023552 8.500000
      vertex   11.120002 16.419999 8.500000
    endloop
  endfacet
  facet normal 0.000000 0.000000 -1.000000
    outer loop
      vertex   12.851941 1.861340 8.500000
      vertex   12.743555 2.023552 8.500000
      vertex   13.660002 16.419999 8.500000
    endloop
  endfacet
  facet normal -0.000000 0.000000 -1.000000
    outer loop
      vertex   11.928062 1.861340 8.500000
      vertex   11.890002 1.669999 8.500000
      vertex   11.120002 0.584999 8.500000
    endloop
  endfacet
  facet normal 0.000000 -0.000000 -1.000000
    outer loop
      vertex   12.851941 1.478657 8.500000
      vertex   12.890002 1.669999 8.500000
      vertex   13.660002 0.584999 8.500000
    endloop
  endfacet
  facet normal -0.000000 -0.000000 -1.000000
    outer loop
      vertex   11.120002 0.584999 8.500000
      vertex   8.580002 0.584999 8.500000
      vertex   9.850002 1.169999 8.500000
    endloop
  endfacet
  facet normal 0.000000 -0.000000 -1.000000
    outer loop
      vertex   11.120002 0.584999 8.500000
      vertex   10.203555 1.316445 8.500000
      vertex   10.311941 1.478657 8.500000
    endloop
  endfacet
  facet normal 0.000000 -0.000000 -1.000000
    outer loop
      vertex   9.850002 1.169999 8.500000
      vertex   10.041343 1.208059 8.500000
      vertex   11.120002 0.584999 8.500000
    endloop
  endfacet
  facet normal -0.000000 -0.000000 -1.000000
    outer loop
      vertex   8.580002 0.584999 8.500000
      vertex   9.496448 1.316445 8.500000
      vertex   9.658660 1.208059 8.500000
    endloop
  endfacet
  facet normal -0.000000 -0.000000 -1.000000
    outer loop
      vertex   8.580002 0.584999 8.500000
      vertex   9.350002 1.669999 8.500000
      vertex   9.388062 1.478657 8.500000
    endloop
  endfacet
  facet normal -0.000000 0.000000 -1.000000
    outer loop
      vertex   8.580002 0.584999 8.500000
      vertex   8.580002 16.419999 8.500000
      vertex   9.388062 1.861340 8.500000
    endloop
  endfacet
  facet normal 0.000000 0.000000 -1.000000
    outer loop
      vertex   11.120002 16.419999 8.500000
      vertex   10.041343 2.131938 8.500000
      vertex   9.850002 2.169999 8.500000
    endloop
  endfacet
  facet normal 0.000000 0.000000 -1.000000
    outer loop
      vertex   11.120002 0.584999 8.500000
      vertex   10.350002 1.669999 8.500000
      vertex   10.311941 1.861340 8.500000
    endloop
  endfacet
  facet normal 0.000000 -0.000000 -1.000000
    outer loop
      vertex   10.041343 1.208059 8.500000
      vertex   10.203555 1.316445 8.500000
      vertex   11.120002 0.584999 8.500000
    endloop
  endfacet
  facet normal -0.000000 -0.000000 -1.000000
    outer loop
      vertex   9.388062 1.478657 8.500000
      vertex   9.496448 1.316445 8.500000
      vertex   8.580002 0.584999 8.500000
    endloop
  endfacet
  facet normal -0.000000 0.000000 -1.000000
    outer loop
      vertex   8.580002 16.419999 8.500000
      vertex   9.496448 2.023552 8.500000
      vertex   9.388062 1.861340 8.500000
    endloop
  endfacet
  facet normal -0.000000 0.000000 -1.000000
    outer loop
      vertex   8.580002 16.419999 8.500000
      vertex   9.850002 2.169999 8.500000
      vertex   9.658660 2.131938 8.500000
    endloop
  endfacet
  facet normal 0.000000 0.000000 -1.000000
    outer loop
      vertex   11.120002 16.419999 8.500000
      vertex   10.203555 2.023552 8.500000
      vertex   10.041343 2.131938 8.500000
    endloop
  endfacet
  facet normal 0.000000 0.000000 -1.000000
    outer loop
      vertex   10.311941 1.861340 8.500000
      vertex   11.120002 16.419999 8.500000
      vertex   11.120002 0.584999 8.500000
    endloop
  endfacet
  facet normal -0.000000 -0.000000 -1.000000
    outer loop
      vertex   9.658660 1.208059 8.500000
      vertex   9.850002 1.169999 8.500000
      vertex   8.580002 0.584999 8.500000
    endloop
  endfacet
  facet normal -0.000000 0.000000 -1.000000
    outer loop
      vertex   9.658660 2.131938 8.500000
      vertex   9.496448 2.023552 8.500000
      vertex   8.580002 16.419999 8.500000
    endloop
  endfacet
  facet normal 0.000000 0.000000 -1.000000
    outer loop
      vertex   10.311941 1.861340 8.500000
      vertex   10.203555 2.023552 8.500000
      vertex   11.120002 16.419999 8.500000
    endloop
  endfacet
  facet normal -0.000000 0.000000 -1.000000
    outer loop
      vertex   9.388062 1.861340 8.500000
      vertex   9.350002 1.669999 8.500000
      vertex   8.580002 0.584999 8.500000
    endloop
  endfacet
  facet normal 0.000000 -0.000000 -1.000000
    outer loop
      vertex   10.311941 1.478657 8.500000
      vertex   10.350002 1.669999 8.500000
      vertex   11.120002 0.584999 8.500000
    endloop
  endfacet
  facet normal -0.000000 0.000000 -1.000000
    outer loop
      vertex   6.040002 0.584999 8.500000
      vertex   6.040002 16.419999 8.500000
      vertex   6.848062 1.861340 8.500000
    endloop
  endfacet
  facet normal -0.000000 -0.000000 -1.000000
    outer loop
      vertex   6.040002 0.584999 8.500000
      vertex   6.810002 1.669999 8.500000
      vertex   6.848062 1.478657 8.500000
    endloop
  endfacet
  facet normal -0.000000 0.000000 -1.000000
    outer loop
      vertex   6.040002 16.419999 8.500000
      vertex   6.956448 2.023552 8.500000
      vertex   6.848062 1.861340 8.500000
    endloop
  endfacet
  facet normal -0.000000 -0.000000 -1.000000
    outer loop
      vertex   8.580002 0.584999 8.500000
      vertex   6.040002 0.584999 8.500000
      vertex   7.310002 1.169999 8.500000
    endloop
  endfacet
  facet normal -0.000000 -0.000000 -1.000000
    outer loop
      vertex   6.040002 0.584999 8.500000
      vertex   6.956448 1.316445 8.500000
      vertex   7.118660 1.208059 8.500000
    endloop
  endfacet
  facet normal -0.000000 0.000000 -1.000000
    outer loop
      vertex   6.848062 1.861340 8.500000
      vertex   6.810002 1.669999 8.500000
      vertex   6.040002 0.584999 8.500000
    endloop
  endfacet
  facet normal 0.000000 0.000000 -1.000000
    outer loop
      vertex   8.580002 16.419999 8.500000
      vertex   7.501343 2.131938 8.500000
      vertex   7.310002 2.169999 8.500000
    endloop
  endfacet
  facet normal 0.000000 0.000000 -1.000000
    outer loop
      vertex   8.580002 0.584999 8.500000
      vertex   7.810002 1.669999 8.500000
      vertex   7.771941 1.861340 8.500000
    endloop
  endfacet
  facet normal 0.000000 -0.000000 -1.000000
    outer loop
      vertex   8.580002 0.584999 8.500000
      vertex   7.663555 1.316445 8.500000
      vertex   7.771941 1.478657 8.500000
    endloop
  endfacet
  facet normal 0.000000 -0.000000 -1.000000
    outer loop
      vertex   7.310002 1.169999 8.500000
      vertex   7.501343 1.208059 8.500000
      vertex   8.580002 0.584999 8.500000
    endloop
  endfacet
  facet normal -0.000000 -0.000000 -1.000000
    outer loop
      vertex   6.848062 1.478657 8.500000
      vertex   6.956448 1.316445 8.500000
      vertex   6.040002 0.584999 8.500000
    endloop
  endfacet
  facet normal -0.000000 0.000000 -1.000000
    outer loop
      vertex   6.040002 16.419999 8.500000
      vertex   7.310002 2.169999 8.500000
      vertex   7.118660 2.131938 8.500000
    endloop
  endfacet
  facet normal 0.000000 0.000000 -1.000000
    outer loop
      vertex   8.580002 16.419999 8.500000
      vertex   7.663555 2.023552 8.500000
      vertex   7.501343 2.131938 8.500000
    endloop
  endfacet
  facet normal 0.000000 0.000000 -1.000000
    outer loop
      vertex   7.771941 1.861340 8.500000
      vertex   8.580002 16.419999 8.500000
      vertex   8.580002 0.584999 8.500000
    endloop
  endfacet
  facet normal 0.000000 -0.000000 -1.000000
    outer loop
      vertex   7.501343 1.208059 8.500000
      vertex   7.663555 1.316445 8.500000
      vertex   8.580002 0.584999 8.500000
    endloop
  endfacet
  facet normal -0.000000 0.000000 -1.000000
    outer loop
      vertex   7.118660 2.131938 8.500000
      vertex   6.956448 2.023552 8.500000
      vertex   6.040002 16.419999 8.500000
    endloop
  endfacet
  facet normal 0.000000 0.000000 -1.000000
    outer loop
      vertex   7.771941 1.861340 8.500000
      vertex   7.663555 2.023552 8.500000
      vertex   8.580002 16.419999 8.500000
    endloop
  endfacet
  facet normal -0.000000 -0.000000 -1.000000
    outer loop
      vertex   7.118660 1.208059 8.500000
      vertex   7.310002 1.169999 8.500000
      vertex   6.040002 0.584999 8.500000
    endloop
  endfacet
  facet normal 0.000000 -0.000000 -1.000000
    outer loop
      vertex   7.771941 1.478657 8.500000
      vertex   7.810002 1.669999 8.500000
      vertex   8.580002 0.584999 8.500000
    endloop
  endfacet
  facet normal 0.000000 -0.000000 -1.000000
    outer loop
      vertex   13.660002 16.419999 8.500000
      vertex   12.851941 30.978657 8.500000
      vertex   12.890002 31.169999 8.500000
    endloop
  endfacet
  facet normal -0.000000 -0.000000 -1.000000
    outer loop
      vertex   13.660002 16.419999 8.500000
      vertex   11.120002 16.419999 8.500000
      vertex   12.390002 30.669999 8.500000
    endloop
  endfacet
  facet normal -0.000000 -0.000000 -1.000000
    outer loop
      vertex   11.120002 16.419999 8.500000
      vertex   11.120002 32.899999 8.500000
      vertex   11.890002 31.169999 8.500000
    endloop
  endfacet
  facet normal 0.000000 -0.000000 -1.000000
    outer loop
      vertex   13.660002 16.419999 8.500000
      vertex   12.743555 30.816445 8.500000
      vertex   12.851941 30.978657 8.500000
    endloop
  endfacet
  facet normal 0.000000 -0.000000 -1.000000
    outer loop
      vertex   12.390002 30.669999 8.500000
      vertex   12.581343 30.708059 8.500000
      vertex   13.660002 16.419999 8.500000
    endloop
  endfacet
  facet normal -0.000000 -0.000000 -1.000000
    outer loop
      vertex   11.120002 16.419999 8.500000
      vertex   12.036448 30.816445 8.500000
      vertex   12.198660 30.708059 8.500000
    endloop
  endfacet
  facet normal -0.000000 -0.000000 -1.000000
    outer loop
      vertex   11.890002 31.169999 8.500000
      vertex   11.928062 30.978657 8.500000
      vertex   11.120002 16.419999 8.500000
    endloop
  endfacet
  facet normal 0.000000 0.000000 -1.000000
    outer loop
      vertex   13.660002 32.899999 8.500000
      vertex   12.581343 31.631938 8.500000
      vertex   12.390002 31.669999 8.500000
    endloop
  endfacet
  facet normal 0.000000 -0.000000 -1.000000
    outer loop
      vertex   12.581343 30.708059 8.500000
      vertex   12.743555 30.816445 8.500000
      vertex   13.660002 16.419999 8.500000
    endloop
  endfacet
  facet normal -0.000000 -0.000000 -1.000000
    outer loop
      vertex   11.928062 30.978657 8.500000
      vertex   12.036448 30.816445 8.500000
      vertex   11.120002 16.419999 8.500000
    endloop
  endfacet
  facet normal -0.000000 0.000000 -1.000000
    outer loop
      vertex   11.120002 32.899999 8.500000
      vertex   12.036448 31.523552 8.500000
      vertex   11.928062 31.361340 8.500000
    endloop
  endfacet
  facet normal -0.000000 0.000000 -1.000000
    outer loop
      vertex   11.120002 32.899999 8.500000
      vertex   12.390002 31.669999 8.500000
      vertex   12.198660 31.631938 8.500000
    endloop
  endfacet
  facet normal 0.000000 0.000000 -1.000000
    outer loop
      vertex   13.660002 32.899999 8.500000
      vertex   12.743555 31.523552 8.500000
      vertex   12.581343 31.631938 8.500000
    endloop
  endfacet
  facet normal 0.000000 0.000000 -1.000000
    outer loop
      vertex   13.660002 32.899999 8.500000
      vertex   12.890002 31.169999 8.500000
      vertex   12.851941 31.361340 8.500000
    endloop
  endfacet
  facet normal -0.000000 -0.000000 -1.000000
    outer loop
      vertex   12.198660 30.708059 8.500000
      vertex   12.390002 30.669999 8.500000
      vertex   11.120002 16.419999 8.500000
    endloop
  endfacet
  facet normal -0.000000 0.000000 -1.000000
    outer loop
      vertex   12.198660 31.631938 8.500000
      vertex   12.036448 31.523552 8.500000
      vertex   11.120002 32.899999 8.500000
    endloop
  endfacet
  facet normal 0.000000 0.000000 -1.000000
    outer loop
      vertex   12.851941 31.361340 8.500000
      vertex   12.743555 31.523552 8.500000
      vertex   13.660002 32.899999 8.500000
    endloop
  endfacet
  facet normal -0.000000 0.000000 -1.000000
    outer loop
      vertex   11.928062 31.361340 8.500000
      vertex   11.890002 31.169999 8.500000
      vertex   11.120002 32.899999 8.500000
    endloop
  endfacet
  facet normal 0.000000 0.000000 -1.000000
    outer loop
      vertex   12.890002 31.169999 8.500000
      vertex   13.660002 32.899999 8.500000
      vertex   13.660002 16.419999 8.500000
    endloop
  endfacet
  facet normal 0.000000 -0.000000 -1.000000
    outer loop
      vertex   11.120002 16.419999 8.500000
      vertex   10.311941 30.978657 8.500000
      vertex   10.350002 31.169999 8.500000
    endloop
  endfacet
  facet normal -0.000000 -0.000000 -1.000000
    outer loop
      vertex   11.120002 16.419999 8.500000
      vertex   8.580002 16.419999 8.500000
      vertex   9.850002 30.669999 8.500000
    endloop
  endfacet
  facet normal -0.000000 -0.000000 -1.000000
    outer loop
      vertex   8.580002 16.419999 8.500000
      vertex   8.580002 32.899999 8.500000
      vertex   9.350002 31.169999 8.500000
    endloop
  endfacet
  facet normal 0.000000 -0.000000 -1.000000
    outer loop
      vertex   11.120002 16.419999 8.500000
      vertex   10.203555 30.816445 8.500000
      vertex   10.311941 30.978657 8.500000
    endloop
  endfacet
  facet normal 0.000000 -0.000000 -1.000000
    outer loop
      vertex   9.850002 30.669999 8.500000
      vertex   10.041343 30.708059 8.500000
      vertex   11.120002 16.419999 8.500000
    endloop
  endfacet
  facet normal -0.000000 -0.000000 -1.000000
    outer loop
      vertex   8.580002 16.419999 8.500000
      vertex   9.496448 30.816445 8.500000
      vertex   9.658660 30.708059 8.500000
    endloop
  endfacet
  facet normal -0.000000 -0.000000 -1.000000
    outer loop
      vertex   9.350002 31.169999 8.500000
      vertex   9.388062 30.978657 8.500000
      vertex   8.580002 16.419999 8.500000
    endloop
  endfacet
  facet normal 0.000000 0.000000 -1.000000
    outer loop
      vertex   11.120002 32.899999 8.500000
      vertex   10.041343 31.631938 8.500000
      vertex   9.850002 31.669999 8.500000
    endloop
  endfacet
  facet normal 0.000000 -0.000000 -1.000000
    outer loop
      vertex   10.041343 30.708059 8.500000
      vertex   10.203555 30.816445 8.500000
      vertex   11.120002 16.419999 8.500000
    endloop
  endfacet
  facet normal -0.000000 -0.000000 -1.000000
    outer loop
      vertex   9.388062 30.978657 8.500000
      vertex   9.496448 30.816445 8.500000
      vertex   8.580002 16.419999 8.500000
    endloop
  endfacet
  facet normal -0.000000 0.000000 -1.000000
    outer loop
      vertex   8.580002 32.899999 8.500000
      vertex   9.496448 31.523552 8.500000
      vertex   9.388062 31.361340 8.500000
    endloop
  endfacet
  facet normal -0.000000 0.000000 -1.000000
    outer loop
      vertex   8.580002 32.899999 8.500000
      vertex   9.850002 31.669999 8.500000
      vertex   9.658660 31.631938 8.500000
    endloop
  endfacet
  facet normal 0.000000 0.000000 -1.000000
    outer loop
      vertex   11.120002 32.899999 8.500000
      vertex   10.203555 31.523552 8.500000
      vertex   10.041343 31.631938 8.500000
    endloop
  endfacet
  facet normal 0.000000 0.000000 -1.000000
    outer loop
      vertex   11.120002 32.899999 8.500000
      vertex   10.350002 31.169999 8.500000
      vertex   10.311941 31.361340 8.500000
    endloop
  endfacet
  facet normal -0.000000 -0.000000 -1.000000
    outer loop
      vertex   9.658660 30.708059 8.500000
      vertex   9.850002 30.669999 8.500000
      vertex   8.580002 16.419999 8.500000
    endloop
  endfacet
  facet normal -0.000000 0.000000 -1.000000
    outer loop
      vertex   9.658660 31.631938 8.500000
      vertex   9.496448 31.523552 8.500000
      vertex   8.580002 32.899999 8.500000
    endloop
  endfacet
  facet normal 0.000000 0.000000 -1.000000
    outer loop
      vertex   10.311941 31.361340 8.500000
      vertex   10.203555 31.523552 8.500000
      vertex   11.120002 32.899999 8.500000
    endloop
  endfacet
  facet normal -0.000000 0.000000 -1.000000
    outer loop
      vertex   9.388062 31.361340 8.500000
      vertex   9.350002 31.169999 8.500000
      vertex   8.580002 32.899999 8.500000
    endloop
  endfacet
  facet normal 0.000000 0.000000 -1.000000
    outer loop
      vertex   10.350002 31.169999 8.500000
      vertex   11.120002 32.899999 8.500000
      vertex   11.120002 16.419999 8.500000
    endloop
  endfacet
  facet normal -0.000000 -0.000000 -1.000000
    outer loop
      vertex   6.040002 16.419999 8.500000
      vertex   6.040002 32.899999 8.500000
      vertex   6.810002 31.169999 8.500000
    endloop
  endfacet
  facet normal -0.000000 -0.000000 -1.000000
    outer loop
      vertex   6.810002 31.169999 8.500000
      vertex   6.848062 30.978657 8.500000
      vertex   6.040002 16.419999 8.500000
    endloop
  endfacet
  facet normal -0.000000 0.000000 -1.000000
    outer loop
      vertex   6.040002 32.899999 8.500000
      vertex   6.956448 31.523552 8.500000
      vertex   6.848062 31.361340 8.500000
    endloop
  endfacet
  facet normal 0.000000 -0.000000 -1.000000
    outer loop
      vertex   8.580002 16.419999 8.500000
      vertex   7.771941 30.978657 8.500000
      vertex   7.810002 31.169999 8.500000
    endloop
  endfacet
  facet normal -0.000000 -0.000000 -1.000000
    outer loop
      vertex   8.580002 16.419999 8.500000
      vertex   6.040002 16.419999 8.500000
      vertex   7.310002 30.669999 8.500000
    endloop
  endfacet
  facet normal -0.000000 -0.000000 -1.000000
    outer loop
      vertex   6.040002 16.419999 8.500000
      vertex   6.956448 30.816445 8.500000
      vertex   7.118660 30.708059 8.500000
    endloop
  endfacet
  facet normal -0.000000 0.000000 -1.000000
    outer loop
      vertex   6.848062 31.361340 8.500000
      vertex   6.810002 31.169999 8.500000
      vertex   6.040002 32.899999 8.500000
    endloop
  endfacet
  facet normal 0.000000 0.000000 -1.000000
    outer loop
      vertex   8.580002 32.899999 8.500000
      vertex   7.501343 31.631938 8.500000
      vertex   7.310002 31.669999 8.500000
    endloop
  endfacet
  facet normal 0.000000 -0.000000 -1.000000
    outer loop
      vertex   8.580002 16.419999 8.500000
      vertex   7.663555 30.816445 8.500000
      vertex   7.771941 30.978657 8.500000
    endloop
  endfacet
  facet normal 0.000000 -0.000000 -1.000000
    outer loop
      vertex   7.310002 30.669999 8.500000
      vertex   7.501343 30.708059 8.500000
      vertex   8.580002 16.419999 8.500000
    endloop
  endfacet
  facet normal -0.000000 -0.000000 -1.000000
    outer loop
      vertex   6.848062 30.978657 8.500000
      vertex   6.956448 30.816445 8.500000
      vertex   6.040002 16.419999 8.500000
    endloop
  endfacet
  facet normal -0.000000 0.000000 -1.000000
    outer loop
      vertex   6.040002 32.899999 8.500000
      vertex   7.310002 31.669999 8.500000
      vertex   7.118660 31.631938 8.500000
    endloop
  endfacet
  facet normal 0.000000 0.000000 -1.000000
    outer loop
      vertex   8.580002 32.899999 8.500000
      vertex   7.663555 31.523552 8.500000
      vertex   7.501343 31.631938 8.500000
    endloop
  endfacet
  facet normal 0.000000 0.000000 -1.000000
    outer loop
      vertex   8.580002 32.899999 8.500000
      vertex   7.810002 31.169999 8.500000
      vertex   7.771941 31.361340 8.500000
    endloop
  endfacet
  facet normal 0.000000 -0.000000 -1.000000
    outer loop
      vertex   7.501343 30.708059 8.500000
      vertex   7.663555 30.816445 8.500000
      vertex   8.580002 16.419999 8.500000
    endloop
  endfacet
  facet normal -0.000000 0.000000 -1.000000
    outer loop
      vertex   7.118660 31.631938 8.500000
      vertex   6.956448 31.523552 8.500000
      vertex   6.040002 32.899999 8.500000
    endloop
  endfacet
  facet normal 0.000000 0.000000 -1.000000
    outer loop
      vertex   7.771941 31.361340 8.500000
      vertex   7.663555 31.523552 8.500000
      vertex   8.580002 32.899999 8.500000
    endloop
  endfacet
  facet normal -0.000000 -0.000000 -1.000000
    outer loop
      vertex   7.118660 30.708059 8.500000
      vertex   7.310002 30.669999 8.500000
      vertex   6.040002 16.419999 8.500000
    endloop
  endfacet
  facet normal 0.000000 0.000000 -1.000000
    outer loop
      vertex   7.810002 31.169999 8.500000
      vertex   8.580002 32.899999 8.500000
      vertex   8.580002 16.419999 8.500000
    endloop
  endfacet
  facet normal 0.000000 0.000000 -1.000000
    outer loop
      vertex   15.882685 32.823878 8.500000
      vertex   16.207109 32.607105 8.500000
      vertex   16.423881 32.282682 8.500000
    endloop
  endfacet
  facet normal 0.000000 0.000000 -1.000000
    outer loop
      vertex   16.500002 31.899999 8.500000
      vertex   15.500002 32.899999 8.500000
      vertex   15.882685 32.823878 8.500000
    endloop
  endfacet
  facet normal -0.000000 -0.000000 -1.000000
    outer loop
      vertex   18.500002 16.419999 8.500000
      vertex   13.660002 16.419999 8.500000
      vertex   16.800002 28.399999 8.500000
    endloop
  endfacet
  facet normal -0.000000 -0.000000 -1.000000
    outer loop
      vertex   16.423881 32.282682 8.500000
      vertex   16.500002 31.899999 8.500000
      vertex   15.882685 32.823878 8.500000
    endloop
  endfacet
  facet normal -0.000000 0.000000 -1.000000
    outer loop
      vertex   13.660002 16.419999 8.500000
      vertex   16.685197 28.422835 8.500000
      vertex   16.800002 28.399999 8.500000
    endloop
  endfacet
  facet normal -0.000000 -0.000000 -1.000000
    outer loop
      vertex   13.660002 16.419999 8.500000
      vertex   16.522838 28.585194 8.500000
      vertex   16.587870 28.487867 8.500000
    endloop
  endfacet
  facet normal -0.000000 0.000000 -1.000000
    outer loop
      vertex   13.660002 16.419999 8.500000
      vertex   13.660002 32.899999 8.500000
      vertex   16.500002 28.699999 8.500000
    endloop
  endfacet
  facet normal -0.000000 -0.000000 -1.000000
    outer loop
      vertex   16.500002 28.699999 8.500000
      vertex   13.660002 32.899999 8.500000
      vertex   15.500002 32.899999 8.500000
    endloop
  endfacet
  facet normal -0.000000 -0.000000 -1.000000
    outer loop
      vertex   16.587870 28.487867 8.500000
      vertex   16.685197 28.422835 8.500000
      vertex   13.660002 16.419999 8.500000
    endloop
  endfacet
  facet normal -0.000000 -0.000000 -1.000000
    outer loop
      vertex   16.500002 31.899999 8.500000
      vertex   16.500002 28.699999 8.500000
      vertex   15.500002 32.899999 8.500000
    endloop
  endfacet
  facet normal -0.000000 -0.000000 -1.000000
    outer loop
      vertex   16.500002 28.699999 8.500000
      vertex   16.522838 28.585194 8.500000
      vertex   13.660002 16.419999 8.500000
    endloop
  endfacet
  facet normal -0.000000 0.000000 -1.000000
    outer loop
      vertex   14.930002 2.169999 8.500000
      vertex   13.660002 16.419999 8.500000
      vertex   16.522838 4.314804 8.500000
    endloop
  endfacet
  facet normal 0.000000 0.000000 -1.000000
    outer loop
      vertex   15.283555 1.316445 8.500000
      vertex   15.391941 1.478657 8.500000
      vertex   16.500002 0.999999 8.500000
    endloop
  endfacet
  facet normal -0.000000 0.000000 -1.000000
    outer loop
      vertex   13.660002 16.419999 8.500000
      vertex   16.587870 4.412131 8.500000
      vertex   16.522838 4.314804 8.500000
    endloop
  endfacet
  facet normal -0.000000 0.000000 -1.000000
    outer loop
      vertex   16.500002 0.999999 8.500000
      vertex   16.423881 0.617315 8.500000
      vertex   15.283555 1.316445 8.500000
    endloop
  endfacet
  facet normal -0.000000 -0.000000 -1.000000
    outer loop
      vertex   16.402288 0.584999 8.500000
      vertex   13.660002 0.584999 8.500000
      vertex   14.930002 1.169999 8.500000
    endloop
  endfacet
  facet normal -0.000000 -0.000000 -1.000000
    outer loop
      vertex   16.522838 4.314804 8.500000
      vertex   15.283555 2.023552 8.500000
      vertex   15.121343 2.131938 8.500000
    endloop
  endfacet
  facet normal 0.000000 0.000000 -1.000000
    outer loop
      vertex   18.500002 16.419999 8.500000
      vertex   18.500002 4.499999 8.500000
      vertex   16.800002 4.499999 8.500000
    endloop
  endfacet
  facet normal -0.000000 -0.000000 -1.000000
    outer loop
      vertex   16.423881 0.617315 8.500000
      vertex   16.402288 0.584999 8.500000
      vertex   15.283555 1.316445 8.500000
    endloop
  endfacet
  facet normal 0.000000 -0.000000 -1.000000
    outer loop
      vertex   14.930002 1.169999 8.500000
      vertex   15.121343 1.208059 8.500000
      vertex   16.402288 0.584999 8.500000
    endloop
  endfacet
  facet normal -0.000000 -0.000000 -1.000000
    outer loop
      vertex   13.660002 0.584999 8.500000
      vertex   14.576448 1.316445 8.500000
      vertex   14.738660 1.208059 8.500000
    endloop
  endfacet
  facet normal -0.000000 -0.000000 -1.000000
    outer loop
      vertex   13.660002 0.584999 8.500000
      vertex   14.430002 1.669999 8.500000
      vertex   14.468062 1.478657 8.500000
    endloop
  endfacet
  facet normal -0.000000 0.000000 -1.000000
    outer loop
      vertex   13.660002 0.584999 8.500000
      vertex   13.660002 16.419999 8.500000
      vertex   14.468062 1.861340 8.500000
    endloop
  endfacet
  facet normal -0.000000 0.000000 -1.000000
    outer loop
      vertex   13.660002 16.419999 8.500000
      vertex   16.685197 4.477162 8.500000
      vertex   16.587870 4.412131 8.500000
    endloop
  endfacet
  facet normal 0.000000 0.000000 -1.000000
    outer loop
      vertex   16.800002 4.499999 8.500000
      vertex   13.660002 16.419999 8.500000
      vertex   18.500002 16.419999 8.500000
    endloop
  endfacet
  facet normal 0.000000 -0.000000 -1.000000
    outer loop
      vertex   15.283555 2.023552 8.500000
      vertex   16.522838 4.314804 8.500000
      vertex   16.500002 4.199999 8.500000
    endloop
  endfacet
  facet normal 0.000000 0.000000 -1.000000
    outer loop
      vertex   16.500002 0.999999 8.500000
      vertex   15.430002 1.669999 8.500000
      vertex   15.391941 1.861340 8.500000
    endloop
  endfacet
  facet normal 0.000000 -0.000000 -1.000000
    outer loop
      vertex   15.121343 1.208059 8.500000
      vertex   15.283555 1.316445 8.500000
      vertex   16.402288 0.584999 8.500000
    endloop
  endfacet
  facet normal -0.000000 -0.000000 -1.000000
    outer loop
      vertex   14.468062 1.478657 8.500000
      vertex   14.576448 1.316445 8.500000
      vertex   13.660002 0.584999 8.500000
    endloop
  endfacet
  facet normal -0.000000 0.000000 -1.000000
    outer loop
      vertex   13.660002 16.419999 8.500000
      vertex   14.576448 2.023552 8.500000
      vertex   14.468062 1.861340 8.500000
    endloop
  endfacet
  facet normal -0.000000 0.000000 -1.000000
    outer loop
      vertex   13.660002 16.419999 8.500000
      vertex   14.930002 2.169999 8.500000
      vertex   14.738660 2.131938 8.500000
    endloop
  endfacet
  facet normal -0.000000 0.000000 -1.000000
    outer loop
      vertex   16.800002 4.499999 8.500000
      vertex   16.685197 4.477162 8.500000
      vertex   13.660002 16.419999 8.500000
    endloop
  endfacet
  facet normal 0.000000 0.000000 -1.000000
    outer loop
      vertex   15.391941 1.861340 8.500000
      vertex   16.500002 4.199999 8.500000
      vertex   16.500002 0.999999 8.500000
    endloop
  endfacet
  facet normal -0.000000 -0.000000 -1.000000
    outer loop
      vertex   14.738660 1.208059 8.500000
      vertex   14.930002 1.169999 8.500000
      vertex   13.660002 0.584999 8.500000
    endloop
  endfacet
  facet normal -0.000000 0.000000 -1.000000
    outer loop
      vertex   14.738660 2.131938 8.500000
      vertex   14.576448 2.023552 8.500000
      vertex   13.660002 16.419999 8.500000
    endloop
  endfacet
  facet normal 0.000000 0.000000 -1.000000
    outer loop
      vertex   16.500002 4.199999 8.500000
      vertex   15.391941 1.861340 8.500000
      vertex   15.283555 2.023552 8.500000
    endloop
  endfacet
  facet normal -0.000000 0.000000 -1.000000
    outer loop
      vertex   14.468062 1.861340 8.500000
      vertex   14.430002 1.669999 8.500000
      vertex   13.660002 0.584999 8.500000
    endloop
  endfacet
  facet normal 0.000000 0.000000 -1.000000
    outer loop
      vertex   15.391941 1.478657 8.500000
      vertex   15.430002 1.669999 8.500000
      vertex   16.500002 0.999999 8.500000
    endloop
  endfacet
  facet normal 0.000000 0.000000 -1.000000
    outer loop
      vertex   13.660002 0.584999 8.500000
      vertex   16.402288 0.584999 8.500000
      vertex   15.500002 -0.000001 8.500000
    endloop
  endfacet
  facet normal -0.000000 0.000000 -1.000000
    outer loop
      vertex   16.402288 0.584999 8.500000
      vertex   16.207109 0.292892 8.500000
      vertex   15.882685 0.076119 8.500000
    endloop
  endfacet
  facet normal -0.000000 0.000000 -1.000000
    outer loop
      vertex   15.882685 0.076119 8.500000
      vertex   15.500002 -0.000001 8.500000
      vertex   16.402288 0.584999 8.500000
    endloop
  endfacet
  facet normal 0.000000 0.000000 -1.000000
    outer loop
      vertex   4.200002 -0.000001 8.500000
      vertex   3.817318 0.076119 8.500000
      vertex   3.492895 0.292892 8.500000
    endloop
  endfacet
  facet normal 0.000000 -0.000000 -1.000000
    outer loop
      vertex   6.040002 0.584999 8.500000
      vertex   6.040002 -0.000001 8.500000
      vertex   4.200002 -0.000001 8.500000
    endloop
  endfacet
  facet normal 0.000000 0.000000 -1.000000
    outer loop
      vertex   4.200002 -0.000001 8.500000
      vertex   3.297715 0.584999 8.500000
      vertex   6.040002 0.584999 8.500000
    endloop
  endfacet
  facet normal 0.000000 0.000000 -1.000000
    outer loop
      vertex   3.200002 4.199999 8.500000
      vertex   6.040002 16.419999 8.500000
      vertex   4.416448 2.023552 8.500000
    endloop
  endfacet
  facet normal 0.000000 0.000000 -1.000000
    outer loop
      vertex   4.416448 1.316445 8.500000
      vertex   3.276122 0.617315 8.500000
      vertex   3.200002 0.999999 8.500000
    endloop
  endfacet
  facet normal 0.000000 0.000000 -1.000000
    outer loop
      vertex   3.200002 0.999999 8.500000
      vertex   3.200002 4.199999 8.500000
      vertex   4.308062 1.861340 8.500000
    endloop
  endfacet
  facet normal -0.000000 0.000000 -1.000000
    outer loop
      vertex   4.416448 2.023552 8.500000
      vertex   4.308062 1.861340 8.500000
      vertex   3.200002 4.199999 8.500000
    endloop
  endfacet
  facet normal 0.000000 0.000000 -1.000000
    outer loop
      vertex   6.040002 0.584999 8.500000
      vertex   5.270002 1.669999 8.500000
      vertex   5.231941 1.861340 8.500000
    endloop
  endfacet
  facet normal 0.000000 -0.000000 -1.000000
    outer loop
      vertex   4.416448 1.316445 8.500000
      vertex   3.297715 0.584999 8.500000
      vertex   3.276122 0.617315 8.500000
    endloop
  endfacet
  facet normal 0.000000 0.000000 -1.000000
    outer loop
      vertex   6.040002 16.419999 8.500000
      vertex   3.177166 4.314804 8.500000
      vertex   3.112134 4.412131 8.500000
    endloop
  endfacet
  facet normal 0.000000 0.000000 -1.000000
    outer loop
      vertex   3.200002 4.199999 8.500000
      vertex   3.177166 4.314804 8.500000
      vertex   6.040002 16.419999 8.500000
    endloop
  endfacet
  facet normal 0.000000 0.000000 -1.000000
    outer loop
      vertex   5.231941 1.861340 8.500000
      vertex   6.040002 16.419999 8.500000
      vertex   6.040002 0.584999 8.500000
    endloop
  endfacet
  facet normal 0.000000 -0.000000 -1.000000
    outer loop
      vertex   6.040002 0.584999 8.500000
      vertex   5.123555 1.316445 8.500000
      vertex   5.231941 1.478657 8.500000
    endloop
  endfacet
  facet normal -0.000000 -0.000000 -1.000000
    outer loop
      vertex   3.297715 0.584999 8.500000
      vertex   4.578660 1.208059 8.500000
      vertex   4.770002 1.169999 8.500000
    endloop
  endfacet
  facet normal 0.000000 0.000000 -1.000000
    outer loop
      vertex   3.200002 0.999999 8.500000
      vertex   4.270002 1.669999 8.500000
      vertex   4.308062 1.478657 8.500000
    endloop
  endfacet
  facet normal 0.000000 0.000000 -1.000000
    outer loop
      vertex   4.308062 1.861340 8.500000
      vertex   4.270002 1.669999 8.500000
      vertex   3.200002 0.999999 8.500000
    endloop
  endfacet
  facet normal 0.000000 -0.000000 -1.000000
    outer loop
      vertex   5.231941 1.478657 8.500000
      vertex   5.270002 1.669999 8.500000
      vertex   6.040002 0.584999 8.500000
    endloop
  endfacet
  facet normal 0.000000 -0.000000 -1.000000
    outer loop
      vertex   6.040002 0.584999 8.500000
      vertex   4.770002 1.169999 8.500000
      vertex   4.961343 1.208059 8.500000
    endloop
  endfacet
  facet normal -0.000000 -0.000000 -1.000000
    outer loop
      vertex   3.297715 0.584999 8.500000
      vertex   4.416448 1.316445 8.500000
      vertex   4.578660 1.208059 8.500000
    endloop
  endfacet
  facet normal 0.000000 0.000000 -1.000000
    outer loop
      vertex   3.112134 4.412131 8.500000
      vertex   3.014807 4.477162 8.500000
      vertex   6.040002 16.419999 8.500000
    endloop
  endfacet
  facet normal 0.000000 0.000000 -1.000000
    outer loop
      vertex   6.040002 16.419999 8.500000
      vertex   5.123555 2.023552 8.500000
      vertex   4.961343 2.131938 8.500000
    endloop
  endfacet
  facet normal 0.000000 -0.000000 -1.000000
    outer loop
      vertex   4.961343 1.208059 8.500000
      vertex   5.123555 1.316445 8.500000
      vertex   6.040002 0.584999 8.500000
    endloop
  endfacet
  facet normal 0.000000 0.000000 -1.000000
    outer loop
      vertex   3.200002 0.999999 8.500000
      vertex   4.308062 1.478657 8.500000
      vertex   4.416448 1.316445 8.500000
    endloop
  endfacet
  facet normal -0.000000 0.000000 -1.000000
    outer loop
      vertex   6.040002 16.419999 8.500000
      vertex   4.770002 2.169999 8.500000
      vertex   4.578660 2.131938 8.500000
    endloop
  endfacet
  facet normal 0.000000 0.000000 -1.000000
    outer loop
      vertex   1.200002 16.419999 8.500000
      vertex   6.040002 16.419999 8.500000
      vertex   2.900002 4.499999 8.500000
    endloop
  endfacet
  facet normal 0.000000 0.000000 -1.000000
    outer loop
      vertex   5.231941 1.861340 8.500000
      vertex   5.123555 2.023552 8.500000
      vertex   6.040002 16.419999 8.500000
    endloop
  endfacet
  facet normal -0.000000 0.000000 -1.000000
    outer loop
      vertex   4.578660 2.131938 8.500000
      vertex   4.416448 2.023552 8.500000
      vertex   6.040002 16.419999 8.500000
    endloop
  endfacet
  facet normal -0.000000 0.000000 -1.000000
    outer loop
      vertex   6.040002 16.419999 8.500000
      vertex   3.014807 4.477162 8.500000
      vertex   2.900002 4.499999 8.500000
    endloop
  endfacet
  facet normal 0.000000 -0.000000 -1.000000
    outer loop
      vertex   4.770002 1.169999 8.500000
      vertex   6.040002 0.584999 8.500000
      vertex   3.297715 0.584999 8.500000
    endloop
  endfacet
  facet normal 0.000000 0.000000 -1.000000
    outer loop
      vertex   4.961343 2.131938 8.500000
      vertex   4.770002 2.169999 8.500000
      vertex   6.040002 16.419999 8.500000
    endloop
  endfacet
  facet normal -0.000000 -0.000000 -1.000000
    outer loop
      vertex   4.770002 30.669999 8.500000
      vertex   6.040002 16.419999 8.500000
      vertex   3.177166 28.585194 8.500000
    endloop
  endfacet
  facet normal -0.000000 0.000000 -1.000000
    outer loop
      vertex   4.416448 31.523552 8.500000
      vertex   4.308062 31.361340 8.500000
      vertex   3.200002 31.899999 8.500000
    endloop
  endfacet
  facet normal 0.000000 -0.000000 -1.000000
    outer loop
      vertex   6.040002 16.419999 8.500000
      vertex   5.231941 30.978657 8.500000
      vertex   5.270002 31.169999 8.500000
    endloop
  endfacet
  facet normal 0.000000 0.000000 -1.000000
    outer loop
      vertex   6.040002 16.419999 8.500000
      vertex   3.112134 28.487867 8.500000
      vertex   3.177166 28.585194 8.500000
    endloop
  endfacet
  facet normal 0.000000 -0.000000 -1.000000
    outer loop
      vertex   4.416448 30.816445 8.500000
      vertex   3.177166 28.585194 8.500000
      vertex   3.200002 28.699999 8.500000
    endloop
  endfacet
  facet normal 0.000000 0.000000 -1.000000
    outer loop
      vertex   3.200002 31.899999 8.500000
      vertex   4.270002 31.169999 8.500000
      vertex   4.308062 30.978657 8.500000
    endloop
  endfacet
  facet normal 0.000000 0.000000 -1.000000
    outer loop
      vertex   3.200002 31.899999 8.500000
      vertex   3.276122 32.282682 8.500000
      vertex   4.416448 31.523552 8.500000
    endloop
  endfacet
  facet normal 0.000000 0.000000 -1.000000
    outer loop
      vertex   6.040002 32.899999 8.500000
      vertex   5.270002 31.169999 8.500000
      vertex   5.231941 31.361340 8.500000
    endloop
  endfacet
  facet normal 0.000000 -0.000000 -1.000000
    outer loop
      vertex   6.040002 16.419999 8.500000
      vertex   5.123555 30.816445 8.500000
      vertex   5.231941 30.978657 8.500000
    endloop
  endfacet
  facet normal -0.000000 -0.000000 -1.000000
    outer loop
      vertex   3.177166 28.585194 8.500000
      vertex   4.416448 30.816445 8.500000
      vertex   4.578660 30.708059 8.500000
    endloop
  endfacet
  facet normal -0.000000 0.000000 -1.000000
    outer loop
      vertex   4.308062 30.978657 8.500000
      vertex   3.200002 28.699999 8.500000
      vertex   3.200002 31.899999 8.500000
    endloop
  endfacet
  facet normal 0.000000 0.000000 -1.000000
    outer loop
      vertex   3.276122 32.282682 8.500000
      vertex   3.492895 32.607105 8.500000
      vertex   4.416448 31.523552 8.500000
    endloop
  endfacet
  facet normal 0.000000 0.000000 -1.000000
    outer loop
      vertex   3.817318 32.823878 8.500000
      vertex   4.200002 32.899999 8.500000
      vertex   4.578660 31.631938 8.500000
    endloop
  endfacet
  facet normal 0.000000 0.000000 -1.000000
    outer loop
      vertex   6.040002 32.899999 8.500000
      vertex   4.961343 31.631938 8.500000
      vertex   4.770002 31.669999 8.500000
    endloop
  endfacet
  facet normal 0.000000 0.000000 -1.000000
    outer loop
      vertex   5.270002 31.169999 8.500000
      vertex   6.040002 32.899999 8.500000
      vertex   6.040002 16.419999 8.500000
    endloop
  endfacet
  facet normal 0.000000 -0.000000 -1.000000
    outer loop
      vertex   6.040002 16.419999 8.500000
      vertex   4.770002 30.669999 8.500000
      vertex   4.961343 30.708059 8.500000
    endloop
  endfacet
  facet normal 0.000000 0.000000 -1.000000
    outer loop
      vertex   6.040002 16.419999 8.500000
      vertex   3.014807 28.422835 8.500000
      vertex   3.112134 28.487867 8.500000
    endloop
  endfacet
  facet normal -0.000000 0.000000 -1.000000
    outer loop
      vertex   4.308062 31.361340 8.500000
      vertex   4.270002 31.169999 8.500000
      vertex   3.200002 31.899999 8.500000
    endloop
  endfacet
  facet normal 0.000000 0.000000 -1.000000
    outer loop
      vertex   4.416448 31.523552 8.500000
      vertex   3.492895 32.607105 8.500000
      vertex   3.817318 32.823878 8.500000
    endloop
  endfacet
  facet normal 0.000000 0.000000 -1.000000
    outer loop
      vertex   6.040002 32.899999 8.500000
      vertex   5.123555 31.523552 8.500000
      vertex   4.961343 31.631938 8.500000
    endloop
  endfacet
  facet normal 0.000000 -0.000000 -1.000000
    outer loop
      vertex   4.961343 30.708059 8.500000
      vertex   5.123555 30.816445 8.500000
      vertex   6.040002 16.419999 8.500000
    endloop
  endfacet
  facet normal 0.000000 0.000000 -1.000000
    outer loop
      vertex   3.200002 28.699999 8.500000
      vertex   4.308062 30.978657 8.500000
      vertex   4.416448 30.816445 8.500000
    endloop
  endfacet
  facet normal 0.000000 0.000000 -1.000000
    outer loop
      vertex   4.200002 32.899999 8.500000
      vertex   4.770002 31.669999 8.500000
      vertex   4.578660 31.631938 8.500000
    endloop
  endfacet
  facet normal 0.000000 0.000000 -1.000000
    outer loop
      vertex   5.231941 31.361340 8.500000
      vertex   5.123555 31.523552 8.500000
      vertex   6.040002 32.899999 8.500000
    endloop
  endfacet
  facet normal -0.000000 0.000000 -1.000000
    outer loop
      vertex   4.578660 31.631938 8.500000
      vertex   4.416448 31.523552 8.500000
      vertex   3.817318 32.823878 8.500000
    endloop
  endfacet
  facet normal 0.000000 0.000000 -1.000000
    outer loop
      vertex   1.200002 16.419999 8.500000
      vertex   1.200002 28.399999 8.500000
      vertex   2.900002 28.399999 8.500000
    endloop
  endfacet
  facet normal -0.000000 -0.000000 -1.000000
    outer loop
      vertex   3.177166 28.585194 8.500000
      vertex   4.578660 30.708059 8.500000
      vertex   4.770002 30.669999 8.500000
    endloop
  endfacet
  facet normal 0.000000 -0.000000 -1.000000
    outer loop
      vertex   2.900002 28.399999 8.500000
      vertex   6.040002 16.419999 8.500000
      vertex   1.200002 16.419999 8.500000
    endloop
  endfacet
  facet normal 0.000000 0.000000 -1.000000
    outer loop
      vertex   2.900002 28.399999 8.500000
      vertex   3.014807 28.422835 8.500000
      vertex   6.040002 16.419999 8.500000
    endloop
  endfacet
  facet normal 0.000000 0.000000 -1.000000
    outer loop
      vertex   4.770002 31.669999 8.500000
      vertex   4.200002 32.899999 8.500000
      vertex   6.040002 32.899999 8.500000
    endloop
  endfacet
  facet normal 0.000000 0.000000 -1.000000
    outer loop
      vertex   2.900002 4.499999 8.500000
      vertex   1.200002 4.499999 8.500000
      vertex   1.200002 16.419999 8.500000
    endloop
  endfacet
  facet normal 0.000000 0.000000 -1.000000
    outer loop
      vertex   3.492895 0.292892 8.500000
      vertex   3.297715 0.584999 8.500000
      vertex   4.200002 -0.000001 8.500000
    endloop
  endfacet
  facet normal -0.000000 0.000000 -1.000000
    outer loop
      vertex   15.500002 -0.000001 8.500000
      vertex   13.660002 -0.000001 8.500000
      vertex   13.660002 0.584999 8.500000
    endloop
  endfacet
  facet normal -0.000000 -0.000000 -1.000000
    outer loop
      vertex   16.522838 4.314804 8.500000
      vertex   15.121343 2.131938 8.500000
      vertex   14.930002 2.169999 8.500000
    endloop
  endfacet
  facet normal 0.000000 -0.000000 -1.000000
    outer loop
      vertex   16.800002 28.399999 8.500000
      vertex   18.500002 28.399999 8.500000
      vertex   18.500002 16.419999 8.500000
    endloop
  endfacet
  facet normal 0.000000 0.000000 -1.000000
    outer loop
      vertex   7.310002 31.669999 8.500000
      vertex   6.040002 32.899999 8.500000
      vertex   8.580002 32.899999 8.500000
    endloop
  endfacet
  facet normal 0.000000 0.000000 -1.000000
    outer loop
      vertex   9.850002 31.669999 8.500000
      vertex   8.580002 32.899999 8.500000
      vertex   11.120002 32.899999 8.500000
    endloop
  endfacet
  facet normal 0.000000 0.000000 -1.000000
    outer loop
      vertex   12.390002 31.669999 8.500000
      vertex   11.120002 32.899999 8.500000
      vertex   13.660002 32.899999 8.500000
    endloop
  endfacet
  facet normal 0.000000 0.000000 -1.000000
    outer loop
      vertex   7.310002 2.169999 8.500000
      vertex   6.040002 16.419999 8.500000
      vertex   8.580002 16.419999 8.500000
    endloop
  endfacet
  facet normal 0.000000 0.000000 -1.000000
    outer loop
      vertex   9.850002 2.169999 8.500000
      vertex   8.580002 16.419999 8.500000
      vertex   11.120002 16.419999 8.500000
    endloop
  endfacet
  facet normal 0.000000 0.000000 -1.000000
    outer loop
      vertex   12.390002 2.169999 8.500000
      vertex   11.120002 16.419999 8.500000
      vertex   13.660002 16.419999 8.500000
    endloop
  endfacet
  facet normal 0.000000 0.000000 -1.000000
    outer loop
      vertex   6.040002 -0.000001 8.500000
      vertex   6.040002 0.584999 8.500000
      vertex   8.580002 0.584999 8.500000
    endloop
  endfacet
  facet normal 0.000000 0.000000 -1.000000
    outer loop
      vertex   8.580002 -0.000001 8.500000
      vertex   8.580002 0.584999 8.500000
      vertex   11.120002 0.584999 8.500000
    endloop
  endfacet
  facet normal 0.000000 0.000000 -1.000000
    outer loop
      vertex   11.120002 -0.000001 8.500000
      vertex   11.120002 0.584999 8.500000
      vertex   13.660002 0.584999 8.500000
    endloop
  endfacet
  facet normal 0.000000 -1.000000 0.000000
    outer loop
      vertex   1.200002 4.499999 8.500000
      vertex   2.900002 4.499999 8.500000
      vertex   2.735002 4.499999 9.700000
    endloop
  endfacet
  facet normal 0.000000 -1.000000 0.000000
    outer loop
      vertex   2.900002 4.499999 8.500000
      vertex   2.900002 4.499999 9.700000
      vertex   2.735002 4.499999 9.700000
    endloop
  endfacet
  facet normal -0.000000 -1.000000 0.000000
    outer loop
      vertex   2.735002 4.499999 9.700000
      vertex   1.200002 4.499999 9.700000
      vertex   1.200002 4.499999 8.500000
    endloop
  endfacet
  facet normal -1.000000 0.000000 0.000000
    outer loop
      vertex   1.200002 28.399999 8.500000
      vertex   1.200002 16.419999 8.500000
      vertex   1.200002 16.419999 9.700000
    endloop
  endfacet
  facet normal -1.000000 0.000000 0.000000
    outer loop
      vertex   1.200002 4.499999 9.700000
      vertex   1.200002 16.419999 9.700000
      vertex   1.200002 16.419999 8.500000
    endloop
  endfacet
  facet normal -1.000000 0.000000 0.000000
    outer loop
      vertex   1.200002 16.419999 8.500000
      vertex   1.200002 4.499999 8.500000
      vertex   1.200002 4.499999 9.700000
    endloop
  endfacet
  facet normal -1.000000 0.000000 0.000000
    outer loop
      vertex   1.200002 16.419999 9.700000
      vertex   1.200002 28.399999 9.700000
      vertex   1.200002 28.399999 8.500000
    endloop
  endfacet
  facet normal 0.000000 1.000000 0.000000
    outer loop
      vertex   1.200002 28.399999 8.500000
      vertex   1.200002 28.399999 9.700000
      vertex   2.735002 28.399999 9.700000
    endloop
  endfacet
  facet normal 0.000000 1.000000 0.000000
    outer loop
      vertex   2.735002 28.399999 9.700000
      vertex   2.900002 28.399999 8.500000
      vertex   1.200002 28.399999 8.500000
    endloop
  endfacet
  facet normal -0.000000 1.000000 0.000000
    outer loop
      vertex   2.735002 28.399999 9.700000
      vertex   2.900002 28.399999 9.700000
      vertex   2.900002 28.399999 8.500000
    endloop
  endfacet
  facet normal -1.000000 0.000000 0.000000
    outer loop
      vertex   3.200002 0.999999 9.700000
      vertex   3.200002 4.199999 9.700000
      vertex   3.200002 4.199999 8.500000
    endloop
  endfacet
  facet normal -1.000000 0.000000 0.000000
    outer loop
      vertex   3.200002 4.199999 8.500000
      vertex   3.200002 0.999999 8.500000
      vertex   3.200002 0.999999 9.700000
    endloop
  endfacet
  facet normal -0.000000 -1.000000 0.000000
    outer loop
      vertex   18.500002 4.499999 9.700000
      vertex   16.800002 4.499999 9.700000
      vertex   16.800002 4.499999 8.500000
    endloop
  endfacet
  facet normal 0.000000 -1.000000 0.000000
    outer loop
      vertex   16.800002 4.499999 8.500000
      vertex   18.500002 4.499999 8.500000
      vertex   18.500002 4.499999 9.700000
    endloop
  endfacet
  facet normal 0.000000 1.000000 0.000000
    outer loop
      vertex   16.800002 28.399999 8.500000
      vertex   16.800002 28.399999 9.700000
      vertex   18.500002 28.399999 9.700000
    endloop
  endfacet
  facet normal 0.000000 1.000000 0.000000
    outer loop
      vertex   18.500002 28.399999 9.700000
      vertex   18.500002 28.399999 8.500000
      vertex   16.800002 28.399999 8.500000
    endloop
  endfacet
  facet normal 1.000000 0.000000 0.000000
    outer loop
      vertex   18.500002 28.399999 9.700000
      vertex   18.500002 16.419999 9.700000
      vertex   18.500002 16.419999 8.500000
    endloop
  endfacet
  facet normal 1.000000 0.000000 -0.000000
    outer loop
      vertex   18.500002 16.419999 8.500000
      vertex   18.500002 16.419999 9.700000
      vertex   18.500002 4.499999 9.700000
    endloop
  endfacet
  facet normal 1.000000 0.000000 0.000000
    outer loop
      vertex   18.500002 4.499999 9.700000
      vertex   18.500002 4.499999 8.500000
      vertex   18.500002 16.419999 8.500000
    endloop
  endfacet
  facet normal 1.000000 -0.000000 0.000000
    outer loop
      vertex   18.500002 16.419999 8.500000
      vertex   18.500002 28.399999 8.500000
      vertex   18.500002 28.399999 9.700000
    endloop
  endfacet
  facet normal 1.000000 0.000000 0.000000
    outer loop
      vertex   16.500002 31.899999 9.700000
      vertex   16.500002 28.699999 9.700000
      vertex   16.500002 28.699999 8.500000
    endloop
  endfacet
  facet normal 1.000000 0.000000 0.000000
    outer loop
      vertex   16.500002 28.699999 8.500000
      vertex   16.500002 31.899999 8.500000
      vertex   16.500002 31.899999 9.700000
    endloop
  endfacet
  facet normal -0.000000 -1.000000 0.000000
    outer loop
      vertex   8.580002 -0.000001 9.700000
      vertex   6.040002 -0.000001 9.700000
      vertex   6.040002 -0.000001 8.500000
    endloop
  endfacet
  facet normal 0.000000 -1.000000 0.000000
    outer loop
      vertex   6.040002 -0.000001 8.500000
      vertex   6.040002 -0.000001 9.700000
      vertex   4.200002 -0.000001 9.700000
    endloop
  endfacet
  facet normal 0.000000 -1.000000 0.000000
    outer loop
      vertex   4.200002 -0.000001 9.700000
      vertex   4.200002 -0.000001 8.500000
      vertex   6.040002 -0.000001 8.500000
    endloop
  endfacet
  facet normal -0.000000 -1.000000 0.000000
    outer loop
      vertex   11.120002 -0.000001 9.700000
      vertex   8.580002 -0.000001 9.700000
      vertex   8.580002 -0.000001 8.500000
    endloop
  endfacet
  facet normal 0.000000 -1.000000 0.000000
    outer loop
      vertex   8.580002 -0.000001 8.500000
      vertex   11.120002 -0.000001 8.500000
      vertex   11.120002 -0.000001 9.700000
    endloop
  endfacet
  facet normal -0.000000 -1.000000 0.000000
    outer loop
      vertex   13.660002 -0.000001 9.700000
      vertex   11.120002 -0.000001 9.700000
      vertex   11.120002 -0.000001 8.500000
    endloop
  endfacet
  facet normal -0.000000 -1.000000 0.000000
    outer loop
      vertex   15.500002 -0.000001 9.700000
      vertex   13.660002 -0.000001 9.700000
      vertex   13.660002 -0.000001 8.500000
    endloop
  endfacet
  facet normal 0.000000 -1.000000 0.000000
    outer loop
      vertex   11.120002 -0.000001 8.500000
      vertex   13.660002 -0.000001 8.500000
      vertex   13.660002 -0.000001 9.700000
    endloop
  endfacet
  facet normal 0.000000 -1.000000 0.000000
    outer loop
      vertex   6.040002 -0.000001 8.500000
      vertex   8.580002 -0.000001 8.500000
      vertex   8.580002 -0.000001 9.700000
    endloop
  endfacet
  facet normal 0.000000 -1.000000 0.000000
    outer loop
      vertex   13.660002 -0.000001 8.500000
      vertex   15.500002 -0.000001 8.500000
      vertex   15.500002 -0.000001 9.700000
    endloop
  endfacet
  facet normal -1.000000 0.000000 0.000000
    outer loop
      vertex   3.200002 28.699999 8.500000
      vertex   3.200002 28.699999 9.700000
      vertex   3.200002 31.899999 9.700000
    endloop
  endfacet
  facet normal -1.000000 0.000000 -0.000000
    outer loop
      vertex   3.200002 31.899999 9.700000
      vertex   3.200002 31.899999 8.500000
      vertex   3.200002 28.699999 8.500000
    endloop
  endfacet
  facet normal -0.000000 1.000000 0.000000
    outer loop
      vertex   11.120002 32.899999 9.700000
      vertex   13.660002 32.899999 9.700000
      vertex   13.660002 32.899999 8.500000
    endloop
  endfacet
  facet normal 0.000000 1.000000 0.000000
    outer loop
      vertex   13.660002 32.899999 8.500000
      vertex   13.660002 32.899999 9.700000
      vertex   15.500002 32.899999 9.700000
    endloop
  endfacet
  facet normal 0.000000 1.000000 0.000000
    outer loop
      vertex   15.500002 32.899999 9.700000
      vertex   15.500002 32.899999 8.500000
      vertex   13.660002 32.899999 8.500000
    endloop
  endfacet
  facet normal -0.000000 1.000000 0.000000
    outer loop
      vertex   8.580002 32.899999 9.700000
      vertex   11.120002 32.899999 9.700000
      vertex   11.120002 32.899999 8.500000
    endloop
  endfacet
  facet normal 0.000000 1.000000 0.000000
    outer loop
      vertex   11.120002 32.899999 8.500000
      vertex   8.580002 32.899999 8.500000
      vertex   8.580002 32.899999 9.700000
    endloop
  endfacet
  facet normal -0.000000 1.000000 0.000000
    outer loop
      vertex   6.040002 32.899999 9.700000
      vertex   8.580002 32.899999 9.700000
      vertex   8.580002 32.899999 8.500000
    endloop
  endfacet
  facet normal -0.000000 1.000000 0.000000
    outer loop
      vertex   4.200002 32.899999 9.700000
      vertex   6.040002 32.899999 9.700000
      vertex   6.040002 32.899999 8.500000
    endloop
  endfacet
  facet normal 0.000000 1.000000 0.000000
    outer loop
      vertex   8.580002 32.899999 8.500000
      vertex   6.040002 32.899999 8.500000
      vertex   6.040002 32.899999 9.700000
    endloop
  endfacet
  facet normal 0.000000 1.000000 0.000000
    outer loop
      vertex   13.660002 32.899999 8.500000
      vertex   11.120002 32.899999 8.500000
      vertex   11.120002 32.899999 9.700000
    endloop
  endfacet
  facet normal 0.000000 1.000000 0.000000
    outer loop
      vertex   6.040002 32.899999 8.500000
      vertex   4.200002 32.899999 8.500000
      vertex   4.200002 32.899999 9.700000
    endloop
  endfacet
  facet normal 1.000000 0.000000 -0.000000
    outer loop
      vertex   16.500002 4.199999 8.500000
      vertex   16.500002 4.199999 9.700000
      vertex   16.500002 0.999999 9.700000
    endloop
  endfacet
  facet normal 1.000000 0.000000 0.000000
    outer loop
      vertex   16.500002 0.999999 9.700000
      vertex   16.500002 0.999999 8.500000
      vertex   16.500002 4.199999 8.500000
    endloop
  endfacet
  facet normal 0.195090 -0.980785 0.000000
    outer loop
      vertex   15.500002 -0.000001 9.700000
      vertex   15.500002 -0.000001 8.500000
      vertex   15.882685 0.076119 8.500000
    endloop
  endfacet
  facet normal 0.555570 -0.831470 0.000000
    outer loop
      vertex   15.882685 0.076119 9.700000
      vertex   15.882685 0.076119 8.500000
      vertex   16.207109 0.292892 8.500000
    endloop
  endfacet
  facet normal 0.831470 -0.555570 0.000000
    outer loop
      vertex   16.423881 0.617315 9.700000
      vertex   16.402288 0.584999 9.700000
      vertex   16.402288 0.584999 8.500000
    endloop
  endfacet
  facet normal 0.831470 -0.555570 0.000000
    outer loop
      vertex   16.402288 0.584999 8.500000
      vertex   16.402288 0.584999 9.700000
      vertex   16.207109 0.292892 9.700000
    endloop
  endfacet
  facet normal 0.831470 -0.555570 0.000000
    outer loop
      vertex   16.207109 0.292892 9.700000
      vertex   16.207109 0.292892 8.500000
      vertex   16.402288 0.584999 8.500000
    endloop
  endfacet
  facet normal 0.980785 -0.195090 0.000000
    outer loop
      vertex   16.423881 0.617315 9.700000
      vertex   16.423881 0.617315 8.500000
      vertex   16.500002 0.999999 8.500000
    endloop
  endfacet
  facet normal 0.980785 -0.195090 0.000000
    outer loop
      vertex   16.500002 0.999999 8.500000
      vertex   16.500002 0.999999 9.700000
      vertex   16.423881 0.617315 9.700000
    endloop
  endfacet
  facet normal 0.831470 -0.555570 0.000000
    outer loop
      vertex   16.402288 0.584999 8.500000
      vertex   16.423881 0.617315 8.500000
      vertex   16.423881 0.617315 9.700000
    endloop
  endfacet
  facet normal 0.555570 -0.831470 0.000000
    outer loop
      vertex   16.207109 0.292892 8.500000
      vertex   16.207109 0.292892 9.700000
      vertex   15.882685 0.076119 9.700000
    endloop
  endfacet
  facet normal 0.195090 -0.980785 0.000000
    outer loop
      vertex   15.882685 0.076119 8.500000
      vertex   15.882685 0.076119 9.700000
      vertex   15.500002 -0.000001 9.700000
    endloop
  endfacet
  facet normal -0.980785 -0.195090 -0.000000
    outer loop
      vertex   3.200002 0.999999 9.700000
      vertex   3.200002 0.999999 8.500000
      vertex   3.276122 0.617315 8.500000
    endloop
  endfacet
  facet normal -0.831470 -0.555570 0.000000
    outer loop
      vertex   3.492895 0.292892 9.700000
      vertex   3.297715 0.584999 9.700000
      vertex   3.297715 0.584999 8.500000
    endloop
  endfacet
  facet normal -0.831470 -0.555570 0.000000
    outer loop
      vertex   3.297715 0.584999 8.500000
      vertex   3.297715 0.584999 9.700000
      vertex   3.276122 0.617315 9.700000
    endloop
  endfacet
  facet normal -0.831470 -0.555570 -0.000000
    outer loop
      vertex   3.276122 0.617315 9.700000
      vertex   3.276122 0.617315 8.500000
      vertex   3.297715 0.584999 8.500000
    endloop
  endfacet
  facet normal -0.555570 -0.831470 -0.000000
    outer loop
      vertex   3.492895 0.292892 9.700000
      vertex   3.492895 0.292892 8.500000
      vertex   3.817318 0.076119 8.500000
    endloop
  endfacet
  facet normal -0.195090 -0.980785 -0.000000
    outer loop
      vertex   3.817318 0.076119 9.700000
      vertex   3.817318 0.076119 8.500000
      vertex   4.200002 -0.000001 8.500000
    endloop
  endfacet
  facet normal -0.195090 -0.980785 0.000000
    outer loop
      vertex   4.200002 -0.000001 8.500000
      vertex   4.200002 -0.000001 9.700000
      vertex   3.817318 0.076119 9.700000
    endloop
  endfacet
  facet normal -0.555570 -0.831470 0.000000
    outer loop
      vertex   3.817318 0.076119 8.500000
      vertex   3.817318 0.076119 9.700000
      vertex   3.492895 0.292892 9.700000
    endloop
  endfacet
  facet normal -0.831470 -0.555570 0.000000
    outer loop
      vertex   3.297715 0.584999 8.500000
      vertex   3.492895 0.292892 8.500000
      vertex   3.492895 0.292892 9.700000
    endloop
  endfacet
  facet normal -0.980785 -0.195090 0.000000
    outer loop
      vertex   3.276122 0.617315 8.500000
      vertex   3.276122 0.617315 9.700000
      vertex   3.200002 0.999999 9.700000
    endloop
  endfacet
  facet normal -0.195090 0.980785 0.000000
    outer loop
      vertex   4.200002 32.899999 9.700000
      vertex   4.200002 32.899999 8.500000
      vertex   3.817318 32.823878 8.500000
    endloop
  endfacet
  facet normal -0.555570 0.831470 0.000000
    outer loop
      vertex   3.817318 32.823878 9.700000
      vertex   3.817318 32.823878 8.500000
      vertex   3.492895 32.607105 8.500000
    endloop
  endfacet
  facet normal -0.831470 0.555570 0.000000
    outer loop
      vertex   3.492895 32.607105 9.700000
      vertex   3.492895 32.607105 8.500000
      vertex   3.276122 32.282682 8.500000
    endloop
  endfacet
  facet normal -0.980785 0.195090 0.000000
    outer loop
      vertex   3.276122 32.282682 9.700000
      vertex   3.276122 32.282682 8.500000
      vertex   3.200002 31.899999 8.500000
    endloop
  endfacet
  facet normal -0.980785 0.195090 0.000000
    outer loop
      vertex   3.200002 31.899999 8.500000
      vertex   3.200002 31.899999 9.700000
      vertex   3.276122 32.282682 9.700000
    endloop
  endfacet
  facet normal -0.831470 0.555570 0.000000
    outer loop
      vertex   3.276122 32.282682 8.500000
      vertex   3.276122 32.282682 9.700000
      vertex   3.492895 32.607105 9.700000
    endloop
  endfacet
  facet normal -0.555570 0.831470 0.000000
    outer loop
      vertex   3.492895 32.607105 8.500000
      vertex   3.492895 32.607105 9.700000
      vertex   3.817318 32.823878 9.700000
    endloop
  endfacet
  facet normal -0.195090 0.980785 0.000000
    outer loop
      vertex   3.817318 32.823878 8.500000
      vertex   3.817318 32.823878 9.700000
      vertex   4.200002 32.899999 9.700000
    endloop
  endfacet
  facet normal 0.980785 0.195090 0.000000
    outer loop
      vertex   16.500002 31.899999 9.700000
      vertex   16.500002 31.899999 8.500000
      vertex   16.423881 32.282682 8.500000
    endloop
  endfacet
  facet normal 0.831470 0.555570 0.000000
    outer loop
      vertex   16.423881 32.282682 9.700000
      vertex   16.423881 32.282682 8.500000
      vertex   16.207109 32.607105 8.500000
    endloop
  endfacet
  facet normal 0.555570 0.831470 0.000000
    outer loop
      vertex   16.207109 32.607105 9.700000
      vertex   16.207109 32.607105 8.500000
      vertex   15.882685 32.823878 8.500000
    endloop
  endfacet
  facet normal 0.195090 0.980785 0.000000
    outer loop
      vertex   15.882685 32.823878 9.700000
      vertex   15.882685 32.823878 8.500000
      vertex   15.500002 32.899999 8.500000
    endloop
  endfacet
  facet normal 0.195090 0.980785 -0.000000
    outer loop
      vertex   15.500002 32.899999 8.500000
      vertex   15.500002 32.899999 9.700000
      vertex   15.882685 32.823878 9.700000
    endloop
  endfacet
  facet normal 0.555570 0.831470 -0.000000
    outer loop
      vertex   15.882685 32.823878 8.500000
      vertex   15.882685 32.823878 9.700000
      vertex   16.207109 32.607105 9.700000
    endloop
  endfacet
  facet normal 0.831470 0.555570 -0.000000
    outer loop
      vertex   16.207109 32.607105 8.500000
      vertex   16.207109 32.607105 9.700000
      vertex   16.423881 32.282682 9.700000
    endloop
  endfacet
  facet normal 0.980785 0.195090 -0.000000
    outer loop
      vertex   16.423881 32.282682 8.500000
      vertex   16.423881 32.282682 9.700000
      vertex   16.500002 31.899999 9.700000
    endloop
  endfacet
  facet normal 0.980785 0.195090 0.000000
    outer loop
      vertex   16.522838 28.585194 8.500000
      vertex   16.500002 28.699999 8.500000
      vertex   16.500002 28.699999 9.700000
    endloop
  endfacet
  facet normal 0.831470 0.555570 -0.000000
    outer loop
      vertex   16.587870 28.487867 8.500000
      vertex   16.522838 28.585194 8.500000
      vertex   16.522838 28.585194 9.700000
    endloop
  endfacet
  facet normal 0.555570 0.831470 0.000000
    outer loop
      vertex   16.685197 28.422835 8.500000
      vertex   16.587870 28.487867 8.500000
      vertex   16.587870 28.487867 9.700000
    endloop
  endfacet
  facet normal 0.195090 0.980785 0.000000
    outer loop
      vertex   16.800002 28.399999 8.500000
      vertex   16.685197 28.422835 8.500000
      vertex   16.685197 28.422835 9.700000
    endloop
  endfacet
  facet normal 0.195090 0.980785 0.000000
    outer loop
      vertex   16.685197 28.422835 9.700000
      vertex   16.800002 28.399999 9.700000
      vertex   16.800002 28.399999 8.500000
    endloop
  endfacet
  facet normal 0.555570 0.831470 0.000000
    outer loop
      vertex   16.587870 28.487867 9.700000
      vertex   16.685197 28.422835 9.700000
      vertex   16.685197 28.422835 8.500000
    endloop
  endfacet
  facet normal 0.831470 0.555570 -0.000000
    outer loop
      vertex   16.522838 28.585194 9.700000
      vertex   16.587870 28.487867 9.700000
      vertex   16.587870 28.487867 8.500000
    endloop
  endfacet
  facet normal 0.980785 0.195090 0.000000
    outer loop
      vertex   16.500002 28.699999 9.700000
      vertex   16.522838 28.585194 9.700000
      vertex   16.522838 28.585194 8.500000
    endloop
  endfacet
  facet normal -0.195090 0.980785 -0.000000
    outer loop
      vertex   3.014807 28.422835 8.500000
      vertex   2.900002 28.399999 8.500000
      vertex   2.900002 28.399999 9.700000
    endloop
  endfacet
  facet normal -0.555570 0.831470 -0.000000
    outer loop
      vertex   3.112134 28.487867 8.500000
      vertex   3.014807 28.422835 8.500000
      vertex   3.014807 28.422835 9.700000
    endloop
  endfacet
  facet normal -0.831470 0.555570 0.000000
    outer loop
      vertex   3.177166 28.585194 8.500000
      vertex   3.112134 28.487867 8.500000
      vertex   3.112134 28.487867 9.700000
    endloop
  endfacet
  facet normal -0.980785 0.195090 0.000000
    outer loop
      vertex   3.200002 28.699999 8.500000
      vertex   3.177166 28.585194 8.500000
      vertex   3.177166 28.585194 9.700000
    endloop
  endfacet
  facet normal -0.980785 0.195090 0.000000
    outer loop
      vertex   3.177166 28.585194 9.700000
      vertex   3.200002 28.699999 9.700000
      vertex   3.200002 28.699999 8.500000
    endloop
  endfacet
  facet normal -0.831470 0.555570 0.000000
    outer loop
      vertex   3.112134 28.487867 9.700000
      vertex   3.177166 28.585194 9.700000
      vertex   3.177166 28.585194 8.500000
    endloop
  endfacet
  facet normal -0.555570 0.831470 -0.000000
    outer loop
      vertex   3.014807 28.422835 9.700000
      vertex   3.112134 28.487867 9.700000
      vertex   3.112134 28.487867 8.500000
    endloop
  endfacet
  facet normal -0.195090 0.980785 -0.000000
    outer loop
      vertex   2.900002 28.399999 9.700000
      vertex   3.014807 28.422835 9.700000
      vertex   3.014807 28.422835 8.500000
    endloop
  endfacet
  facet normal -0.980785 -0.195090 -0.000000
    outer loop
      vertex   3.177166 4.314804 8.500000
      vertex   3.200002 4.199999 8.500000
      vertex   3.200002 4.199999 9.700000
    endloop
  endfacet
  facet normal -0.831470 -0.555570 0.000000
    outer loop
      vertex   3.112134 4.412131 8.500000
      vertex   3.177166 4.314804 8.500000
      vertex   3.177166 4.314804 9.700000
    endloop
  endfacet
  facet normal -0.555570 -0.831470 0.000000
    outer loop
      vertex   3.014807 4.477162 8.500000
      vertex   3.112134 4.412131 8.500000
      vertex   3.112134 4.412131 9.700000
    endloop
  endfacet
  facet normal -0.195090 -0.980785 -0.000000
    outer loop
      vertex   2.900002 4.499999 8.500000
      vertex   3.014807 4.477162 8.500000
      vertex   3.014807 4.477162 9.700000
    endloop
  endfacet
  facet normal -0.195090 -0.980785 -0.000000
    outer loop
      vertex   3.014807 4.477162 9.700000
      vertex   2.900002 4.499999 9.700000
      vertex   2.900002 4.499999 8.500000
    endloop
  endfacet
  facet normal -0.555570 -0.831470 0.000000
    outer loop
      vertex   3.112134 4.412131 9.700000
      vertex   3.014807 4.477162 9.700000
      vertex   3.014807 4.477162 8.500000
    endloop
  endfacet
  facet normal -0.831470 -0.555570 0.000000
    outer loop
      vertex   3.177166 4.314804 9.700000
      vertex   3.112134 4.412131 9.700000
      vertex   3.112134 4.412131 8.500000
    endloop
  endfacet
  facet normal -0.980785 -0.195090 -0.000000
    outer loop
      vertex   3.200002 4.199999 9.700000
      vertex   3.177166 4.314804 9.700000
      vertex   3.177166 4.314804 8.500000
    endloop
  endfacet
  facet normal 0.195090 -0.980785 -0.000000
    outer loop
      vertex   16.685197 4.477162 8.500000
      vertex   16.800002 4.499999 8.500000
      vertex   16.800002 4.499999 9.700000
    endloop
  endfacet
  facet normal 0.555570 -0.831470 0.000000
    outer loop
      vertex   16.587870 4.412131 8.500000
      vertex   16.685197 4.477162 8.500000
      vertex   16.685197 4.477162 9.700000
    endloop
  endfacet
  facet normal 0.831470 -0.555570 0.000000
    outer loop
      vertex   16.522838 4.314804 8.500000
      vertex   16.587870 4.412131 8.500000
      vertex   16.587870 4.412131 9.700000
    endloop
  endfacet
  facet normal 0.980785 -0.195090 0.000000
    outer loop
      vertex   16.500002 4.199999 8.500000
      vertex   16.522838 4.314804 8.500000
      vertex   16.522838 4.314804 9.700000
    endloop
  endfacet
  facet normal 0.980785 -0.195090 0.000000
    outer loop
      vertex   16.522838 4.314804 9.700000
      vertex   16.500002 4.199999 9.700000
      vertex   16.500002 4.199999 8.500000
    endloop
  endfacet
  facet normal 0.831470 -0.555570 0.000000
    outer loop
      vertex   16.587870 4.412131 9.700000
      vertex   16.522838 4.314804 9.700000
      vertex   16.522838 4.314804 8.500000
    endloop
  endfacet
  facet normal 0.555570 -0.831470 0.000000
    outer loop
      vertex   16.685197 4.477162 9.700000
      vertex   16.587870 4.412131 9.700000
      vertex   16.587870 4.412131 8.500000
    endloop
  endfacet
  facet normal 0.195090 -0.980785 -0.000000
    outer loop
      vertex   16.800002 4.499999 9.700000
      vertex   16.685197 4.477162 9.700000
      vertex   16.685197 4.477162 8.500000
    endloop
  endfacet
  facet normal -0.980785 0.195090 -0.000000
    outer loop
      vertex   12.851941 1.478657 9.700000
      vertex   12.890002 1.669999 9.700000
      vertex   12.890002 1.669999 8.500000
    endloop
  endfacet
  facet normal -0.831470 0.555570 0.000000
    outer loop
      vertex   12.743555 1.316445 9.700000
      vertex   12.851941 1.478657 9.700000
      vertex   12.851941 1.478657 8.500000
    endloop
  endfacet
  facet normal -0.555570 0.831470 0.000000
    outer loop
      vertex   12.581343 1.208059 9.700000
      vertex   12.743555 1.316445 9.700000
      vertex   12.743555 1.316445 8.500000
    endloop
  endfacet
  facet normal -0.195090 0.980785 0.000000
    outer loop
      vertex   12.390002 1.169999 9.700000
      vertex   12.581343 1.208059 9.700000
      vertex   12.581343 1.208059 8.500000
    endloop
  endfacet
  facet normal 0.195090 0.980785 0.000000
    outer loop
      vertex   12.198660 1.208059 9.700000
      vertex   12.390002 1.169999 9.700000
      vertex   12.390002 1.169999 8.500000
    endloop
  endfacet
  facet normal 0.555570 0.831470 0.000000
    outer loop
      vertex   12.036448 1.316445 9.700000
      vertex   12.198660 1.208059 9.700000
      vertex   12.198660 1.208059 8.500000
    endloop
  endfacet
  facet normal 0.831470 0.555570 0.000000
    outer loop
      vertex   11.928062 1.478657 9.700000
      vertex   12.036448 1.316445 9.700000
      vertex   12.036448 1.316445 8.500000
    endloop
  endfacet
  facet normal 0.980785 0.195090 0.000000
    outer loop
      vertex   11.890002 1.669999 9.700000
      vertex   11.928062 1.478657 9.700000
      vertex   11.928062 1.478657 8.500000
    endloop
  endfacet
  facet normal 0.980785 -0.195090 -0.000000
    outer loop
      vertex   11.928062 1.861340 9.700000
      vertex   11.890002 1.669999 9.700000
      vertex   11.890002 1.669999 8.500000
    endloop
  endfacet
  facet normal 0.831470 -0.555570 0.000000
    outer loop
      vertex   12.036448 2.023552 9.700000
      vertex   11.928062 1.861340 9.700000
      vertex   11.928062 1.861340 8.500000
    endloop
  endfacet
  facet normal 0.555570 -0.831470 0.000000
    outer loop
      vertex   12.198660 2.131938 9.700000
      vertex   12.036448 2.023552 9.700000
      vertex   12.036448 2.023552 8.500000
    endloop
  endfacet
  facet normal 0.195090 -0.980785 -0.000000
    outer loop
      vertex   12.390002 2.169999 9.700000
      vertex   12.198660 2.131938 9.700000
      vertex   12.198660 2.131938 8.500000
    endloop
  endfacet
  facet normal -0.195090 -0.980785 0.000000
    outer loop
      vertex   12.581343 2.131938 9.700000
      vertex   12.390002 2.169999 9.700000
      vertex   12.390002 2.169999 8.500000
    endloop
  endfacet
  facet normal -0.555570 -0.831470 0.000000
    outer loop
      vertex   12.743555 2.023552 9.700000
      vertex   12.581343 2.131938 9.700000
      vertex   12.581343 2.131938 8.500000
    endloop
  endfacet
  facet normal -0.831470 -0.555570 0.000000
    outer loop
      vertex   12.851941 1.861340 9.700000
      vertex   12.743555 2.023552 9.700000
      vertex   12.743555 2.023552 8.500000
    endloop
  endfacet
  facet normal -0.980785 -0.195090 0.000000
    outer loop
      vertex   12.890002 1.669999 9.700000
      vertex   12.851941 1.861340 9.700000
      vertex   12.851941 1.861340 8.500000
    endloop
  endfacet
  facet normal -0.980785 -0.195090 0.000000
    outer loop
      vertex   12.851941 1.861340 8.500000
      vertex   12.890002 1.669999 8.500000
      vertex   12.890002 1.669999 9.700000
    endloop
  endfacet
  facet normal -0.831470 -0.555570 0.000000
    outer loop
      vertex   12.743555 2.023552 8.500000
      vertex   12.851941 1.861340 8.500000
      vertex   12.851941 1.861340 9.700000
    endloop
  endfacet
  facet normal -0.555570 -0.831470 0.000000
    outer loop
      vertex   12.581343 2.131938 8.500000
      vertex   12.743555 2.023552 8.500000
      vertex   12.743555 2.023552 9.700000
    endloop
  endfacet
  facet normal -0.195090 -0.980785 0.000000
    outer loop
      vertex   12.390002 2.169999 8.500000
      vertex   12.581343 2.131938 8.500000
      vertex   12.581343 2.131938 9.700000
    endloop
  endfacet
  facet normal 0.195090 -0.980785 -0.000000
    outer loop
      vertex   12.198660 2.131938 8.500000
      vertex   12.390002 2.169999 8.500000
      vertex   12.390002 2.169999 9.700000
    endloop
  endfacet
  facet normal 0.555570 -0.831470 0.000000
    outer loop
      vertex   12.036448 2.023552 8.500000
      vertex   12.198660 2.131938 8.500000
      vertex   12.198660 2.131938 9.700000
    endloop
  endfacet
  facet normal 0.831470 -0.555570 0.000000
    outer loop
      vertex   11.928062 1.861340 8.500000
      vertex   12.036448 2.023552 8.500000
      vertex   12.036448 2.023552 9.700000
    endloop
  endfacet
  facet normal 0.980785 -0.195090 -0.000000
    outer loop
      vertex   11.890002 1.669999 8.500000
      vertex   11.928062 1.861340 8.500000
      vertex   11.928062 1.861340 9.700000
    endloop
  endfacet
  facet normal 0.980785 0.195090 0.000000
    outer loop
      vertex   11.928062 1.478657 8.500000
      vertex   11.890002 1.669999 8.500000
      vertex   11.890002 1.669999 9.700000
    endloop
  endfacet
  facet normal 0.831470 0.555570 0.000000
    outer loop
      vertex   12.036448 1.316445 8.500000
      vertex   11.928062 1.478657 8.500000
      vertex   11.928062 1.478657 9.700000
    endloop
  endfacet
  facet normal 0.555570 0.831470 0.000000
    outer loop
      vertex   12.198660 1.208059 8.500000
      vertex   12.036448 1.316445 8.500000
      vertex   12.036448 1.316445 9.700000
    endloop
  endfacet
  facet normal 0.195090 0.980785 0.000000
    outer loop
      vertex   12.390002 1.169999 8.500000
      vertex   12.198660 1.208059 8.500000
      vertex   12.198660 1.208059 9.700000
    endloop
  endfacet
  facet normal -0.195090 0.980785 0.000000
    outer loop
      vertex   12.581343 1.208059 8.500000
      vertex   12.390002 1.169999 8.500000
      vertex   12.390002 1.169999 9.700000
    endloop
  endfacet
  facet normal -0.555570 0.831470 0.000000
    outer loop
      vertex   12.743555 1.316445 8.500000
      vertex   12.581343 1.208059 8.500000
      vertex   12.581343 1.208059 9.700000
    endloop
  endfacet
  facet normal -0.831470 0.555570 0.000000
    outer loop
      vertex   12.851941 1.478657 8.500000
      vertex   12.743555 1.316445 8.500000
      vertex   12.743555 1.316445 9.700000
    endloop
  endfacet
  facet normal -0.980785 0.195090 -0.000000
    outer loop
      vertex   12.890002 1.669999 8.500000
      vertex   12.851941 1.478657 8.500000
      vertex   12.851941 1.478657 9.700000
    endloop
  endfacet
  facet normal -0.980785 0.195090 0.000000
    outer loop
      vertex   15.391941 1.478657 9.700000
      vertex   15.430002 1.669999 9.700000
      vertex   15.430002 1.669999 8.500000
    endloop
  endfacet
  facet normal -0.831470 0.555570 0.000000
    outer loop
      vertex   15.283555 1.316445 9.700000
      vertex   15.391941 1.478657 9.700000
      vertex   15.391941 1.478657 8.500000
    endloop
  endfacet
  facet normal -0.555570 0.831470 0.000000
    outer loop
      vertex   15.121343 1.208059 9.700000
      vertex   15.283555 1.316445 9.700000
      vertex   15.283555 1.316445 8.500000
    endloop
  endfacet
  facet normal -0.195090 0.980785 0.000000
    outer loop
      vertex   14.930002 1.169999 9.700000
      vertex   15.121343 1.208059 9.700000
      vertex   15.121343 1.208059 8.500000
    endloop
  endfacet
  facet normal 0.195090 0.980785 0.000000
    outer loop
      vertex   14.738660 1.208059 9.700000
      vertex   14.930002 1.169999 9.700000
      vertex   14.930002 1.169999 8.500000
    endloop
  endfacet
  facet normal 0.555570 0.831470 0.000000
    outer loop
      vertex   14.576448 1.316445 9.700000
      vertex   14.738660 1.208059 9.700000
      vertex   14.738660 1.208059 8.500000
    endloop
  endfacet
  facet normal 0.831470 0.555570 0.000000
    outer loop
      vertex   14.468062 1.478657 9.700000
      vertex   14.576448 1.316445 9.700000
      vertex   14.576448 1.316445 8.500000
    endloop
  endfacet
  facet normal 0.980785 0.195090 -0.000000
    outer loop
      vertex   14.430002 1.669999 9.700000
      vertex   14.468062 1.478657 9.700000
      vertex   14.468062 1.478657 8.500000
    endloop
  endfacet
  facet normal 0.980785 -0.195090 0.000000
    outer loop
      vertex   14.468062 1.861340 9.700000
      vertex   14.430002 1.669999 9.700000
      vertex   14.430002 1.669999 8.500000
    endloop
  endfacet
  facet normal 0.831470 -0.555570 0.000000
    outer loop
      vertex   14.576448 2.023552 9.700000
      vertex   14.468062 1.861340 9.700000
      vertex   14.468062 1.861340 8.500000
    endloop
  endfacet
  facet normal 0.555570 -0.831470 0.000000
    outer loop
      vertex   14.738660 2.131938 9.700000
      vertex   14.576448 2.023552 9.700000
      vertex   14.576448 2.023552 8.500000
    endloop
  endfacet
  facet normal 0.195090 -0.980785 0.000000
    outer loop
      vertex   14.930002 2.169999 9.700000
      vertex   14.738660 2.131938 9.700000
      vertex   14.738660 2.131938 8.500000
    endloop
  endfacet
  facet normal -0.195090 -0.980785 0.000000
    outer loop
      vertex   15.121343 2.131938 9.700000
      vertex   14.930002 2.169999 9.700000
      vertex   14.930002 2.169999 8.500000
    endloop
  endfacet
  facet normal -0.555570 -0.831470 0.000000
    outer loop
      vertex   15.283555 2.023552 9.700000
      vertex   15.121343 2.131938 9.700000
      vertex   15.121343 2.131938 8.500000
    endloop
  endfacet
  facet normal -0.831470 -0.555570 0.000000
    outer loop
      vertex   15.391941 1.861340 9.700000
      vertex   15.283555 2.023552 9.700000
      vertex   15.283555 2.023552 8.500000
    endloop
  endfacet
  facet normal -0.980785 -0.195090 -0.000000
    outer loop
      vertex   15.430002 1.669999 9.700000
      vertex   15.391941 1.861340 9.700000
      vertex   15.391941 1.861340 8.500000
    endloop
  endfacet
  facet normal -0.980785 -0.195090 -0.000000
    outer loop
      vertex   15.391941 1.861340 8.500000
      vertex   15.430002 1.669999 8.500000
      vertex   15.430002 1.669999 9.700000
    endloop
  endfacet
  facet normal -0.831470 -0.555570 0.000000
    outer loop
      vertex   15.283555 2.023552 8.500000
      vertex   15.391941 1.861340 8.500000
      vertex   15.391941 1.861340 9.700000
    endloop
  endfacet
  facet normal -0.555570 -0.831470 0.000000
    outer loop
      vertex   15.121343 2.131938 8.500000
      vertex   15.283555 2.023552 8.500000
      vertex   15.283555 2.023552 9.700000
    endloop
  endfacet
  facet normal -0.195090 -0.980785 0.000000
    outer loop
      vertex   14.930002 2.169999 8.500000
      vertex   15.121343 2.131938 8.500000
      vertex   15.121343 2.131938 9.700000
    endloop
  endfacet
  facet normal 0.195090 -0.980785 0.000000
    outer loop
      vertex   14.738660 2.131938 8.500000
      vertex   14.930002 2.169999 8.500000
      vertex   14.930002 2.169999 9.700000
    endloop
  endfacet
  facet normal 0.555570 -0.831470 0.000000
    outer loop
      vertex   14.576448 2.023552 8.500000
      vertex   14.738660 2.131938 8.500000
      vertex   14.738660 2.131938 9.700000
    endloop
  endfacet
  facet normal 0.831470 -0.555570 0.000000
    outer loop
      vertex   14.468062 1.861340 8.500000
      vertex   14.576448 2.023552 8.500000
      vertex   14.576448 2.023552 9.700000
    endloop
  endfacet
  facet normal 0.980785 -0.195090 0.000000
    outer loop
      vertex   14.430002 1.669999 8.500000
      vertex   14.468062 1.861340 8.500000
      vertex   14.468062 1.861340 9.700000
    endloop
  endfacet
  facet normal 0.980785 0.195090 -0.000000
    outer loop
      vertex   14.468062 1.478657 8.500000
      vertex   14.430002 1.669999 8.500000
      vertex   14.430002 1.669999 9.700000
    endloop
  endfacet
  facet normal 0.831470 0.555570 0.000000
    outer loop
      vertex   14.576448 1.316445 8.500000
      vertex   14.468062 1.478657 8.500000
      vertex   14.468062 1.478657 9.700000
    endloop
  endfacet
  facet normal 0.555570 0.831470 0.000000
    outer loop
      vertex   14.738660 1.208059 8.500000
      vertex   14.576448 1.316445 8.500000
      vertex   14.576448 1.316445 9.700000
    endloop
  endfacet
  facet normal 0.195090 0.980785 0.000000
    outer loop
      vertex   14.930002 1.169999 8.500000
      vertex   14.738660 1.208059 8.500000
      vertex   14.738660 1.208059 9.700000
    endloop
  endfacet
  facet normal -0.195090 0.980785 0.000000
    outer loop
      vertex   15.121343 1.208059 8.500000
      vertex   14.930002 1.169999 8.500000
      vertex   14.930002 1.169999 9.700000
    endloop
  endfacet
  facet normal -0.555570 0.831470 0.000000
    outer loop
      vertex   15.283555 1.316445 8.500000
      vertex   15.121343 1.208059 8.500000
      vertex   15.121343 1.208059 9.700000
    endloop
  endfacet
  facet normal -0.831470 0.555570 0.000000
    outer loop
      vertex   15.391941 1.478657 8.500000
      vertex   15.283555 1.316445 8.500000
      vertex   15.283555 1.316445 9.700000
    endloop
  endfacet
  facet normal -0.980785 0.195090 0.000000
    outer loop
      vertex   15.430002 1.669999 8.500000
      vertex   15.391941 1.478657 8.500000
      vertex   15.391941 1.478657 9.700000
    endloop
  endfacet
  facet normal -0.980785 0.195090 0.000000
    outer loop
      vertex   7.771941 1.478657 9.700000
      vertex   7.810002 1.669999 9.700000
      vertex   7.810002 1.669999 8.500000
    endloop
  endfacet
  facet normal -0.831470 0.555570 0.000000
    outer loop
      vertex   7.663555 1.316445 9.700000
      vertex   7.771941 1.478657 9.700000
      vertex   7.771941 1.478657 8.500000
    endloop
  endfacet
  facet normal -0.555570 0.831470 0.000000
    outer loop
      vertex   7.501343 1.208059 9.700000
      vertex   7.663555 1.316445 9.700000
      vertex   7.663555 1.316445 8.500000
    endloop
  endfacet
  facet normal -0.195090 0.980785 -0.000000
    outer loop
      vertex   7.310002 1.169999 9.700000
      vertex   7.501343 1.208059 9.700000
      vertex   7.501343 1.208059 8.500000
    endloop
  endfacet
  facet normal 0.195090 0.980785 0.000000
    outer loop
      vertex   7.118660 1.208059 9.700000
      vertex   7.310002 1.169999 9.700000
      vertex   7.310002 1.169999 8.500000
    endloop
  endfacet
  facet normal 0.555570 0.831470 0.000000
    outer loop
      vertex   6.956448 1.316445 9.700000
      vertex   7.118660 1.208059 9.700000
      vertex   7.118660 1.208059 8.500000
    endloop
  endfacet
  facet normal 0.831470 0.555570 -0.000000
    outer loop
      vertex   6.848062 1.478657 9.700000
      vertex   6.956448 1.316445 9.700000
      vertex   6.956448 1.316445 8.500000
    endloop
  endfacet
  facet normal 0.980785 0.195090 -0.000000
    outer loop
      vertex   6.810002 1.669999 9.700000
      vertex   6.848062 1.478657 9.700000
      vertex   6.848062 1.478657 8.500000
    endloop
  endfacet
  facet normal 0.980785 -0.195090 0.000000
    outer loop
      vertex   6.848062 1.861340 9.700000
      vertex   6.810002 1.669999 9.700000
      vertex   6.810002 1.669999 8.500000
    endloop
  endfacet
  facet normal 0.831470 -0.555570 0.000000
    outer loop
      vertex   6.956448 2.023552 9.700000
      vertex   6.848062 1.861340 9.700000
      vertex   6.848062 1.861340 8.500000
    endloop
  endfacet
  facet normal 0.555570 -0.831470 0.000000
    outer loop
      vertex   7.118660 2.131938 9.700000
      vertex   6.956448 2.023552 9.700000
      vertex   6.956448 2.023552 8.500000
    endloop
  endfacet
  facet normal 0.195090 -0.980785 -0.000000
    outer loop
      vertex   7.310002 2.169999 9.700000
      vertex   7.118660 2.131938 9.700000
      vertex   7.118660 2.131938 8.500000
    endloop
  endfacet
  facet normal -0.195090 -0.980785 0.000000
    outer loop
      vertex   7.501343 2.131938 9.700000
      vertex   7.310002 2.169999 9.700000
      vertex   7.310002 2.169999 8.500000
    endloop
  endfacet
  facet normal -0.555570 -0.831470 0.000000
    outer loop
      vertex   7.663555 2.023552 9.700000
      vertex   7.501343 2.131938 9.700000
      vertex   7.501343 2.131938 8.500000
    endloop
  endfacet
  facet normal -0.831470 -0.555570 0.000000
    outer loop
      vertex   7.771941 1.861340 9.700000
      vertex   7.663555 2.023552 9.700000
      vertex   7.663555 2.023552 8.500000
    endloop
  endfacet
  facet normal -0.980785 -0.195090 0.000000
    outer loop
      vertex   7.810002 1.669999 9.700000
      vertex   7.771941 1.861340 9.700000
      vertex   7.771941 1.861340 8.500000
    endloop
  endfacet
  facet normal -0.980785 -0.195090 0.000000
    outer loop
      vertex   7.771941 1.861340 8.500000
      vertex   7.810002 1.669999 8.500000
      vertex   7.810002 1.669999 9.700000
    endloop
  endfacet
  facet normal -0.831470 -0.555570 0.000000
    outer loop
      vertex   7.663555 2.023552 8.500000
      vertex   7.771941 1.861340 8.500000
      vertex   7.771941 1.861340 9.700000
    endloop
  endfacet
  facet normal -0.555570 -0.831470 0.000000
    outer loop
      vertex   7.501343 2.131938 8.500000
      vertex   7.663555 2.023552 8.500000
      vertex   7.663555 2.023552 9.700000
    endloop
  endfacet
  facet normal -0.195090 -0.980785 0.000000
    outer loop
      vertex   7.310002 2.169999 8.500000
      vertex   7.501343 2.131938 8.500000
      vertex   7.501343 2.131938 9.700000
    endloop
  endfacet
  facet normal 0.195090 -0.980785 -0.000000
    outer loop
      vertex   7.118660 2.131938 8.500000
      vertex   7.310002 2.169999 8.500000
      vertex   7.310002 2.169999 9.700000
    endloop
  endfacet
  facet normal 0.555570 -0.831470 0.000000
    outer loop
      vertex   6.956448 2.023552 8.500000
      vertex   7.118660 2.131938 8.500000
      vertex   7.118660 2.131938 9.700000
    endloop
  endfacet
  facet normal 0.831470 -0.555570 0.000000
    outer loop
      vertex   6.848062 1.861340 8.500000
      vertex   6.956448 2.023552 8.500000
      vertex   6.956448 2.023552 9.700000
    endloop
  endfacet
  facet normal 0.980785 -0.195090 0.000000
    outer loop
      vertex   6.810002 1.669999 8.500000
      vertex   6.848062 1.861340 8.500000
      vertex   6.848062 1.861340 9.700000
    endloop
  endfacet
  facet normal 0.980785 0.195090 -0.000000
    outer loop
      vertex   6.848062 1.478657 8.500000
      vertex   6.810002 1.669999 8.500000
      vertex   6.810002 1.669999 9.700000
    endloop
  endfacet
  facet normal 0.831470 0.555570 -0.000000
    outer loop
      vertex   6.956448 1.316445 8.500000
      vertex   6.848062 1.478657 8.500000
      vertex   6.848062 1.478657 9.700000
    endloop
  endfacet
  facet normal 0.555570 0.831470 0.000000
    outer loop
      vertex   7.118660 1.208059 8.500000
      vertex   6.956448 1.316445 8.500000
      vertex   6.956448 1.316445 9.700000
    endloop
  endfacet
  facet normal 0.195090 0.980785 0.000000
    outer loop
      vertex   7.310002 1.169999 8.500000
      vertex   7.118660 1.208059 8.500000
      vertex   7.118660 1.208059 9.700000
    endloop
  endfacet
  facet normal -0.195090 0.980785 -0.000000
    outer loop
      vertex   7.501343 1.208059 8.500000
      vertex   7.310002 1.169999 8.500000
      vertex   7.310002 1.169999 9.700000
    endloop
  endfacet
  facet normal -0.555570 0.831470 0.000000
    outer loop
      vertex   7.663555 1.316445 8.500000
      vertex   7.501343 1.208059 8.500000
      vertex   7.501343 1.208059 9.700000
    endloop
  endfacet
  facet normal -0.831470 0.555570 0.000000
    outer loop
      vertex   7.771941 1.478657 8.500000
      vertex   7.663555 1.316445 8.500000
      vertex   7.663555 1.316445 9.700000
    endloop
  endfacet
  facet normal -0.980785 0.195090 0.000000
    outer loop
      vertex   7.810002 1.669999 8.500000
      vertex   7.771941 1.478657 8.500000
      vertex   7.771941 1.478657 9.700000
    endloop
  endfacet
  facet normal -0.980785 0.195090 -0.000000
    outer loop
      vertex   5.231941 1.478657 9.700000
      vertex   5.270002 1.669999 9.700000
      vertex   5.270002 1.669999 8.500000
    endloop
  endfacet
  facet normal -0.831470 0.555570 -0.000000
    outer loop
      vertex   5.123555 1.316445 9.700000
      vertex   5.231941 1.478657 9.700000
      vertex   5.231941 1.478657 8.500000
    endloop
  endfacet
  facet normal -0.555570 0.831470 0.000000
    outer loop
      vertex   4.961343 1.208059 9.700000
      vertex   5.123555 1.316445 9.700000
      vertex   5.123555 1.316445 8.500000
    endloop
  endfacet
  facet normal -0.195090 0.980785 -0.000000
    outer loop
      vertex   4.770002 1.169999 9.700000
      vertex   4.961343 1.208059 9.700000
      vertex   4.961343 1.208059 8.500000
    endloop
  endfacet
  facet normal 0.195090 0.980785 0.000000
    outer loop
      vertex   4.578660 1.208059 9.700000
      vertex   4.770002 1.169999 9.700000
      vertex   4.770002 1.169999 8.500000
    endloop
  endfacet
  facet normal 0.555570 0.831470 0.000000
    outer loop
      vertex   4.416448 1.316445 9.700000
      vertex   4.578660 1.208059 9.700000
      vertex   4.578660 1.208059 8.500000
    endloop
  endfacet
  facet normal 0.831470 0.555570 0.000000
    outer loop
      vertex   4.308062 1.478657 9.700000
      vertex   4.416448 1.316445 9.700000
      vertex   4.416448 1.316445 8.500000
    endloop
  endfacet
  facet normal 0.980785 0.195090 0.000000
    outer loop
      vertex   4.270002 1.669999 9.700000
      vertex   4.308062 1.478657 9.700000
      vertex   4.308062 1.478657 8.500000
    endloop
  endfacet
  facet normal 0.980785 -0.195090 -0.000000
    outer loop
      vertex   4.308062 1.861340 9.700000
      vertex   4.270002 1.669999 9.700000
      vertex   4.270002 1.669999 8.500000
    endloop
  endfacet
  facet normal 0.831470 -0.555570 -0.000000
    outer loop
      vertex   4.416448 2.023552 9.700000
      vertex   4.308062 1.861340 9.700000
      vertex   4.308062 1.861340 8.500000
    endloop
  endfacet
  facet normal 0.555570 -0.831470 0.000000
    outer loop
      vertex   4.578660 2.131938 9.700000
      vertex   4.416448 2.023552 9.700000
      vertex   4.416448 2.023552 8.500000
    endloop
  endfacet
  facet normal 0.195090 -0.980785 -0.000000
    outer loop
      vertex   4.770002 2.169999 9.700000
      vertex   4.578660 2.131938 9.700000
      vertex   4.578660 2.131938 8.500000
    endloop
  endfacet
  facet normal -0.195090 -0.980785 0.000000
    outer loop
      vertex   4.961343 2.131938 9.700000
      vertex   4.770002 2.169999 9.700000
      vertex   4.770002 2.169999 8.500000
    endloop
  endfacet
  facet normal -0.555570 -0.831470 0.000000
    outer loop
      vertex   5.123555 2.023552 9.700000
      vertex   4.961343 2.131938 9.700000
      vertex   4.961343 2.131938 8.500000
    endloop
  endfacet
  facet normal -0.831470 -0.555570 0.000000
    outer loop
      vertex   5.231941 1.861340 9.700000
      vertex   5.123555 2.023552 9.700000
      vertex   5.123555 2.023552 8.500000
    endloop
  endfacet
  facet normal -0.980785 -0.195090 0.000000
    outer loop
      vertex   5.270002 1.669999 9.700000
      vertex   5.231941 1.861340 9.700000
      vertex   5.231941 1.861340 8.500000
    endloop
  endfacet
  facet normal -0.980785 -0.195090 0.000000
    outer loop
      vertex   5.231941 1.861340 8.500000
      vertex   5.270002 1.669999 8.500000
      vertex   5.270002 1.669999 9.700000
    endloop
  endfacet
  facet normal -0.831470 -0.555570 0.000000
    outer loop
      vertex   5.123555 2.023552 8.500000
      vertex   5.231941 1.861340 8.500000
      vertex   5.231941 1.861340 9.700000
    endloop
  endfacet
  facet normal -0.555570 -0.831470 0.000000
    outer loop
      vertex   4.961343 2.131938 8.500000
      vertex   5.123555 2.023552 8.500000
      vertex   5.123555 2.023552 9.700000
    endloop
  endfacet
  facet normal -0.195090 -0.980785 0.000000
    outer loop
      vertex   4.770002 2.169999 8.500000
      vertex   4.961343 2.131938 8.500000
      vertex   4.961343 2.131938 9.700000
    endloop
  endfacet
  facet normal 0.195090 -0.980785 -0.000000
    outer loop
      vertex   4.578660 2.131938 8.500000
      vertex   4.770002 2.169999 8.500000
      vertex   4.770002 2.169999 9.700000
    endloop
  endfacet
  facet normal 0.555570 -0.831470 0.000000
    outer loop
      vertex   4.416448 2.023552 8.500000
      vertex   4.578660 2.131938 8.500000
      vertex   4.578660 2.131938 9.700000
    endloop
  endfacet
  facet normal 0.831470 -0.555570 -0.000000
    outer loop
      vertex   4.308062 1.861340 8.500000
      vertex   4.416448 2.023552 8.500000
      vertex   4.416448 2.023552 9.700000
    endloop
  endfacet
  facet normal 0.980785 -0.195090 -0.000000
    outer loop
      vertex   4.270002 1.669999 8.500000
      vertex   4.308062 1.861340 8.500000
      vertex   4.308062 1.861340 9.700000
    endloop
  endfacet
  facet normal 0.980785 0.195090 0.000000
    outer loop
      vertex   4.308062 1.478657 8.500000
      vertex   4.270002 1.669999 8.500000
      vertex   4.270002 1.669999 9.700000
    endloop
  endfacet
  facet normal 0.831470 0.555570 0.000000
    outer loop
      vertex   4.416448 1.316445 8.500000
      vertex   4.308062 1.478657 8.500000
      vertex   4.308062 1.478657 9.700000
    endloop
  endfacet
  facet normal 0.555570 0.831470 0.000000
    outer loop
      vertex   4.578660 1.208059 8.500000
      vertex   4.416448 1.316445 8.500000
      vertex   4.416448 1.316445 9.700000
    endloop
  endfacet
  facet normal 0.195090 0.980785 0.000000
    outer loop
      vertex   4.770002 1.169999 8.500000
      vertex   4.578660 1.208059 8.500000
      vertex   4.578660 1.208059 9.700000
    endloop
  endfacet
  facet normal -0.195090 0.980785 -0.000000
    outer loop
      vertex   4.961343 1.208059 8.500000
      vertex   4.770002 1.169999 8.500000
      vertex   4.770002 1.169999 9.700000
    endloop
  endfacet
  facet normal -0.555570 0.831470 0.000000
    outer loop
      vertex   5.123555 1.316445 8.500000
      vertex   4.961343 1.208059 8.500000
      vertex   4.961343 1.208059 9.700000
    endloop
  endfacet
  facet normal -0.831470 0.555570 -0.000000
    outer loop
      vertex   5.231941 1.478657 8.500000
      vertex   5.123555 1.316445 8.500000
      vertex   5.123555 1.316445 9.700000
    endloop
  endfacet
  facet normal -0.980785 0.195090 -0.000000
    outer loop
      vertex   5.270002 1.669999 8.500000
      vertex   5.231941 1.478657 8.500000
      vertex   5.231941 1.478657 9.700000
    endloop
  endfacet
  facet normal -0.980785 0.195090 0.000000
    outer loop
      vertex   10.311941 30.978657 9.700000
      vertex   10.350002 31.169999 9.700000
      vertex   10.350002 31.169999 8.500000
    endloop
  endfacet
  facet normal -0.831470 0.555570 0.000000
    outer loop
      vertex   10.203555 30.816445 9.700000
      vertex   10.311941 30.978657 9.700000
      vertex   10.311941 30.978657 8.500000
    endloop
  endfacet
  facet normal -0.555570 0.831470 0.000000
    outer loop
      vertex   10.041343 30.708059 9.700000
      vertex   10.203555 30.816445 9.700000
      vertex   10.203555 30.816445 8.500000
    endloop
  endfacet
  facet normal -0.195090 0.980785 -0.000000
    outer loop
      vertex   9.850002 30.669999 9.700000
      vertex   10.041343 30.708059 9.700000
      vertex   10.041343 30.708059 8.500000
    endloop
  endfacet
  facet normal 0.195090 0.980785 0.000000
    outer loop
      vertex   9.658660 30.708059 9.700000
      vertex   9.850002 30.669999 9.700000
      vertex   9.850002 30.669999 8.500000
    endloop
  endfacet
  facet normal 0.555570 0.831470 0.000000
    outer loop
      vertex   9.496448 30.816445 9.700000
      vertex   9.658660 30.708059 9.700000
      vertex   9.658660 30.708059 8.500000
    endloop
  endfacet
  facet normal 0.831470 0.555570 0.000000
    outer loop
      vertex   9.388062 30.978657 9.700000
      vertex   9.496448 30.816445 9.700000
      vertex   9.496448 30.816445 8.500000
    endloop
  endfacet
  facet normal 0.980785 0.195090 -0.000000
    outer loop
      vertex   9.350002 31.169999 9.700000
      vertex   9.388062 30.978657 9.700000
      vertex   9.388062 30.978657 8.500000
    endloop
  endfacet
  facet normal 0.980785 -0.195090 0.000000
    outer loop
      vertex   9.388062 31.361340 9.700000
      vertex   9.350002 31.169999 9.700000
      vertex   9.350002 31.169999 8.500000
    endloop
  endfacet
  facet normal 0.831470 -0.555570 0.000000
    outer loop
      vertex   9.496448 31.523552 9.700000
      vertex   9.388062 31.361340 9.700000
      vertex   9.388062 31.361340 8.500000
    endloop
  endfacet
  facet normal 0.555570 -0.831470 0.000000
    outer loop
      vertex   9.658660 31.631938 9.700000
      vertex   9.496448 31.523552 9.700000
      vertex   9.496448 31.523552 8.500000
    endloop
  endfacet
  facet normal 0.195090 -0.980785 0.000000
    outer loop
      vertex   9.850002 31.669999 9.700000
      vertex   9.658660 31.631938 9.700000
      vertex   9.658660 31.631938 8.500000
    endloop
  endfacet
  facet normal -0.195090 -0.980785 0.000000
    outer loop
      vertex   10.041343 31.631938 9.700000
      vertex   9.850002 31.669999 9.700000
      vertex   9.850002 31.669999 8.500000
    endloop
  endfacet
  facet normal -0.555570 -0.831470 0.000000
    outer loop
      vertex   10.203555 31.523552 9.700000
      vertex   10.041343 31.631938 9.700000
      vertex   10.041343 31.631938 8.500000
    endloop
  endfacet
  facet normal -0.831470 -0.555570 0.000000
    outer loop
      vertex   10.311941 31.361340 9.700000
      vertex   10.203555 31.523552 9.700000
      vertex   10.203555 31.523552 8.500000
    endloop
  endfacet
  facet normal -0.980785 -0.195090 -0.000000
    outer loop
      vertex   10.350002 31.169999 9.700000
      vertex   10.311941 31.361340 9.700000
      vertex   10.311941 31.361340 8.500000
    endloop
  endfacet
  facet normal -0.980785 -0.195090 -0.000000
    outer loop
      vertex   10.311941 31.361340 8.500000
      vertex   10.350002 31.169999 8.500000
      vertex   10.350002 31.169999 9.700000
    endloop
  endfacet
  facet normal -0.831470 -0.555570 0.000000
    outer loop
      vertex   10.203555 31.523552 8.500000
      vertex   10.311941 31.361340 8.500000
      vertex   10.311941 31.361340 9.700000
    endloop
  endfacet
  facet normal -0.555570 -0.831470 0.000000
    outer loop
      vertex   10.041343 31.631938 8.500000
      vertex   10.203555 31.523552 8.500000
      vertex   10.203555 31.523552 9.700000
    endloop
  endfacet
  facet normal -0.195090 -0.980785 0.000000
    outer loop
      vertex   9.850002 31.669999 8.500000
      vertex   10.041343 31.631938 8.500000
      vertex   10.041343 31.631938 9.700000
    endloop
  endfacet
  facet normal 0.195090 -0.980785 0.000000
    outer loop
      vertex   9.658660 31.631938 8.500000
      vertex   9.850002 31.669999 8.500000
      vertex   9.850002 31.669999 9.700000
    endloop
  endfacet
  facet normal 0.555570 -0.831470 0.000000
    outer loop
      vertex   9.496448 31.523552 8.500000
      vertex   9.658660 31.631938 8.500000
      vertex   9.658660 31.631938 9.700000
    endloop
  endfacet
  facet normal 0.831470 -0.555570 0.000000
    outer loop
      vertex   9.388062 31.361340 8.500000
      vertex   9.496448 31.523552 8.500000
      vertex   9.496448 31.523552 9.700000
    endloop
  endfacet
  facet normal 0.980785 -0.195090 0.000000
    outer loop
      vertex   9.350002 31.169999 8.500000
      vertex   9.388062 31.361340 8.500000
      vertex   9.388062 31.361340 9.700000
    endloop
  endfacet
  facet normal 0.980785 0.195090 -0.000000
    outer loop
      vertex   9.388062 30.978657 8.500000
      vertex   9.350002 31.169999 8.500000
      vertex   9.350002 31.169999 9.700000
    endloop
  endfacet
  facet normal 0.831470 0.555570 0.000000
    outer loop
      vertex   9.496448 30.816445 8.500000
      vertex   9.388062 30.978657 8.500000
      vertex   9.388062 30.978657 9.700000
    endloop
  endfacet
  facet normal 0.555570 0.831470 0.000000
    outer loop
      vertex   9.658660 30.708059 8.500000
      vertex   9.496448 30.816445 8.500000
      vertex   9.496448 30.816445 9.700000
    endloop
  endfacet
  facet normal 0.195090 0.980785 0.000000
    outer loop
      vertex   9.850002 30.669999 8.500000
      vertex   9.658660 30.708059 8.500000
      vertex   9.658660 30.708059 9.700000
    endloop
  endfacet
  facet normal -0.195090 0.980785 -0.000000
    outer loop
      vertex   10.041343 30.708059 8.500000
      vertex   9.850002 30.669999 8.500000
      vertex   9.850002 30.669999 9.700000
    endloop
  endfacet
  facet normal -0.555570 0.831470 0.000000
    outer loop
      vertex   10.203555 30.816445 8.500000
      vertex   10.041343 30.708059 8.500000
      vertex   10.041343 30.708059 9.700000
    endloop
  endfacet
  facet normal -0.831470 0.555570 0.000000
    outer loop
      vertex   10.311941 30.978657 8.500000
      vertex   10.203555 30.816445 8.500000
      vertex   10.203555 30.816445 9.700000
    endloop
  endfacet
  facet normal -0.980785 0.195090 0.000000
    outer loop
      vertex   10.350002 31.169999 8.500000
      vertex   10.311941 30.978657 8.500000
      vertex   10.311941 30.978657 9.700000
    endloop
  endfacet
  facet normal -0.980785 0.195090 -0.000000
    outer loop
      vertex   12.851941 30.978657 9.700000
      vertex   12.890002 31.169999 9.700000
      vertex   12.890002 31.169999 8.500000
    endloop
  endfacet
  facet normal -0.831470 0.555570 0.000000
    outer loop
      vertex   12.743555 30.816445 9.700000
      vertex   12.851941 30.978657 9.700000
      vertex   12.851941 30.978657 8.500000
    endloop
  endfacet
  facet normal -0.555570 0.831470 0.000000
    outer loop
      vertex   12.581343 30.708059 9.700000
      vertex   12.743555 30.816445 9.700000
      vertex   12.743555 30.816445 8.500000
    endloop
  endfacet
  facet normal -0.195090 0.980785 -0.000000
    outer loop
      vertex   12.390002 30.669999 9.700000
      vertex   12.581343 30.708059 9.700000
      vertex   12.581343 30.708059 8.500000
    endloop
  endfacet
  facet normal 0.195090 0.980785 0.000000
    outer loop
      vertex   12.198660 30.708059 9.700000
      vertex   12.390002 30.669999 9.700000
      vertex   12.390002 30.669999 8.500000
    endloop
  endfacet
  facet normal 0.555570 0.831470 0.000000
    outer loop
      vertex   12.036448 30.816445 9.700000
      vertex   12.198660 30.708059 9.700000
      vertex   12.198660 30.708059 8.500000
    endloop
  endfacet
  facet normal 0.831470 0.555570 0.000000
    outer loop
      vertex   11.928062 30.978657 9.700000
      vertex   12.036448 30.816445 9.700000
      vertex   12.036448 30.816445 8.500000
    endloop
  endfacet
  facet normal 0.980785 0.195090 0.000000
    outer loop
      vertex   11.890002 31.169999 9.700000
      vertex   11.928062 30.978657 9.700000
      vertex   11.928062 30.978657 8.500000
    endloop
  endfacet
  facet normal 0.980785 -0.195090 -0.000000
    outer loop
      vertex   11.928062 31.361340 9.700000
      vertex   11.890002 31.169999 9.700000
      vertex   11.890002 31.169999 8.500000
    endloop
  endfacet
  facet normal 0.831470 -0.555570 0.000000
    outer loop
      vertex   12.036448 31.523552 9.700000
      vertex   11.928062 31.361340 9.700000
      vertex   11.928062 31.361340 8.500000
    endloop
  endfacet
  facet normal 0.555570 -0.831470 0.000000
    outer loop
      vertex   12.198660 31.631938 9.700000
      vertex   12.036448 31.523552 9.700000
      vertex   12.036448 31.523552 8.500000
    endloop
  endfacet
  facet normal 0.195090 -0.980785 -0.000000
    outer loop
      vertex   12.390002 31.669999 9.700000
      vertex   12.198660 31.631938 9.700000
      vertex   12.198660 31.631938 8.500000
    endloop
  endfacet
  facet normal -0.195090 -0.980785 0.000000
    outer loop
      vertex   12.581343 31.631938 9.700000
      vertex   12.390002 31.669999 9.700000
      vertex   12.390002 31.669999 8.500000
    endloop
  endfacet
  facet normal -0.555570 -0.831470 0.000000
    outer loop
      vertex   12.743555 31.523552 9.700000
      vertex   12.581343 31.631938 9.700000
      vertex   12.581343 31.631938 8.500000
    endloop
  endfacet
  facet normal -0.831470 -0.555570 0.000000
    outer loop
      vertex   12.851941 31.361340 9.700000
      vertex   12.743555 31.523552 9.700000
      vertex   12.743555 31.523552 8.500000
    endloop
  endfacet
  facet normal -0.980785 -0.195090 0.000000
    outer loop
      vertex   12.890002 31.169999 9.700000
      vertex   12.851941 31.361340 9.700000
      vertex   12.851941 31.361340 8.500000
    endloop
  endfacet
  facet normal -0.980785 -0.195090 0.000000
    outer loop
      vertex   12.851941 31.361340 8.500000
      vertex   12.890002 31.169999 8.500000
      vertex   12.890002 31.169999 9.700000
    endloop
  endfacet
  facet normal -0.831470 -0.555570 0.000000
    outer loop
      vertex   12.743555 31.523552 8.500000
      vertex   12.851941 31.361340 8.500000
      vertex   12.851941 31.361340 9.700000
    endloop
  endfacet
  facet normal -0.555570 -0.831470 0.000000
    outer loop
      vertex   12.581343 31.631938 8.500000
      vertex   12.743555 31.523552 8.500000
      vertex   12.743555 31.523552 9.700000
    endloop
  endfacet
  facet normal -0.195090 -0.980785 0.000000
    outer loop
      vertex   12.390002 31.669999 8.500000
      vertex   12.581343 31.631938 8.500000
      vertex   12.581343 31.631938 9.700000
    endloop
  endfacet
  facet normal 0.195090 -0.980785 -0.000000
    outer loop
      vertex   12.198660 31.631938 8.500000
      vertex   12.390002 31.669999 8.500000
      vertex   12.390002 31.669999 9.700000
    endloop
  endfacet
  facet normal 0.555570 -0.831470 0.000000
    outer loop
      vertex   12.036448 31.523552 8.500000
      vertex   12.198660 31.631938 8.500000
      vertex   12.198660 31.631938 9.700000
    endloop
  endfacet
  facet normal 0.831470 -0.555570 0.000000
    outer loop
      vertex   11.928062 31.361340 8.500000
      vertex   12.036448 31.523552 8.500000
      vertex   12.036448 31.523552 9.700000
    endloop
  endfacet
  facet normal 0.980785 -0.195090 -0.000000
    outer loop
      vertex   11.890002 31.169999 8.500000
      vertex   11.928062 31.361340 8.500000
      vertex   11.928062 31.361340 9.700000
    endloop
  endfacet
  facet normal 0.980785 0.195090 0.000000
    outer loop
      vertex   11.928062 30.978657 8.500000
      vertex   11.890002 31.169999 8.500000
      vertex   11.890002 31.169999 9.700000
    endloop
  endfacet
  facet normal 0.831470 0.555570 0.000000
    outer loop
      vertex   12.036448 30.816445 8.500000
      vertex   11.928062 30.978657 8.500000
      vertex   11.928062 30.978657 9.700000
    endloop
  endfacet
  facet normal 0.555570 0.831470 0.000000
    outer loop
      vertex   12.198660 30.708059 8.500000
      vertex   12.036448 30.816445 8.500000
      vertex   12.036448 30.816445 9.700000
    endloop
  endfacet
  facet normal 0.195090 0.980785 0.000000
    outer loop
      vertex   12.390002 30.669999 8.500000
      vertex   12.198660 30.708059 8.500000
      vertex   12.198660 30.708059 9.700000
    endloop
  endfacet
  facet normal -0.195090 0.980785 -0.000000
    outer loop
      vertex   12.581343 30.708059 8.500000
      vertex   12.390002 30.669999 8.500000
      vertex   12.390002 30.669999 9.700000
    endloop
  endfacet
  facet normal -0.555570 0.831470 0.000000
    outer loop
      vertex   12.743555 30.816445 8.500000
      vertex   12.581343 30.708059 8.500000
      vertex   12.581343 30.708059 9.700000
    endloop
  endfacet
  facet normal -0.831470 0.555570 0.000000
    outer loop
      vertex   12.851941 30.978657 8.500000
      vertex   12.743555 30.816445 8.500000
      vertex   12.743555 30.816445 9.700000
    endloop
  endfacet
  facet normal -0.980785 0.195090 -0.000000
    outer loop
      vertex   12.890002 31.169999 8.500000
      vertex   12.851941 30.978657 8.500000
      vertex   12.851941 30.978657 9.700000
    endloop
  endfacet
  facet normal -0.980785 0.195090 0.000000
    outer loop
      vertex   7.771941 30.978657 9.700000
      vertex   7.810002 31.169999 9.700000
      vertex   7.810002 31.169999 8.500000
    endloop
  endfacet
  facet normal -0.831470 0.555570 0.000000
    outer loop
      vertex   7.663555 30.816445 9.700000
      vertex   7.771941 30.978657 9.700000
      vertex   7.771941 30.978657 8.500000
    endloop
  endfacet
  facet normal -0.555570 0.831470 0.000000
    outer loop
      vertex   7.501343 30.708059 9.700000
      vertex   7.663555 30.816445 9.700000
      vertex   7.663555 30.816445 8.500000
    endloop
  endfacet
  facet normal -0.195090 0.980785 -0.000000
    outer loop
      vertex   7.310002 30.669999 9.700000
      vertex   7.501343 30.708059 9.700000
      vertex   7.501343 30.708059 8.500000
    endloop
  endfacet
  facet normal 0.195090 0.980785 0.000000
    outer loop
      vertex   7.118660 30.708059 9.700000
      vertex   7.310002 30.669999 9.700000
      vertex   7.310002 30.669999 8.500000
    endloop
  endfacet
  facet normal 0.555570 0.831470 0.000000
    outer loop
      vertex   6.956448 30.816445 9.700000
      vertex   7.118660 30.708059 9.700000
      vertex   7.118660 30.708059 8.500000
    endloop
  endfacet
  facet normal 0.831470 0.555570 -0.000000
    outer loop
      vertex   6.848062 30.978657 9.700000
      vertex   6.956448 30.816445 9.700000
      vertex   6.956448 30.816445 8.500000
    endloop
  endfacet
  facet normal 0.980785 0.195090 0.000000
    outer loop
      vertex   6.810002 31.169999 9.700000
      vertex   6.848062 30.978657 9.700000
      vertex   6.848062 30.978657 8.500000
    endloop
  endfacet
  facet normal 0.980785 -0.195090 0.000000
    outer loop
      vertex   6.848062 31.361340 9.700000
      vertex   6.810002 31.169999 9.700000
      vertex   6.810002 31.169999 8.500000
    endloop
  endfacet
  facet normal 0.831470 -0.555570 0.000000
    outer loop
      vertex   6.956448 31.523552 9.700000
      vertex   6.848062 31.361340 9.700000
      vertex   6.848062 31.361340 8.500000
    endloop
  endfacet
  facet normal 0.555570 -0.831470 0.000000
    outer loop
      vertex   7.118660 31.631938 9.700000
      vertex   6.956448 31.523552 9.700000
      vertex   6.956448 31.523552 8.500000
    endloop
  endfacet
  facet normal 0.195090 -0.980785 -0.000000
    outer loop
      vertex   7.310002 31.669999 9.700000
      vertex   7.118660 31.631938 9.700000
      vertex   7.118660 31.631938 8.500000
    endloop
  endfacet
  facet normal -0.195090 -0.980785 0.000000
    outer loop
      vertex   7.501343 31.631938 9.700000
      vertex   7.310002 31.669999 9.700000
      vertex   7.310002 31.669999 8.500000
    endloop
  endfacet
  facet normal -0.555570 -0.831470 0.000000
    outer loop
      vertex   7.663555 31.523552 9.700000
      vertex   7.501343 31.631938 9.700000
      vertex   7.501343 31.631938 8.500000
    endloop
  endfacet
  facet normal -0.831470 -0.555570 0.000000
    outer loop
      vertex   7.771941 31.361340 9.700000
      vertex   7.663555 31.523552 9.700000
      vertex   7.663555 31.523552 8.500000
    endloop
  endfacet
  facet normal -0.980785 -0.195090 0.000000
    outer loop
      vertex   7.810002 31.169999 9.700000
      vertex   7.771941 31.361340 9.700000
      vertex   7.771941 31.361340 8.500000
    endloop
  endfacet
  facet normal -0.980785 -0.195090 0.000000
    outer loop
      vertex   7.771941 31.361340 8.500000
      vertex   7.810002 31.169999 8.500000
      vertex   7.810002 31.169999 9.700000
    endloop
  endfacet
  facet normal -0.831470 -0.555570 0.000000
    outer loop
      vertex   7.663555 31.523552 8.500000
      vertex   7.771941 31.361340 8.500000
      vertex   7.771941 31.361340 9.700000
    endloop
  endfacet
  facet normal -0.555570 -0.831470 0.000000
    outer loop
      vertex   7.501343 31.631938 8.500000
      vertex   7.663555 31.523552 8.500000
      vertex   7.663555 31.523552 9.700000
    endloop
  endfacet
  facet normal -0.195090 -0.980785 0.000000
    outer loop
      vertex   7.310002 31.669999 8.500000
      vertex   7.501343 31.631938 8.500000
      vertex   7.501343 31.631938 9.700000
    endloop
  endfacet
  facet normal 0.195090 -0.980785 -0.000000
    outer loop
      vertex   7.118660 31.631938 8.500000
      vertex   7.310002 31.669999 8.500000
      vertex   7.310002 31.669999 9.700000
    endloop
  endfacet
  facet normal 0.555570 -0.831470 0.000000
    outer loop
      vertex   6.956448 31.523552 8.500000
      vertex   7.118660 31.631938 8.500000
      vertex   7.118660 31.631938 9.700000
    endloop
  endfacet
  facet normal 0.831470 -0.555570 0.000000
    outer loop
      vertex   6.848062 31.361340 8.500000
      vertex   6.956448 31.523552 8.500000
      vertex   6.956448 31.523552 9.700000
    endloop
  endfacet
  facet normal 0.980785 -0.195090 0.000000
    outer loop
      vertex   6.810002 31.169999 8.500000
      vertex   6.848062 31.361340 8.500000
      vertex   6.848062 31.361340 9.700000
    endloop
  endfacet
  facet normal 0.980785 0.195090 0.000000
    outer loop
      vertex   6.848062 30.978657 8.500000
      vertex   6.810002 31.169999 8.500000
      vertex   6.810002 31.169999 9.700000
    endloop
  endfacet
  facet normal 0.831470 0.555570 -0.000000
    outer loop
      vertex   6.956448 30.816445 8.500000
      vertex   6.848062 30.978657 8.500000
      vertex   6.848062 30.978657 9.700000
    endloop
  endfacet
  facet normal 0.555570 0.831470 0.000000
    outer loop
      vertex   7.118660 30.708059 8.500000
      vertex   6.956448 30.816445 8.500000
      vertex   6.956448 30.816445 9.700000
    endloop
  endfacet
  facet normal 0.195090 0.980785 0.000000
    outer loop
      vertex   7.310002 30.669999 8.500000
      vertex   7.118660 30.708059 8.500000
      vertex   7.118660 30.708059 9.700000
    endloop
  endfacet
  facet normal -0.195090 0.980785 -0.000000
    outer loop
      vertex   7.501343 30.708059 8.500000
      vertex   7.310002 30.669999 8.500000
      vertex   7.310002 30.669999 9.700000
    endloop
  endfacet
  facet normal -0.555570 0.831470 0.000000
    outer loop
      vertex   7.663555 30.816445 8.500000
      vertex   7.501343 30.708059 8.500000
      vertex   7.501343 30.708059 9.700000
    endloop
  endfacet
  facet normal -0.831470 0.555570 0.000000
    outer loop
      vertex   7.771941 30.978657 8.500000
      vertex   7.663555 30.816445 8.500000
      vertex   7.663555 30.816445 9.700000
    endloop
  endfacet
  facet normal -0.980785 0.195090 0.000000
    outer loop
      vertex   7.810002 31.169999 8.500000
      vertex   7.771941 30.978657 8.500000
      vertex   7.771941 30.978657 9.700000
    endloop
  endfacet
  facet normal -0.980785 0.195090 0.000000
    outer loop
      vertex   5.231941 30.978657 9.700000
      vertex   5.270002 31.169999 9.700000
      vertex   5.270002 31.169999 8.500000
    endloop
  endfacet
  facet normal -0.831470 0.555570 -0.000000
    outer loop
      vertex   5.123555 30.816445 9.700000
      vertex   5.231941 30.978657 9.700000
      vertex   5.231941 30.978657 8.500000
    endloop
  endfacet
  facet normal -0.555570 0.831470 0.000000
    outer loop
      vertex   4.961343 30.708059 9.700000
      vertex   5.123555 30.816445 9.700000
      vertex   5.123555 30.816445 8.500000
    endloop
  endfacet
  facet normal -0.195090 0.980785 0.000000
    outer loop
      vertex   4.770002 30.669999 9.700000
      vertex   4.961343 30.708059 9.700000
      vertex   4.961343 30.708059 8.500000
    endloop
  endfacet
  facet normal 0.195090 0.980785 0.000000
    outer loop
      vertex   4.578660 30.708059 9.700000
      vertex   4.770002 30.669999 9.700000
      vertex   4.770002 30.669999 8.500000
    endloop
  endfacet
  facet normal 0.555570 0.831470 0.000000
    outer loop
      vertex   4.416448 30.816445 9.700000
      vertex   4.578660 30.708059 9.700000
      vertex   4.578660 30.708059 8.500000
    endloop
  endfacet
  facet normal 0.831470 0.555570 0.000000
    outer loop
      vertex   4.308062 30.978657 9.700000
      vertex   4.416448 30.816445 9.700000
      vertex   4.416448 30.816445 8.500000
    endloop
  endfacet
  facet normal 0.980785 0.195090 0.000000
    outer loop
      vertex   4.270002 31.169999 9.700000
      vertex   4.308062 30.978657 9.700000
      vertex   4.308062 30.978657 8.500000
    endloop
  endfacet
  facet normal 0.980785 -0.195090 0.000000
    outer loop
      vertex   4.308062 31.361340 9.700000
      vertex   4.270002 31.169999 9.700000
      vertex   4.270002 31.169999 8.500000
    endloop
  endfacet
  facet normal 0.831470 -0.555570 -0.000000
    outer loop
      vertex   4.416448 31.523552 9.700000
      vertex   4.308062 31.361340 9.700000
      vertex   4.308062 31.361340 8.500000
    endloop
  endfacet
  facet normal 0.555570 -0.831470 0.000000
    outer loop
      vertex   4.578660 31.631938 9.700000
      vertex   4.416448 31.523552 9.700000
      vertex   4.416448 31.523552 8.500000
    endloop
  endfacet
  facet normal 0.195090 -0.980785 -0.000000
    outer loop
      vertex   4.770002 31.669999 9.700000
      vertex   4.578660 31.631938 9.700000
      vertex   4.578660 31.631938 8.500000
    endloop
  endfacet
  facet normal -0.195090 -0.980785 0.000000
    outer loop
      vertex   4.961343 31.631938 9.700000
      vertex   4.770002 31.669999 9.700000
      vertex   4.770002 31.669999 8.500000
    endloop
  endfacet
  facet normal -0.555570 -0.831470 0.000000
    outer loop
      vertex   5.123555 31.523552 9.700000
      vertex   4.961343 31.631938 9.700000
      vertex   4.961343 31.631938 8.500000
    endloop
  endfacet
  facet normal -0.831470 -0.555570 0.000000
    outer loop
      vertex   5.231941 31.361340 9.700000
      vertex   5.123555 31.523552 9.700000
      vertex   5.123555 31.523552 8.500000
    endloop
  endfacet
  facet normal -0.980785 -0.195090 0.000000
    outer loop
      vertex   5.270002 31.169999 9.700000
      vertex   5.231941 31.361340 9.700000
      vertex   5.231941 31.361340 8.500000
    endloop
  endfacet
  facet normal -0.980785 -0.195090 0.000000
    outer loop
      vertex   5.231941 31.361340 8.500000
      vertex   5.270002 31.169999 8.500000
      vertex   5.270002 31.169999 9.700000
    endloop
  endfacet
  facet normal -0.831470 -0.555570 0.000000
    outer loop
      vertex   5.123555 31.523552 8.500000
      vertex   5.231941 31.361340 8.500000
      vertex   5.231941 31.361340 9.700000
    endloop
  endfacet
  facet normal -0.555570 -0.831470 0.000000
    outer loop
      vertex   4.961343 31.631938 8.500000
      vertex   5.123555 31.523552 8.500000
      vertex   5.123555 31.523552 9.700000
    endloop
  endfacet
  facet normal -0.195090 -0.980785 0.000000
    outer loop
      vertex   4.770002 31.669999 8.500000
      vertex   4.961343 31.631938 8.500000
      vertex   4.961343 31.631938 9.700000
    endloop
  endfacet
  facet normal 0.195090 -0.980785 -0.000000
    outer loop
      vertex   4.578660 31.631938 8.500000
      vertex   4.770002 31.669999 8.500000
      vertex   4.770002 31.669999 9.700000
    endloop
  endfacet
  facet normal 0.555570 -0.831470 0.000000
    outer loop
      vertex   4.416448 31.523552 8.500000
      vertex   4.578660 31.631938 8.500000
      vertex   4.578660 31.631938 9.700000
    endloop
  endfacet
  facet normal 0.831470 -0.555570 -0.000000
    outer loop
      vertex   4.308062 31.361340 8.500000
      vertex   4.416448 31.523552 8.500000
      vertex   4.416448 31.523552 9.700000
    endloop
  endfacet
  facet normal 0.980785 -0.195090 0.000000
    outer loop
      vertex   4.270002 31.169999 8.500000
      vertex   4.308062 31.361340 8.500000
      vertex   4.308062 31.361340 9.700000
    endloop
  endfacet
  facet normal 0.980785 0.195090 0.000000
    outer loop
      vertex   4.308062 30.978657 8.500000
      vertex   4.270002 31.169999 8.500000
      vertex   4.270002 31.169999 9.700000
    endloop
  endfacet
  facet normal 0.831470 0.555570 0.000000
    outer loop
      vertex   4.416448 30.816445 8.500000
      vertex   4.308062 30.978657 8.500000
      vertex   4.308062 30.978657 9.700000
    endloop
  endfacet
  facet normal 0.555570 0.831470 0.000000
    outer loop
      vertex   4.578660 30.708059 8.500000
      vertex   4.416448 30.816445 8.500000
      vertex   4.416448 30.816445 9.700000
    endloop
  endfacet
  facet normal 0.195090 0.980785 0.000000
    outer loop
      vertex   4.770002 30.669999 8.500000
      vertex   4.578660 30.708059 8.500000
      vertex   4.578660 30.708059 9.700000
    endloop
  endfacet
  facet normal -0.195090 0.980785 0.000000
    outer loop
      vertex   4.961343 30.708059 8.500000
      vertex   4.770002 30.669999 8.500000
      vertex   4.770002 30.669999 9.700000
    endloop
  endfacet
  facet normal -0.555570 0.831470 0.000000
    outer loop
      vertex   5.123555 30.816445 8.500000
      vertex   4.961343 30.708059 8.500000
      vertex   4.961343 30.708059 9.700000
    endloop
  endfacet
  facet normal -0.831470 0.555570 -0.000000
    outer loop
      vertex   5.231941 30.978657 8.500000
      vertex   5.123555 30.816445 8.500000
      vertex   5.123555 30.816445 9.700000
    endloop
  endfacet
  facet normal -0.980785 0.195090 0.000000
    outer loop
      vertex   5.270002 31.169999 8.500000
      vertex   5.231941 30.978657 8.500000
      vertex   5.231941 30.978657 9.700000
    endloop
  endfacet
endsolid <icad/sx>
