ISO-10303-21;
HEADER;

/* File generated by HOOPS Exchange Version 23.2.20 */

FILE_DESCRIPTION(('HOOPS Exchange Step'),'2;1');

FILE_NAME('H:\\Geteilte Ablagen\\live.nologo\\nologo.pro\\pro.00000-seed\\seed.own\\own.raspberry\\zero_2_case\\minimal_zero_2_case_01_w_cooling.stp',
'2024-04-10T09:33:51+02:00',
('berlin.tafkaoo.com'),
('Unknown organisation'),
'HOOPS Exchange 2023.2',
'HOOPS Exchange',
'Unknown authorisation');

FILE_SCHEMA( ('AP203_CONFIGURATION_CONTROLLED_3D_DESIGN_OF_MECHANICAL_PARTS_AND_ASSEMBLIES_MIM_LF') );

ENDSEC;

DATA;
#3=(NAMED_UNIT(*)PLANE_ANGLE_UNIT()SI_UNIT($,.RADIAN.));
#4=PLANE_ANGLE_MEASURE_WITH_UNIT(PLANE_ANGLE_MEASURE(0.0174532925),#3);
#5=(CONVERSION_BASED_UNIT('DEGREE',#4)NAMED_UNIT(#6)PLANE_ANGLE_UNIT());
#6=DIMENSIONAL_EXPONENTS(0.,0.,0.,0.,0.,0.,0.);
#7=(NAMED_UNIT(*)SI_UNIT($,.STERADIAN.)SOLID_ANGLE_UNIT());
#8=(LENGTH_UNIT()NAMED_UNIT(*)SI_UNIT(.MILLI.,.METRE.));
#9=UNCERTAINTY_MEASURE_WITH_UNIT(LENGTH_MEASURE(1.000000E-05),#8,'DISTANCE_ACCURACY_VALUE','Maximum Tolerance applied to model');
#10=(GEOMETRIC_REPRESENTATION_CONTEXT(3)GLOBAL_UNCERTAINTY_ASSIGNED_CONTEXT((#9))GLOBAL_UNIT_ASSIGNED_CONTEXT((#8,#5,#7))REPRESENTATION_CONTEXT('','export'));
#12=CARTESIAN_POINT('',(0.,0.,0.));
#13=DIRECTION('',(0.,0.,1.));
#14=DIRECTION('',(1.,0.,0.));
#15=AXIS2_PLACEMENT_3D('',#12,#13,#14);
#27=CARTESIAN_POINT('',(104.723572388,84.384179695,-3.128345422));
#28=DIRECTION('',(0.,-1.,0.));
#29=DIRECTION('',(0.,0.,1.));
#30=AXIS2_PLACEMENT_3D('',#27,#28,#29);
#31=PLANE('',#30);
#32=CARTESIAN_POINT('',(106.473946473,84.384179695,-2.473023791));
#33=VERTEX_POINT('',#32);
#34=CARTESIAN_POINT('',(108.903048752,84.384179695,-2.473023791));
#35=VERTEX_POINT('',#34);
#36=CARTESIAN_POINT('',(106.473946473,84.384179695,-2.473023791));
#37=DIRECTION('',(1.,0.,-0.));
#38=VECTOR('',#37,2.429102279);
#39=LINE('',#36,#38);
#40=EDGE_CURVE('',#33,#35,#39,.T.);
#41=ORIENTED_EDGE('',*,*,#40,.T.);
#42=CARTESIAN_POINT('',(111.332151032,84.384179695,-2.473023791));
#43=VERTEX_POINT('',#42);
#44=CARTESIAN_POINT('',(108.903048752,84.384179695,-2.473023791));
#45=DIRECTION('',(1.,0.,-0.));
#46=VECTOR('',#45,2.429102279);
#47=LINE('',#44,#46);
#48=EDGE_CURVE('',#35,#43,#47,.T.);
#49=ORIENTED_EDGE('',*,*,#48,.T.);
#50=CARTESIAN_POINT('',(111.332151032,84.384179695,-2.328345422));
#51=VERTEX_POINT('',#50);
#52=CARTESIAN_POINT('',(111.332151032,84.384179695,-2.473023791));
#53=DIRECTION('',(0.,0.,1.));
#54=VECTOR('',#53,0.144678369);
#55=LINE('',#52,#54);
#56=EDGE_CURVE('',#43,#51,#55,.T.);
#57=ORIENTED_EDGE('',*,*,#56,.T.);
#58=CARTESIAN_POINT('',(106.473946473,84.384179695,-2.328345422));
#59=VERTEX_POINT('',#58);
#60=CARTESIAN_POINT('',(106.473946473,84.384179695,-2.328345422));
#61=DIRECTION('',(1.,0.,-0.));
#62=VECTOR('',#61,4.858204559);
#63=LINE('',#60,#62);
#64=EDGE_CURVE('',#59,#51,#63,.T.);
#65=ORIENTED_EDGE('',*,*,#64,.F.);
#66=CARTESIAN_POINT('',(106.473946473,84.384179695,-2.328345422));
#67=DIRECTION('',(0.,-0.,-1.));
#68=VECTOR('',#67,0.144678369);
#69=LINE('',#66,#68);
#70=EDGE_CURVE('',#59,#33,#69,.T.);
#71=ORIENTED_EDGE('',*,*,#70,.T.);
#72=EDGE_LOOP('',(#41,#49,#57,#65,#71));
#73=FACE_BOUND('',#72,.T.);
#74=ADVANCED_FACE('',(#73),#31,.T.);
#75=CARTESIAN_POINT('',(117.317474883,84.384179695,-3.128345422));
#76=DIRECTION('',(0.,-1.,0.));
#77=DIRECTION('',(0.,0.,1.));
#78=AXIS2_PLACEMENT_3D('',#75,#76,#77);
#79=PLANE('',#78);
#80=CARTESIAN_POINT('',(119.067848968,84.384179695,-2.473023791));
#81=VERTEX_POINT('',#80);
#82=CARTESIAN_POINT('',(121.5,84.384179695,-2.473023791));
#83=VERTEX_POINT('',#82);
#84=CARTESIAN_POINT('',(119.067848968,84.384179695,-2.473023791));
#85=DIRECTION('',(1.,0.,-0.));
#86=VECTOR('',#85,2.432151032);
#87=LINE('',#84,#86);
#88=EDGE_CURVE('',#81,#83,#87,.T.);
#89=ORIENTED_EDGE('',*,*,#88,.T.);
#90=CARTESIAN_POINT('',(123.926053527,84.384179695,-2.473023791));
#91=VERTEX_POINT('',#90);
#92=CARTESIAN_POINT('',(121.5,84.384179695,-2.473023791));
#93=DIRECTION('',(1.,0.,-0.));
#94=VECTOR('',#93,2.426053527);
#95=LINE('',#92,#94);
#96=EDGE_CURVE('',#83,#91,#95,.T.);
#97=ORIENTED_EDGE('',*,*,#96,.T.);
#98=CARTESIAN_POINT('',(123.926053527,84.384179695,-2.328345422));
#99=VERTEX_POINT('',#98);
#100=CARTESIAN_POINT('',(123.926053527,84.384179695,-2.473023791));
#101=DIRECTION('',(0.,0.,1.));
#102=VECTOR('',#101,0.144678369);
#103=LINE('',#100,#102);
#104=EDGE_CURVE('',#91,#99,#103,.T.);
#105=ORIENTED_EDGE('',*,*,#104,.T.);
#106=CARTESIAN_POINT('',(119.067848968,84.384179695,-2.328345422));
#107=VERTEX_POINT('',#106);
#108=CARTESIAN_POINT('',(119.067848968,84.384179695,-2.328345422));
#109=DIRECTION('',(1.,-0.,-0.));
#110=VECTOR('',#109,4.858204559);
#111=LINE('',#108,#110);
#112=EDGE_CURVE('',#107,#99,#111,.T.);
#113=ORIENTED_EDGE('',*,*,#112,.F.);
#114=CARTESIAN_POINT('',(119.067848968,84.384179695,-2.328345422));
#115=DIRECTION('',(0.,-0.,-1.));
#116=VECTOR('',#115,0.144678369);
#117=LINE('',#114,#116);
#118=EDGE_CURVE('',#107,#81,#117,.T.);
#119=ORIENTED_EDGE('',*,*,#118,.T.);
#120=EDGE_LOOP('',(#89,#97,#105,#113,#119));
#121=FACE_BOUND('',#120,.T.);
#122=ADVANCED_FACE('',(#121),#79,.T.);
#123=CARTESIAN_POINT('',(125.682525117,83.426654578,-3.128345422));
#124=DIRECTION('',(-1.,0.,0.));
#125=DIRECTION('',(0.,-1.,0.));
#126=AXIS2_PLACEMENT_3D('',#123,#124,#125);
#127=PLANE('',#126);
#128=CARTESIAN_POINT('',(125.682525117,82.627708105,-2.328345422));
#129=VERTEX_POINT('',#128);
#130=CARTESIAN_POINT('',(125.682525117,82.627708105,-2.473023791));
#131=VERTEX_POINT('',#130);
#132=CARTESIAN_POINT('',(125.682525117,82.627708105,-2.328345422));
#133=DIRECTION('',(-0.,-0.,-1.));
#134=VECTOR('',#133,0.144678369);
#135=LINE('',#132,#134);
#136=EDGE_CURVE('',#129,#131,#135,.T.);
#137=ORIENTED_EDGE('',*,*,#136,.T.);
#138=CARTESIAN_POINT('',(125.682525117,81.67228715,-2.473023791));
#139=VERTEX_POINT('',#138);
#140=CARTESIAN_POINT('',(125.682525117,82.627708105,-2.473023791));
#141=DIRECTION('',(0.,-1.,0.));
#142=VECTOR('',#141,0.955420955);
#143=LINE('',#140,#142);
#144=EDGE_CURVE('',#131,#139,#143,.T.);
#145=ORIENTED_EDGE('',*,*,#144,.T.);
#146=CARTESIAN_POINT('',(125.682525117,81.67228715,-2.328345422));
#147=VERTEX_POINT('',#146);
#148=CARTESIAN_POINT('',(125.682525117,81.67228715,-2.473023791));
#149=DIRECTION('',(0.,0.,1.));
#150=VECTOR('',#149,0.144678369);
#151=LINE('',#148,#150);
#152=EDGE_CURVE('',#139,#147,#151,.T.);
#153=ORIENTED_EDGE('',*,*,#152,.T.);
#154=CARTESIAN_POINT('',(125.682525117,82.627708105,-2.328345422));
#155=DIRECTION('',(0.,-1.,0.));
#156=VECTOR('',#155,0.955420955);
#157=LINE('',#154,#156);
#158=EDGE_CURVE('',#129,#147,#157,.T.);
#159=ORIENTED_EDGE('',*,*,#158,.F.);
#160=EDGE_LOOP('',(#137,#145,#153,#159));
#161=FACE_BOUND('',#160,.T.);
#162=ADVANCED_FACE('',(#161),#127,.T.);
#163=CARTESIAN_POINT('',(113.082525117,83.426654578,-3.128345422));
#164=DIRECTION('',(-1.,0.,0.));
#165=DIRECTION('',(0.,-1.,0.));
#166=AXIS2_PLACEMENT_3D('',#163,#164,#165);
#167=PLANE('',#166);
#168=CARTESIAN_POINT('',(113.082525117,82.63380561,-2.328345422));
#169=VERTEX_POINT('',#168);
#170=CARTESIAN_POINT('',(113.082525117,82.63380561,-2.473023791));
#171=VERTEX_POINT('',#170);
#172=CARTESIAN_POINT('',(113.082525117,82.63380561,-2.328345422));
#173=DIRECTION('',(-0.,-0.,-1.));
#174=VECTOR('',#173,0.144678369);
#175=LINE('',#172,#174);
#176=EDGE_CURVE('',#169,#171,#175,.T.);
#177=ORIENTED_EDGE('',*,*,#176,.T.);
#178=CARTESIAN_POINT('',(113.082525117,81.67228715,-2.473023791));
#179=VERTEX_POINT('',#178);
#180=CARTESIAN_POINT('',(113.082525117,82.63380561,-2.473023791));
#181=DIRECTION('',(0.,-1.,0.));
#182=VECTOR('',#181,0.96151846);
#183=LINE('',#180,#182);
#184=EDGE_CURVE('',#171,#179,#183,.T.);
#185=ORIENTED_EDGE('',*,*,#184,.T.);
#186=CARTESIAN_POINT('',(113.082525117,81.67228715,-2.328345422));
#187=VERTEX_POINT('',#186);
#188=CARTESIAN_POINT('',(113.082525117,81.67228715,-2.473023791));
#189=DIRECTION('',(0.,0.,1.));
#190=VECTOR('',#189,0.144678369);
#191=LINE('',#188,#190);
#192=EDGE_CURVE('',#179,#187,#191,.T.);
#193=ORIENTED_EDGE('',*,*,#192,.T.);
#194=CARTESIAN_POINT('',(113.082525117,82.63380561,-2.328345422));
#195=DIRECTION('',(-0.,-1.,0.));
#196=VECTOR('',#195,0.96151846);
#197=LINE('',#194,#196);
#198=EDGE_CURVE('',#169,#187,#197,.T.);
#199=ORIENTED_EDGE('',*,*,#198,.F.);
#200=EDGE_LOOP('',(#177,#185,#193,#199));
#201=FACE_BOUND('',#200,.T.);
#202=ADVANCED_FACE('',(#201),#167,.T.);
#203=CARTESIAN_POINT('',(129.300000216,81.07228715,-2.728345422));
#204=DIRECTION('',(0.,1.,-0.));
#205=DIRECTION('',(-1.,0.,0.));
#206=AXIS2_PLACEMENT_3D('',#203,#204,#205);
#207=PLANE('',#206);
#208=CARTESIAN_POINT('',(125.082525117,81.07228715,-2.328345422));
#209=VERTEX_POINT('',#208);
#210=CARTESIAN_POINT('',(125.082525117,81.07228715,-2.473023791));
#211=VERTEX_POINT('',#210);
#212=CARTESIAN_POINT('',(125.082525117,81.07228715,-2.328345422));
#213=DIRECTION('',(-0.,-0.,-1.));
#214=VECTOR('',#213,0.144678369);
#215=LINE('',#212,#214);
#216=EDGE_CURVE('',#209,#211,#215,.T.);
#217=ORIENTED_EDGE('',*,*,#216,.T.);
#218=CARTESIAN_POINT('',(117.917474883,81.07228715,-2.473023791));
#219=VERTEX_POINT('',#218);
#220=CARTESIAN_POINT('',(125.082525117,81.07228715,-2.473023791));
#221=DIRECTION('',(-1.,0.,0.));
#222=VECTOR('',#221,7.165050234);
#223=LINE('',#220,#222);
#224=EDGE_CURVE('',#211,#219,#223,.T.);
#225=ORIENTED_EDGE('',*,*,#224,.T.);
#226=CARTESIAN_POINT('',(117.917474883,81.07228715,-2.328345422));
#227=VERTEX_POINT('',#226);
#228=CARTESIAN_POINT('',(117.917474883,81.07228715,-2.473023791));
#229=DIRECTION('',(0.,0.,1.));
#230=VECTOR('',#229,0.144678369);
#231=LINE('',#228,#230);
#232=EDGE_CURVE('',#219,#227,#231,.T.);
#233=ORIENTED_EDGE('',*,*,#232,.T.);
#234=CARTESIAN_POINT('',(125.082525117,81.07228715,-2.328345422));
#235=DIRECTION('',(-1.,-0.,0.));
#236=VECTOR('',#235,7.165050234);
#237=LINE('',#234,#236);
#238=EDGE_CURVE('',#209,#227,#237,.T.);
#239=ORIENTED_EDGE('',*,*,#238,.F.);
#240=EDGE_LOOP('',(#217,#225,#233,#239));
#241=FACE_BOUND('',#240,.T.);
#242=ADVANCED_FACE('',(#241),#207,.T.);
#243=CARTESIAN_POINT('',(129.300000216,81.07228715,-2.728345422));
#244=DIRECTION('',(0.,1.,-0.));
#245=DIRECTION('',(-1.,0.,0.));
#246=AXIS2_PLACEMENT_3D('',#243,#244,#245);
#247=PLANE('',#246);
#248=CARTESIAN_POINT('',(112.482525117,81.07228715,-2.328345422));
#249=VERTEX_POINT('',#248);
#250=CARTESIAN_POINT('',(112.482525117,81.07228715,-2.473023791));
#251=VERTEX_POINT('',#250);
#252=CARTESIAN_POINT('',(112.482525117,81.07228715,-2.328345422));
#253=DIRECTION('',(-0.,-0.,-1.));
#254=VECTOR('',#253,0.144678369);
#255=LINE('',#252,#254);
#256=EDGE_CURVE('',#249,#251,#255,.T.);
#257=ORIENTED_EDGE('',*,*,#256,.T.);
#258=CARTESIAN_POINT('',(105.323572388,81.07228715,-2.473023791));
#259=VERTEX_POINT('',#258);
#260=CARTESIAN_POINT('',(112.482525117,81.07228715,-2.473023791));
#261=DIRECTION('',(-1.,0.,0.));
#262=VECTOR('',#261,7.158952729);
#263=LINE('',#260,#262);
#264=EDGE_CURVE('',#251,#259,#263,.T.);
#265=ORIENTED_EDGE('',*,*,#264,.T.);
#266=CARTESIAN_POINT('',(105.323572388,81.07228715,-2.328345422));
#267=VERTEX_POINT('',#266);
#268=CARTESIAN_POINT('',(105.323572388,81.07228715,-2.473023791));
#269=DIRECTION('',(-0.,0.,1.));
#270=VECTOR('',#269,0.144678369);
#271=LINE('',#268,#270);
#272=EDGE_CURVE('',#259,#267,#271,.T.);
#273=ORIENTED_EDGE('',*,*,#272,.T.);
#274=CARTESIAN_POINT('',(112.482525117,81.07228715,-2.328345422));
#275=DIRECTION('',(-1.,-0.,0.));
#276=VECTOR('',#275,7.158952729);
#277=LINE('',#274,#276);
#278=EDGE_CURVE('',#249,#267,#277,.T.);
#279=ORIENTED_EDGE('',*,*,#278,.F.);
#280=EDGE_LOOP('',(#257,#265,#273,#279));
#281=FACE_BOUND('',#280,.T.);
#282=ADVANCED_FACE('',(#281),#247,.T.);
#283=CARTESIAN_POINT('',(125.353378849,83.20538251,-3.128345422));
#284=DIRECTION('',(-0.707106781,-0.707106781,0.));
#285=DIRECTION('',(-0.707106781,0.707106781,-0.));
#286=AXIS2_PLACEMENT_3D('',#283,#284,#285);
#287=PLANE('',#286);
#288=CARTESIAN_POINT('',(124.350317596,84.208443764,-2.328346844));
#289=VERTEX_POINT('',#288);
#290=CARTESIAN_POINT('',(124.350317596,84.208443764,-2.473023791));
#291=VERTEX_POINT('',#290);
#292=CARTESIAN_POINT('',(124.350317596,84.208443764,-2.328346844));
#293=DIRECTION('',(-0.,-0.,-1.));
#294=VECTOR('',#293,0.144676946);
#295=LINE('',#292,#294);
#296=EDGE_CURVE('',#289,#291,#295,.T.);
#297=ORIENTED_EDGE('',*,*,#296,.T.);
#298=CARTESIAN_POINT('',(125.506789186,83.051972174,-2.473023791));
#299=VERTEX_POINT('',#298);
#300=CARTESIAN_POINT('',(124.350317596,84.208443764,-2.473023791));
#301=DIRECTION('',(0.707106781,-0.707106781,0.));
#302=VECTOR('',#301,1.635497807);
#303=LINE('',#300,#302);
#304=EDGE_CURVE('',#291,#299,#303,.T.);
#305=ORIENTED_EDGE('',*,*,#304,.T.);
#306=CARTESIAN_POINT('',(125.506789186,83.051972174,-2.328346844));
#307=VERTEX_POINT('',#306);
#308=CARTESIAN_POINT('',(125.506789186,83.051972174,-2.473023791));
#309=DIRECTION('',(0.,0.,1.));
#310=VECTOR('',#309,0.144676946);
#311=LINE('',#308,#310);
#312=EDGE_CURVE('',#299,#307,#311,.T.);
#313=ORIENTED_EDGE('',*,*,#312,.T.);
#314=CARTESIAN_POINT('',(124.350317596,84.208443764,-2.328346844));
#315=DIRECTION('',(0.707106781,-0.707106781,0.));
#316=VECTOR('',#315,1.635497807);
#317=LINE('',#314,#316);
#318=EDGE_CURVE('',#289,#307,#317,.T.);
#319=ORIENTED_EDGE('',*,*,#318,.F.);
#320=EDGE_LOOP('',(#297,#305,#313,#319));
#321=FACE_BOUND('',#320,.T.);
#322=ADVANCED_FACE('',(#321),#287,.T.);
#323=CARTESIAN_POINT('',(105.046621151,83.20538251,-2.328346844));
#324=DIRECTION('',(0.707106781,-0.707106781,0.));
#325=DIRECTION('',(0.707106781,0.707106781,-0.));
#326=AXIS2_PLACEMENT_3D('',#323,#324,#325);
#327=PLANE('',#326);
#328=CARTESIAN_POINT('',(104.899308319,83.058069679,-2.328346844));
#329=VERTEX_POINT('',#328);
#330=CARTESIAN_POINT('',(104.899308319,83.058069679,-2.473023791));
#331=VERTEX_POINT('',#330);
#332=CARTESIAN_POINT('',(104.899308319,83.058069679,-2.328346844));
#333=DIRECTION('',(0.,-0.,-1.));
#334=VECTOR('',#333,0.144676946);
#335=LINE('',#332,#334);
#336=EDGE_CURVE('',#329,#331,#335,.T.);
#337=ORIENTED_EDGE('',*,*,#336,.T.);
#338=CARTESIAN_POINT('',(106.049682404,84.208443764,-2.473023791));
#339=VERTEX_POINT('',#338);
#340=CARTESIAN_POINT('',(104.899308319,83.058069679,-2.473023791));
#341=DIRECTION('',(0.707106781,0.707106781,-0.));
#342=VECTOR('',#341,1.626874633);
#343=LINE('',#340,#342);
#344=EDGE_CURVE('',#331,#339,#343,.T.);
#345=ORIENTED_EDGE('',*,*,#344,.T.);
#346=CARTESIAN_POINT('',(106.049682404,84.208443764,-2.328346844));
#347=VERTEX_POINT('',#346);
#348=CARTESIAN_POINT('',(106.049682404,84.208443764,-2.473023791));
#349=DIRECTION('',(-0.,0.,1.));
#350=VECTOR('',#349,0.144676946);
#351=LINE('',#348,#350);
#352=EDGE_CURVE('',#339,#347,#351,.T.);
#353=ORIENTED_EDGE('',*,*,#352,.T.);
#354=CARTESIAN_POINT('',(106.049682404,84.208443764,-2.328346844));
#355=DIRECTION('',(-0.707106781,-0.707106781,0.));
#356=VECTOR('',#355,1.626874633);
#357=LINE('',#354,#356);
#358=EDGE_CURVE('',#347,#329,#357,.T.);
#359=ORIENTED_EDGE('',*,*,#358,.T.);
#360=EDGE_LOOP('',(#337,#345,#353,#359));
#361=FACE_BOUND('',#360,.T.);
#362=ADVANCED_FACE('',(#361),#327,.T.);
#363=CARTESIAN_POINT('',(112.759476354,83.20538251,-3.128345422));
#364=DIRECTION('',(-0.707106781,-0.707106781,0.));
#365=DIRECTION('',(-0.707106781,0.707106781,-0.));
#366=AXIS2_PLACEMENT_3D('',#363,#364,#365);
#367=PLANE('',#366);
#368=CARTESIAN_POINT('',(111.7564151,84.208443764,-2.328346844));
#369=VERTEX_POINT('',#368);
#370=CARTESIAN_POINT('',(111.7564151,84.208443764,-2.473023791));
#371=VERTEX_POINT('',#370);
#372=CARTESIAN_POINT('',(111.7564151,84.208443764,-2.328346844));
#373=DIRECTION('',(-0.,-0.,-1.));
#374=VECTOR('',#373,0.144676946);
#375=LINE('',#372,#374);
#376=EDGE_CURVE('',#369,#371,#375,.T.);
#377=ORIENTED_EDGE('',*,*,#376,.T.);
#378=CARTESIAN_POINT('',(112.906789186,83.058069679,-2.473023791));
#379=VERTEX_POINT('',#378);
#380=CARTESIAN_POINT('',(111.7564151,84.208443764,-2.473023791));
#381=DIRECTION('',(0.707106781,-0.707106781,0.));
#382=VECTOR('',#381,1.626874633);
#383=LINE('',#380,#382);
#384=EDGE_CURVE('',#371,#379,#383,.T.);
#385=ORIENTED_EDGE('',*,*,#384,.T.);
#386=CARTESIAN_POINT('',(112.906789186,83.058069679,-2.328346844));
#387=VERTEX_POINT('',#386);
#388=CARTESIAN_POINT('',(112.906789186,83.058069679,-2.473023791));
#389=DIRECTION('',(0.,0.,1.));
#390=VECTOR('',#389,0.144676946);
#391=LINE('',#388,#390);
#392=EDGE_CURVE('',#379,#387,#391,.T.);
#393=ORIENTED_EDGE('',*,*,#392,.T.);
#394=CARTESIAN_POINT('',(111.7564151,84.208443764,-2.328346844));
#395=DIRECTION('',(0.707106781,-0.707106781,0.));
#396=VECTOR('',#395,1.626874633);
#397=LINE('',#394,#396);
#398=EDGE_CURVE('',#369,#387,#397,.T.);
#399=ORIENTED_EDGE('',*,*,#398,.F.);
#400=EDGE_LOOP('',(#377,#385,#393,#399));
#401=FACE_BOUND('',#400,.T.);
#402=ADVANCED_FACE('',(#401),#367,.T.);
#403=CARTESIAN_POINT('',(117.640523646,83.20538251,-2.328346844));
#404=DIRECTION('',(0.707106781,-0.707106781,0.));
#405=DIRECTION('',(0.707106781,0.707106781,-0.));
#406=AXIS2_PLACEMENT_3D('',#403,#404,#405);
#407=PLANE('',#406);
#408=CARTESIAN_POINT('',(117.493210814,83.058069679,-2.328346844));
#409=VERTEX_POINT('',#408);
#410=CARTESIAN_POINT('',(117.493210814,83.058069679,-2.473023791));
#411=VERTEX_POINT('',#410);
#412=CARTESIAN_POINT('',(117.493210814,83.058069679,-2.328346844));
#413=DIRECTION('',(0.,-0.,-1.));
#414=VECTOR('',#413,0.144676946);
#415=LINE('',#412,#414);
#416=EDGE_CURVE('',#409,#411,#415,.T.);
#417=ORIENTED_EDGE('',*,*,#416,.T.);
#418=CARTESIAN_POINT('',(118.6435849,84.208443764,-2.473023791));
#419=VERTEX_POINT('',#418);
#420=CARTESIAN_POINT('',(117.493210814,83.058069679,-2.473023791));
#421=DIRECTION('',(0.707106781,0.707106781,-0.));
#422=VECTOR('',#421,1.626874633);
#423=LINE('',#420,#422);
#424=EDGE_CURVE('',#411,#419,#423,.T.);
#425=ORIENTED_EDGE('',*,*,#424,.T.);
#426=CARTESIAN_POINT('',(118.6435849,84.208443764,-2.328346844));
#427=VERTEX_POINT('',#426);
#428=CARTESIAN_POINT('',(118.6435849,84.208443764,-2.473023791));
#429=DIRECTION('',(-0.,0.,1.));
#430=VECTOR('',#429,0.144676946);
#431=LINE('',#428,#430);
#432=EDGE_CURVE('',#419,#427,#431,.T.);
#433=ORIENTED_EDGE('',*,*,#432,.T.);
#434=CARTESIAN_POINT('',(118.6435849,84.208443764,-2.328346844));
#435=DIRECTION('',(-0.707106781,-0.707106781,0.));
#436=VECTOR('',#435,1.626874633);
#437=LINE('',#434,#436);
#438=EDGE_CURVE('',#427,#409,#437,.T.);
#439=ORIENTED_EDGE('',*,*,#438,.T.);
#440=EDGE_LOOP('',(#417,#425,#433,#439));
#441=FACE_BOUND('',#440,.T.);
#442=ADVANCED_FACE('',(#441),#407,.T.);
#443=CARTESIAN_POINT('',(85.7,83.426654578,-3.128345422));
#444=DIRECTION('',(-1.,0.,0.));
#445=DIRECTION('',(0.,-1.,0.));
#446=AXIS2_PLACEMENT_3D('',#443,#444,#445);
#447=PLANE('',#446);
#448=CARTESIAN_POINT('',(85.7,82.428305393,-2.328345422));
#449=VERTEX_POINT('',#448);
#450=CARTESIAN_POINT('',(85.7,82.428305393,-2.473023786));
#451=VERTEX_POINT('',#450);
#452=CARTESIAN_POINT('',(85.7,82.428305393,-2.328345422));
#453=DIRECTION('',(0.,-0.,-1.));
#454=VECTOR('',#453,0.144678365);
#455=LINE('',#452,#454);
#456=EDGE_CURVE('',#449,#451,#455,.T.);
#457=ORIENTED_EDGE('',*,*,#456,.T.);
#458=CARTESIAN_POINT('',(85.7,81.151654578,-2.473023786));
#459=VERTEX_POINT('',#458);
#460=CARTESIAN_POINT('',(85.7,82.428305393,-2.473023786));
#461=DIRECTION('',(0.,-1.,0.));
#462=VECTOR('',#461,1.276650814);
#463=LINE('',#460,#462);
#464=EDGE_CURVE('',#451,#459,#463,.T.);
#465=ORIENTED_EDGE('',*,*,#464,.T.);
#466=CARTESIAN_POINT('',(85.7,81.151654578,-2.328345422));
#467=VERTEX_POINT('',#466);
#468=CARTESIAN_POINT('',(85.7,81.151654578,-2.473023786));
#469=DIRECTION('',(0.,0.,1.));
#470=VECTOR('',#469,0.144678365);
#471=LINE('',#468,#470);
#472=EDGE_CURVE('',#459,#467,#471,.T.);
#473=ORIENTED_EDGE('',*,*,#472,.T.);
#474=CARTESIAN_POINT('',(85.7,82.428305393,-2.328345422));
#475=DIRECTION('',(0.,-1.,0.));
#476=VECTOR('',#475,1.276650814);
#477=LINE('',#474,#476);
#478=EDGE_CURVE('',#449,#467,#477,.T.);
#479=ORIENTED_EDGE('',*,*,#478,.F.);
#480=EDGE_LOOP('',(#457,#465,#473,#479));
#481=FACE_BOUND('',#480,.T.);
#482=ADVANCED_FACE('',(#481),#447,.T.);
#483=CARTESIAN_POINT('',(74.1,83.951654578,-3.128345422));
#484=DIRECTION('',(0.,-1.,0.));
#485=DIRECTION('',(0.,0.,1.));
#486=AXIS2_PLACEMENT_3D('',#483,#484,#485);
#487=PLANE('',#486);
#488=CARTESIAN_POINT('',(75.802889305,83.951654578,-2.473023786));
#489=VERTEX_POINT('',#488);
#490=CARTESIAN_POINT('',(79.8,83.951654578,-2.473023786));
#491=VERTEX_POINT('',#490);
#492=CARTESIAN_POINT('',(75.802889305,83.951654578,-2.473023786));
#493=DIRECTION('',(1.,0.,-0.));
#494=VECTOR('',#493,3.997110695);
#495=LINE('',#492,#494);
#496=EDGE_CURVE('',#489,#491,#495,.T.);
#497=ORIENTED_EDGE('',*,*,#496,.T.);
#498=CARTESIAN_POINT('',(83.997110695,83.951654578,-2.473023786));
#499=VERTEX_POINT('',#498);
#500=CARTESIAN_POINT('',(79.8,83.951654578,-2.473023786));
#501=DIRECTION('',(1.,0.,-0.));
#502=VECTOR('',#501,4.197110695);
#503=LINE('',#500,#502);
#504=EDGE_CURVE('',#491,#499,#503,.T.);
#505=ORIENTED_EDGE('',*,*,#504,.T.);
#506=CARTESIAN_POINT('',(83.997110695,83.951654578,-2.328345422));
#507=VERTEX_POINT('',#506);
#508=CARTESIAN_POINT('',(83.997110695,83.951654578,-2.473023786));
#509=DIRECTION('',(-0.,0.,1.));
#510=VECTOR('',#509,0.144678365);
#511=LINE('',#508,#510);
#512=EDGE_CURVE('',#499,#507,#511,.T.);
#513=ORIENTED_EDGE('',*,*,#512,.T.);
#514=CARTESIAN_POINT('',(75.802889305,83.951654578,-2.328345422));
#515=VERTEX_POINT('',#514);
#516=CARTESIAN_POINT('',(75.802889305,83.951654578,-2.328345422));
#517=DIRECTION('',(1.,-0.,-0.));
#518=VECTOR('',#517,8.19422139);
#519=LINE('',#516,#518);
#520=EDGE_CURVE('',#515,#507,#519,.T.);
#521=ORIENTED_EDGE('',*,*,#520,.F.);
#522=CARTESIAN_POINT('',(75.802889305,83.951654578,-2.328345422));
#523=DIRECTION('',(-0.,-0.,-1.));
#524=VECTOR('',#523,0.144678365);
#525=LINE('',#522,#524);
#526=EDGE_CURVE('',#515,#489,#525,.T.);
#527=ORIENTED_EDGE('',*,*,#526,.T.);
#528=EDGE_LOOP('',(#497,#505,#513,#521,#527));
#529=FACE_BOUND('',#528,.T.);
#530=ADVANCED_FACE('',(#529),#487,.T.);
#531=CARTESIAN_POINT('',(127.228086504,80.351654578,-2.728345422));
#532=DIRECTION('',(-0.,1.,-0.));
#533=DIRECTION('',(0.,0.,1.));
#534=AXIS2_PLACEMENT_3D('',#531,#532,#533);
#535=PLANE('',#534);
#536=CARTESIAN_POINT('',(84.9,80.351654578,-2.328345422));
#537=VERTEX_POINT('',#536);
#538=CARTESIAN_POINT('',(84.9,80.351654578,-2.473023786));
#539=VERTEX_POINT('',#538);
#540=CARTESIAN_POINT('',(84.9,80.351654578,-2.328345422));
#541=DIRECTION('',(-0.,-0.,-1.));
#542=VECTOR('',#541,0.144678365);
#543=LINE('',#540,#542);
#544=EDGE_CURVE('',#537,#539,#543,.T.);
#545=ORIENTED_EDGE('',*,*,#544,.T.);
#546=CARTESIAN_POINT('',(74.7,80.351654578,-2.473023786));
#547=VERTEX_POINT('',#546);
#548=CARTESIAN_POINT('',(84.9,80.351654578,-2.473023786));
#549=DIRECTION('',(-1.,0.,0.));
#550=VECTOR('',#549,10.2);
#551=LINE('',#548,#550);
#552=EDGE_CURVE('',#539,#547,#551,.T.);
#553=ORIENTED_EDGE('',*,*,#552,.T.);
#554=CARTESIAN_POINT('',(74.7,80.351654578,-2.328345422));
#555=VERTEX_POINT('',#554);
#556=CARTESIAN_POINT('',(74.7,80.351654578,-2.473023786));
#557=DIRECTION('',(0.,0.,1.));
#558=VECTOR('',#557,0.144678365);
#559=LINE('',#556,#558);
#560=EDGE_CURVE('',#547,#555,#559,.T.);
#561=ORIENTED_EDGE('',*,*,#560,.T.);
#562=CARTESIAN_POINT('',(84.9,80.351654578,-2.328345422));
#563=DIRECTION('',(-1.,0.,0.));
#564=VECTOR('',#563,10.2);
#565=LINE('',#562,#564);
#566=EDGE_CURVE('',#537,#555,#565,.T.);
#567=ORIENTED_EDGE('',*,*,#566,.F.);
#568=EDGE_LOOP('',(#545,#553,#561,#567));
#569=FACE_BOUND('',#568,.T.);
#570=ADVANCED_FACE('',(#569),#535,.T.);
#571=CARTESIAN_POINT('',(117.317474883,83.426654578,-3.128345422));
#572=DIRECTION('',(-1.,0.,0.));
#573=DIRECTION('',(0.,-1.,0.));
#574=AXIS2_PLACEMENT_3D('',#571,#572,#573);
#575=PLANE('',#574);
#576=CARTESIAN_POINT('',(117.317474883,81.67228715,-2.328345422));
#577=VERTEX_POINT('',#576);
#578=CARTESIAN_POINT('',(117.317474883,81.67228715,-2.473023791));
#579=VERTEX_POINT('',#578);
#580=CARTESIAN_POINT('',(117.317474883,81.67228715,-2.328345422));
#581=DIRECTION('',(-0.,-0.,-1.));
#582=VECTOR('',#581,0.144678369);
#583=LINE('',#580,#582);
#584=EDGE_CURVE('',#577,#579,#583,.T.);
#585=ORIENTED_EDGE('',*,*,#584,.T.);
#586=CARTESIAN_POINT('',(117.317474883,82.63380561,-2.473023791));
#587=VERTEX_POINT('',#586);
#588=CARTESIAN_POINT('',(117.317474883,81.67228715,-2.473023791));
#589=DIRECTION('',(0.,1.,-0.));
#590=VECTOR('',#589,0.96151846);
#591=LINE('',#588,#590);
#592=EDGE_CURVE('',#579,#587,#591,.T.);
#593=ORIENTED_EDGE('',*,*,#592,.T.);
#594=CARTESIAN_POINT('',(117.317474883,82.63380561,-2.328345422));
#595=VERTEX_POINT('',#594);
#596=CARTESIAN_POINT('',(117.317474883,82.63380561,-2.473023791));
#597=DIRECTION('',(-0.,0.,1.));
#598=VECTOR('',#597,0.144678369);
#599=LINE('',#596,#598);
#600=EDGE_CURVE('',#587,#595,#599,.T.);
#601=ORIENTED_EDGE('',*,*,#600,.T.);
#602=CARTESIAN_POINT('',(117.317474883,82.63380561,-2.328345422));
#603=DIRECTION('',(0.,-1.,0.));
#604=VECTOR('',#603,0.96151846);
#605=LINE('',#602,#604);
#606=EDGE_CURVE('',#595,#577,#605,.T.);
#607=ORIENTED_EDGE('',*,*,#606,.T.);
#608=EDGE_LOOP('',(#585,#593,#601,#607));
#609=FACE_BOUND('',#608,.T.);
#610=ADVANCED_FACE('',(#609),#575,.F.);
#611=CARTESIAN_POINT('',(104.723572388,83.426654578,-3.128345422));
#612=DIRECTION('',(-1.,0.,0.));
#613=DIRECTION('',(0.,-1.,0.));
#614=AXIS2_PLACEMENT_3D('',#611,#612,#613);
#615=PLANE('',#614);
#616=CARTESIAN_POINT('',(104.723572388,81.67228715,-2.328345422));
#617=VERTEX_POINT('',#616);
#618=CARTESIAN_POINT('',(104.723572388,81.67228715,-2.473023791));
#619=VERTEX_POINT('',#618);
#620=CARTESIAN_POINT('',(104.723572388,81.67228715,-2.328345422));
#621=DIRECTION('',(0.,-0.,-1.));
#622=VECTOR('',#621,0.144678369);
#623=LINE('',#620,#622);
#624=EDGE_CURVE('',#617,#619,#623,.T.);
#625=ORIENTED_EDGE('',*,*,#624,.T.);
#626=CARTESIAN_POINT('',(104.723572388,82.63380561,-2.473023791));
#627=VERTEX_POINT('',#626);
#628=CARTESIAN_POINT('',(104.723572388,81.67228715,-2.473023791));
#629=DIRECTION('',(0.,1.,-0.));
#630=VECTOR('',#629,0.96151846);
#631=LINE('',#628,#630);
#632=EDGE_CURVE('',#619,#627,#631,.T.);
#633=ORIENTED_EDGE('',*,*,#632,.T.);
#634=CARTESIAN_POINT('',(104.723572388,82.63380561,-2.328345422));
#635=VERTEX_POINT('',#634);
#636=CARTESIAN_POINT('',(104.723572388,82.63380561,-2.473023791));
#637=DIRECTION('',(-0.,0.,1.));
#638=VECTOR('',#637,0.144678369);
#639=LINE('',#636,#638);
#640=EDGE_CURVE('',#627,#635,#639,.T.);
#641=ORIENTED_EDGE('',*,*,#640,.T.);
#642=CARTESIAN_POINT('',(104.723572388,82.63380561,-2.328345422));
#643=DIRECTION('',(-0.,-1.,0.));
#644=VECTOR('',#643,0.96151846);
#645=LINE('',#642,#644);
#646=EDGE_CURVE('',#635,#617,#645,.T.);
#647=ORIENTED_EDGE('',*,*,#646,.T.);
#648=EDGE_LOOP('',(#625,#633,#641,#647));
#649=FACE_BOUND('',#648,.T.);
#650=ADVANCED_FACE('',(#649),#615,.F.);
#651=CARTESIAN_POINT('',(125.682525117,83.426654578,-3.128345422));
#652=DIRECTION('',(0.,-0.,-1.));
#653=DIRECTION('',(0.,-1.,0.));
#654=AXIS2_PLACEMENT_3D('',#651,#652,#653);
#655=PLANE('',#654);
#656=CARTESIAN_POINT('',(118.402363305,84.449665359,-3.128345426));
#657=VERTEX_POINT('',#656);
#658=CARTESIAN_POINT('',(119.067848968,84.725318546,-3.128345426));
#659=VERTEX_POINT('',#658);
#660=CARTESIAN_POINT('',(119.067848968,83.784179695,-3.128345426));
#661=DIRECTION('',(0.,-0.,-1.));
#662=DIRECTION('',(-0.707106781,0.707106781,-0.));
#663=AXIS2_PLACEMENT_3D('',#660,#661,#662);
#664=CIRCLE('',#663,0.941138851);
#665=EDGE_CURVE('',#657,#659,#664,.T.);
#666=ORIENTED_EDGE('',*,*,#665,.F.);
#667=CARTESIAN_POINT('',(117.25198922,83.299291273,-3.128345426));
#668=VERTEX_POINT('',#667);
#669=CARTESIAN_POINT('',(117.25198922,83.299291273,-3.128345426));
#670=DIRECTION('',(0.707106781,0.707106781,-0.));
#671=VECTOR('',#670,1.626874633);
#672=LINE('',#669,#671);
#673=EDGE_CURVE('',#668,#657,#672,.T.);
#674=ORIENTED_EDGE('',*,*,#673,.F.);
#675=CARTESIAN_POINT('',(116.976336032,82.63380561,-3.128345426));
#676=VERTEX_POINT('',#675);
#677=CARTESIAN_POINT('',(117.917474883,82.63380561,-3.128345426));
#678=DIRECTION('',(-0.,-0.,-1.));
#679=DIRECTION('',(-1.,0.,0.));
#680=AXIS2_PLACEMENT_3D('',#677,#678,#679);
#681=CIRCLE('',#680,0.941138851);
#682=EDGE_CURVE('',#676,#668,#681,.T.);
#683=ORIENTED_EDGE('',*,*,#682,.F.);
#684=CARTESIAN_POINT('',(116.976336032,81.67228715,-3.128345426));
#685=VERTEX_POINT('',#684);
#686=CARTESIAN_POINT('',(116.976336032,81.67228715,-3.128345426));
#687=DIRECTION('',(0.,1.,-0.));
#688=VECTOR('',#687,0.96151846);
#689=LINE('',#686,#688);
#690=EDGE_CURVE('',#685,#676,#689,.T.);
#691=ORIENTED_EDGE('',*,*,#690,.F.);
#692=CARTESIAN_POINT('',(117.917474883,80.731148299,-3.128345426));
#693=VERTEX_POINT('',#692);
#694=CARTESIAN_POINT('',(117.917474883,81.67228715,-3.128345426));
#695=DIRECTION('',(0.,-0.,-1.));
#696=DIRECTION('',(0.,-1.,0.));
#697=AXIS2_PLACEMENT_3D('',#694,#695,#696);
#698=CIRCLE('',#697,0.941138851);
#699=EDGE_CURVE('',#693,#685,#698,.T.);
#700=ORIENTED_EDGE('',*,*,#699,.F.);
#701=CARTESIAN_POINT('',(125.082525117,80.731148299,-3.128345426));
#702=VERTEX_POINT('',#701);
#703=CARTESIAN_POINT('',(125.082525117,80.731148299,-3.128345426));
#704=DIRECTION('',(-1.,0.,0.));
#705=VECTOR('',#704,7.165050234);
#706=LINE('',#703,#705);
#707=EDGE_CURVE('',#702,#693,#706,.T.);
#708=ORIENTED_EDGE('',*,*,#707,.F.);
#709=CARTESIAN_POINT('',(126.023663968,81.67228715,-3.128345426));
#710=VERTEX_POINT('',#709);
#711=CARTESIAN_POINT('',(125.082525117,81.67228715,-3.128345426));
#712=DIRECTION('',(0.,-0.,-1.));
#713=DIRECTION('',(1.,0.,0.));
#714=AXIS2_PLACEMENT_3D('',#711,#712,#713);
#715=CIRCLE('',#714,0.941138851);
#716=EDGE_CURVE('',#710,#702,#715,.T.);
#717=ORIENTED_EDGE('',*,*,#716,.F.);
#718=CARTESIAN_POINT('',(126.023663968,82.627708105,-3.128345426));
#719=VERTEX_POINT('',#718);
#720=CARTESIAN_POINT('',(126.023663968,82.627708105,-3.128345426));
#721=DIRECTION('',(0.,-1.,0.));
#722=VECTOR('',#721,0.955420955);
#723=LINE('',#720,#722);
#724=EDGE_CURVE('',#719,#710,#723,.T.);
#725=ORIENTED_EDGE('',*,*,#724,.F.);
#726=CARTESIAN_POINT('',(125.74801078,83.293193769,-3.128345426));
#727=VERTEX_POINT('',#726);
#728=CARTESIAN_POINT('',(125.082525117,82.627708105,-3.128345426));
#729=DIRECTION('',(0.,-0.,-1.));
#730=DIRECTION('',(0.707106781,0.707106781,-0.));
#731=AXIS2_PLACEMENT_3D('',#728,#729,#730);
#732=CIRCLE('',#731,0.941138851);
#733=EDGE_CURVE('',#727,#719,#732,.T.);
#734=ORIENTED_EDGE('',*,*,#733,.F.);
#735=CARTESIAN_POINT('',(124.59153919,84.449665359,-3.128345426));
#736=VERTEX_POINT('',#735);
#737=CARTESIAN_POINT('',(124.59153919,84.449665359,-3.128345426));
#738=DIRECTION('',(0.707106781,-0.707106781,0.));
#739=VECTOR('',#738,1.635497807);
#740=LINE('',#737,#739);
#741=EDGE_CURVE('',#736,#727,#740,.T.);
#742=ORIENTED_EDGE('',*,*,#741,.F.);
#743=CARTESIAN_POINT('',(123.926053527,84.725318546,-3.128345426));
#744=VERTEX_POINT('',#743);
#745=CARTESIAN_POINT('',(123.926053527,83.784179695,-3.128345426));
#746=DIRECTION('',(0.,-0.,-1.));
#747=DIRECTION('',(0.,1.,-0.));
#748=AXIS2_PLACEMENT_3D('',#745,#746,#747);
#749=CIRCLE('',#748,0.941138851);
#750=EDGE_CURVE('',#744,#736,#749,.T.);
#751=ORIENTED_EDGE('',*,*,#750,.F.);
#752=CARTESIAN_POINT('',(121.5,84.725318546,-3.128345426));
#753=VERTEX_POINT('',#752);
#754=CARTESIAN_POINT('',(121.5,84.725318546,-3.128345426));
#755=DIRECTION('',(1.,0.,-0.));
#756=VECTOR('',#755,2.426053527);
#757=LINE('',#754,#756);
#758=EDGE_CURVE('',#753,#744,#757,.T.);
#759=ORIENTED_EDGE('',*,*,#758,.F.);
#760=CARTESIAN_POINT('',(119.067848968,84.725318546,-3.128345426));
#761=DIRECTION('',(1.,0.,-0.));
#762=VECTOR('',#761,2.432151032);
#763=LINE('',#760,#762);
#764=EDGE_CURVE('',#659,#753,#763,.T.);
#765=ORIENTED_EDGE('',*,*,#764,.F.);
#766=EDGE_LOOP('',(#666,#674,#683,#691,#700,#708,#717,#725,#734,#742,#751,#759,#765));
#767=FACE_BOUND('',#766,.T.);
#768=CARTESIAN_POINT('',(105.80846081,84.449665359,-3.128345426));
#769=VERTEX_POINT('',#768);
#770=CARTESIAN_POINT('',(106.473946473,84.725318546,-3.128345426));
#771=VERTEX_POINT('',#770);
#772=CARTESIAN_POINT('',(106.473946473,83.784179695,-3.128345426));
#773=DIRECTION('',(0.,-0.,-1.));
#774=DIRECTION('',(-0.707106781,0.707106781,-0.));
#775=AXIS2_PLACEMENT_3D('',#772,#773,#774);
#776=CIRCLE('',#775,0.941138851);
#777=EDGE_CURVE('',#769,#771,#776,.T.);
#778=ORIENTED_EDGE('',*,*,#777,.F.);
#779=CARTESIAN_POINT('',(104.658086724,83.299291273,-3.128345426));
#780=VERTEX_POINT('',#779);
#781=CARTESIAN_POINT('',(104.658086724,83.299291273,-3.128345426));
#782=DIRECTION('',(0.707106781,0.707106781,-0.));
#783=VECTOR('',#782,1.626874633);
#784=LINE('',#781,#783);
#785=EDGE_CURVE('',#780,#769,#784,.T.);
#786=ORIENTED_EDGE('',*,*,#785,.F.);
#787=CARTESIAN_POINT('',(104.382433537,82.63380561,-3.128345426));
#788=VERTEX_POINT('',#787);
#789=CARTESIAN_POINT('',(105.323572388,82.63380561,-3.128345426));
#790=DIRECTION('',(-0.,-0.,-1.));
#791=DIRECTION('',(-1.,0.,0.));
#792=AXIS2_PLACEMENT_3D('',#789,#790,#791);
#793=CIRCLE('',#792,0.941138851);
#794=EDGE_CURVE('',#788,#780,#793,.T.);
#795=ORIENTED_EDGE('',*,*,#794,.F.);
#796=CARTESIAN_POINT('',(104.382433537,81.67228715,-3.128345426));
#797=VERTEX_POINT('',#796);
#798=CARTESIAN_POINT('',(104.382433537,81.67228715,-3.128345426));
#799=DIRECTION('',(0.,1.,-0.));
#800=VECTOR('',#799,0.96151846);
#801=LINE('',#798,#800);
#802=EDGE_CURVE('',#797,#788,#801,.T.);
#803=ORIENTED_EDGE('',*,*,#802,.F.);
#804=CARTESIAN_POINT('',(105.323572388,80.731148299,-3.128345426));
#805=VERTEX_POINT('',#804);
#806=CARTESIAN_POINT('',(105.323572388,81.67228715,-3.128345426));
#807=DIRECTION('',(0.,-0.,-1.));
#808=DIRECTION('',(-0.,-1.,0.));
#809=AXIS2_PLACEMENT_3D('',#806,#807,#808);
#810=CIRCLE('',#809,0.941138851);
#811=EDGE_CURVE('',#805,#797,#810,.T.);
#812=ORIENTED_EDGE('',*,*,#811,.F.);
#813=CARTESIAN_POINT('',(112.482525117,80.731148299,-3.128345426));
#814=VERTEX_POINT('',#813);
#815=CARTESIAN_POINT('',(112.482525117,80.731148299,-3.128345426));
#816=DIRECTION('',(-1.,0.,0.));
#817=VECTOR('',#816,7.158952729);
#818=LINE('',#815,#817);
#819=EDGE_CURVE('',#814,#805,#818,.T.);
#820=ORIENTED_EDGE('',*,*,#819,.F.);
#821=CARTESIAN_POINT('',(113.423663968,81.67228715,-3.128345426));
#822=VERTEX_POINT('',#821);
#823=CARTESIAN_POINT('',(112.482525117,81.67228715,-3.128345426));
#824=DIRECTION('',(0.,-0.,-1.));
#825=DIRECTION('',(1.,0.,0.));
#826=AXIS2_PLACEMENT_3D('',#823,#824,#825);
#827=CIRCLE('',#826,0.941138851);
#828=EDGE_CURVE('',#822,#814,#827,.T.);
#829=ORIENTED_EDGE('',*,*,#828,.F.);
#830=CARTESIAN_POINT('',(113.423663968,82.63380561,-3.128345426));
#831=VERTEX_POINT('',#830);
#832=CARTESIAN_POINT('',(113.423663968,82.63380561,-3.128345426));
#833=DIRECTION('',(0.,-1.,0.));
#834=VECTOR('',#833,0.96151846);
#835=LINE('',#832,#834);
#836=EDGE_CURVE('',#831,#822,#835,.T.);
#837=ORIENTED_EDGE('',*,*,#836,.F.);
#838=CARTESIAN_POINT('',(113.14801078,83.299291273,-3.128345426));
#839=VERTEX_POINT('',#838);
#840=CARTESIAN_POINT('',(112.482525117,82.63380561,-3.128345426));
#841=DIRECTION('',(0.,-0.,-1.));
#842=DIRECTION('',(0.707106781,0.707106781,-0.));
#843=AXIS2_PLACEMENT_3D('',#840,#841,#842);
#844=CIRCLE('',#843,0.941138851);
#845=EDGE_CURVE('',#839,#831,#844,.T.);
#846=ORIENTED_EDGE('',*,*,#845,.F.);
#847=CARTESIAN_POINT('',(111.997636695,84.449665359,-3.128345426));
#848=VERTEX_POINT('',#847);
#849=CARTESIAN_POINT('',(111.997636695,84.449665359,-3.128345426));
#850=DIRECTION('',(0.707106781,-0.707106781,0.));
#851=VECTOR('',#850,1.626874633);
#852=LINE('',#849,#851);
#853=EDGE_CURVE('',#848,#839,#852,.T.);
#854=ORIENTED_EDGE('',*,*,#853,.F.);
#855=CARTESIAN_POINT('',(111.332151032,84.725318546,-3.128345426));
#856=VERTEX_POINT('',#855);
#857=CARTESIAN_POINT('',(111.332151032,83.784179695,-3.128345426));
#858=DIRECTION('',(0.,-0.,-1.));
#859=DIRECTION('',(0.,1.,-0.));
#860=AXIS2_PLACEMENT_3D('',#857,#858,#859);
#861=CIRCLE('',#860,0.941138851);
#862=EDGE_CURVE('',#856,#848,#861,.T.);
#863=ORIENTED_EDGE('',*,*,#862,.F.);
#864=CARTESIAN_POINT('',(108.903048752,84.725318546,-3.128345426));
#865=VERTEX_POINT('',#864);
#866=CARTESIAN_POINT('',(108.903048752,84.725318546,-3.128345426));
#867=DIRECTION('',(1.,0.,-0.));
#868=VECTOR('',#867,2.429102279);
#869=LINE('',#866,#868);
#870=EDGE_CURVE('',#865,#856,#869,.T.);
#871=ORIENTED_EDGE('',*,*,#870,.F.);
#872=CARTESIAN_POINT('',(106.473946473,84.725318546,-3.128345426));
#873=DIRECTION('',(1.,0.,-0.));
#874=VECTOR('',#873,2.429102279);
#875=LINE('',#872,#874);
#876=EDGE_CURVE('',#771,#865,#875,.T.);
#877=ORIENTED_EDGE('',*,*,#876,.F.);
#878=EDGE_LOOP('',(#778,#786,#795,#803,#812,#820,#829,#837,#846,#854,#863,#871,#877));
#879=FACE_BOUND('',#878,.T.);
#880=CARTESIAN_POINT('',(75.198737778,84.073280013,-3.128345422));
#881=VERTEX_POINT('',#880);
#882=CARTESIAN_POINT('',(75.802889305,84.292793429,-3.128345422));
#883=VERTEX_POINT('',#882);
#884=CARTESIAN_POINT('',(75.802889305,83.351654578,-3.128345422));
#885=DIRECTION('',(0.,-0.,-1.));
#886=DIRECTION('',(-0.641936656,0.766757673,-0.));
#887=AXIS2_PLACEMENT_3D('',#884,#885,#886);
#888=CIRCLE('',#887,0.941138851);
#889=EDGE_CURVE('',#881,#883,#888,.T.);
#890=ORIENTED_EDGE('',*,*,#889,.F.);
#891=CARTESIAN_POINT('',(74.095848473,83.149930828,-3.128345422));
#892=VERTEX_POINT('',#891);
#893=CARTESIAN_POINT('',(74.095848473,83.149930828,-3.128345422));
#894=DIRECTION('',(0.766757673,0.641936656,-0.));
#895=VECTOR('',#894,1.438380526);
#896=LINE('',#893,#895);
#897=EDGE_CURVE('',#892,#881,#896,.T.);
#898=ORIENTED_EDGE('',*,*,#897,.F.);
#899=CARTESIAN_POINT('',(73.758861149,82.428305393,-3.128345422));
#900=VERTEX_POINT('',#899);
#901=CARTESIAN_POINT('',(74.7,82.428305393,-3.128345422));
#902=DIRECTION('',(-0.,-0.,-1.));
#903=DIRECTION('',(-1.,0.,0.));
#904=AXIS2_PLACEMENT_3D('',#901,#902,#903);
#905=CIRCLE('',#904,0.941138851);
#906=EDGE_CURVE('',#900,#892,#905,.T.);
#907=ORIENTED_EDGE('',*,*,#906,.F.);
#908=CARTESIAN_POINT('',(73.758861149,80.951654578,-3.128345422));
#909=VERTEX_POINT('',#908);
#910=CARTESIAN_POINT('',(73.758861149,80.951654578,-3.128345422));
#911=DIRECTION('',(0.,1.,-0.));
#912=VECTOR('',#911,1.476650814);
#913=LINE('',#910,#912);
#914=EDGE_CURVE('',#909,#900,#913,.T.);
#915=ORIENTED_EDGE('',*,*,#914,.F.);
#916=CARTESIAN_POINT('',(74.7,80.010515727,-3.128345422));
#917=VERTEX_POINT('',#916);
#918=CARTESIAN_POINT('',(74.7,80.951654578,-3.128345422));
#919=DIRECTION('',(0.,-0.,-1.));
#920=DIRECTION('',(0.,-1.,0.));
#921=AXIS2_PLACEMENT_3D('',#918,#919,#920);
#922=CIRCLE('',#921,0.941138851);
#923=EDGE_CURVE('',#917,#909,#922,.T.);
#924=ORIENTED_EDGE('',*,*,#923,.F.);
#925=CARTESIAN_POINT('',(84.9,80.010515727,-3.128345422));
#926=VERTEX_POINT('',#925);
#927=CARTESIAN_POINT('',(84.9,80.010515727,-3.128345422));
#928=DIRECTION('',(-1.,0.,0.));
#929=VECTOR('',#928,10.2);
#930=LINE('',#927,#929);
#931=EDGE_CURVE('',#926,#917,#930,.T.);
#932=ORIENTED_EDGE('',*,*,#931,.F.);
#933=CARTESIAN_POINT('',(86.041138851,81.151654578,-3.128345422));
#934=VERTEX_POINT('',#933);
#935=CARTESIAN_POINT('',(84.9,81.151654578,-3.128345422));
#936=DIRECTION('',(0.,-0.,-1.));
#937=DIRECTION('',(1.,0.,0.));
#938=AXIS2_PLACEMENT_3D('',#935,#936,#937);
#939=CIRCLE('',#938,1.141138851);
#940=EDGE_CURVE('',#934,#926,#939,.T.);
#941=ORIENTED_EDGE('',*,*,#940,.F.);
#942=CARTESIAN_POINT('',(86.041138851,82.428305393,-3.128345422));
#943=VERTEX_POINT('',#942);
#944=CARTESIAN_POINT('',(86.041138851,82.428305393,-3.128345422));
#945=DIRECTION('',(0.,-1.,0.));
#946=VECTOR('',#945,1.276650814);
#947=LINE('',#944,#946);
#948=EDGE_CURVE('',#943,#934,#947,.T.);
#949=ORIENTED_EDGE('',*,*,#948,.F.);
#950=CARTESIAN_POINT('',(85.704151527,83.149930828,-3.128345422));
#951=VERTEX_POINT('',#950);
#952=CARTESIAN_POINT('',(85.1,82.428305393,-3.128345422));
#953=DIRECTION('',(0.,-0.,-1.));
#954=DIRECTION('',(0.641936656,0.766757673,-0.));
#955=AXIS2_PLACEMENT_3D('',#952,#953,#954);
#956=CIRCLE('',#955,0.941138851);
#957=EDGE_CURVE('',#951,#943,#956,.T.);
#958=ORIENTED_EDGE('',*,*,#957,.F.);
#959=CARTESIAN_POINT('',(84.601262222,84.073280013,-3.128345422));
#960=VERTEX_POINT('',#959);
#961=CARTESIAN_POINT('',(84.601262222,84.073280013,-3.128345422));
#962=DIRECTION('',(0.766757673,-0.641936656,0.));
#963=VECTOR('',#962,1.438380526);
#964=LINE('',#961,#963);
#965=EDGE_CURVE('',#960,#951,#964,.T.);
#966=ORIENTED_EDGE('',*,*,#965,.F.);
#967=CARTESIAN_POINT('',(83.997110695,84.292793429,-3.128345422));
#968=VERTEX_POINT('',#967);
#969=CARTESIAN_POINT('',(83.997110695,83.351654578,-3.128345422));
#970=DIRECTION('',(0.,-0.,-1.));
#971=DIRECTION('',(0.,1.,-0.));
#972=AXIS2_PLACEMENT_3D('',#969,#970,#971);
#973=CIRCLE('',#972,0.941138851);
#974=EDGE_CURVE('',#968,#960,#973,.T.);
#975=ORIENTED_EDGE('',*,*,#974,.F.);
#976=CARTESIAN_POINT('',(79.8,84.292793429,-3.128345422));
#977=VERTEX_POINT('',#976);
#978=CARTESIAN_POINT('',(79.8,84.292793429,-3.128345422));
#979=DIRECTION('',(1.,0.,-0.));
#980=VECTOR('',#979,4.197110695);
#981=LINE('',#978,#980);
#982=EDGE_CURVE('',#977,#968,#981,.T.);
#983=ORIENTED_EDGE('',*,*,#982,.F.);
#984=CARTESIAN_POINT('',(75.802889305,84.292793429,-3.128345422));
#985=DIRECTION('',(1.,0.,-0.));
#986=VECTOR('',#985,3.997110695);
#987=LINE('',#984,#986);
#988=EDGE_CURVE('',#883,#977,#987,.T.);
#989=ORIENTED_EDGE('',*,*,#988,.F.);
#990=EDGE_LOOP('',(#890,#898,#907,#915,#924,#932,#941,#949,#958,#966,#975,#983,#989));
#991=FACE_BOUND('',#990,.T.);
#992=CARTESIAN_POINT('',(129.3,85.551654578,-3.128345422));
#993=VERTEX_POINT('',#992);
#994=CARTESIAN_POINT('',(129.3,73.701654572,-3.128345422));
#995=VERTEX_POINT('',#994);
#996=CARTESIAN_POINT('',(129.3,85.551654578,-3.128345422));
#997=DIRECTION('',(0.,-1.,0.));
#998=VECTOR('',#997,11.850000006);
#999=LINE('',#996,#998);
#1000=EDGE_CURVE('',#993,#995,#999,.T.);
#1001=ORIENTED_EDGE('',*,*,#1000,.T.);
#1002=CARTESIAN_POINT('',(70.7,73.701654572,-3.128345422));
#1003=VERTEX_POINT('',#1002);
#1004=CARTESIAN_POINT('',(129.3,73.701654572,-3.128345422));
#1005=DIRECTION('',(-1.,0.,0.));
#1006=VECTOR('',#1005,58.6);
#1007=LINE('',#1004,#1006);
#1008=EDGE_CURVE('',#995,#1003,#1007,.T.);
#1009=ORIENTED_EDGE('',*,*,#1008,.T.);
#1010=CARTESIAN_POINT('',(70.7,85.551654578,-3.128345422));
#1011=VERTEX_POINT('',#1010);
#1012=CARTESIAN_POINT('',(70.7,73.701654572,-3.128345422));
#1013=DIRECTION('',(0.,1.,-0.));
#1014=VECTOR('',#1013,11.850000006);
#1015=LINE('',#1012,#1014);
#1016=EDGE_CURVE('',#1003,#1011,#1015,.T.);
#1017=ORIENTED_EDGE('',*,*,#1016,.T.);
#1018=CARTESIAN_POINT('',(70.7,85.551654578,-3.128345422));
#1019=DIRECTION('',(1.,0.,-0.));
#1020=VECTOR('',#1019,58.6);
#1021=LINE('',#1018,#1020);
#1022=EDGE_CURVE('',#1011,#993,#1021,.T.);
#1023=ORIENTED_EDGE('',*,*,#1022,.T.);
#1024=EDGE_LOOP('',(#1001,#1009,#1017,#1023));
#1025=FACE_BOUND('',#1024,.T.);
#1026=ADVANCED_FACE('',(#767,#879,#991,#1025),#655,.T.);
#1027=CARTESIAN_POINT('',(125.682525117,85.551654578,-3.128345422));
#1028=DIRECTION('',(0.,-1.,0.));
#1029=DIRECTION('',(0.,0.,1.));
#1030=AXIS2_PLACEMENT_3D('',#1027,#1028,#1029);
#1031=PLANE('',#1030);
#1032=ORIENTED_EDGE('',*,*,#1022,.F.);
#1033=CARTESIAN_POINT('',(70.7,85.551654578,-2.328345422));
#1034=VERTEX_POINT('',#1033);
#1035=CARTESIAN_POINT('',(70.7,85.551654578,-3.128345422));
#1036=DIRECTION('',(0.,0.,1.));
#1037=VECTOR('',#1036,0.8);
#1038=LINE('',#1035,#1037);
#1039=EDGE_CURVE('',#1011,#1034,#1038,.T.);
#1040=ORIENTED_EDGE('',*,*,#1039,.T.);
#1041=CARTESIAN_POINT('',(129.3,85.551654578,-2.328345422));
#1042=VERTEX_POINT('',#1041);
#1043=CARTESIAN_POINT('',(70.7,85.551654578,-2.328345422));
#1044=DIRECTION('',(1.,0.,-0.));
#1045=VECTOR('',#1044,58.6);
#1046=LINE('',#1043,#1045);
#1047=EDGE_CURVE('',#1034,#1042,#1046,.T.);
#1048=ORIENTED_EDGE('',*,*,#1047,.T.);
#1049=CARTESIAN_POINT('',(129.3,85.551654578,-3.128345422));
#1050=DIRECTION('',(-0.,0.,1.));
#1051=VECTOR('',#1050,0.8);
#1052=LINE('',#1049,#1051);
#1053=EDGE_CURVE('',#993,#1042,#1052,.T.);
#1054=ORIENTED_EDGE('',*,*,#1053,.F.);
#1055=EDGE_LOOP('',(#1032,#1040,#1048,#1054));
#1056=FACE_BOUND('',#1055,.T.);
#1057=ADVANCED_FACE('',(#1056),#1031,.F.);
#1058=CARTESIAN_POINT('',(125.682525117,83.426654578,-2.328345422));
#1059=DIRECTION('',(0.,-0.,-1.));
#1060=DIRECTION('',(0.,-1.,0.));
#1061=AXIS2_PLACEMENT_3D('',#1058,#1059,#1060);
#1062=PLANE('',#1061);
#1063=ORIENTED_EDGE('',*,*,#646,.F.);
#1064=CARTESIAN_POINT('',(105.323572388,82.63380561,-2.328345422));
#1065=DIRECTION('',(0.,-0.,-1.));
#1066=DIRECTION('',(0.,1.,-0.));
#1067=AXIS2_PLACEMENT_3D('',#1064,#1065,#1066);
#1068=CIRCLE('',#1067,0.6);
#1069=EDGE_CURVE('',#635,#329,#1068,.T.);
#1070=ORIENTED_EDGE('',*,*,#1069,.T.);
#1071=ORIENTED_EDGE('',*,*,#358,.F.);
#1072=CARTESIAN_POINT('',(106.473946473,83.784179695,-2.328345422));
#1073=DIRECTION('',(0.,-0.,-1.));
#1074=DIRECTION('',(0.,1.,-0.));
#1075=AXIS2_PLACEMENT_3D('',#1072,#1073,#1074);
#1076=CIRCLE('',#1075,0.6);
#1077=EDGE_CURVE('',#347,#59,#1076,.T.);
#1078=ORIENTED_EDGE('',*,*,#1077,.T.);
#1079=ORIENTED_EDGE('',*,*,#64,.T.);
#1080=CARTESIAN_POINT('',(111.332151032,83.784179695,-2.328345422));
#1081=DIRECTION('',(0.,-0.,-1.));
#1082=DIRECTION('',(0.,1.,-0.));
#1083=AXIS2_PLACEMENT_3D('',#1080,#1081,#1082);
#1084=CIRCLE('',#1083,0.6);
#1085=EDGE_CURVE('',#51,#369,#1084,.T.);
#1086=ORIENTED_EDGE('',*,*,#1085,.T.);
#1087=ORIENTED_EDGE('',*,*,#398,.T.);
#1088=CARTESIAN_POINT('',(112.482525117,82.63380561,-2.328345422));
#1089=DIRECTION('',(0.,-0.,-1.));
#1090=DIRECTION('',(0.,1.,-0.));
#1091=AXIS2_PLACEMENT_3D('',#1088,#1089,#1090);
#1092=CIRCLE('',#1091,0.6);
#1093=EDGE_CURVE('',#387,#169,#1092,.T.);
#1094=ORIENTED_EDGE('',*,*,#1093,.T.);
#1095=ORIENTED_EDGE('',*,*,#198,.T.);
#1096=CARTESIAN_POINT('',(112.482525117,81.67228715,-2.328345422));
#1097=DIRECTION('',(0.,-0.,-1.));
#1098=DIRECTION('',(0.,1.,-0.));
#1099=AXIS2_PLACEMENT_3D('',#1096,#1097,#1098);
#1100=CIRCLE('',#1099,0.6);
#1101=EDGE_CURVE('',#187,#249,#1100,.T.);
#1102=ORIENTED_EDGE('',*,*,#1101,.T.);
#1103=ORIENTED_EDGE('',*,*,#278,.T.);
#1104=CARTESIAN_POINT('',(105.323572388,81.67228715,-2.328345422));
#1105=DIRECTION('',(0.,-0.,-1.));
#1106=DIRECTION('',(0.,1.,-0.));
#1107=AXIS2_PLACEMENT_3D('',#1104,#1105,#1106);
#1108=CIRCLE('',#1107,0.6);
#1109=EDGE_CURVE('',#267,#617,#1108,.T.);
#1110=ORIENTED_EDGE('',*,*,#1109,.T.);
#1111=EDGE_LOOP('',(#1063,#1070,#1071,#1078,#1079,#1086,#1087,#1094,#1095,#1102,#1103,#1110));
#1112=FACE_BOUND('',#1111,.T.);
#1113=ORIENTED_EDGE('',*,*,#606,.F.);
#1114=CARTESIAN_POINT('',(117.917474883,82.63380561,-2.328345422));
#1115=DIRECTION('',(0.,-0.,-1.));
#1116=DIRECTION('',(0.,1.,-0.));
#1117=AXIS2_PLACEMENT_3D('',#1114,#1115,#1116);
#1118=CIRCLE('',#1117,0.6);
#1119=EDGE_CURVE('',#595,#409,#1118,.T.);
#1120=ORIENTED_EDGE('',*,*,#1119,.T.);
#1121=ORIENTED_EDGE('',*,*,#438,.F.);
#1122=CARTESIAN_POINT('',(119.067848968,83.784179695,-2.328345422));
#1123=DIRECTION('',(0.,-0.,-1.));
#1124=DIRECTION('',(0.,1.,-0.));
#1125=AXIS2_PLACEMENT_3D('',#1122,#1123,#1124);
#1126=CIRCLE('',#1125,0.6);
#1127=EDGE_CURVE('',#427,#107,#1126,.T.);
#1128=ORIENTED_EDGE('',*,*,#1127,.T.);
#1129=ORIENTED_EDGE('',*,*,#112,.T.);
#1130=CARTESIAN_POINT('',(123.926053527,83.784179695,-2.328345422));
#1131=DIRECTION('',(0.,-0.,-1.));
#1132=DIRECTION('',(0.,1.,-0.));
#1133=AXIS2_PLACEMENT_3D('',#1130,#1131,#1132);
#1134=CIRCLE('',#1133,0.6);
#1135=EDGE_CURVE('',#99,#289,#1134,.T.);
#1136=ORIENTED_EDGE('',*,*,#1135,.T.);
#1137=ORIENTED_EDGE('',*,*,#318,.T.);
#1138=CARTESIAN_POINT('',(125.082525117,82.627708105,-2.328345422));
#1139=DIRECTION('',(0.,-0.,-1.));
#1140=DIRECTION('',(0.,1.,-0.));
#1141=AXIS2_PLACEMENT_3D('',#1138,#1139,#1140);
#1142=CIRCLE('',#1141,0.6);
#1143=EDGE_CURVE('',#307,#129,#1142,.T.);
#1144=ORIENTED_EDGE('',*,*,#1143,.T.);
#1145=ORIENTED_EDGE('',*,*,#158,.T.);
#1146=CARTESIAN_POINT('',(125.082525117,81.67228715,-2.328345422));
#1147=DIRECTION('',(0.,-0.,-1.));
#1148=DIRECTION('',(0.,1.,-0.));
#1149=AXIS2_PLACEMENT_3D('',#1146,#1147,#1148);
#1150=CIRCLE('',#1149,0.6);
#1151=EDGE_CURVE('',#147,#209,#1150,.T.);
#1152=ORIENTED_EDGE('',*,*,#1151,.T.);
#1153=ORIENTED_EDGE('',*,*,#238,.T.);
#1154=CARTESIAN_POINT('',(117.917474883,81.67228715,-2.328345422));
#1155=DIRECTION('',(0.,-0.,-1.));
#1156=DIRECTION('',(0.,1.,-0.));
#1157=AXIS2_PLACEMENT_3D('',#1154,#1155,#1156);
#1158=CIRCLE('',#1157,0.6);
#1159=EDGE_CURVE('',#227,#577,#1158,.T.);
#1160=ORIENTED_EDGE('',*,*,#1159,.T.);
#1161=EDGE_LOOP('',(#1113,#1120,#1121,#1128,#1129,#1136,#1137,#1144,#1145,#1152,#1153,#1160));
#1162=FACE_BOUND('',#1161,.T.);
#1163=ORIENTED_EDGE('',*,*,#520,.T.);
#1164=CARTESIAN_POINT('',(84.382272689,83.811709182,-2.328346844));
#1165=VERTEX_POINT('',#1164);
#1166=CARTESIAN_POINT('',(83.997110695,83.351654578,-2.328345422));
#1167=DIRECTION('',(0.,-0.,-1.));
#1168=DIRECTION('',(0.,1.,-0.));
#1169=AXIS2_PLACEMENT_3D('',#1166,#1167,#1168);
#1170=CIRCLE('',#1169,0.6);
#1171=EDGE_CURVE('',#507,#1165,#1170,.T.);
#1172=ORIENTED_EDGE('',*,*,#1171,.T.);
#1173=CARTESIAN_POINT('',(85.485161994,82.888359996,-2.328346844));
#1174=VERTEX_POINT('',#1173);
#1175=CARTESIAN_POINT('',(84.382272689,83.811709182,-2.328346844));
#1176=DIRECTION('',(0.766757673,-0.641936656,0.));
#1177=VECTOR('',#1176,1.438380526);
#1178=LINE('',#1175,#1177);
#1179=EDGE_CURVE('',#1165,#1174,#1178,.T.);
#1180=ORIENTED_EDGE('',*,*,#1179,.T.);
#1181=CARTESIAN_POINT('',(85.1,82.428305393,-2.328345422));
#1182=DIRECTION('',(0.,-0.,-1.));
#1183=DIRECTION('',(0.,1.,-0.));
#1184=AXIS2_PLACEMENT_3D('',#1181,#1182,#1183);
#1185=CIRCLE('',#1184,0.6);
#1186=EDGE_CURVE('',#1174,#449,#1185,.T.);
#1187=ORIENTED_EDGE('',*,*,#1186,.T.);
#1188=ORIENTED_EDGE('',*,*,#478,.T.);
#1189=CARTESIAN_POINT('',(84.9,81.151654578,-2.328345422));
#1190=DIRECTION('',(0.,-0.,-1.));
#1191=DIRECTION('',(0.,1.,-0.));
#1192=AXIS2_PLACEMENT_3D('',#1189,#1190,#1191);
#1193=CIRCLE('',#1192,0.8);
#1194=EDGE_CURVE('',#467,#537,#1193,.T.);
#1195=ORIENTED_EDGE('',*,*,#1194,.T.);
#1196=ORIENTED_EDGE('',*,*,#566,.T.);
#1197=CARTESIAN_POINT('',(74.1,80.951654578,-2.328345422));
#1198=VERTEX_POINT('',#1197);
#1199=CARTESIAN_POINT('',(74.7,80.951654578,-2.328345422));
#1200=DIRECTION('',(0.,-0.,-1.));
#1201=DIRECTION('',(0.,1.,-0.));
#1202=AXIS2_PLACEMENT_3D('',#1199,#1200,#1201);
#1203=CIRCLE('',#1202,0.6);
#1204=EDGE_CURVE('',#555,#1198,#1203,.T.);
#1205=ORIENTED_EDGE('',*,*,#1204,.T.);
#1206=CARTESIAN_POINT('',(74.1,82.428305393,-2.328345422));
#1207=VERTEX_POINT('',#1206);
#1208=CARTESIAN_POINT('',(74.1,82.428305393,-2.328345422));
#1209=DIRECTION('',(0.,-1.,0.));
#1210=VECTOR('',#1209,1.476650814);
#1211=LINE('',#1208,#1210);
#1212=EDGE_CURVE('',#1207,#1198,#1211,.T.);
#1213=ORIENTED_EDGE('',*,*,#1212,.F.);
#1214=CARTESIAN_POINT('',(74.314838006,82.888359996,-2.328346844));
#1215=VERTEX_POINT('',#1214);
#1216=CARTESIAN_POINT('',(74.7,82.428305393,-2.328345422));
#1217=DIRECTION('',(0.,-0.,-1.));
#1218=DIRECTION('',(0.,1.,-0.));
#1219=AXIS2_PLACEMENT_3D('',#1216,#1217,#1218);
#1220=CIRCLE('',#1219,0.6);
#1221=EDGE_CURVE('',#1207,#1215,#1220,.T.);
#1222=ORIENTED_EDGE('',*,*,#1221,.T.);
#1223=CARTESIAN_POINT('',(75.417727311,83.811709182,-2.328346844));
#1224=VERTEX_POINT('',#1223);
#1225=CARTESIAN_POINT('',(75.417727311,83.811709182,-2.328346844));
#1226=DIRECTION('',(-0.766757673,-0.641936656,0.));
#1227=VECTOR('',#1226,1.438380526);
#1228=LINE('',#1225,#1227);
#1229=EDGE_CURVE('',#1224,#1215,#1228,.T.);
#1230=ORIENTED_EDGE('',*,*,#1229,.F.);
#1231=CARTESIAN_POINT('',(75.802889305,83.351654578,-2.328345422));
#1232=DIRECTION('',(0.,-0.,-1.));
#1233=DIRECTION('',(0.,1.,-0.));
#1234=AXIS2_PLACEMENT_3D('',#1231,#1232,#1233);
#1235=CIRCLE('',#1234,0.6);
#1236=EDGE_CURVE('',#1224,#515,#1235,.T.);
#1237=ORIENTED_EDGE('',*,*,#1236,.T.);
#1238=EDGE_LOOP('',(#1163,#1172,#1180,#1187,#1188,#1195,#1196,#1205,#1213,#1222,#1230,#1237));
#1239=FACE_BOUND('',#1238,.T.);
#1240=CARTESIAN_POINT('',(129.3,73.701654572,-2.328345422));
#1241=VERTEX_POINT('',#1240);
#1242=CARTESIAN_POINT('',(70.7,73.701654572,-2.328345422));
#1243=VERTEX_POINT('',#1242);
#1244=CARTESIAN_POINT('',(129.3,73.701654572,-2.328345422));
#1245=DIRECTION('',(-1.,-0.,0.));
#1246=VECTOR('',#1245,58.6);
#1247=LINE('',#1244,#1246);
#1248=EDGE_CURVE('',#1241,#1243,#1247,.T.);
#1249=ORIENTED_EDGE('',*,*,#1248,.F.);
#1250=CARTESIAN_POINT('',(129.3,85.551654578,-2.328345422));
#1251=DIRECTION('',(-0.,-1.,0.));
#1252=VECTOR('',#1251,11.850000006);
#1253=LINE('',#1250,#1252);
#1254=EDGE_CURVE('',#1042,#1241,#1253,.T.);
#1255=ORIENTED_EDGE('',*,*,#1254,.F.);
#1256=ORIENTED_EDGE('',*,*,#1047,.F.);
#1257=CARTESIAN_POINT('',(70.7,73.701654572,-2.328345422));
#1258=DIRECTION('',(0.,1.,-0.));
#1259=VECTOR('',#1258,11.850000006);
#1260=LINE('',#1257,#1259);
#1261=EDGE_CURVE('',#1243,#1034,#1260,.T.);
#1262=ORIENTED_EDGE('',*,*,#1261,.F.);
#1263=EDGE_LOOP('',(#1249,#1255,#1256,#1262));
#1264=FACE_BOUND('',#1263,.T.);
#1265=ADVANCED_FACE('',(#1112,#1162,#1239,#1264),#1062,.F.);
#1266=CARTESIAN_POINT('',(129.3,83.426654578,-3.128345422));
#1267=DIRECTION('',(-1.,0.,0.));
#1268=DIRECTION('',(0.,-1.,0.));
#1269=AXIS2_PLACEMENT_3D('',#1266,#1267,#1268);
#1270=PLANE('',#1269);
#1271=ORIENTED_EDGE('',*,*,#1254,.T.);
#1272=CARTESIAN_POINT('',(129.3,73.701654572,-3.128345422));
#1273=DIRECTION('',(0.,0.,1.));
#1274=VECTOR('',#1273,0.8);
#1275=LINE('',#1272,#1274);
#1276=EDGE_CURVE('',#995,#1241,#1275,.T.);
#1277=ORIENTED_EDGE('',*,*,#1276,.F.);
#1278=ORIENTED_EDGE('',*,*,#1000,.F.);
#1279=ORIENTED_EDGE('',*,*,#1053,.T.);
#1280=EDGE_LOOP('',(#1271,#1277,#1278,#1279));
#1281=FACE_BOUND('',#1280,.T.);
#1282=ADVANCED_FACE('',(#1281),#1270,.F.);
#1283=CARTESIAN_POINT('',(74.1,83.426654578,-3.128345422));
#1284=DIRECTION('',(-1.,0.,0.));
#1285=DIRECTION('',(0.,-1.,0.));
#1286=AXIS2_PLACEMENT_3D('',#1283,#1284,#1285);
#1287=PLANE('',#1286);
#1288=CARTESIAN_POINT('',(74.1,80.951654578,-2.473023786));
#1289=VERTEX_POINT('',#1288);
#1290=CARTESIAN_POINT('',(74.1,80.951654578,-2.328345422));
#1291=DIRECTION('',(-0.,-0.,-1.));
#1292=VECTOR('',#1291,0.144678365);
#1293=LINE('',#1290,#1292);
#1294=EDGE_CURVE('',#1198,#1289,#1293,.T.);
#1295=ORIENTED_EDGE('',*,*,#1294,.T.);
#1296=CARTESIAN_POINT('',(74.1,82.428305393,-2.473023786));
#1297=VERTEX_POINT('',#1296);
#1298=CARTESIAN_POINT('',(74.1,80.951654578,-2.473023786));
#1299=DIRECTION('',(0.,1.,-0.));
#1300=VECTOR('',#1299,1.476650814);
#1301=LINE('',#1298,#1300);
#1302=EDGE_CURVE('',#1289,#1297,#1301,.T.);
#1303=ORIENTED_EDGE('',*,*,#1302,.T.);
#1304=CARTESIAN_POINT('',(74.1,82.428305393,-2.473023786));
#1305=DIRECTION('',(0.,0.,1.));
#1306=VECTOR('',#1305,0.144678365);
#1307=LINE('',#1304,#1306);
#1308=EDGE_CURVE('',#1297,#1207,#1307,.T.);
#1309=ORIENTED_EDGE('',*,*,#1308,.T.);
#1310=ORIENTED_EDGE('',*,*,#1212,.T.);
#1311=EDGE_LOOP('',(#1295,#1303,#1309,#1310));
#1312=FACE_BOUND('',#1311,.T.);
#1313=ADVANCED_FACE('',(#1312),#1287,.F.);
#1314=CARTESIAN_POINT('',(70.7,83.426654578,-3.128345422));
#1315=DIRECTION('',(1.,0.,0.));
#1316=DIRECTION('',(0.,1.,-0.));
#1317=AXIS2_PLACEMENT_3D('',#1314,#1315,#1316);
#1318=PLANE('',#1317);
#1319=ORIENTED_EDGE('',*,*,#1261,.T.);
#1320=ORIENTED_EDGE('',*,*,#1039,.F.);
#1321=ORIENTED_EDGE('',*,*,#1016,.F.);
#1322=CARTESIAN_POINT('',(70.7,73.701654572,-3.128345422));
#1323=DIRECTION('',(0.,0.,1.));
#1324=VECTOR('',#1323,0.8);
#1325=LINE('',#1322,#1324);
#1326=EDGE_CURVE('',#1003,#1243,#1325,.T.);
#1327=ORIENTED_EDGE('',*,*,#1326,.T.);
#1328=EDGE_LOOP('',(#1319,#1320,#1321,#1327));
#1329=FACE_BOUND('',#1328,.T.);
#1330=ADVANCED_FACE('',(#1329),#1318,.F.);
#1331=CARTESIAN_POINT('',(127.228086504,73.701654572,-2.728345422));
#1332=DIRECTION('',(0.,-1.,0.));
#1333=DIRECTION('',(1.,0.,0.));
#1334=AXIS2_PLACEMENT_3D('',#1331,#1332,#1333);
#1335=PLANE('',#1334);
#1336=ORIENTED_EDGE('',*,*,#1326,.F.);
#1337=ORIENTED_EDGE('',*,*,#1008,.F.);
#1338=ORIENTED_EDGE('',*,*,#1276,.T.);
#1339=ORIENTED_EDGE('',*,*,#1248,.T.);
#1340=EDGE_LOOP('',(#1336,#1337,#1338,#1339));
#1341=FACE_BOUND('',#1340,.T.);
#1342=ADVANCED_FACE('',(#1341),#1335,.T.);
#1343=CARTESIAN_POINT('',(74.7,80.951654578,-2.728345422));
#1344=DIRECTION('',(0.,0.,1.));
#1345=DIRECTION('',(0.,-1.,0.));
#1346=AXIS2_PLACEMENT_3D('',#1343,#1344,#1345);
#1347=CYLINDRICAL_SURFACE('',#1346,0.6);
#1348=ORIENTED_EDGE('',*,*,#560,.F.);
#1349=CARTESIAN_POINT('',(74.7,80.951654578,-2.473023786));
#1350=DIRECTION('',(0.,-0.,-1.));
#1351=DIRECTION('',(0.,-1.,0.));
#1352=AXIS2_PLACEMENT_3D('',#1349,#1350,#1351);
#1353=CIRCLE('',#1352,0.6);
#1354=EDGE_CURVE('',#547,#1289,#1353,.T.);
#1355=ORIENTED_EDGE('',*,*,#1354,.T.);
#1356=ORIENTED_EDGE('',*,*,#1294,.F.);
#1357=ORIENTED_EDGE('',*,*,#1204,.F.);
#1358=EDGE_LOOP('',(#1348,#1355,#1356,#1357));
#1359=FACE_BOUND('',#1358,.T.);
#1360=ADVANCED_FACE('',(#1359),#1347,.F.);
#1361=CARTESIAN_POINT('',(84.9,81.151654578,-3.128345422));
#1362=DIRECTION('',(0.,-0.,-1.));
#1363=DIRECTION('',(0.,1.,-0.));
#1364=AXIS2_PLACEMENT_3D('',#1361,#1362,#1363);
#1365=CYLINDRICAL_SURFACE('',#1364,0.8);
#1366=ORIENTED_EDGE('',*,*,#472,.F.);
#1367=CARTESIAN_POINT('',(84.9,81.151654578,-2.473023786));
#1368=DIRECTION('',(0.,-0.,-1.));
#1369=DIRECTION('',(1.,0.,0.));
#1370=AXIS2_PLACEMENT_3D('',#1367,#1368,#1369);
#1371=CIRCLE('',#1370,0.8);
#1372=EDGE_CURVE('',#459,#539,#1371,.T.);
#1373=ORIENTED_EDGE('',*,*,#1372,.T.);
#1374=ORIENTED_EDGE('',*,*,#544,.F.);
#1375=ORIENTED_EDGE('',*,*,#1194,.F.);
#1376=EDGE_LOOP('',(#1366,#1373,#1374,#1375));
#1377=FACE_BOUND('',#1376,.T.);
#1378=ADVANCED_FACE('',(#1377),#1365,.F.);
#1379=CARTESIAN_POINT('',(74.2,82.792216549,-3.128345422));
#1380=DIRECTION('',(-0.641936656,0.766757673,-0.));
#1381=DIRECTION('',(0.766757673,0.641936656,-0.));
#1382=AXIS2_PLACEMENT_3D('',#1379,#1380,#1381);
#1383=PLANE('',#1382);
#1384=CARTESIAN_POINT('',(74.314838006,82.888359996,-2.473023786));
#1385=VERTEX_POINT('',#1384);
#1386=CARTESIAN_POINT('',(74.314838006,82.888359996,-2.328346844));
#1387=DIRECTION('',(-0.,-0.,-1.));
#1388=VECTOR('',#1387,0.144676942);
#1389=LINE('',#1386,#1388);
#1390=EDGE_CURVE('',#1215,#1385,#1389,.T.);
#1391=ORIENTED_EDGE('',*,*,#1390,.T.);
#1392=CARTESIAN_POINT('',(75.417727311,83.811709182,-2.473023786));
#1393=VERTEX_POINT('',#1392);
#1394=CARTESIAN_POINT('',(74.314838006,82.888359996,-2.473023786));
#1395=DIRECTION('',(0.766757673,0.641936656,-0.));
#1396=VECTOR('',#1395,1.438380526);
#1397=LINE('',#1394,#1396);
#1398=EDGE_CURVE('',#1385,#1393,#1397,.T.);
#1399=ORIENTED_EDGE('',*,*,#1398,.T.);
#1400=CARTESIAN_POINT('',(75.417727311,83.811709182,-2.473023786));
#1401=DIRECTION('',(0.,0.,1.));
#1402=VECTOR('',#1401,0.144676942);
#1403=LINE('',#1400,#1402);
#1404=EDGE_CURVE('',#1393,#1224,#1403,.T.);
#1405=ORIENTED_EDGE('',*,*,#1404,.T.);
#1406=ORIENTED_EDGE('',*,*,#1229,.T.);
#1407=EDGE_LOOP('',(#1391,#1399,#1405,#1406));
#1408=FACE_BOUND('',#1407,.T.);
#1409=ADVANCED_FACE('',(#1408),#1383,.F.);
#1410=CARTESIAN_POINT('',(85.6,82.792216549,-2.328346844));
#1411=DIRECTION('',(0.641936656,0.766757673,-0.));
#1412=DIRECTION('',(-0.766757673,0.641936656,-0.));
#1413=AXIS2_PLACEMENT_3D('',#1410,#1411,#1412);
#1414=PLANE('',#1413);
#1415=CARTESIAN_POINT('',(84.382272689,83.811709182,-2.473023786));
#1416=VERTEX_POINT('',#1415);
#1417=CARTESIAN_POINT('',(84.382272689,83.811709182,-2.328346844));
#1418=DIRECTION('',(0.,-0.,-1.));
#1419=VECTOR('',#1418,0.144676942);
#1420=LINE('',#1417,#1419);
#1421=EDGE_CURVE('',#1165,#1416,#1420,.T.);
#1422=ORIENTED_EDGE('',*,*,#1421,.T.);
#1423=CARTESIAN_POINT('',(85.485161994,82.888359996,-2.473023786));
#1424=VERTEX_POINT('',#1423);
#1425=CARTESIAN_POINT('',(84.382272689,83.811709182,-2.473023786));
#1426=DIRECTION('',(0.766757673,-0.641936656,0.));
#1427=VECTOR('',#1426,1.438380526);
#1428=LINE('',#1425,#1427);
#1429=EDGE_CURVE('',#1416,#1424,#1428,.T.);
#1430=ORIENTED_EDGE('',*,*,#1429,.T.);
#1431=CARTESIAN_POINT('',(85.485161994,82.888359996,-2.473023786));
#1432=DIRECTION('',(-0.,0.,1.));
#1433=VECTOR('',#1432,0.144676942);
#1434=LINE('',#1431,#1433);
#1435=EDGE_CURVE('',#1424,#1174,#1434,.T.);
#1436=ORIENTED_EDGE('',*,*,#1435,.T.);
#1437=ORIENTED_EDGE('',*,*,#1179,.F.);
#1438=EDGE_LOOP('',(#1422,#1430,#1436,#1437));
#1439=FACE_BOUND('',#1438,.T.);
#1440=ADVANCED_FACE('',(#1439),#1414,.F.);
#1441=CARTESIAN_POINT('',(85.1,82.428305393,-3.128345422));
#1442=DIRECTION('',(0.,-0.,-1.));
#1443=DIRECTION('',(0.,1.,-0.));
#1444=AXIS2_PLACEMENT_3D('',#1441,#1442,#1443);
#1445=CYLINDRICAL_SURFACE('',#1444,0.6);
#1446=ORIENTED_EDGE('',*,*,#1435,.F.);
#1447=CARTESIAN_POINT('',(85.1,82.428305393,-2.473023786));
#1448=DIRECTION('',(0.,-0.,-1.));
#1449=DIRECTION('',(0.641936656,0.766757673,-0.));
#1450=AXIS2_PLACEMENT_3D('',#1447,#1448,#1449);
#1451=CIRCLE('',#1450,0.6);
#1452=EDGE_CURVE('',#1424,#451,#1451,.T.);
#1453=ORIENTED_EDGE('',*,*,#1452,.T.);
#1454=ORIENTED_EDGE('',*,*,#456,.F.);
#1455=ORIENTED_EDGE('',*,*,#1186,.F.);
#1456=EDGE_LOOP('',(#1446,#1453,#1454,#1455));
#1457=FACE_BOUND('',#1456,.T.);
#1458=ADVANCED_FACE('',(#1457),#1445,.F.);
#1459=CARTESIAN_POINT('',(83.997110695,83.351654578,-2.328346844));
#1460=DIRECTION('',(0.,-0.,-1.));
#1461=DIRECTION('',(0.,1.,-0.));
#1462=AXIS2_PLACEMENT_3D('',#1459,#1460,#1461);
#1463=CYLINDRICAL_SURFACE('',#1462,0.6);
#1464=ORIENTED_EDGE('',*,*,#512,.F.);
#1465=CARTESIAN_POINT('',(83.997110695,83.351654578,-2.473023786));
#1466=DIRECTION('',(0.,-0.,-1.));
#1467=DIRECTION('',(0.,1.,-0.));
#1468=AXIS2_PLACEMENT_3D('',#1465,#1466,#1467);
#1469=CIRCLE('',#1468,0.6);
#1470=EDGE_CURVE('',#499,#1416,#1469,.T.);
#1471=ORIENTED_EDGE('',*,*,#1470,.T.);
#1472=ORIENTED_EDGE('',*,*,#1421,.F.);
#1473=ORIENTED_EDGE('',*,*,#1171,.F.);
#1474=EDGE_LOOP('',(#1464,#1471,#1472,#1473));
#1475=FACE_BOUND('',#1474,.T.);
#1476=ADVANCED_FACE('',(#1475),#1463,.F.);
#1477=CARTESIAN_POINT('',(75.802889305,83.351654578,-3.128345422));
#1478=DIRECTION('',(0.,0.,1.));
#1479=DIRECTION('',(-1.,0.,0.));
#1480=AXIS2_PLACEMENT_3D('',#1477,#1478,#1479);
#1481=CYLINDRICAL_SURFACE('',#1480,0.6);
#1482=ORIENTED_EDGE('',*,*,#1404,.F.);
#1483=CARTESIAN_POINT('',(75.802889305,83.351654578,-2.473023786));
#1484=DIRECTION('',(0.,-0.,-1.));
#1485=DIRECTION('',(-0.641936656,0.766757673,-0.));
#1486=AXIS2_PLACEMENT_3D('',#1483,#1484,#1485);
#1487=CIRCLE('',#1486,0.6);
#1488=EDGE_CURVE('',#1393,#489,#1487,.T.);
#1489=ORIENTED_EDGE('',*,*,#1488,.T.);
#1490=ORIENTED_EDGE('',*,*,#526,.F.);
#1491=ORIENTED_EDGE('',*,*,#1236,.F.);
#1492=EDGE_LOOP('',(#1482,#1489,#1490,#1491));
#1493=FACE_BOUND('',#1492,.T.);
#1494=ADVANCED_FACE('',(#1493),#1481,.F.);
#1495=CARTESIAN_POINT('',(74.7,82.428305393,-3.128345422));
#1496=DIRECTION('',(0.,-0.,-1.));
#1497=DIRECTION('',(0.,1.,-0.));
#1498=AXIS2_PLACEMENT_3D('',#1495,#1496,#1497);
#1499=CYLINDRICAL_SURFACE('',#1498,0.6);
#1500=ORIENTED_EDGE('',*,*,#1308,.F.);
#1501=CARTESIAN_POINT('',(74.7,82.428305393,-2.473023786));
#1502=DIRECTION('',(-0.,-0.,-1.));
#1503=DIRECTION('',(-1.,0.,0.));
#1504=AXIS2_PLACEMENT_3D('',#1501,#1502,#1503);
#1505=CIRCLE('',#1504,0.6);
#1506=EDGE_CURVE('',#1297,#1385,#1505,.T.);
#1507=ORIENTED_EDGE('',*,*,#1506,.T.);
#1508=ORIENTED_EDGE('',*,*,#1390,.F.);
#1509=ORIENTED_EDGE('',*,*,#1221,.F.);
#1510=EDGE_LOOP('',(#1500,#1507,#1508,#1509));
#1511=FACE_BOUND('',#1510,.T.);
#1512=ADVANCED_FACE('',(#1511),#1499,.F.);
#1513=CARTESIAN_POINT('',(106.473946473,83.784179695,-3.128345422));
#1514=DIRECTION('',(0.,0.,1.));
#1515=DIRECTION('',(0.,-1.,0.));
#1516=AXIS2_PLACEMENT_3D('',#1513,#1514,#1515);
#1517=CYLINDRICAL_SURFACE('',#1516,0.6);
#1518=ORIENTED_EDGE('',*,*,#352,.F.);
#1519=CARTESIAN_POINT('',(106.473946473,83.784179695,-2.473023791));
#1520=DIRECTION('',(0.,-0.,-1.));
#1521=DIRECTION('',(-0.707106781,0.707106781,-0.));
#1522=AXIS2_PLACEMENT_3D('',#1519,#1520,#1521);
#1523=CIRCLE('',#1522,0.6);
#1524=EDGE_CURVE('',#339,#33,#1523,.T.);
#1525=ORIENTED_EDGE('',*,*,#1524,.T.);
#1526=ORIENTED_EDGE('',*,*,#70,.F.);
#1527=ORIENTED_EDGE('',*,*,#1077,.F.);
#1528=EDGE_LOOP('',(#1518,#1525,#1526,#1527));
#1529=FACE_BOUND('',#1528,.T.);
#1530=ADVANCED_FACE('',(#1529),#1517,.F.);
#1531=CARTESIAN_POINT('',(111.332151032,83.784179695,-3.128345422));
#1532=DIRECTION('',(-0.,-0.,-1.));
#1533=DIRECTION('',(1.,-0.,-0.));
#1534=AXIS2_PLACEMENT_3D('',#1531,#1532,#1533);
#1535=CYLINDRICAL_SURFACE('',#1534,0.6);
#1536=ORIENTED_EDGE('',*,*,#56,.F.);
#1537=CARTESIAN_POINT('',(111.332151032,83.784179695,-2.473023791));
#1538=DIRECTION('',(0.,-0.,-1.));
#1539=DIRECTION('',(0.,1.,-0.));
#1540=AXIS2_PLACEMENT_3D('',#1537,#1538,#1539);
#1541=CIRCLE('',#1540,0.6);
#1542=EDGE_CURVE('',#43,#371,#1541,.T.);
#1543=ORIENTED_EDGE('',*,*,#1542,.T.);
#1544=ORIENTED_EDGE('',*,*,#376,.F.);
#1545=ORIENTED_EDGE('',*,*,#1085,.F.);
#1546=EDGE_LOOP('',(#1536,#1543,#1544,#1545));
#1547=FACE_BOUND('',#1546,.T.);
#1548=ADVANCED_FACE('',(#1547),#1535,.F.);
#1549=CARTESIAN_POINT('',(112.482525117,82.63380561,-3.128345422));
#1550=DIRECTION('',(0.,-0.,-1.));
#1551=DIRECTION('',(0.,1.,-0.));
#1552=AXIS2_PLACEMENT_3D('',#1549,#1550,#1551);
#1553=CYLINDRICAL_SURFACE('',#1552,0.6);
#1554=ORIENTED_EDGE('',*,*,#392,.F.);
#1555=CARTESIAN_POINT('',(112.482525117,82.63380561,-2.473023791));
#1556=DIRECTION('',(0.,-0.,-1.));
#1557=DIRECTION('',(0.707106781,0.707106781,-0.));
#1558=AXIS2_PLACEMENT_3D('',#1555,#1556,#1557);
#1559=CIRCLE('',#1558,0.6);
#1560=EDGE_CURVE('',#379,#171,#1559,.T.);
#1561=ORIENTED_EDGE('',*,*,#1560,.T.);
#1562=ORIENTED_EDGE('',*,*,#176,.F.);
#1563=ORIENTED_EDGE('',*,*,#1093,.F.);
#1564=EDGE_LOOP('',(#1554,#1561,#1562,#1563));
#1565=FACE_BOUND('',#1564,.T.);
#1566=ADVANCED_FACE('',(#1565),#1553,.F.);
#1567=CARTESIAN_POINT('',(112.482525117,81.67228715,-3.128345422));
#1568=DIRECTION('',(0.,-0.,-1.));
#1569=DIRECTION('',(0.,1.,-0.));
#1570=AXIS2_PLACEMENT_3D('',#1567,#1568,#1569);
#1571=CYLINDRICAL_SURFACE('',#1570,0.6);
#1572=ORIENTED_EDGE('',*,*,#192,.F.);
#1573=CARTESIAN_POINT('',(112.482525117,81.67228715,-2.473023791));
#1574=DIRECTION('',(0.,-0.,-1.));
#1575=DIRECTION('',(1.,0.,0.));
#1576=AXIS2_PLACEMENT_3D('',#1573,#1574,#1575);
#1577=CIRCLE('',#1576,0.6);
#1578=EDGE_CURVE('',#179,#251,#1577,.T.);
#1579=ORIENTED_EDGE('',*,*,#1578,.T.);
#1580=ORIENTED_EDGE('',*,*,#256,.F.);
#1581=ORIENTED_EDGE('',*,*,#1101,.F.);
#1582=EDGE_LOOP('',(#1572,#1579,#1580,#1581));
#1583=FACE_BOUND('',#1582,.T.);
#1584=ADVANCED_FACE('',(#1583),#1571,.F.);
#1585=CARTESIAN_POINT('',(105.323572388,82.63380561,-2.328346844));
#1586=DIRECTION('',(0.,-0.,-1.));
#1587=DIRECTION('',(0.,1.,-0.));
#1588=AXIS2_PLACEMENT_3D('',#1585,#1586,#1587);
#1589=CYLINDRICAL_SURFACE('',#1588,0.6);
#1590=ORIENTED_EDGE('',*,*,#640,.F.);
#1591=CARTESIAN_POINT('',(105.323572388,82.63380561,-2.473023791));
#1592=DIRECTION('',(-0.,-0.,-1.));
#1593=DIRECTION('',(-1.,0.,0.));
#1594=AXIS2_PLACEMENT_3D('',#1591,#1592,#1593);
#1595=CIRCLE('',#1594,0.6);
#1596=EDGE_CURVE('',#627,#331,#1595,.T.);
#1597=ORIENTED_EDGE('',*,*,#1596,.T.);
#1598=ORIENTED_EDGE('',*,*,#336,.F.);
#1599=ORIENTED_EDGE('',*,*,#1069,.F.);
#1600=EDGE_LOOP('',(#1590,#1597,#1598,#1599));
#1601=FACE_BOUND('',#1600,.T.);
#1602=ADVANCED_FACE('',(#1601),#1589,.F.);
#1603=CARTESIAN_POINT('',(105.323572388,81.67228715,-3.128345422));
#1604=DIRECTION('',(0.,-0.,-1.));
#1605=DIRECTION('',(0.,1.,-0.));
#1606=AXIS2_PLACEMENT_3D('',#1603,#1604,#1605);
#1607=CYLINDRICAL_SURFACE('',#1606,0.6);
#1608=ORIENTED_EDGE('',*,*,#272,.F.);
#1609=CARTESIAN_POINT('',(105.323572388,81.67228715,-2.473023791));
#1610=DIRECTION('',(0.,-0.,-1.));
#1611=DIRECTION('',(-0.,-1.,0.));
#1612=AXIS2_PLACEMENT_3D('',#1609,#1610,#1611);
#1613=CIRCLE('',#1612,0.6);
#1614=EDGE_CURVE('',#259,#619,#1613,.T.);
#1615=ORIENTED_EDGE('',*,*,#1614,.T.);
#1616=ORIENTED_EDGE('',*,*,#624,.F.);
#1617=ORIENTED_EDGE('',*,*,#1109,.F.);
#1618=EDGE_LOOP('',(#1608,#1615,#1616,#1617));
#1619=FACE_BOUND('',#1618,.T.);
#1620=ADVANCED_FACE('',(#1619),#1607,.F.);
#1621=CARTESIAN_POINT('',(123.926053527,83.784179695,-3.128345422));
#1622=DIRECTION('',(-0.,-0.,-1.));
#1623=DIRECTION('',(1.,-0.,-0.));
#1624=AXIS2_PLACEMENT_3D('',#1621,#1622,#1623);
#1625=CYLINDRICAL_SURFACE('',#1624,0.6);
#1626=ORIENTED_EDGE('',*,*,#104,.F.);
#1627=CARTESIAN_POINT('',(123.926053527,83.784179695,-2.473023791));
#1628=DIRECTION('',(0.,-0.,-1.));
#1629=DIRECTION('',(0.,1.,-0.));
#1630=AXIS2_PLACEMENT_3D('',#1627,#1628,#1629);
#1631=CIRCLE('',#1630,0.6);
#1632=EDGE_CURVE('',#91,#291,#1631,.T.);
#1633=ORIENTED_EDGE('',*,*,#1632,.T.);
#1634=ORIENTED_EDGE('',*,*,#296,.F.);
#1635=ORIENTED_EDGE('',*,*,#1135,.F.);
#1636=EDGE_LOOP('',(#1626,#1633,#1634,#1635));
#1637=FACE_BOUND('',#1636,.T.);
#1638=ADVANCED_FACE('',(#1637),#1625,.F.);
#1639=CARTESIAN_POINT('',(125.082525117,82.627708105,-3.128345422));
#1640=DIRECTION('',(0.,-0.,-1.));
#1641=DIRECTION('',(0.,1.,-0.));
#1642=AXIS2_PLACEMENT_3D('',#1639,#1640,#1641);
#1643=CYLINDRICAL_SURFACE('',#1642,0.6);
#1644=ORIENTED_EDGE('',*,*,#312,.F.);
#1645=CARTESIAN_POINT('',(125.082525117,82.627708105,-2.473023791));
#1646=DIRECTION('',(0.,-0.,-1.));
#1647=DIRECTION('',(0.707106781,0.707106781,-0.));
#1648=AXIS2_PLACEMENT_3D('',#1645,#1646,#1647);
#1649=CIRCLE('',#1648,0.6);
#1650=EDGE_CURVE('',#299,#131,#1649,.T.);
#1651=ORIENTED_EDGE('',*,*,#1650,.T.);
#1652=ORIENTED_EDGE('',*,*,#136,.F.);
#1653=ORIENTED_EDGE('',*,*,#1143,.F.);
#1654=EDGE_LOOP('',(#1644,#1651,#1652,#1653));
#1655=FACE_BOUND('',#1654,.T.);
#1656=ADVANCED_FACE('',(#1655),#1643,.F.);
#1657=CARTESIAN_POINT('',(125.082525117,81.67228715,-3.128345422));
#1658=DIRECTION('',(0.,-0.,-1.));
#1659=DIRECTION('',(0.,1.,-0.));
#1660=AXIS2_PLACEMENT_3D('',#1657,#1658,#1659);
#1661=CYLINDRICAL_SURFACE('',#1660,0.6);
#1662=ORIENTED_EDGE('',*,*,#152,.F.);
#1663=CARTESIAN_POINT('',(125.082525117,81.67228715,-2.473023791));
#1664=DIRECTION('',(0.,-0.,-1.));
#1665=DIRECTION('',(1.,0.,0.));
#1666=AXIS2_PLACEMENT_3D('',#1663,#1664,#1665);
#1667=CIRCLE('',#1666,0.6);
#1668=EDGE_CURVE('',#139,#211,#1667,.T.);
#1669=ORIENTED_EDGE('',*,*,#1668,.T.);
#1670=ORIENTED_EDGE('',*,*,#216,.F.);
#1671=ORIENTED_EDGE('',*,*,#1151,.F.);
#1672=EDGE_LOOP('',(#1662,#1669,#1670,#1671));
#1673=FACE_BOUND('',#1672,.T.);
#1674=ADVANCED_FACE('',(#1673),#1661,.F.);
#1675=CARTESIAN_POINT('',(117.917474883,81.67228715,-2.728345422));
#1676=DIRECTION('',(0.,0.,1.));
#1677=DIRECTION('',(0.,-1.,0.));
#1678=AXIS2_PLACEMENT_3D('',#1675,#1676,#1677);
#1679=CYLINDRICAL_SURFACE('',#1678,0.6);
#1680=ORIENTED_EDGE('',*,*,#232,.F.);
#1681=CARTESIAN_POINT('',(117.917474883,81.67228715,-2.473023791));
#1682=DIRECTION('',(0.,-0.,-1.));
#1683=DIRECTION('',(0.,-1.,0.));
#1684=AXIS2_PLACEMENT_3D('',#1681,#1682,#1683);
#1685=CIRCLE('',#1684,0.6);
#1686=EDGE_CURVE('',#219,#579,#1685,.T.);
#1687=ORIENTED_EDGE('',*,*,#1686,.T.);
#1688=ORIENTED_EDGE('',*,*,#584,.F.);
#1689=ORIENTED_EDGE('',*,*,#1159,.F.);
#1690=EDGE_LOOP('',(#1680,#1687,#1688,#1689));
#1691=FACE_BOUND('',#1690,.T.);
#1692=ADVANCED_FACE('',(#1691),#1679,.F.);
#1693=CARTESIAN_POINT('',(117.917474883,82.63380561,-2.328346844));
#1694=DIRECTION('',(0.,-0.,-1.));
#1695=DIRECTION('',(0.,1.,-0.));
#1696=AXIS2_PLACEMENT_3D('',#1693,#1694,#1695);
#1697=CYLINDRICAL_SURFACE('',#1696,0.6);
#1698=ORIENTED_EDGE('',*,*,#600,.F.);
#1699=CARTESIAN_POINT('',(117.917474883,82.63380561,-2.473023791));
#1700=DIRECTION('',(-0.,-0.,-1.));
#1701=DIRECTION('',(-1.,0.,0.));
#1702=AXIS2_PLACEMENT_3D('',#1699,#1700,#1701);
#1703=CIRCLE('',#1702,0.6);
#1704=EDGE_CURVE('',#587,#411,#1703,.T.);
#1705=ORIENTED_EDGE('',*,*,#1704,.T.);
#1706=ORIENTED_EDGE('',*,*,#416,.F.);
#1707=ORIENTED_EDGE('',*,*,#1119,.F.);
#1708=EDGE_LOOP('',(#1698,#1705,#1706,#1707));
#1709=FACE_BOUND('',#1708,.T.);
#1710=ADVANCED_FACE('',(#1709),#1697,.F.);
#1711=CARTESIAN_POINT('',(119.067848968,83.784179695,-3.128345422));
#1712=DIRECTION('',(0.,0.,1.));
#1713=DIRECTION('',(0.,-1.,0.));
#1714=AXIS2_PLACEMENT_3D('',#1711,#1712,#1713);
#1715=CYLINDRICAL_SURFACE('',#1714,0.6);
#1716=ORIENTED_EDGE('',*,*,#432,.F.);
#1717=CARTESIAN_POINT('',(119.067848968,83.784179695,-2.473023791));
#1718=DIRECTION('',(0.,-0.,-1.));
#1719=DIRECTION('',(-0.707106781,0.707106781,-0.));
#1720=AXIS2_PLACEMENT_3D('',#1717,#1718,#1719);
#1721=CIRCLE('',#1720,0.6);
#1722=EDGE_CURVE('',#419,#81,#1721,.T.);
#1723=ORIENTED_EDGE('',*,*,#1722,.T.);
#1724=ORIENTED_EDGE('',*,*,#118,.F.);
#1725=ORIENTED_EDGE('',*,*,#1127,.F.);
#1726=EDGE_LOOP('',(#1716,#1723,#1724,#1725));
#1727=FACE_BOUND('',#1726,.T.);
#1728=ADVANCED_FACE('',(#1727),#1715,.F.);
#1729=CARTESIAN_POINT('',(75.802889305,83.951654578,-2.473023786));
#1730=CARTESIAN_POINT('',(79.8,83.951654578,-2.473023786));
#1731=CARTESIAN_POINT('',(75.802889305,83.951654578,-2.739351115));
#1732=CARTESIAN_POINT('',(79.8,83.951654578,-2.739351115));
#1733=CARTESIAN_POINT('',(75.802889305,84.074630853,-2.975586342));
#1734=CARTESIAN_POINT('',(79.8,84.074630853,-2.975586342));
#1735=CARTESIAN_POINT('',(75.802889305,84.292793429,-3.128345422));
#1736=CARTESIAN_POINT('',(79.8,84.292793429,-3.128345422));
#1737=(BOUNDED_SURFACE()
B_SPLINE_SURFACE(3,1,((#1729,#1730),(#1731,#1732),(#1733,#1734),(#1735,#1736)),.UNSPECIFIED.,.F.,.F.,.U.)
B_SPLINE_SURFACE_WITH_KNOTS((4,4),(2,2),(0.,1.),(0.,1.),.UNSPECIFIED.)
GEOMETRIC_REPRESENTATION_ITEM()
RATIONAL_B_SPLINE_SURFACE(((1.,1.),(0.924673889,0.924673889),(0.924673889,0.924673889),(1.,1.)))
REPRESENTATION_ITEM('')
SURFACE()
);
#1738=CARTESIAN_POINT('',(75.802889305,84.751654578,-2.473023786));
#1739=DIRECTION('',(1.,0.,-0.));
#1740=DIRECTION('',(0.,0.,1.));
#1741=AXIS2_PLACEMENT_3D('',#1738,#1739,#1740);
#1742=CIRCLE('',#1741,0.8);
#1743=EDGE_CURVE('',#489,#883,#1742,.T.);
#1744=ORIENTED_EDGE('',*,*,#1743,.T.);
#1745=ORIENTED_EDGE('',*,*,#988,.T.);
#1746=CARTESIAN_POINT('',(79.8,84.751654578,-2.473023786));
#1747=DIRECTION('',(1.,0.,-0.));
#1748=DIRECTION('',(0.,0.,1.));
#1749=AXIS2_PLACEMENT_3D('',#1746,#1747,#1748);
#1750=CIRCLE('',#1749,0.8);
#1751=EDGE_CURVE('',#491,#977,#1750,.T.);
#1752=ORIENTED_EDGE('',*,*,#1751,.F.);
#1753=ORIENTED_EDGE('',*,*,#496,.F.);
#1754=EDGE_LOOP('',(#1744,#1745,#1752,#1753));
#1755=FACE_BOUND('',#1754,.T.);
#1756=ADVANCED_FACE('',(#1755),#1737,.T.);
#1757=CARTESIAN_POINT('',(79.8,83.951654578,-2.473023786));
#1758=CARTESIAN_POINT('',(83.997110695,83.951654578,-2.473023786));
#1759=CARTESIAN_POINT('',(79.8,83.951654578,-2.739351115));
#1760=CARTESIAN_POINT('',(83.997110695,83.951654578,-2.739351115));
#1761=CARTESIAN_POINT('',(79.8,84.074630853,-2.975586342));
#1762=CARTESIAN_POINT('',(83.997110695,84.074630853,-2.975586342));
#1763=CARTESIAN_POINT('',(79.8,84.292793429,-3.128345422));
#1764=CARTESIAN_POINT('',(83.997110695,84.292793429,-3.128345422));
#1765=(BOUNDED_SURFACE()
B_SPLINE_SURFACE(3,1,((#1757,#1758),(#1759,#1760),(#1761,#1762),(#1763,#1764)),.UNSPECIFIED.,.F.,.F.,.U.)
B_SPLINE_SURFACE_WITH_KNOTS((4,4),(2,2),(0.,1.),(0.,1.),.UNSPECIFIED.)
GEOMETRIC_REPRESENTATION_ITEM()
RATIONAL_B_SPLINE_SURFACE(((1.,1.),(0.924673889,0.924673889),(0.924673889,0.924673889),(1.,1.)))
REPRESENTATION_ITEM('')
SURFACE()
);
#1766=ORIENTED_EDGE('',*,*,#982,.T.);
#1767=CARTESIAN_POINT('',(83.997110695,84.751654578,-2.473023786));
#1768=DIRECTION('',(1.,0.,-0.));
#1769=DIRECTION('',(0.,0.,1.));
#1770=AXIS2_PLACEMENT_3D('',#1767,#1768,#1769);
#1771=CIRCLE('',#1770,0.8);
#1772=EDGE_CURVE('',#499,#968,#1771,.T.);
#1773=ORIENTED_EDGE('',*,*,#1772,.F.);
#1774=ORIENTED_EDGE('',*,*,#504,.F.);
#1775=ORIENTED_EDGE('',*,*,#1751,.T.);
#1776=EDGE_LOOP('',(#1766,#1773,#1774,#1775));
#1777=FACE_BOUND('',#1776,.T.);
#1778=ADVANCED_FACE('',(#1777),#1765,.T.);
#1779=CARTESIAN_POINT('',(83.997110695,83.951654578,-2.473023786));
#1780=CARTESIAN_POINT('',(84.139413325,83.951654578,-2.473023786));
#1781=CARTESIAN_POINT('',(84.273161056,83.903058456,-2.473023786));
#1782=CARTESIAN_POINT('',(84.382272689,83.811709182,-2.473023786));
#1783=CARTESIAN_POINT('',(83.997110695,83.951654578,-2.739351115));
#1784=CARTESIAN_POINT('',(84.139413325,83.951654578,-2.739351115));
#1785=CARTESIAN_POINT('',(84.273161056,83.903058456,-2.739351115));
#1786=CARTESIAN_POINT('',(84.382272689,83.811709182,-2.739351115));
#1787=CARTESIAN_POINT('',(83.997110695,84.074630853,-2.975586342));
#1788=CARTESIAN_POINT('',(84.168579737,84.074630853,-2.975586342));
#1789=CARTESIAN_POINT('',(84.329740464,84.016074448,-2.975586342));
#1790=CARTESIAN_POINT('',(84.461215668,83.906002184,-2.975586342));
#1791=CARTESIAN_POINT('',(83.997110695,84.292793429,-3.128345422));
#1792=CARTESIAN_POINT('',(84.220321584,84.292793429,-3.128345422));
#1793=CARTESIAN_POINT('',(84.43011356,84.216567265,-3.128345422));
#1794=CARTESIAN_POINT('',(84.601262222,84.073280013,-3.128345422));
#1795=(BOUNDED_SURFACE()
B_SPLINE_SURFACE(3,3,((#1779,#1780,#1781,#1782),(#1783,#1784,#1785,#1786),(#1787,#1788,#1789,#1790),(#1791,#1792,#1793,#1794)),.UNSPECIFIED.,.F.,.F.,.U.)
B_SPLINE_SURFACE_WITH_KNOTS((4,4),(4,4),(0.,1.),(0.,1.),.UNSPECIFIED.)
GEOMETRIC_REPRESENTATION_ITEM()
RATIONAL_B_SPLINE_SURFACE(((1.,0.959921568,0.959921568,1.),(0.924673889,0.88761441,0.88761441,0.924673889),(0.924673889,0.88761441,0.88761441,0.924673889),(1.,0.959921568,0.959921568,1.)))
REPRESENTATION_ITEM('')
SURFACE()
);
#1796=ORIENTED_EDGE('',*,*,#974,.T.);
#1797=CARTESIAN_POINT('',(84.895822014,84.42511532,-2.473023786));
#1798=DIRECTION('',(0.766757673,-0.641936656,0.));
#1799=DIRECTION('',(-0.,0.,1.));
#1800=AXIS2_PLACEMENT_3D('',#1797,#1798,#1799);
#1801=CIRCLE('',#1800,0.8);
#1802=EDGE_CURVE('',#1416,#960,#1801,.T.);
#1803=ORIENTED_EDGE('',*,*,#1802,.F.);
#1804=ORIENTED_EDGE('',*,*,#1470,.F.);
#1805=ORIENTED_EDGE('',*,*,#1772,.T.);
#1806=EDGE_LOOP('',(#1796,#1803,#1804,#1805));
#1807=FACE_BOUND('',#1806,.T.);
#1808=ADVANCED_FACE('',(#1807),#1795,.T.);
#1809=CARTESIAN_POINT('',(84.382272689,83.811709182,-2.473023786));
#1810=CARTESIAN_POINT('',(85.485161994,82.888359996,-2.473023786));
#1811=CARTESIAN_POINT('',(84.382272689,83.811709182,-2.739351115));
#1812=CARTESIAN_POINT('',(85.485161994,82.888359996,-2.739351115));
#1813=CARTESIAN_POINT('',(84.461215668,83.906002184,-2.975586342));
#1814=CARTESIAN_POINT('',(85.564104973,82.982652999,-2.975586342));
#1815=CARTESIAN_POINT('',(84.601262222,84.073280013,-3.128345422));
#1816=CARTESIAN_POINT('',(85.704151527,83.149930828,-3.128345422));
#1817=(BOUNDED_SURFACE()
B_SPLINE_SURFACE(3,1,((#1809,#1810),(#1811,#1812),(#1813,#1814),(#1815,#1816)),.UNSPECIFIED.,.F.,.F.,.U.)
B_SPLINE_SURFACE_WITH_KNOTS((4,4),(2,2),(0.,1.),(0.,1.),.UNSPECIFIED.)
GEOMETRIC_REPRESENTATION_ITEM()
RATIONAL_B_SPLINE_SURFACE(((1.,1.),(0.924673889,0.924673889),(0.924673889,0.924673889),(1.,1.)))
REPRESENTATION_ITEM('')
SURFACE()
);
#1818=ORIENTED_EDGE('',*,*,#965,.T.);
#1819=CARTESIAN_POINT('',(85.998711319,83.501766135,-2.473023786));
#1820=DIRECTION('',(0.766757673,-0.641936656,0.));
#1821=DIRECTION('',(-0.,0.,1.));
#1822=AXIS2_PLACEMENT_3D('',#1819,#1820,#1821);
#1823=CIRCLE('',#1822,0.8);
#1824=EDGE_CURVE('',#1424,#951,#1823,.T.);
#1825=ORIENTED_EDGE('',*,*,#1824,.F.);
#1826=ORIENTED_EDGE('',*,*,#1429,.F.);
#1827=ORIENTED_EDGE('',*,*,#1802,.T.);
#1828=EDGE_LOOP('',(#1818,#1825,#1826,#1827));
#1829=FACE_BOUND('',#1828,.T.);
#1830=ADVANCED_FACE('',(#1829),#1817,.T.);
#1831=CARTESIAN_POINT('',(85.485161994,82.888359996,-2.473023786));
#1832=CARTESIAN_POINT('',(85.623603539,82.772455447,-2.473023786));
#1833=CARTESIAN_POINT('',(85.7,82.608859889,-2.473023786));
#1834=CARTESIAN_POINT('',(85.7,82.428305393,-2.473023786));
#1835=CARTESIAN_POINT('',(85.485161994,82.888359996,-2.739351115));
#1836=CARTESIAN_POINT('',(85.623603539,82.772455447,-2.739351115));
#1837=CARTESIAN_POINT('',(85.7,82.608859889,-2.739351115));
#1838=CARTESIAN_POINT('',(85.7,82.428305393,-2.739351115));
#1839=CARTESIAN_POINT('',(85.564104973,82.982652999,-2.975586342));
#1840=CARTESIAN_POINT('',(85.73092156,82.8429926,-2.975586342));
#1841=CARTESIAN_POINT('',(85.822976275,82.645866421,-2.975586342));
#1842=CARTESIAN_POINT('',(85.822976275,82.428305393,-2.975586342));
#1843=CARTESIAN_POINT('',(85.704151527,83.149930828,-3.128345422));
#1844=CARTESIAN_POINT('',(85.921306055,82.968127037,-3.128345422));
#1845=CARTESIAN_POINT('',(86.041138851,82.711516811,-3.128345422));
#1846=CARTESIAN_POINT('',(86.041138851,82.428305393,-3.128345422));
#1847=(BOUNDED_SURFACE()
B_SPLINE_SURFACE(3,3,((#1831,#1832,#1833,#1834),(#1835,#1836,#1837,#1838),(#1839,#1840,#1841,#1842),(#1843,#1844,#1845,#1846)),.UNSPECIFIED.,.F.,.F.,.U.)
B_SPLINE_SURFACE_WITH_KNOTS((4,4),(4,4),(0.,1.),(0.,1.),.UNSPECIFIED.)
GEOMETRIC_REPRESENTATION_ITEM()
RATIONAL_B_SPLINE_SURFACE(((1.,0.937382017,0.937382017,1.),(0.924673889,0.866772675,0.866772675,0.924673889),(0.924673889,0.866772675,0.866772675,0.924673889),(1.,0.937382017,0.937382017,1.)))
REPRESENTATION_ITEM('')
SURFACE()
);
#1848=ORIENTED_EDGE('',*,*,#957,.T.);
#1849=CARTESIAN_POINT('',(86.5,82.428305393,-2.473023786));
#1850=DIRECTION('',(0.,-1.,0.));
#1851=DIRECTION('',(-0.,0.,1.));
#1852=AXIS2_PLACEMENT_3D('',#1849,#1850,#1851);
#1853=CIRCLE('',#1852,0.8);
#1854=EDGE_CURVE('',#451,#943,#1853,.T.);
#1855=ORIENTED_EDGE('',*,*,#1854,.F.);
#1856=ORIENTED_EDGE('',*,*,#1452,.F.);
#1857=ORIENTED_EDGE('',*,*,#1824,.T.);
#1858=EDGE_LOOP('',(#1848,#1855,#1856,#1857));
#1859=FACE_BOUND('',#1858,.T.);
#1860=ADVANCED_FACE('',(#1859),#1847,.T.);
#1861=CARTESIAN_POINT('',(85.7,82.428305393,-2.473023786));
#1862=CARTESIAN_POINT('',(85.7,81.151654578,-2.473023786));
#1863=CARTESIAN_POINT('',(85.7,82.428305393,-2.739351115));
#1864=CARTESIAN_POINT('',(85.7,81.151654578,-2.739351115));
#1865=CARTESIAN_POINT('',(85.822976275,82.428305393,-2.975586342));
#1866=CARTESIAN_POINT('',(85.822976275,81.151654578,-2.975586342));
#1867=CARTESIAN_POINT('',(86.041138851,82.428305393,-3.128345422));
#1868=CARTESIAN_POINT('',(86.041138851,81.151654578,-3.128345422));
#1869=(BOUNDED_SURFACE()
B_SPLINE_SURFACE(3,1,((#1861,#1862),(#1863,#1864),(#1865,#1866),(#1867,#1868)),.UNSPECIFIED.,.F.,.F.,.U.)
B_SPLINE_SURFACE_WITH_KNOTS((4,4),(2,2),(0.,1.),(0.,1.),.UNSPECIFIED.)
GEOMETRIC_REPRESENTATION_ITEM()
RATIONAL_B_SPLINE_SURFACE(((1.,1.),(0.924673889,0.924673889),(0.924673889,0.924673889),(1.,1.)))
REPRESENTATION_ITEM('')
SURFACE()
);
#1870=ORIENTED_EDGE('',*,*,#948,.T.);
#1871=CARTESIAN_POINT('',(86.5,81.151654578,-2.473023786));
#1872=DIRECTION('',(0.,-1.,0.));
#1873=DIRECTION('',(-0.,0.,1.));
#1874=AXIS2_PLACEMENT_3D('',#1871,#1872,#1873);
#1875=CIRCLE('',#1874,0.8);
#1876=EDGE_CURVE('',#459,#934,#1875,.T.);
#1877=ORIENTED_EDGE('',*,*,#1876,.F.);
#1878=ORIENTED_EDGE('',*,*,#464,.F.);
#1879=ORIENTED_EDGE('',*,*,#1854,.T.);
#1880=EDGE_LOOP('',(#1870,#1877,#1878,#1879));
#1881=FACE_BOUND('',#1880,.T.);
#1882=ADVANCED_FACE('',(#1881),#1869,.T.);
#1883=CARTESIAN_POINT('',(85.7,81.151654578,-2.473023786));
#1884=CARTESIAN_POINT('',(85.7,80.683025428,-2.473023786));
#1885=CARTESIAN_POINT('',(85.36862915,80.351654578,-2.473023786));
#1886=CARTESIAN_POINT('',(84.9,80.351654578,-2.473023786));
#1887=CARTESIAN_POINT('',(85.7,81.151654578,-2.739351115));
#1888=CARTESIAN_POINT('',(85.7,80.683025428,-2.739351115));
#1889=CARTESIAN_POINT('',(85.36862915,80.351654578,-2.739351115));
#1890=CARTESIAN_POINT('',(84.9,80.351654578,-2.739351115));
#1891=CARTESIAN_POINT('',(85.822976275,81.151654578,-2.975586342));
#1892=CARTESIAN_POINT('',(85.822976275,80.610987594,-2.975586342));
#1893=CARTESIAN_POINT('',(85.440666984,80.228678303,-2.975586342));
#1894=CARTESIAN_POINT('',(84.9,80.228678303,-2.975586342));
#1895=CARTESIAN_POINT('',(86.041138851,81.151654578,-3.128345422));
#1896=CARTESIAN_POINT('',(86.041138851,80.483190916,-3.128345422));
#1897=CARTESIAN_POINT('',(85.568463662,80.010515727,-3.128345422));
#1898=CARTESIAN_POINT('',(84.9,80.010515727,-3.128345422));
#1899=(BOUNDED_SURFACE()
B_SPLINE_SURFACE(3,3,((#1883,#1884,#1885,#1886),(#1887,#1888,#1889,#1890),(#1891,#1892,#1893,#1894),(#1895,#1896,#1897,#1898)),.UNSPECIFIED.,.F.,.F.,.U.)
B_SPLINE_SURFACE_WITH_KNOTS((4,4),(4,4),(0.,1.),(0.,1.),.UNSPECIFIED.)
GEOMETRIC_REPRESENTATION_ITEM()
RATIONAL_B_SPLINE_SURFACE(((1.,0.804737854,0.804737854,1.),(0.924673889,0.744120081,0.744120081,0.924673889),(0.924673889,0.744120081,0.744120081,0.924673889),(1.,0.804737854,0.804737854,1.)))
REPRESENTATION_ITEM('')
SURFACE()
);
#1900=ORIENTED_EDGE('',*,*,#940,.T.);
#1901=CARTESIAN_POINT('',(84.9,79.551654578,-2.473023786));
#1902=DIRECTION('',(-1.,0.,-0.));
#1903=DIRECTION('',(0.,0.,1.));
#1904=AXIS2_PLACEMENT_3D('',#1901,#1902,#1903);
#1905=CIRCLE('',#1904,0.8);
#1906=EDGE_CURVE('',#539,#926,#1905,.T.);
#1907=ORIENTED_EDGE('',*,*,#1906,.F.);
#1908=ORIENTED_EDGE('',*,*,#1372,.F.);
#1909=ORIENTED_EDGE('',*,*,#1876,.T.);
#1910=EDGE_LOOP('',(#1900,#1907,#1908,#1909));
#1911=FACE_BOUND('',#1910,.T.);
#1912=ADVANCED_FACE('',(#1911),#1899,.T.);
#1913=CARTESIAN_POINT('',(84.9,80.351654578,-2.473023786));
#1914=CARTESIAN_POINT('',(74.7,80.351654578,-2.473023786));
#1915=CARTESIAN_POINT('',(84.9,80.351654578,-2.739351115));
#1916=CARTESIAN_POINT('',(74.7,80.351654578,-2.739351115));
#1917=CARTESIAN_POINT('',(84.9,80.228678303,-2.975586342));
#1918=CARTESIAN_POINT('',(74.7,80.228678303,-2.975586342));
#1919=CARTESIAN_POINT('',(84.9,80.010515727,-3.128345422));
#1920=CARTESIAN_POINT('',(74.7,80.010515727,-3.128345422));
#1921=(BOUNDED_SURFACE()
B_SPLINE_SURFACE(3,1,((#1913,#1914),(#1915,#1916),(#1917,#1918),(#1919,#1920)),.UNSPECIFIED.,.F.,.F.,.U.)
B_SPLINE_SURFACE_WITH_KNOTS((4,4),(2,2),(0.,1.),(0.,1.),.UNSPECIFIED.)
GEOMETRIC_REPRESENTATION_ITEM()
RATIONAL_B_SPLINE_SURFACE(((1.,1.),(0.924673889,0.924673889),(0.924673889,0.924673889),(1.,1.)))
REPRESENTATION_ITEM('')
SURFACE()
);
#1922=ORIENTED_EDGE('',*,*,#931,.T.);
#1923=CARTESIAN_POINT('',(74.7,79.551654578,-2.473023786));
#1924=DIRECTION('',(-1.,0.,0.));
#1925=DIRECTION('',(0.,0.,1.));
#1926=AXIS2_PLACEMENT_3D('',#1923,#1924,#1925);
#1927=CIRCLE('',#1926,0.8);
#1928=EDGE_CURVE('',#547,#917,#1927,.T.);
#1929=ORIENTED_EDGE('',*,*,#1928,.F.);
#1930=ORIENTED_EDGE('',*,*,#552,.F.);
#1931=ORIENTED_EDGE('',*,*,#1906,.T.);
#1932=EDGE_LOOP('',(#1922,#1929,#1930,#1931));
#1933=FACE_BOUND('',#1932,.T.);
#1934=ADVANCED_FACE('',(#1933),#1921,.T.);
#1935=CARTESIAN_POINT('',(74.7,80.351654578,-2.473023786));
#1936=CARTESIAN_POINT('',(74.348528137,80.351654578,-2.473023786));
#1937=CARTESIAN_POINT('',(74.1,80.600182716,-2.473023786));
#1938=CARTESIAN_POINT('',(74.1,80.951654578,-2.473023786));
#1939=CARTESIAN_POINT('',(74.7,80.351654578,-2.739351115));
#1940=CARTESIAN_POINT('',(74.348528137,80.351654578,-2.739351115));
#1941=CARTESIAN_POINT('',(74.1,80.600182716,-2.739351115));
#1942=CARTESIAN_POINT('',(74.1,80.951654578,-2.739351115));
#1943=CARTESIAN_POINT('',(74.7,80.228678303,-2.975586342));
#1944=CARTESIAN_POINT('',(74.276490303,80.228678303,-2.975586342));
#1945=CARTESIAN_POINT('',(73.977023725,80.528144882,-2.975586342));
#1946=CARTESIAN_POINT('',(73.977023725,80.951654578,-2.975586342));
#1947=CARTESIAN_POINT('',(74.7,80.010515727,-3.128345422));
#1948=CARTESIAN_POINT('',(74.148693625,80.010515727,-3.128345422));
#1949=CARTESIAN_POINT('',(73.758861149,80.400348203,-3.128345422));
#1950=CARTESIAN_POINT('',(73.758861149,80.951654578,-3.128345422));
#1951=(BOUNDED_SURFACE()
B_SPLINE_SURFACE(3,3,((#1935,#1936,#1937,#1938),(#1939,#1940,#1941,#1942),(#1943,#1944,#1945,#1946),(#1947,#1948,#1949,#1950)),.UNSPECIFIED.,.F.,.F.,.U.)
B_SPLINE_SURFACE_WITH_KNOTS((4,4),(4,4),(0.,1.),(0.,1.),.UNSPECIFIED.)
GEOMETRIC_REPRESENTATION_ITEM()
RATIONAL_B_SPLINE_SURFACE(((1.,0.804737854,0.804737854,1.),(0.924673889,0.744120081,0.744120081,0.924673889),(0.924673889,0.744120081,0.744120081,0.924673889),(1.,0.804737854,0.804737854,1.)))
REPRESENTATION_ITEM('')
SURFACE()
);
#1952=ORIENTED_EDGE('',*,*,#923,.T.);
#1953=CARTESIAN_POINT('',(73.3,80.951654578,-2.473023786));
#1954=DIRECTION('',(0.,1.,-0.));
#1955=DIRECTION('',(0.,0.,1.));
#1956=AXIS2_PLACEMENT_3D('',#1953,#1954,#1955);
#1957=CIRCLE('',#1956,0.8);
#1958=EDGE_CURVE('',#1289,#909,#1957,.T.);
#1959=ORIENTED_EDGE('',*,*,#1958,.F.);
#1960=ORIENTED_EDGE('',*,*,#1354,.F.);
#1961=ORIENTED_EDGE('',*,*,#1928,.T.);
#1962=EDGE_LOOP('',(#1952,#1959,#1960,#1961));
#1963=FACE_BOUND('',#1962,.T.);
#1964=ADVANCED_FACE('',(#1963),#1951,.T.);
#1965=CARTESIAN_POINT('',(74.1,80.951654578,-2.473023786));
#1966=CARTESIAN_POINT('',(74.1,82.428305393,-2.473023786));
#1967=CARTESIAN_POINT('',(74.1,80.951654578,-2.739351115));
#1968=CARTESIAN_POINT('',(74.1,82.428305393,-2.739351115));
#1969=CARTESIAN_POINT('',(73.977023725,80.951654578,-2.975586342));
#1970=CARTESIAN_POINT('',(73.977023725,82.428305393,-2.975586342));
#1971=CARTESIAN_POINT('',(73.758861149,80.951654578,-3.128345422));
#1972=CARTESIAN_POINT('',(73.758861149,82.428305393,-3.128345422));
#1973=(BOUNDED_SURFACE()
B_SPLINE_SURFACE(3,1,((#1965,#1966),(#1967,#1968),(#1969,#1970),(#1971,#1972)),.UNSPECIFIED.,.F.,.F.,.U.)
B_SPLINE_SURFACE_WITH_KNOTS((4,4),(2,2),(0.,1.),(0.,1.),.UNSPECIFIED.)
GEOMETRIC_REPRESENTATION_ITEM()
RATIONAL_B_SPLINE_SURFACE(((1.,1.),(0.924673889,0.924673889),(0.924673889,0.924673889),(1.,1.)))
REPRESENTATION_ITEM('')
SURFACE()
);
#1974=ORIENTED_EDGE('',*,*,#914,.T.);
#1975=CARTESIAN_POINT('',(73.3,82.428305393,-2.473023786));
#1976=DIRECTION('',(0.,1.,-0.));
#1977=DIRECTION('',(0.,0.,1.));
#1978=AXIS2_PLACEMENT_3D('',#1975,#1976,#1977);
#1979=CIRCLE('',#1978,0.8);
#1980=EDGE_CURVE('',#1297,#900,#1979,.T.);
#1981=ORIENTED_EDGE('',*,*,#1980,.F.);
#1982=ORIENTED_EDGE('',*,*,#1302,.F.);
#1983=ORIENTED_EDGE('',*,*,#1958,.T.);
#1984=EDGE_LOOP('',(#1974,#1981,#1982,#1983));
#1985=FACE_BOUND('',#1984,.T.);
#1986=ADVANCED_FACE('',(#1985),#1973,.T.);
#1987=CARTESIAN_POINT('',(74.1,82.428305393,-2.473023786));
#1988=CARTESIAN_POINT('',(74.1,82.608859889,-2.473023786));
#1989=CARTESIAN_POINT('',(74.176396461,82.772455447,-2.473023786));
#1990=CARTESIAN_POINT('',(74.314838006,82.888359996,-2.473023786));
#1991=CARTESIAN_POINT('',(74.1,82.428305393,-2.739351115));
#1992=CARTESIAN_POINT('',(74.1,82.608859889,-2.739351115));
#1993=CARTESIAN_POINT('',(74.176396461,82.772455447,-2.739351115));
#1994=CARTESIAN_POINT('',(74.314838006,82.888359996,-2.739351115));
#1995=CARTESIAN_POINT('',(73.977023725,82.428305393,-2.975586342));
#1996=CARTESIAN_POINT('',(73.977023725,82.645866421,-2.975586342));
#1997=CARTESIAN_POINT('',(74.06907844,82.8429926,-2.975586342));
#1998=CARTESIAN_POINT('',(74.235895027,82.982652999,-2.975586342));
#1999=CARTESIAN_POINT('',(73.758861149,82.428305393,-3.128345422));
#2000=CARTESIAN_POINT('',(73.758861149,82.711516811,-3.128345422));
#2001=CARTESIAN_POINT('',(73.878693945,82.968127037,-3.128345422));
#2002=CARTESIAN_POINT('',(74.095848473,83.149930828,-3.128345422));
#2003=(BOUNDED_SURFACE()
B_SPLINE_SURFACE(3,3,((#1987,#1988,#1989,#1990),(#1991,#1992,#1993,#1994),(#1995,#1996,#1997,#1998),(#1999,#2000,#2001,#2002)),.UNSPECIFIED.,.F.,.F.,.U.)
B_SPLINE_SURFACE_WITH_KNOTS((4,4),(4,4),(0.,1.),(0.,1.),.UNSPECIFIED.)
GEOMETRIC_REPRESENTATION_ITEM()
RATIONAL_B_SPLINE_SURFACE(((1.,0.937382017,0.937382017,1.),(0.924673889,0.866772675,0.866772675,0.924673889),(0.924673889,0.866772675,0.866772675,0.924673889),(1.,0.937382017,0.937382017,1.)))
REPRESENTATION_ITEM('')
SURFACE()
);
#2004=ORIENTED_EDGE('',*,*,#906,.T.);
#2005=CARTESIAN_POINT('',(73.801288681,83.501766135,-2.473023786));
#2006=DIRECTION('',(0.766757673,0.641936656,-0.));
#2007=DIRECTION('',(0.,0.,1.));
#2008=AXIS2_PLACEMENT_3D('',#2005,#2006,#2007);
#2009=CIRCLE('',#2008,0.8);
#2010=EDGE_CURVE('',#1385,#892,#2009,.T.);
#2011=ORIENTED_EDGE('',*,*,#2010,.F.);
#2012=ORIENTED_EDGE('',*,*,#1506,.F.);
#2013=ORIENTED_EDGE('',*,*,#1980,.T.);
#2014=EDGE_LOOP('',(#2004,#2011,#2012,#2013));
#2015=FACE_BOUND('',#2014,.T.);
#2016=ADVANCED_FACE('',(#2015),#2003,.T.);
#2017=CARTESIAN_POINT('',(74.314838006,82.888359996,-2.473023786));
#2018=CARTESIAN_POINT('',(75.417727311,83.811709182,-2.473023786));
#2019=CARTESIAN_POINT('',(74.314838006,82.888359996,-2.739351115));
#2020=CARTESIAN_POINT('',(75.417727311,83.811709182,-2.739351115));
#2021=CARTESIAN_POINT('',(74.235895027,82.982652999,-2.975586342));
#2022=CARTESIAN_POINT('',(75.338784332,83.906002184,-2.975586342));
#2023=CARTESIAN_POINT('',(74.095848473,83.149930828,-3.128345422));
#2024=CARTESIAN_POINT('',(75.198737778,84.073280013,-3.128345422));
#2025=(BOUNDED_SURFACE()
B_SPLINE_SURFACE(3,1,((#2017,#2018),(#2019,#2020),(#2021,#2022),(#2023,#2024)),.UNSPECIFIED.,.F.,.F.,.U.)
B_SPLINE_SURFACE_WITH_KNOTS((4,4),(2,2),(0.,1.),(0.,1.),.UNSPECIFIED.)
GEOMETRIC_REPRESENTATION_ITEM()
RATIONAL_B_SPLINE_SURFACE(((1.,1.),(0.924673889,0.924673889),(0.924673889,0.924673889),(1.,1.)))
REPRESENTATION_ITEM('')
SURFACE()
);
#2026=ORIENTED_EDGE('',*,*,#897,.T.);
#2027=CARTESIAN_POINT('',(74.904177986,84.42511532,-2.473023786));
#2028=DIRECTION('',(0.766757673,0.641936656,-0.));
#2029=DIRECTION('',(0.,0.,1.));
#2030=AXIS2_PLACEMENT_3D('',#2027,#2028,#2029);
#2031=CIRCLE('',#2030,0.8);
#2032=EDGE_CURVE('',#1393,#881,#2031,.T.);
#2033=ORIENTED_EDGE('',*,*,#2032,.F.);
#2034=ORIENTED_EDGE('',*,*,#1398,.F.);
#2035=ORIENTED_EDGE('',*,*,#2010,.T.);
#2036=EDGE_LOOP('',(#2026,#2033,#2034,#2035));
#2037=FACE_BOUND('',#2036,.T.);
#2038=ADVANCED_FACE('',(#2037),#2025,.T.);
#2039=CARTESIAN_POINT('',(75.417727311,83.811709182,-2.473023786));
#2040=CARTESIAN_POINT('',(75.526838944,83.903058456,-2.473023786));
#2041=CARTESIAN_POINT('',(75.660586675,83.951654578,-2.473023786));
#2042=CARTESIAN_POINT('',(75.802889305,83.951654578,-2.473023786));
#2043=CARTESIAN_POINT('',(75.417727311,83.811709182,-2.739351115));
#2044=CARTESIAN_POINT('',(75.526838944,83.903058456,-2.739351115));
#2045=CARTESIAN_POINT('',(75.660586675,83.951654578,-2.739351115));
#2046=CARTESIAN_POINT('',(75.802889305,83.951654578,-2.739351115));
#2047=CARTESIAN_POINT('',(75.338784332,83.906002184,-2.975586342));
#2048=CARTESIAN_POINT('',(75.470259536,84.016074448,-2.975586342));
#2049=CARTESIAN_POINT('',(75.631420263,84.074630853,-2.975586342));
#2050=CARTESIAN_POINT('',(75.802889305,84.074630853,-2.975586342));
#2051=CARTESIAN_POINT('',(75.198737778,84.073280013,-3.128345422));
#2052=CARTESIAN_POINT('',(75.36988644,84.216567265,-3.128345422));
#2053=CARTESIAN_POINT('',(75.579678416,84.292793429,-3.128345422));
#2054=CARTESIAN_POINT('',(75.802889305,84.292793429,-3.128345422));
#2055=(BOUNDED_SURFACE()
B_SPLINE_SURFACE(3,3,((#2039,#2040,#2041,#2042),(#2043,#2044,#2045,#2046),(#2047,#2048,#2049,#2050),(#2051,#2052,#2053,#2054)),.UNSPECIFIED.,.F.,.F.,.U.)
B_SPLINE_SURFACE_WITH_KNOTS((4,4),(4,4),(0.,1.),(0.,1.),.UNSPECIFIED.)
GEOMETRIC_REPRESENTATION_ITEM()
RATIONAL_B_SPLINE_SURFACE(((1.,0.959921568,0.959921568,1.),(0.924673889,0.88761441,0.88761441,0.924673889),(0.924673889,0.88761441,0.88761441,0.924673889),(1.,0.959921568,0.959921568,1.)))
REPRESENTATION_ITEM('')
SURFACE()
);
#2056=ORIENTED_EDGE('',*,*,#889,.T.);
#2057=ORIENTED_EDGE('',*,*,#1743,.F.);
#2058=ORIENTED_EDGE('',*,*,#1488,.F.);
#2059=ORIENTED_EDGE('',*,*,#2032,.T.);
#2060=EDGE_LOOP('',(#2056,#2057,#2058,#2059));
#2061=FACE_BOUND('',#2060,.T.);
#2062=ADVANCED_FACE('',(#2061),#2055,.T.);
#2063=CARTESIAN_POINT('',(119.067848968,84.384179695,-2.473023791));
#2064=CARTESIAN_POINT('',(121.5,84.384179695,-2.473023791));
#2065=CARTESIAN_POINT('',(119.067848968,84.384179695,-2.73935112));
#2066=CARTESIAN_POINT('',(121.5,84.384179695,-2.73935112));
#2067=CARTESIAN_POINT('',(119.067848968,84.50715597,-2.975586346));
#2068=CARTESIAN_POINT('',(121.5,84.50715597,-2.975586346));
#2069=CARTESIAN_POINT('',(119.067848968,84.725318546,-3.128345426));
#2070=CARTESIAN_POINT('',(121.5,84.725318546,-3.128345426));
#2071=(BOUNDED_SURFACE()
B_SPLINE_SURFACE(3,1,((#2063,#2064),(#2065,#2066),(#2067,#2068),(#2069,#2070)),.UNSPECIFIED.,.F.,.F.,.U.)
B_SPLINE_SURFACE_WITH_KNOTS((4,4),(2,2),(0.,1.),(0.,1.),.UNSPECIFIED.)
GEOMETRIC_REPRESENTATION_ITEM()
RATIONAL_B_SPLINE_SURFACE(((1.,1.),(0.924673889,0.924673889),(0.924673889,0.924673889),(1.,1.)))
REPRESENTATION_ITEM('')
SURFACE()
);
#2072=CARTESIAN_POINT('',(119.067848968,85.184179695,-2.473023791));
#2073=DIRECTION('',(1.,0.,-0.));
#2074=DIRECTION('',(0.,0.,1.));
#2075=AXIS2_PLACEMENT_3D('',#2072,#2073,#2074);
#2076=CIRCLE('',#2075,0.8);
#2077=EDGE_CURVE('',#81,#659,#2076,.T.);
#2078=ORIENTED_EDGE('',*,*,#2077,.T.);
#2079=ORIENTED_EDGE('',*,*,#764,.T.);
#2080=CARTESIAN_POINT('',(121.5,85.184179695,-2.473023791));
#2081=DIRECTION('',(1.,0.,-0.));
#2082=DIRECTION('',(0.,0.,1.));
#2083=AXIS2_PLACEMENT_3D('',#2080,#2081,#2082);
#2084=CIRCLE('',#2083,0.8);
#2085=EDGE_CURVE('',#83,#753,#2084,.T.);
#2086=ORIENTED_EDGE('',*,*,#2085,.F.);
#2087=ORIENTED_EDGE('',*,*,#88,.F.);
#2088=EDGE_LOOP('',(#2078,#2079,#2086,#2087));
#2089=FACE_BOUND('',#2088,.T.);
#2090=ADVANCED_FACE('',(#2089),#2071,.T.);
#2091=CARTESIAN_POINT('',(121.5,84.384179695,-2.473023791));
#2092=CARTESIAN_POINT('',(123.926053527,84.384179695,-2.473023791));
#2093=CARTESIAN_POINT('',(121.5,84.384179695,-2.73935112));
#2094=CARTESIAN_POINT('',(123.926053527,84.384179695,-2.73935112));
#2095=CARTESIAN_POINT('',(121.5,84.50715597,-2.975586346));
#2096=CARTESIAN_POINT('',(123.926053527,84.50715597,-2.975586346));
#2097=CARTESIAN_POINT('',(121.5,84.725318546,-3.128345426));
#2098=CARTESIAN_POINT('',(123.926053527,84.725318546,-3.128345426));
#2099=(BOUNDED_SURFACE()
B_SPLINE_SURFACE(3,1,((#2091,#2092),(#2093,#2094),(#2095,#2096),(#2097,#2098)),.UNSPECIFIED.,.F.,.F.,.U.)
B_SPLINE_SURFACE_WITH_KNOTS((4,4),(2,2),(0.,1.),(0.,1.),.UNSPECIFIED.)
GEOMETRIC_REPRESENTATION_ITEM()
RATIONAL_B_SPLINE_SURFACE(((1.,1.),(0.924673889,0.924673889),(0.924673889,0.924673889),(1.,1.)))
REPRESENTATION_ITEM('')
SURFACE()
);
#2100=ORIENTED_EDGE('',*,*,#758,.T.);
#2101=CARTESIAN_POINT('',(123.926053527,85.184179695,-2.473023791));
#2102=DIRECTION('',(1.,0.,-0.));
#2103=DIRECTION('',(0.,0.,1.));
#2104=AXIS2_PLACEMENT_3D('',#2101,#2102,#2103);
#2105=CIRCLE('',#2104,0.8);
#2106=EDGE_CURVE('',#91,#744,#2105,.T.);
#2107=ORIENTED_EDGE('',*,*,#2106,.F.);
#2108=ORIENTED_EDGE('',*,*,#96,.F.);
#2109=ORIENTED_EDGE('',*,*,#2085,.T.);
#2110=EDGE_LOOP('',(#2100,#2107,#2108,#2109));
#2111=FACE_BOUND('',#2110,.T.);
#2112=ADVANCED_FACE('',(#2111),#2099,.T.);
#2113=CARTESIAN_POINT('',(123.926053527,84.384179695,-2.473023791));
#2114=CARTESIAN_POINT('',(124.087310188,84.384179695,-2.473023791));
#2115=CARTESIAN_POINT('',(124.236291917,84.322469442,-2.473023791));
#2116=CARTESIAN_POINT('',(124.350317596,84.208443764,-2.473023791));
#2117=CARTESIAN_POINT('',(123.926053527,84.384179695,-2.73935112));
#2118=CARTESIAN_POINT('',(124.087310188,84.384179695,-2.73935112));
#2119=CARTESIAN_POINT('',(124.236291917,84.322469442,-2.73935112));
#2120=CARTESIAN_POINT('',(124.350317596,84.208443764,-2.73935112));
#2121=CARTESIAN_POINT('',(123.926053527,84.50715597,-2.975586346));
#2122=CARTESIAN_POINT('',(124.120361427,84.50715597,-2.975586346));
#2123=CARTESIAN_POINT('',(124.299878519,84.432797556,-2.975586346));
#2124=CARTESIAN_POINT('',(124.437274954,84.295401122,-2.975586346));
#2125=CARTESIAN_POINT('',(123.926053527,84.725318546,-3.128345426));
#2126=CARTESIAN_POINT('',(124.178995042,84.725318546,-3.128345426));
#2127=CARTESIAN_POINT('',(124.41268253,84.628522019,-3.128345426));
#2128=CARTESIAN_POINT('',(124.59153919,84.449665359,-3.128345426));
#2129=(BOUNDED_SURFACE()
B_SPLINE_SURFACE(3,3,((#2113,#2114,#2115,#2116),(#2117,#2118,#2119,#2120),(#2121,#2122,#2123,#2124),(#2125,#2126,#2127,#2128)),.UNSPECIFIED.,.F.,.F.,.U.)
B_SPLINE_SURFACE_WITH_KNOTS((4,4),(4,4),(0.,1.),(0.,1.),.UNSPECIFIED.)
GEOMETRIC_REPRESENTATION_ITEM()
RATIONAL_B_SPLINE_SURFACE(((1.,0.949253022,0.949253022,1.),(0.924673889,0.877749483,0.877749483,0.924673889),(0.924673889,0.877749483,0.877749483,0.924673889),(1.,0.949253022,0.949253022,1.)))
REPRESENTATION_ITEM('')
SURFACE()
);
#2130=ORIENTED_EDGE('',*,*,#750,.T.);
#2131=CARTESIAN_POINT('',(124.916003021,84.774129189,-2.473023791));
#2132=DIRECTION('',(0.707106781,-0.707106781,0.));
#2133=DIRECTION('',(-0.,0.,1.));
#2134=AXIS2_PLACEMENT_3D('',#2131,#2132,#2133);
#2135=CIRCLE('',#2134,0.8);
#2136=EDGE_CURVE('',#291,#736,#2135,.T.);
#2137=ORIENTED_EDGE('',*,*,#2136,.F.);
#2138=ORIENTED_EDGE('',*,*,#1632,.F.);
#2139=ORIENTED_EDGE('',*,*,#2106,.T.);
#2140=EDGE_LOOP('',(#2130,#2137,#2138,#2139));
#2141=FACE_BOUND('',#2140,.T.);
#2142=ADVANCED_FACE('',(#2141),#2129,.T.);
#2143=CARTESIAN_POINT('',(124.350317596,84.208443764,-2.473023791));
#2144=CARTESIAN_POINT('',(125.506789186,83.051972174,-2.473023791));
#2145=CARTESIAN_POINT('',(124.350317596,84.208443764,-2.73935112));
#2146=CARTESIAN_POINT('',(125.506789186,83.051972174,-2.73935112));
#2147=CARTESIAN_POINT('',(124.437274954,84.295401122,-2.975586346));
#2148=CARTESIAN_POINT('',(125.593746543,83.138929532,-2.975586346));
#2149=CARTESIAN_POINT('',(124.59153919,84.449665359,-3.128345426));
#2150=CARTESIAN_POINT('',(125.74801078,83.293193769,-3.128345426));
#2151=(BOUNDED_SURFACE()
B_SPLINE_SURFACE(3,1,((#2143,#2144),(#2145,#2146),(#2147,#2148),(#2149,#2150)),.UNSPECIFIED.,.F.,.F.,.U.)
B_SPLINE_SURFACE_WITH_KNOTS((4,4),(2,2),(0.,1.),(0.,1.),.UNSPECIFIED.)
GEOMETRIC_REPRESENTATION_ITEM()
RATIONAL_B_SPLINE_SURFACE(((1.,1.),(0.924673889,0.924673889),(0.924673889,0.924673889),(1.,1.)))
REPRESENTATION_ITEM('')
SURFACE()
);
#2152=ORIENTED_EDGE('',*,*,#741,.T.);
#2153=CARTESIAN_POINT('',(126.072474611,83.617657599,-2.473023791));
#2154=DIRECTION('',(0.707106781,-0.707106781,0.));
#2155=DIRECTION('',(-0.,0.,1.));
#2156=AXIS2_PLACEMENT_3D('',#2153,#2154,#2155);
#2157=CIRCLE('',#2156,0.8);
#2158=EDGE_CURVE('',#299,#727,#2157,.T.);
#2159=ORIENTED_EDGE('',*,*,#2158,.F.);
#2160=ORIENTED_EDGE('',*,*,#304,.F.);
#2161=ORIENTED_EDGE('',*,*,#2136,.T.);
#2162=EDGE_LOOP('',(#2152,#2159,#2160,#2161));
#2163=FACE_BOUND('',#2162,.T.);
#2164=ADVANCED_FACE('',(#2163),#2151,.T.);
#2165=CARTESIAN_POINT('',(125.506789186,83.051972174,-2.473023791));
#2166=CARTESIAN_POINT('',(125.620814864,82.937946495,-2.473023791));
#2167=CARTESIAN_POINT('',(125.682525117,82.788964766,-2.473023791));
#2168=CARTESIAN_POINT('',(125.682525117,82.627708105,-2.473023791));
#2169=CARTESIAN_POINT('',(125.506789186,83.051972174,-2.73935112));
#2170=CARTESIAN_POINT('',(125.620814864,82.937946495,-2.73935112));
#2171=CARTESIAN_POINT('',(125.682525117,82.788964766,-2.73935112));
#2172=CARTESIAN_POINT('',(125.682525117,82.627708105,-2.73935112));
#2173=CARTESIAN_POINT('',(125.593746543,83.138929532,-2.975586346));
#2174=CARTESIAN_POINT('',(125.731142977,83.001533098,-2.975586346));
#2175=CARTESIAN_POINT('',(125.805501392,82.822016005,-2.975586346));
#2176=CARTESIAN_POINT('',(125.805501392,82.627708105,-2.975586346));
#2177=CARTESIAN_POINT('',(125.74801078,83.293193769,-3.128345426));
#2178=CARTESIAN_POINT('',(125.926867441,83.114337108,-3.128345426));
#2179=CARTESIAN_POINT('',(126.023663968,82.88064962,-3.128345426));
#2180=CARTESIAN_POINT('',(126.023663968,82.627708105,-3.128345426));
#2181=(BOUNDED_SURFACE()
B_SPLINE_SURFACE(3,3,((#2165,#2166,#2167,#2168),(#2169,#2170,#2171,#2172),(#2173,#2174,#2175,#2176),(#2177,#2178,#2179,#2180)),.UNSPECIFIED.,.F.,.F.,.U.)
B_SPLINE_SURFACE_WITH_KNOTS((4,4),(4,4),(0.,1.),(0.,1.),.UNSPECIFIED.)
GEOMETRIC_REPRESENTATION_ITEM()
RATIONAL_B_SPLINE_SURFACE(((1.,0.949253022,0.949253022,1.),(0.924673889,0.877749483,0.877749483,0.924673889),(0.924673889,0.877749483,0.877749483,0.924673889),(1.,0.949253022,0.949253022,1.)))
REPRESENTATION_ITEM('')
SURFACE()
);
#2182=ORIENTED_EDGE('',*,*,#733,.T.);
#2183=CARTESIAN_POINT('',(126.482525117,82.627708105,-2.473023791));
#2184=DIRECTION('',(0.,-1.,0.));
#2185=DIRECTION('',(-0.,0.,1.));
#2186=AXIS2_PLACEMENT_3D('',#2183,#2184,#2185);
#2187=CIRCLE('',#2186,0.8);
#2188=EDGE_CURVE('',#131,#719,#2187,.T.);
#2189=ORIENTED_EDGE('',*,*,#2188,.F.);
#2190=ORIENTED_EDGE('',*,*,#1650,.F.);
#2191=ORIENTED_EDGE('',*,*,#2158,.T.);
#2192=EDGE_LOOP('',(#2182,#2189,#2190,#2191));
#2193=FACE_BOUND('',#2192,.T.);
#2194=ADVANCED_FACE('',(#2193),#2181,.T.);
#2195=CARTESIAN_POINT('',(125.682525117,82.627708105,-2.473023791));
#2196=CARTESIAN_POINT('',(125.682525117,81.67228715,-2.473023791));
#2197=CARTESIAN_POINT('',(125.682525117,82.627708105,-2.73935112));
#2198=CARTESIAN_POINT('',(125.682525117,81.67228715,-2.73935112));
#2199=CARTESIAN_POINT('',(125.805501392,82.627708105,-2.975586346));
#2200=CARTESIAN_POINT('',(125.805501392,81.67228715,-2.975586346));
#2201=CARTESIAN_POINT('',(126.023663968,82.627708105,-3.128345426));
#2202=CARTESIAN_POINT('',(126.023663968,81.67228715,-3.128345426));
#2203=(BOUNDED_SURFACE()
B_SPLINE_SURFACE(3,1,((#2195,#2196),(#2197,#2198),(#2199,#2200),(#2201,#2202)),.UNSPECIFIED.,.F.,.F.,.U.)
B_SPLINE_SURFACE_WITH_KNOTS((4,4),(2,2),(0.,1.),(0.,1.),.UNSPECIFIED.)
GEOMETRIC_REPRESENTATION_ITEM()
RATIONAL_B_SPLINE_SURFACE(((1.,1.),(0.924673889,0.924673889),(0.924673889,0.924673889),(1.,1.)))
REPRESENTATION_ITEM('')
SURFACE()
);
#2204=ORIENTED_EDGE('',*,*,#724,.T.);
#2205=CARTESIAN_POINT('',(126.482525117,81.67228715,-2.473023791));
#2206=DIRECTION('',(0.,-1.,0.));
#2207=DIRECTION('',(-0.,0.,1.));
#2208=AXIS2_PLACEMENT_3D('',#2205,#2206,#2207);
#2209=CIRCLE('',#2208,0.8);
#2210=EDGE_CURVE('',#139,#710,#2209,.T.);
#2211=ORIENTED_EDGE('',*,*,#2210,.F.);
#2212=ORIENTED_EDGE('',*,*,#144,.F.);
#2213=ORIENTED_EDGE('',*,*,#2188,.T.);
#2214=EDGE_LOOP('',(#2204,#2211,#2212,#2213));
#2215=FACE_BOUND('',#2214,.T.);
#2216=ADVANCED_FACE('',(#2215),#2203,.T.);
#2217=CARTESIAN_POINT('',(125.682525117,81.67228715,-2.473023791));
#2218=CARTESIAN_POINT('',(125.682525117,81.320815287,-2.473023791));
#2219=CARTESIAN_POINT('',(125.433996979,81.07228715,-2.473023791));
#2220=CARTESIAN_POINT('',(125.082525117,81.07228715,-2.473023791));
#2221=CARTESIAN_POINT('',(125.682525117,81.67228715,-2.73935112));
#2222=CARTESIAN_POINT('',(125.682525117,81.320815287,-2.73935112));
#2223=CARTESIAN_POINT('',(125.433996979,81.07228715,-2.73935112));
#2224=CARTESIAN_POINT('',(125.082525117,81.07228715,-2.73935112));
#2225=CARTESIAN_POINT('',(125.805501392,81.67228715,-2.975586346));
#2226=CARTESIAN_POINT('',(125.805501392,81.248777453,-2.975586346));
#2227=CARTESIAN_POINT('',(125.506034813,80.949310875,-2.975586346));
#2228=CARTESIAN_POINT('',(125.082525117,80.949310875,-2.975586346));
#2229=CARTESIAN_POINT('',(126.023663968,81.67228715,-3.128345426));
#2230=CARTESIAN_POINT('',(126.023663968,81.120980775,-3.128345426));
#2231=CARTESIAN_POINT('',(125.633831492,80.731148299,-3.128345426));
#2232=CARTESIAN_POINT('',(125.082525117,80.731148299,-3.128345426));
#2233=(BOUNDED_SURFACE()
B_SPLINE_SURFACE(3,3,((#2217,#2218,#2219,#2220),(#2221,#2222,#2223,#2224),(#2225,#2226,#2227,#2228),(#2229,#2230,#2231,#2232)),.UNSPECIFIED.,.F.,.F.,.U.)
B_SPLINE_SURFACE_WITH_KNOTS((4,4),(4,4),(0.,1.),(0.,1.),.UNSPECIFIED.)
GEOMETRIC_REPRESENTATION_ITEM()
RATIONAL_B_SPLINE_SURFACE(((1.,0.804737854,0.804737854,1.),(0.924673889,0.744120081,0.744120081,0.924673889),(0.924673889,0.744120081,0.744120081,0.924673889),(1.,0.804737854,0.804737854,1.)))
REPRESENTATION_ITEM('')
SURFACE()
);
#2234=ORIENTED_EDGE('',*,*,#716,.T.);
#2235=CARTESIAN_POINT('',(125.082525117,80.27228715,-2.473023791));
#2236=DIRECTION('',(-1.,0.,0.));
#2237=DIRECTION('',(0.,0.,1.));
#2238=AXIS2_PLACEMENT_3D('',#2235,#2236,#2237);
#2239=CIRCLE('',#2238,0.8);
#2240=EDGE_CURVE('',#211,#702,#2239,.T.);
#2241=ORIENTED_EDGE('',*,*,#2240,.F.);
#2242=ORIENTED_EDGE('',*,*,#1668,.F.);
#2243=ORIENTED_EDGE('',*,*,#2210,.T.);
#2244=EDGE_LOOP('',(#2234,#2241,#2242,#2243));
#2245=FACE_BOUND('',#2244,.T.);
#2246=ADVANCED_FACE('',(#2245),#2233,.T.);
#2247=CARTESIAN_POINT('',(125.082525117,81.07228715,-2.473023791));
#2248=CARTESIAN_POINT('',(117.917474883,81.07228715,-2.473023791));
#2249=CARTESIAN_POINT('',(125.082525117,81.07228715,-2.73935112));
#2250=CARTESIAN_POINT('',(117.917474883,81.07228715,-2.73935112));
#2251=CARTESIAN_POINT('',(125.082525117,80.949310875,-2.975586346));
#2252=CARTESIAN_POINT('',(117.917474883,80.949310875,-2.975586346));
#2253=CARTESIAN_POINT('',(125.082525117,80.731148299,-3.128345426));
#2254=CARTESIAN_POINT('',(117.917474883,80.731148299,-3.128345426));
#2255=(BOUNDED_SURFACE()
B_SPLINE_SURFACE(3,1,((#2247,#2248),(#2249,#2250),(#2251,#2252),(#2253,#2254)),.UNSPECIFIED.,.F.,.F.,.U.)
B_SPLINE_SURFACE_WITH_KNOTS((4,4),(2,2),(0.,1.),(0.,1.),.UNSPECIFIED.)
GEOMETRIC_REPRESENTATION_ITEM()
RATIONAL_B_SPLINE_SURFACE(((1.,1.),(0.924673889,0.924673889),(0.924673889,0.924673889),(1.,1.)))
REPRESENTATION_ITEM('')
SURFACE()
);
#2256=ORIENTED_EDGE('',*,*,#707,.T.);
#2257=CARTESIAN_POINT('',(117.917474883,80.27228715,-2.473023791));
#2258=DIRECTION('',(-1.,0.,0.));
#2259=DIRECTION('',(0.,0.,1.));
#2260=AXIS2_PLACEMENT_3D('',#2257,#2258,#2259);
#2261=CIRCLE('',#2260,0.8);
#2262=EDGE_CURVE('',#219,#693,#2261,.T.);
#2263=ORIENTED_EDGE('',*,*,#2262,.F.);
#2264=ORIENTED_EDGE('',*,*,#224,.F.);
#2265=ORIENTED_EDGE('',*,*,#2240,.T.);
#2266=EDGE_LOOP('',(#2256,#2263,#2264,#2265));
#2267=FACE_BOUND('',#2266,.T.);
#2268=ADVANCED_FACE('',(#2267),#2255,.T.);
#2269=CARTESIAN_POINT('',(117.917474883,81.07228715,-2.473023791));
#2270=CARTESIAN_POINT('',(117.566003021,81.07228715,-2.473023791));
#2271=CARTESIAN_POINT('',(117.317474883,81.320815287,-2.473023791));
#2272=CARTESIAN_POINT('',(117.317474883,81.67228715,-2.473023791));
#2273=CARTESIAN_POINT('',(117.917474883,81.07228715,-2.73935112));
#2274=CARTESIAN_POINT('',(117.566003021,81.07228715,-2.73935112));
#2275=CARTESIAN_POINT('',(117.317474883,81.320815287,-2.73935112));
#2276=CARTESIAN_POINT('',(117.317474883,81.67228715,-2.73935112));
#2277=CARTESIAN_POINT('',(117.917474883,80.949310875,-2.975586346));
#2278=CARTESIAN_POINT('',(117.493965187,80.949310875,-2.975586346));
#2279=CARTESIAN_POINT('',(117.194498608,81.248777453,-2.975586346));
#2280=CARTESIAN_POINT('',(117.194498608,81.67228715,-2.975586346));
#2281=CARTESIAN_POINT('',(117.917474883,80.731148299,-3.128345426));
#2282=CARTESIAN_POINT('',(117.366168508,80.731148299,-3.128345426));
#2283=CARTESIAN_POINT('',(116.976336032,81.120980775,-3.128345426));
#2284=CARTESIAN_POINT('',(116.976336032,81.67228715,-3.128345426));
#2285=(BOUNDED_SURFACE()
B_SPLINE_SURFACE(3,3,((#2269,#2270,#2271,#2272),(#2273,#2274,#2275,#2276),(#2277,#2278,#2279,#2280),(#2281,#2282,#2283,#2284)),.UNSPECIFIED.,.F.,.F.,.U.)
B_SPLINE_SURFACE_WITH_KNOTS((4,4),(4,4),(0.,1.),(0.,1.),.UNSPECIFIED.)
GEOMETRIC_REPRESENTATION_ITEM()
RATIONAL_B_SPLINE_SURFACE(((1.,0.804737854,0.804737854,1.),(0.924673889,0.744120081,0.744120081,0.924673889),(0.924673889,0.744120081,0.744120081,0.924673889),(1.,0.804737854,0.804737854,1.)))
REPRESENTATION_ITEM('')
SURFACE()
);
#2286=ORIENTED_EDGE('',*,*,#699,.T.);
#2287=CARTESIAN_POINT('',(116.517474883,81.67228715,-2.473023791));
#2288=DIRECTION('',(0.,1.,-0.));
#2289=DIRECTION('',(0.,0.,1.));
#2290=AXIS2_PLACEMENT_3D('',#2287,#2288,#2289);
#2291=CIRCLE('',#2290,0.8);
#2292=EDGE_CURVE('',#579,#685,#2291,.T.);
#2293=ORIENTED_EDGE('',*,*,#2292,.F.);
#2294=ORIENTED_EDGE('',*,*,#1686,.F.);
#2295=ORIENTED_EDGE('',*,*,#2262,.T.);
#2296=EDGE_LOOP('',(#2286,#2293,#2294,#2295));
#2297=FACE_BOUND('',#2296,.T.);
#2298=ADVANCED_FACE('',(#2297),#2285,.T.);
#2299=CARTESIAN_POINT('',(117.317474883,81.67228715,-2.473023791));
#2300=CARTESIAN_POINT('',(117.317474883,82.63380561,-2.473023791));
#2301=CARTESIAN_POINT('',(117.317474883,81.67228715,-2.73935112));
#2302=CARTESIAN_POINT('',(117.317474883,82.63380561,-2.73935112));
#2303=CARTESIAN_POINT('',(117.194498608,81.67228715,-2.975586346));
#2304=CARTESIAN_POINT('',(117.194498608,82.63380561,-2.975586346));
#2305=CARTESIAN_POINT('',(116.976336032,81.67228715,-3.128345426));
#2306=CARTESIAN_POINT('',(116.976336032,82.63380561,-3.128345426));
#2307=(BOUNDED_SURFACE()
B_SPLINE_SURFACE(3,1,((#2299,#2300),(#2301,#2302),(#2303,#2304),(#2305,#2306)),.UNSPECIFIED.,.F.,.F.,.U.)
B_SPLINE_SURFACE_WITH_KNOTS((4,4),(2,2),(0.,1.),(0.,1.),.UNSPECIFIED.)
GEOMETRIC_REPRESENTATION_ITEM()
RATIONAL_B_SPLINE_SURFACE(((1.,1.),(0.924673889,0.924673889),(0.924673889,0.924673889),(1.,1.)))
REPRESENTATION_ITEM('')
SURFACE()
);
#2308=ORIENTED_EDGE('',*,*,#690,.T.);
#2309=CARTESIAN_POINT('',(116.517474883,82.63380561,-2.473023791));
#2310=DIRECTION('',(0.,1.,-0.));
#2311=DIRECTION('',(0.,0.,1.));
#2312=AXIS2_PLACEMENT_3D('',#2309,#2310,#2311);
#2313=CIRCLE('',#2312,0.8);
#2314=EDGE_CURVE('',#587,#676,#2313,.T.);
#2315=ORIENTED_EDGE('',*,*,#2314,.F.);
#2316=ORIENTED_EDGE('',*,*,#592,.F.);
#2317=ORIENTED_EDGE('',*,*,#2292,.T.);
#2318=EDGE_LOOP('',(#2308,#2315,#2316,#2317));
#2319=FACE_BOUND('',#2318,.T.);
#2320=ADVANCED_FACE('',(#2319),#2307,.T.);
#2321=CARTESIAN_POINT('',(117.317474883,82.63380561,-2.473023791));
#2322=CARTESIAN_POINT('',(117.317474883,82.795062271,-2.473023791));
#2323=CARTESIAN_POINT('',(117.379185136,82.944044,-2.473023791));
#2324=CARTESIAN_POINT('',(117.493210814,83.058069679,-2.473023791));
#2325=CARTESIAN_POINT('',(117.317474883,82.63380561,-2.73935112));
#2326=CARTESIAN_POINT('',(117.317474883,82.795062271,-2.73935112));
#2327=CARTESIAN_POINT('',(117.379185136,82.944044,-2.73935112));
#2328=CARTESIAN_POINT('',(117.493210814,83.058069679,-2.73935112));
#2329=CARTESIAN_POINT('',(117.194498608,82.63380561,-2.975586346));
#2330=CARTESIAN_POINT('',(117.194498608,82.82811351,-2.975586346));
#2331=CARTESIAN_POINT('',(117.268857023,83.007630602,-2.975586346));
#2332=CARTESIAN_POINT('',(117.406253457,83.145027036,-2.975586346));
#2333=CARTESIAN_POINT('',(116.976336032,82.63380561,-3.128345426));
#2334=CARTESIAN_POINT('',(116.976336032,82.886747125,-3.128345426));
#2335=CARTESIAN_POINT('',(117.073132559,83.120434613,-3.128345426));
#2336=CARTESIAN_POINT('',(117.25198922,83.299291273,-3.128345426));
#2337=(BOUNDED_SURFACE()
B_SPLINE_SURFACE(3,3,((#2321,#2322,#2323,#2324),(#2325,#2326,#2327,#2328),(#2329,#2330,#2331,#2332),(#2333,#2334,#2335,#2336)),.UNSPECIFIED.,.F.,.F.,.U.)
B_SPLINE_SURFACE_WITH_KNOTS((4,4),(4,4),(0.,1.),(0.,1.),.UNSPECIFIED.)
GEOMETRIC_REPRESENTATION_ITEM()
RATIONAL_B_SPLINE_SURFACE(((1.,0.949253022,0.949253022,1.),(0.924673889,0.877749483,0.877749483,0.924673889),(0.924673889,0.877749483,0.877749483,0.924673889),(1.,0.949253022,0.949253022,1.)))
REPRESENTATION_ITEM('')
SURFACE()
);
#2338=ORIENTED_EDGE('',*,*,#682,.T.);
#2339=CARTESIAN_POINT('',(116.927525389,83.623755104,-2.473023791));
#2340=DIRECTION('',(0.707106781,0.707106781,-0.));
#2341=DIRECTION('',(0.,0.,1.));
#2342=AXIS2_PLACEMENT_3D('',#2339,#2340,#2341);
#2343=CIRCLE('',#2342,0.8);
#2344=EDGE_CURVE('',#411,#668,#2343,.T.);
#2345=ORIENTED_EDGE('',*,*,#2344,.F.);
#2346=ORIENTED_EDGE('',*,*,#1704,.F.);
#2347=ORIENTED_EDGE('',*,*,#2314,.T.);
#2348=EDGE_LOOP('',(#2338,#2345,#2346,#2347));
#2349=FACE_BOUND('',#2348,.T.);
#2350=ADVANCED_FACE('',(#2349),#2337,.T.);
#2351=CARTESIAN_POINT('',(117.493210814,83.058069679,-2.473023791));
#2352=CARTESIAN_POINT('',(118.6435849,84.208443764,-2.473023791));
#2353=CARTESIAN_POINT('',(117.493210814,83.058069679,-2.73935112));
#2354=CARTESIAN_POINT('',(118.6435849,84.208443764,-2.73935112));
#2355=CARTESIAN_POINT('',(117.406253457,83.145027036,-2.975586346));
#2356=CARTESIAN_POINT('',(118.556627542,84.295401122,-2.975586346));
#2357=CARTESIAN_POINT('',(117.25198922,83.299291273,-3.128345426));
#2358=CARTESIAN_POINT('',(118.402363305,84.449665359,-3.128345426));
#2359=(BOUNDED_SURFACE()
B_SPLINE_SURFACE(3,1,((#2351,#2352),(#2353,#2354),(#2355,#2356),(#2357,#2358)),.UNSPECIFIED.,.F.,.F.,.U.)
B_SPLINE_SURFACE_WITH_KNOTS((4,4),(2,2),(0.,1.),(0.,1.),.UNSPECIFIED.)
GEOMETRIC_REPRESENTATION_ITEM()
RATIONAL_B_SPLINE_SURFACE(((1.,1.),(0.924673889,0.924673889),(0.924673889,0.924673889),(1.,1.)))
REPRESENTATION_ITEM('')
SURFACE()
);
#2360=ORIENTED_EDGE('',*,*,#673,.T.);
#2361=CARTESIAN_POINT('',(118.077899475,84.774129189,-2.473023791));
#2362=DIRECTION('',(0.707106781,0.707106781,-0.));
#2363=DIRECTION('',(0.,0.,1.));
#2364=AXIS2_PLACEMENT_3D('',#2361,#2362,#2363);
#2365=CIRCLE('',#2364,0.8);
#2366=EDGE_CURVE('',#419,#657,#2365,.T.);
#2367=ORIENTED_EDGE('',*,*,#2366,.F.);
#2368=ORIENTED_EDGE('',*,*,#424,.F.);
#2369=ORIENTED_EDGE('',*,*,#2344,.T.);
#2370=EDGE_LOOP('',(#2360,#2367,#2368,#2369));
#2371=FACE_BOUND('',#2370,.T.);
#2372=ADVANCED_FACE('',(#2371),#2359,.T.);
#2373=CARTESIAN_POINT('',(118.6435849,84.208443764,-2.473023791));
#2374=CARTESIAN_POINT('',(118.757610578,84.322469442,-2.473023791));
#2375=CARTESIAN_POINT('',(118.906592307,84.384179695,-2.473023791));
#2376=CARTESIAN_POINT('',(119.067848968,84.384179695,-2.473023791));
#2377=CARTESIAN_POINT('',(118.6435849,84.208443764,-2.73935112));
#2378=CARTESIAN_POINT('',(118.757610578,84.322469442,-2.73935112));
#2379=CARTESIAN_POINT('',(118.906592307,84.384179695,-2.73935112));
#2380=CARTESIAN_POINT('',(119.067848968,84.384179695,-2.73935112));
#2381=CARTESIAN_POINT('',(118.556627542,84.295401122,-2.975586346));
#2382=CARTESIAN_POINT('',(118.694023976,84.432797556,-2.975586346));
#2383=CARTESIAN_POINT('',(118.873541068,84.50715597,-2.975586346));
#2384=CARTESIAN_POINT('',(119.067848968,84.50715597,-2.975586346));
#2385=CARTESIAN_POINT('',(118.402363305,84.449665359,-3.128345426));
#2386=CARTESIAN_POINT('',(118.581219965,84.628522019,-3.128345426));
#2387=CARTESIAN_POINT('',(118.814907454,84.725318546,-3.128345426));
#2388=CARTESIAN_POINT('',(119.067848968,84.725318546,-3.128345426));
#2389=(BOUNDED_SURFACE()
B_SPLINE_SURFACE(3,3,((#2373,#2374,#2375,#2376),(#2377,#2378,#2379,#2380),(#2381,#2382,#2383,#2384),(#2385,#2386,#2387,#2388)),.UNSPECIFIED.,.F.,.F.,.U.)
B_SPLINE_SURFACE_WITH_KNOTS((4,4),(4,4),(0.,1.),(0.,1.),.UNSPECIFIED.)
GEOMETRIC_REPRESENTATION_ITEM()
RATIONAL_B_SPLINE_SURFACE(((1.,0.949253022,0.949253022,1.),(0.924673889,0.877749483,0.877749483,0.924673889),(0.924673889,0.877749483,0.877749483,0.924673889),(1.,0.949253022,0.949253022,1.)))
REPRESENTATION_ITEM('')
SURFACE()
);
#2390=ORIENTED_EDGE('',*,*,#665,.T.);
#2391=ORIENTED_EDGE('',*,*,#2077,.F.);
#2392=ORIENTED_EDGE('',*,*,#1722,.F.);
#2393=ORIENTED_EDGE('',*,*,#2366,.T.);
#2394=EDGE_LOOP('',(#2390,#2391,#2392,#2393));
#2395=FACE_BOUND('',#2394,.T.);
#2396=ADVANCED_FACE('',(#2395),#2389,.T.);
#2397=CARTESIAN_POINT('',(106.473946473,84.384179695,-2.473023791));
#2398=CARTESIAN_POINT('',(108.903048752,84.384179695,-2.473023791));
#2399=CARTESIAN_POINT('',(106.473946473,84.384179695,-2.73935112));
#2400=CARTESIAN_POINT('',(108.903048752,84.384179695,-2.73935112));
#2401=CARTESIAN_POINT('',(106.473946473,84.50715597,-2.975586346));
#2402=CARTESIAN_POINT('',(108.903048752,84.50715597,-2.975586346));
#2403=CARTESIAN_POINT('',(106.473946473,84.725318546,-3.128345426));
#2404=CARTESIAN_POINT('',(108.903048752,84.725318546,-3.128345426));
#2405=(BOUNDED_SURFACE()
B_SPLINE_SURFACE(3,1,((#2397,#2398),(#2399,#2400),(#2401,#2402),(#2403,#2404)),.UNSPECIFIED.,.F.,.F.,.U.)
B_SPLINE_SURFACE_WITH_KNOTS((4,4),(2,2),(0.,1.),(0.,1.),.UNSPECIFIED.)
GEOMETRIC_REPRESENTATION_ITEM()
RATIONAL_B_SPLINE_SURFACE(((1.,1.),(0.924673889,0.924673889),(0.924673889,0.924673889),(1.,1.)))
REPRESENTATION_ITEM('')
SURFACE()
);
#2406=CARTESIAN_POINT('',(106.473946473,85.184179695,-2.473023791));
#2407=DIRECTION('',(1.,0.,-0.));
#2408=DIRECTION('',(0.,0.,1.));
#2409=AXIS2_PLACEMENT_3D('',#2406,#2407,#2408);
#2410=CIRCLE('',#2409,0.8);
#2411=EDGE_CURVE('',#33,#771,#2410,.T.);
#2412=ORIENTED_EDGE('',*,*,#2411,.T.);
#2413=ORIENTED_EDGE('',*,*,#876,.T.);
#2414=CARTESIAN_POINT('',(108.903048752,85.184179695,-2.473023791));
#2415=DIRECTION('',(1.,0.,-0.));
#2416=DIRECTION('',(0.,0.,1.));
#2417=AXIS2_PLACEMENT_3D('',#2414,#2415,#2416);
#2418=CIRCLE('',#2417,0.8);
#2419=EDGE_CURVE('',#35,#865,#2418,.T.);
#2420=ORIENTED_EDGE('',*,*,#2419,.F.);
#2421=ORIENTED_EDGE('',*,*,#40,.F.);
#2422=EDGE_LOOP('',(#2412,#2413,#2420,#2421));
#2423=FACE_BOUND('',#2422,.T.);
#2424=ADVANCED_FACE('',(#2423),#2405,.T.);
#2425=CARTESIAN_POINT('',(108.903048752,84.384179695,-2.473023791));
#2426=CARTESIAN_POINT('',(111.332151032,84.384179695,-2.473023791));
#2427=CARTESIAN_POINT('',(108.903048752,84.384179695,-2.73935112));
#2428=CARTESIAN_POINT('',(111.332151032,84.384179695,-2.73935112));
#2429=CARTESIAN_POINT('',(108.903048752,84.50715597,-2.975586346));
#2430=CARTESIAN_POINT('',(111.332151032,84.50715597,-2.975586346));
#2431=CARTESIAN_POINT('',(108.903048752,84.725318546,-3.128345426));
#2432=CARTESIAN_POINT('',(111.332151032,84.725318546,-3.128345426));
#2433=(BOUNDED_SURFACE()
B_SPLINE_SURFACE(3,1,((#2425,#2426),(#2427,#2428),(#2429,#2430),(#2431,#2432)),.UNSPECIFIED.,.F.,.F.,.U.)
B_SPLINE_SURFACE_WITH_KNOTS((4,4),(2,2),(0.,1.),(0.,1.),.UNSPECIFIED.)
GEOMETRIC_REPRESENTATION_ITEM()
RATIONAL_B_SPLINE_SURFACE(((1.,1.),(0.924673889,0.924673889),(0.924673889,0.924673889),(1.,1.)))
REPRESENTATION_ITEM('')
SURFACE()
);
#2434=ORIENTED_EDGE('',*,*,#870,.T.);
#2435=CARTESIAN_POINT('',(111.332151032,85.184179695,-2.473023791));
#2436=DIRECTION('',(1.,0.,-0.));
#2437=DIRECTION('',(0.,0.,1.));
#2438=AXIS2_PLACEMENT_3D('',#2435,#2436,#2437);
#2439=CIRCLE('',#2438,0.8);
#2440=EDGE_CURVE('',#43,#856,#2439,.T.);
#2441=ORIENTED_EDGE('',*,*,#2440,.F.);
#2442=ORIENTED_EDGE('',*,*,#48,.F.);
#2443=ORIENTED_EDGE('',*,*,#2419,.T.);
#2444=EDGE_LOOP('',(#2434,#2441,#2442,#2443));
#2445=FACE_BOUND('',#2444,.T.);
#2446=ADVANCED_FACE('',(#2445),#2433,.T.);
#2447=CARTESIAN_POINT('',(111.332151032,84.384179695,-2.473023791));
#2448=CARTESIAN_POINT('',(111.493407693,84.384179695,-2.473023791));
#2449=CARTESIAN_POINT('',(111.642389422,84.322469442,-2.473023791));
#2450=CARTESIAN_POINT('',(111.7564151,84.208443764,-2.473023791));
#2451=CARTESIAN_POINT('',(111.332151032,84.384179695,-2.73935112));
#2452=CARTESIAN_POINT('',(111.493407693,84.384179695,-2.73935112));
#2453=CARTESIAN_POINT('',(111.642389422,84.322469442,-2.73935112));
#2454=CARTESIAN_POINT('',(111.7564151,84.208443764,-2.73935112));
#2455=CARTESIAN_POINT('',(111.332151032,84.50715597,-2.975586346));
#2456=CARTESIAN_POINT('',(111.526458932,84.50715597,-2.975586346));
#2457=CARTESIAN_POINT('',(111.705976024,84.432797556,-2.975586346));
#2458=CARTESIAN_POINT('',(111.843372458,84.295401122,-2.975586346));
#2459=CARTESIAN_POINT('',(111.332151032,84.725318546,-3.128345426));
#2460=CARTESIAN_POINT('',(111.585092546,84.725318546,-3.128345426));
#2461=CARTESIAN_POINT('',(111.818780035,84.628522019,-3.128345426));
#2462=CARTESIAN_POINT('',(111.997636695,84.449665359,-3.128345426));
#2463=(BOUNDED_SURFACE()
B_SPLINE_SURFACE(3,3,((#2447,#2448,#2449,#2450),(#2451,#2452,#2453,#2454),(#2455,#2456,#2457,#2458),(#2459,#2460,#2461,#2462)),.UNSPECIFIED.,.F.,.F.,.U.)
B_SPLINE_SURFACE_WITH_KNOTS((4,4),(4,4),(0.,1.),(0.,1.),.UNSPECIFIED.)
GEOMETRIC_REPRESENTATION_ITEM()
RATIONAL_B_SPLINE_SURFACE(((1.,0.949253022,0.949253022,1.),(0.924673889,0.877749483,0.877749483,0.924673889),(0.924673889,0.877749483,0.877749483,0.924673889),(1.,0.949253022,0.949253022,1.)))
REPRESENTATION_ITEM('')
SURFACE()
);
#2464=ORIENTED_EDGE('',*,*,#862,.T.);
#2465=CARTESIAN_POINT('',(112.322100525,84.774129189,-2.473023791));
#2466=DIRECTION('',(0.707106781,-0.707106781,0.));
#2467=DIRECTION('',(-0.,0.,1.));
#2468=AXIS2_PLACEMENT_3D('',#2465,#2466,#2467);
#2469=CIRCLE('',#2468,0.8);
#2470=EDGE_CURVE('',#371,#848,#2469,.T.);
#2471=ORIENTED_EDGE('',*,*,#2470,.F.);
#2472=ORIENTED_EDGE('',*,*,#1542,.F.);
#2473=ORIENTED_EDGE('',*,*,#2440,.T.);
#2474=EDGE_LOOP('',(#2464,#2471,#2472,#2473));
#2475=FACE_BOUND('',#2474,.T.);
#2476=ADVANCED_FACE('',(#2475),#2463,.T.);
#2477=CARTESIAN_POINT('',(111.7564151,84.208443764,-2.473023791));
#2478=CARTESIAN_POINT('',(112.906789186,83.058069679,-2.473023791));
#2479=CARTESIAN_POINT('',(111.7564151,84.208443764,-2.73935112));
#2480=CARTESIAN_POINT('',(112.906789186,83.058069679,-2.73935112));
#2481=CARTESIAN_POINT('',(111.843372458,84.295401122,-2.975586346));
#2482=CARTESIAN_POINT('',(112.993746543,83.145027036,-2.975586346));
#2483=CARTESIAN_POINT('',(111.997636695,84.449665359,-3.128345426));
#2484=CARTESIAN_POINT('',(113.14801078,83.299291273,-3.128345426));
#2485=(BOUNDED_SURFACE()
B_SPLINE_SURFACE(3,1,((#2477,#2478),(#2479,#2480),(#2481,#2482),(#2483,#2484)),.UNSPECIFIED.,.F.,.F.,.U.)
B_SPLINE_SURFACE_WITH_KNOTS((4,4),(2,2),(0.,1.),(0.,1.),.UNSPECIFIED.)
GEOMETRIC_REPRESENTATION_ITEM()
RATIONAL_B_SPLINE_SURFACE(((1.,1.),(0.924673889,0.924673889),(0.924673889,0.924673889),(1.,1.)))
REPRESENTATION_ITEM('')
SURFACE()
);
#2486=ORIENTED_EDGE('',*,*,#853,.T.);
#2487=CARTESIAN_POINT('',(113.472474611,83.623755104,-2.473023791));
#2488=DIRECTION('',(0.707106781,-0.707106781,0.));
#2489=DIRECTION('',(-0.,0.,1.));
#2490=AXIS2_PLACEMENT_3D('',#2487,#2488,#2489);
#2491=CIRCLE('',#2490,0.8);
#2492=EDGE_CURVE('',#379,#839,#2491,.T.);
#2493=ORIENTED_EDGE('',*,*,#2492,.F.);
#2494=ORIENTED_EDGE('',*,*,#384,.F.);
#2495=ORIENTED_EDGE('',*,*,#2470,.T.);
#2496=EDGE_LOOP('',(#2486,#2493,#2494,#2495));
#2497=FACE_BOUND('',#2496,.T.);
#2498=ADVANCED_FACE('',(#2497),#2485,.T.);
#2499=CARTESIAN_POINT('',(112.906789186,83.058069679,-2.473023791));
#2500=CARTESIAN_POINT('',(113.020814864,82.944044,-2.473023791));
#2501=CARTESIAN_POINT('',(113.082525117,82.795062271,-2.473023791));
#2502=CARTESIAN_POINT('',(113.082525117,82.63380561,-2.473023791));
#2503=CARTESIAN_POINT('',(112.906789186,83.058069679,-2.73935112));
#2504=CARTESIAN_POINT('',(113.020814864,82.944044,-2.73935112));
#2505=CARTESIAN_POINT('',(113.082525117,82.795062271,-2.73935112));
#2506=CARTESIAN_POINT('',(113.082525117,82.63380561,-2.73935112));
#2507=CARTESIAN_POINT('',(112.993746543,83.145027036,-2.975586346));
#2508=CARTESIAN_POINT('',(113.131142977,83.007630602,-2.975586346));
#2509=CARTESIAN_POINT('',(113.205501392,82.82811351,-2.975586346));
#2510=CARTESIAN_POINT('',(113.205501392,82.63380561,-2.975586346));
#2511=CARTESIAN_POINT('',(113.14801078,83.299291273,-3.128345426));
#2512=CARTESIAN_POINT('',(113.326867441,83.120434613,-3.128345426));
#2513=CARTESIAN_POINT('',(113.423663968,82.886747125,-3.128345426));
#2514=CARTESIAN_POINT('',(113.423663968,82.63380561,-3.128345426));
#2515=(BOUNDED_SURFACE()
B_SPLINE_SURFACE(3,3,((#2499,#2500,#2501,#2502),(#2503,#2504,#2505,#2506),(#2507,#2508,#2509,#2510),(#2511,#2512,#2513,#2514)),.UNSPECIFIED.,.F.,.F.,.U.)
B_SPLINE_SURFACE_WITH_KNOTS((4,4),(4,4),(0.,1.),(0.,1.),.UNSPECIFIED.)
GEOMETRIC_REPRESENTATION_ITEM()
RATIONAL_B_SPLINE_SURFACE(((1.,0.949253022,0.949253022,1.),(0.924673889,0.877749483,0.877749483,0.924673889),(0.924673889,0.877749483,0.877749483,0.924673889),(1.,0.949253022,0.949253022,1.)))
REPRESENTATION_ITEM('')
SURFACE()
);
#2516=ORIENTED_EDGE('',*,*,#845,.T.);
#2517=CARTESIAN_POINT('',(113.882525117,82.63380561,-2.473023791));
#2518=DIRECTION('',(0.,-1.,0.));
#2519=DIRECTION('',(-0.,0.,1.));
#2520=AXIS2_PLACEMENT_3D('',#2517,#2518,#2519);
#2521=CIRCLE('',#2520,0.8);
#2522=EDGE_CURVE('',#171,#831,#2521,.T.);
#2523=ORIENTED_EDGE('',*,*,#2522,.F.);
#2524=ORIENTED_EDGE('',*,*,#1560,.F.);
#2525=ORIENTED_EDGE('',*,*,#2492,.T.);
#2526=EDGE_LOOP('',(#2516,#2523,#2524,#2525));
#2527=FACE_BOUND('',#2526,.T.);
#2528=ADVANCED_FACE('',(#2527),#2515,.T.);
#2529=CARTESIAN_POINT('',(113.082525117,82.63380561,-2.473023791));
#2530=CARTESIAN_POINT('',(113.082525117,81.67228715,-2.473023791));
#2531=CARTESIAN_POINT('',(113.082525117,82.63380561,-2.73935112));
#2532=CARTESIAN_POINT('',(113.082525117,81.67228715,-2.73935112));
#2533=CARTESIAN_POINT('',(113.205501392,82.63380561,-2.975586346));
#2534=CARTESIAN_POINT('',(113.205501392,81.67228715,-2.975586346));
#2535=CARTESIAN_POINT('',(113.423663968,82.63380561,-3.128345426));
#2536=CARTESIAN_POINT('',(113.423663968,81.67228715,-3.128345426));
#2537=(BOUNDED_SURFACE()
B_SPLINE_SURFACE(3,1,((#2529,#2530),(#2531,#2532),(#2533,#2534),(#2535,#2536)),.UNSPECIFIED.,.F.,.F.,.U.)
B_SPLINE_SURFACE_WITH_KNOTS((4,4),(2,2),(0.,1.),(0.,1.),.UNSPECIFIED.)
GEOMETRIC_REPRESENTATION_ITEM()
RATIONAL_B_SPLINE_SURFACE(((1.,1.),(0.924673889,0.924673889),(0.924673889,0.924673889),(1.,1.)))
REPRESENTATION_ITEM('')
SURFACE()
);
#2538=ORIENTED_EDGE('',*,*,#836,.T.);
#2539=CARTESIAN_POINT('',(113.882525117,81.67228715,-2.473023791));
#2540=DIRECTION('',(0.,-1.,0.));
#2541=DIRECTION('',(-0.,0.,1.));
#2542=AXIS2_PLACEMENT_3D('',#2539,#2540,#2541);
#2543=CIRCLE('',#2542,0.8);
#2544=EDGE_CURVE('',#179,#822,#2543,.T.);
#2545=ORIENTED_EDGE('',*,*,#2544,.F.);
#2546=ORIENTED_EDGE('',*,*,#184,.F.);
#2547=ORIENTED_EDGE('',*,*,#2522,.T.);
#2548=EDGE_LOOP('',(#2538,#2545,#2546,#2547));
#2549=FACE_BOUND('',#2548,.T.);
#2550=ADVANCED_FACE('',(#2549),#2537,.T.);
#2551=CARTESIAN_POINT('',(113.082525117,81.67228715,-2.473023791));
#2552=CARTESIAN_POINT('',(113.082525117,81.320815287,-2.473023791));
#2553=CARTESIAN_POINT('',(112.833996979,81.07228715,-2.473023791));
#2554=CARTESIAN_POINT('',(112.482525117,81.07228715,-2.473023791));
#2555=CARTESIAN_POINT('',(113.082525117,81.67228715,-2.73935112));
#2556=CARTESIAN_POINT('',(113.082525117,81.320815287,-2.73935112));
#2557=CARTESIAN_POINT('',(112.833996979,81.07228715,-2.73935112));
#2558=CARTESIAN_POINT('',(112.482525117,81.07228715,-2.73935112));
#2559=CARTESIAN_POINT('',(113.205501392,81.67228715,-2.975586346));
#2560=CARTESIAN_POINT('',(113.205501392,81.248777453,-2.975586346));
#2561=CARTESIAN_POINT('',(112.906034813,80.949310875,-2.975586346));
#2562=CARTESIAN_POINT('',(112.482525117,80.949310875,-2.975586346));
#2563=CARTESIAN_POINT('',(113.423663968,81.67228715,-3.128345426));
#2564=CARTESIAN_POINT('',(113.423663968,81.120980775,-3.128345426));
#2565=CARTESIAN_POINT('',(113.033831492,80.731148299,-3.128345426));
#2566=CARTESIAN_POINT('',(112.482525117,80.731148299,-3.128345426));
#2567=(BOUNDED_SURFACE()
B_SPLINE_SURFACE(3,3,((#2551,#2552,#2553,#2554),(#2555,#2556,#2557,#2558),(#2559,#2560,#2561,#2562),(#2563,#2564,#2565,#2566)),.UNSPECIFIED.,.F.,.F.,.U.)
B_SPLINE_SURFACE_WITH_KNOTS((4,4),(4,4),(0.,1.),(0.,1.),.UNSPECIFIED.)
GEOMETRIC_REPRESENTATION_ITEM()
RATIONAL_B_SPLINE_SURFACE(((1.,0.804737854,0.804737854,1.),(0.924673889,0.744120081,0.744120081,0.924673889),(0.924673889,0.744120081,0.744120081,0.924673889),(1.,0.804737854,0.804737854,1.)))
REPRESENTATION_ITEM('')
SURFACE()
);
#2568=ORIENTED_EDGE('',*,*,#828,.T.);
#2569=CARTESIAN_POINT('',(112.482525117,80.27228715,-2.473023791));
#2570=DIRECTION('',(-1.,0.,-0.));
#2571=DIRECTION('',(0.,0.,1.));
#2572=AXIS2_PLACEMENT_3D('',#2569,#2570,#2571);
#2573=CIRCLE('',#2572,0.8);
#2574=EDGE_CURVE('',#251,#814,#2573,.T.);
#2575=ORIENTED_EDGE('',*,*,#2574,.F.);
#2576=ORIENTED_EDGE('',*,*,#1578,.F.);
#2577=ORIENTED_EDGE('',*,*,#2544,.T.);
#2578=EDGE_LOOP('',(#2568,#2575,#2576,#2577));
#2579=FACE_BOUND('',#2578,.T.);
#2580=ADVANCED_FACE('',(#2579),#2567,.T.);
#2581=CARTESIAN_POINT('',(112.482525117,81.07228715,-2.473023791));
#2582=CARTESIAN_POINT('',(105.323572388,81.07228715,-2.473023791));
#2583=CARTESIAN_POINT('',(112.482525117,81.07228715,-2.73935112));
#2584=CARTESIAN_POINT('',(105.323572388,81.07228715,-2.73935112));
#2585=CARTESIAN_POINT('',(112.482525117,80.949310875,-2.975586346));
#2586=CARTESIAN_POINT('',(105.323572388,80.949310875,-2.975586346));
#2587=CARTESIAN_POINT('',(112.482525117,80.731148299,-3.128345426));
#2588=CARTESIAN_POINT('',(105.323572388,80.731148299,-3.128345426));
#2589=(BOUNDED_SURFACE()
B_SPLINE_SURFACE(3,1,((#2581,#2582),(#2583,#2584),(#2585,#2586),(#2587,#2588)),.UNSPECIFIED.,.F.,.F.,.U.)
B_SPLINE_SURFACE_WITH_KNOTS((4,4),(2,2),(0.,1.),(0.,1.),.UNSPECIFIED.)
GEOMETRIC_REPRESENTATION_ITEM()
RATIONAL_B_SPLINE_SURFACE(((1.,1.),(0.924673889,0.924673889),(0.924673889,0.924673889),(1.,1.)))
REPRESENTATION_ITEM('')
SURFACE()
);
#2590=ORIENTED_EDGE('',*,*,#819,.T.);
#2591=CARTESIAN_POINT('',(105.323572388,80.27228715,-2.473023791));
#2592=DIRECTION('',(-1.,0.,0.));
#2593=DIRECTION('',(0.,0.,1.));
#2594=AXIS2_PLACEMENT_3D('',#2591,#2592,#2593);
#2595=CIRCLE('',#2594,0.8);
#2596=EDGE_CURVE('',#259,#805,#2595,.T.);
#2597=ORIENTED_EDGE('',*,*,#2596,.F.);
#2598=ORIENTED_EDGE('',*,*,#264,.F.);
#2599=ORIENTED_EDGE('',*,*,#2574,.T.);
#2600=EDGE_LOOP('',(#2590,#2597,#2598,#2599));
#2601=FACE_BOUND('',#2600,.T.);
#2602=ADVANCED_FACE('',(#2601),#2589,.T.);
#2603=CARTESIAN_POINT('',(105.323572388,81.07228715,-2.473023791));
#2604=CARTESIAN_POINT('',(104.972100525,81.07228715,-2.473023791));
#2605=CARTESIAN_POINT('',(104.723572388,81.320815287,-2.473023791));
#2606=CARTESIAN_POINT('',(104.723572388,81.67228715,-2.473023791));
#2607=CARTESIAN_POINT('',(105.323572388,81.07228715,-2.73935112));
#2608=CARTESIAN_POINT('',(104.972100525,81.07228715,-2.73935112));
#2609=CARTESIAN_POINT('',(104.723572388,81.320815287,-2.73935112));
#2610=CARTESIAN_POINT('',(104.723572388,81.67228715,-2.73935112));
#2611=CARTESIAN_POINT('',(105.323572388,80.949310875,-2.975586346));
#2612=CARTESIAN_POINT('',(104.900062691,80.949310875,-2.975586346));
#2613=CARTESIAN_POINT('',(104.600596113,81.248777453,-2.975586346));
#2614=CARTESIAN_POINT('',(104.600596113,81.67228715,-2.975586346));
#2615=CARTESIAN_POINT('',(105.323572388,80.731148299,-3.128345426));
#2616=CARTESIAN_POINT('',(104.772266013,80.731148299,-3.128345426));
#2617=CARTESIAN_POINT('',(104.382433537,81.120980775,-3.128345426));
#2618=CARTESIAN_POINT('',(104.382433537,81.67228715,-3.128345426));
#2619=(BOUNDED_SURFACE()
B_SPLINE_SURFACE(3,3,((#2603,#2604,#2605,#2606),(#2607,#2608,#2609,#2610),(#2611,#2612,#2613,#2614),(#2615,#2616,#2617,#2618)),.UNSPECIFIED.,.F.,.F.,.U.)
B_SPLINE_SURFACE_WITH_KNOTS((4,4),(4,4),(0.,1.),(0.,1.),.UNSPECIFIED.)
GEOMETRIC_REPRESENTATION_ITEM()
RATIONAL_B_SPLINE_SURFACE(((1.,0.804737854,0.804737854,1.),(0.924673889,0.744120081,0.744120081,0.924673889),(0.924673889,0.744120081,0.744120081,0.924673889),(1.,0.804737854,0.804737854,1.)))
REPRESENTATION_ITEM('')
SURFACE()
);
#2620=ORIENTED_EDGE('',*,*,#811,.T.);
#2621=CARTESIAN_POINT('',(103.923572388,81.67228715,-2.473023791));
#2622=DIRECTION('',(0.,1.,-0.));
#2623=DIRECTION('',(0.,0.,1.));
#2624=AXIS2_PLACEMENT_3D('',#2621,#2622,#2623);
#2625=CIRCLE('',#2624,0.8);
#2626=EDGE_CURVE('',#619,#797,#2625,.T.);
#2627=ORIENTED_EDGE('',*,*,#2626,.F.);
#2628=ORIENTED_EDGE('',*,*,#1614,.F.);
#2629=ORIENTED_EDGE('',*,*,#2596,.T.);
#2630=EDGE_LOOP('',(#2620,#2627,#2628,#2629));
#2631=FACE_BOUND('',#2630,.T.);
#2632=ADVANCED_FACE('',(#2631),#2619,.T.);
#2633=CARTESIAN_POINT('',(104.723572388,81.67228715,-2.473023791));
#2634=CARTESIAN_POINT('',(104.723572388,82.63380561,-2.473023791));
#2635=CARTESIAN_POINT('',(104.723572388,81.67228715,-2.73935112));
#2636=CARTESIAN_POINT('',(104.723572388,82.63380561,-2.73935112));
#2637=CARTESIAN_POINT('',(104.600596113,81.67228715,-2.975586346));
#2638=CARTESIAN_POINT('',(104.600596113,82.63380561,-2.975586346));
#2639=CARTESIAN_POINT('',(104.382433537,81.67228715,-3.128345426));
#2640=CARTESIAN_POINT('',(104.382433537,82.63380561,-3.128345426));
#2641=(BOUNDED_SURFACE()
B_SPLINE_SURFACE(3,1,((#2633,#2634),(#2635,#2636),(#2637,#2638),(#2639,#2640)),.UNSPECIFIED.,.F.,.F.,.U.)
B_SPLINE_SURFACE_WITH_KNOTS((4,4),(2,2),(0.,1.),(0.,1.),.UNSPECIFIED.)
GEOMETRIC_REPRESENTATION_ITEM()
RATIONAL_B_SPLINE_SURFACE(((1.,1.),(0.924673889,0.924673889),(0.924673889,0.924673889),(1.,1.)))
REPRESENTATION_ITEM('')
SURFACE()
);
#2642=ORIENTED_EDGE('',*,*,#802,.T.);
#2643=CARTESIAN_POINT('',(103.923572388,82.63380561,-2.473023791));
#2644=DIRECTION('',(0.,1.,-0.));
#2645=DIRECTION('',(0.,0.,1.));
#2646=AXIS2_PLACEMENT_3D('',#2643,#2644,#2645);
#2647=CIRCLE('',#2646,0.8);
#2648=EDGE_CURVE('',#627,#788,#2647,.T.);
#2649=ORIENTED_EDGE('',*,*,#2648,.F.);
#2650=ORIENTED_EDGE('',*,*,#632,.F.);
#2651=ORIENTED_EDGE('',*,*,#2626,.T.);
#2652=EDGE_LOOP('',(#2642,#2649,#2650,#2651));
#2653=FACE_BOUND('',#2652,.T.);
#2654=ADVANCED_FACE('',(#2653),#2641,.T.);
#2655=CARTESIAN_POINT('',(104.723572388,82.63380561,-2.473023791));
#2656=CARTESIAN_POINT('',(104.723572388,82.795062271,-2.473023791));
#2657=CARTESIAN_POINT('',(104.785282641,82.944044,-2.473023791));
#2658=CARTESIAN_POINT('',(104.899308319,83.058069679,-2.473023791));
#2659=CARTESIAN_POINT('',(104.723572388,82.63380561,-2.73935112));
#2660=CARTESIAN_POINT('',(104.723572388,82.795062271,-2.73935112));
#2661=CARTESIAN_POINT('',(104.785282641,82.944044,-2.73935112));
#2662=CARTESIAN_POINT('',(104.899308319,83.058069679,-2.73935112));
#2663=CARTESIAN_POINT('',(104.600596113,82.63380561,-2.975586346));
#2664=CARTESIAN_POINT('',(104.600596113,82.82811351,-2.975586346));
#2665=CARTESIAN_POINT('',(104.674954527,83.007630602,-2.975586346));
#2666=CARTESIAN_POINT('',(104.812350961,83.145027036,-2.975586346));
#2667=CARTESIAN_POINT('',(104.382433537,82.63380561,-3.128345426));
#2668=CARTESIAN_POINT('',(104.382433537,82.886747125,-3.128345426));
#2669=CARTESIAN_POINT('',(104.479230064,83.120434613,-3.128345426));
#2670=CARTESIAN_POINT('',(104.658086724,83.299291273,-3.128345426));
#2671=(BOUNDED_SURFACE()
B_SPLINE_SURFACE(3,3,((#2655,#2656,#2657,#2658),(#2659,#2660,#2661,#2662),(#2663,#2664,#2665,#2666),(#2667,#2668,#2669,#2670)),.UNSPECIFIED.,.F.,.F.,.U.)
B_SPLINE_SURFACE_WITH_KNOTS((4,4),(4,4),(0.,1.),(0.,1.),.UNSPECIFIED.)
GEOMETRIC_REPRESENTATION_ITEM()
RATIONAL_B_SPLINE_SURFACE(((1.,0.949253022,0.949253022,1.),(0.924673889,0.877749483,0.877749483,0.924673889),(0.924673889,0.877749483,0.877749483,0.924673889),(1.,0.949253022,0.949253022,1.)))
REPRESENTATION_ITEM('')
SURFACE()
);
#2672=ORIENTED_EDGE('',*,*,#794,.T.);
#2673=CARTESIAN_POINT('',(104.333622894,83.623755104,-2.473023791));
#2674=DIRECTION('',(0.707106781,0.707106781,-0.));
#2675=DIRECTION('',(0.,0.,1.));
#2676=AXIS2_PLACEMENT_3D('',#2673,#2674,#2675);
#2677=CIRCLE('',#2676,0.8);
#2678=EDGE_CURVE('',#331,#780,#2677,.T.);
#2679=ORIENTED_EDGE('',*,*,#2678,.F.);
#2680=ORIENTED_EDGE('',*,*,#1596,.F.);
#2681=ORIENTED_EDGE('',*,*,#2648,.T.);
#2682=EDGE_LOOP('',(#2672,#2679,#2680,#2681));
#2683=FACE_BOUND('',#2682,.T.);
#2684=ADVANCED_FACE('',(#2683),#2671,.T.);
#2685=CARTESIAN_POINT('',(104.899308319,83.058069679,-2.473023791));
#2686=CARTESIAN_POINT('',(106.049682404,84.208443764,-2.473023791));
#2687=CARTESIAN_POINT('',(104.899308319,83.058069679,-2.73935112));
#2688=CARTESIAN_POINT('',(106.049682404,84.208443764,-2.73935112));
#2689=CARTESIAN_POINT('',(104.812350961,83.145027036,-2.975586346));
#2690=CARTESIAN_POINT('',(105.962725046,84.295401122,-2.975586346));
#2691=CARTESIAN_POINT('',(104.658086724,83.299291273,-3.128345426));
#2692=CARTESIAN_POINT('',(105.80846081,84.449665359,-3.128345426));
#2693=(BOUNDED_SURFACE()
B_SPLINE_SURFACE(3,1,((#2685,#2686),(#2687,#2688),(#2689,#2690),(#2691,#2692)),.UNSPECIFIED.,.F.,.F.,.U.)
B_SPLINE_SURFACE_WITH_KNOTS((4,4),(2,2),(0.,1.),(0.,1.),.UNSPECIFIED.)
GEOMETRIC_REPRESENTATION_ITEM()
RATIONAL_B_SPLINE_SURFACE(((1.,1.),(0.924673889,0.924673889),(0.924673889,0.924673889),(1.,1.)))
REPRESENTATION_ITEM('')
SURFACE()
);
#2694=ORIENTED_EDGE('',*,*,#785,.T.);
#2695=CARTESIAN_POINT('',(105.483996979,84.774129189,-2.473023791));
#2696=DIRECTION('',(0.707106781,0.707106781,-0.));
#2697=DIRECTION('',(0.,0.,1.));
#2698=AXIS2_PLACEMENT_3D('',#2695,#2696,#2697);
#2699=CIRCLE('',#2698,0.8);
#2700=EDGE_CURVE('',#339,#769,#2699,.T.);
#2701=ORIENTED_EDGE('',*,*,#2700,.F.);
#2702=ORIENTED_EDGE('',*,*,#344,.F.);
#2703=ORIENTED_EDGE('',*,*,#2678,.T.);
#2704=EDGE_LOOP('',(#2694,#2701,#2702,#2703));
#2705=FACE_BOUND('',#2704,.T.);
#2706=ADVANCED_FACE('',(#2705),#2693,.T.);
#2707=CARTESIAN_POINT('',(106.049682404,84.208443764,-2.473023791));
#2708=CARTESIAN_POINT('',(106.163708083,84.322469442,-2.473023791));
#2709=CARTESIAN_POINT('',(106.312689812,84.384179695,-2.473023791));
#2710=CARTESIAN_POINT('',(106.473946473,84.384179695,-2.473023791));
#2711=CARTESIAN_POINT('',(106.049682404,84.208443764,-2.73935112));
#2712=CARTESIAN_POINT('',(106.163708083,84.322469442,-2.73935112));
#2713=CARTESIAN_POINT('',(106.312689812,84.384179695,-2.73935112));
#2714=CARTESIAN_POINT('',(106.473946473,84.384179695,-2.73935112));
#2715=CARTESIAN_POINT('',(105.962725046,84.295401122,-2.975586346));
#2716=CARTESIAN_POINT('',(106.100121481,84.432797556,-2.975586346));
#2717=CARTESIAN_POINT('',(106.279638573,84.50715597,-2.975586346));
#2718=CARTESIAN_POINT('',(106.473946473,84.50715597,-2.975586346));
#2719=CARTESIAN_POINT('',(105.80846081,84.449665359,-3.128345426));
#2720=CARTESIAN_POINT('',(105.98731747,84.628522019,-3.128345426));
#2721=CARTESIAN_POINT('',(106.221004958,84.725318546,-3.128345426));
#2722=CARTESIAN_POINT('',(106.473946473,84.725318546,-3.128345426));
#2723=(BOUNDED_SURFACE()
B_SPLINE_SURFACE(3,3,((#2707,#2708,#2709,#2710),(#2711,#2712,#2713,#2714),(#2715,#2716,#2717,#2718),(#2719,#2720,#2721,#2722)),.UNSPECIFIED.,.F.,.F.,.U.)
B_SPLINE_SURFACE_WITH_KNOTS((4,4),(4,4),(0.,1.),(0.,1.),.UNSPECIFIED.)
GEOMETRIC_REPRESENTATION_ITEM()
RATIONAL_B_SPLINE_SURFACE(((1.,0.949253022,0.949253022,1.),(0.924673889,0.877749483,0.877749483,0.924673889),(0.924673889,0.877749483,0.877749483,0.924673889),(1.,0.949253022,0.949253022,1.)))
REPRESENTATION_ITEM('')
SURFACE()
);
#2724=ORIENTED_EDGE('',*,*,#777,.T.);
#2725=ORIENTED_EDGE('',*,*,#2411,.F.);
#2726=ORIENTED_EDGE('',*,*,#1524,.F.);
#2727=ORIENTED_EDGE('',*,*,#2700,.T.);
#2728=EDGE_LOOP('',(#2724,#2725,#2726,#2727));
#2729=FACE_BOUND('',#2728,.T.);
#2730=ADVANCED_FACE('',(#2729),#2723,.T.);
#2731=CLOSED_SHELL('',(#74,#122,#162,#202,#242,#282,#322,#362,#402,#442,#482,#530,#570,#610,#650,#1026,#1057,#1265,#1282,#1313,#1330,#1342,#1360,#1378,#1409,#1440,
#1458,#1476,#1494,#1512,#1530,#1548,#1566,#1584,#1602,#1620,#1638,#1656,#1674,#1692,#1710,#1728,#1756,#1778,#1808,#1830,#1860,#1882,#1912,#1934,#1964,
#1986,#2016,#2038,#2062,#2090,#2112,#2142,#2164,#2194,#2216,#2246,#2268,#2298,#2320,#2350,#2372,#2396,#2424,#2446,#2476,#2498,#2528,#2550,#2580,#2602,
#2632,#2654,#2684,#2706,#2730));
#2732=MANIFOLD_SOLID_BREP('Face sheet.013',#2731);
#26=STYLED_ITEM('',(),#2732);
#2734=CARTESIAN_POINT('',(88.75,45.881654572,-3.128345422));
#2735=DIRECTION('',(0.,0.,1.));
#2736=DIRECTION('',(-1.,0.,0.));
#2737=AXIS2_PLACEMENT_3D('',#2734,#2735,#2736);
#2738=PLANE('',#2737);
#2739=CARTESIAN_POINT('',(132.5,45.131654572,-3.128345422));
#2740=VERTEX_POINT('',#2739);
#2741=CARTESIAN_POINT('',(132.5,69.131654572,-3.128345422));
#2742=VERTEX_POINT('',#2741);
#2743=CARTESIAN_POINT('',(132.5,45.131654572,-3.128345422));
#2744=DIRECTION('',(0.,1.,-0.));
#2745=VECTOR('',#2744,24.);
#2746=LINE('',#2743,#2745);
#2747=EDGE_CURVE('',#2740,#2742,#2746,.T.);
#2748=ORIENTED_EDGE('',*,*,#2747,.F.);
#2749=CARTESIAN_POINT('',(129.5,42.131654572,-3.128345422));
#2750=VERTEX_POINT('',#2749);
#2751=CARTESIAN_POINT('',(129.5,45.131654572,-3.128345422));
#2752=DIRECTION('',(0.,0.,1.));
#2753=DIRECTION('',(-1.,0.,0.));
#2754=AXIS2_PLACEMENT_3D('',#2751,#2752,#2753);
#2755=CIRCLE('',#2754,3.);
#2756=EDGE_CURVE('',#2750,#2740,#2755,.T.);
#2757=ORIENTED_EDGE('',*,*,#2756,.F.);
#2758=CARTESIAN_POINT('',(70.5,42.131654572,-3.128345422));
#2759=VERTEX_POINT('',#2758);
#2760=CARTESIAN_POINT('',(70.5,42.131654572,-3.128345422));
#2761=DIRECTION('',(1.,-0.,-0.));
#2762=VECTOR('',#2761,59.);
#2763=LINE('',#2760,#2762);
#2764=EDGE_CURVE('',#2759,#2750,#2763,.T.);
#2765=ORIENTED_EDGE('',*,*,#2764,.F.);
#2766=CARTESIAN_POINT('',(67.5,45.131654572,-3.128345422));
#2767=VERTEX_POINT('',#2766);
#2768=CARTESIAN_POINT('',(70.5,45.131654572,-3.128345422));
#2769=DIRECTION('',(0.,0.,1.));
#2770=DIRECTION('',(-1.,0.,0.));
#2771=AXIS2_PLACEMENT_3D('',#2768,#2769,#2770);
#2772=CIRCLE('',#2771,3.);
#2773=EDGE_CURVE('',#2767,#2759,#2772,.T.);
#2774=ORIENTED_EDGE('',*,*,#2773,.F.);
#2775=CARTESIAN_POINT('',(67.5,69.131654572,-3.128345422));
#2776=VERTEX_POINT('',#2775);
#2777=CARTESIAN_POINT('',(67.5,69.131654572,-3.128345422));
#2778=DIRECTION('',(0.,-1.,0.));
#2779=VECTOR('',#2778,24.);
#2780=LINE('',#2777,#2779);
#2781=EDGE_CURVE('',#2776,#2767,#2780,.T.);
#2782=ORIENTED_EDGE('',*,*,#2781,.F.);
#2783=CARTESIAN_POINT('',(70.5,72.131654572,-3.128345422));
#2784=VERTEX_POINT('',#2783);
#2785=CARTESIAN_POINT('',(70.5,69.131654572,-3.128345422));
#2786=DIRECTION('',(0.,0.,1.));
#2787=DIRECTION('',(-1.,0.,0.));
#2788=AXIS2_PLACEMENT_3D('',#2785,#2786,#2787);
#2789=CIRCLE('',#2788,3.);
#2790=EDGE_CURVE('',#2784,#2776,#2789,.T.);
#2791=ORIENTED_EDGE('',*,*,#2790,.F.);
#2792=CARTESIAN_POINT('',(129.5,72.131654572,-3.128345422));
#2793=VERTEX_POINT('',#2792);
#2794=CARTESIAN_POINT('',(129.5,72.131654572,-3.128345422));
#2795=DIRECTION('',(-1.,0.,0.));
#2796=VECTOR('',#2795,59.);
#2797=LINE('',#2794,#2796);
#2798=EDGE_CURVE('',#2793,#2784,#2797,.T.);
#2799=ORIENTED_EDGE('',*,*,#2798,.F.);
#2800=CARTESIAN_POINT('',(129.5,69.131654572,-3.128345422));
#2801=DIRECTION('',(0.,0.,1.));
#2802=DIRECTION('',(-1.,0.,0.));
#2803=AXIS2_PLACEMENT_3D('',#2800,#2801,#2802);
#2804=CIRCLE('',#2803,3.);
#2805=EDGE_CURVE('',#2742,#2793,#2804,.T.);
#2806=ORIENTED_EDGE('',*,*,#2805,.F.);
#2807=EDGE_LOOP('',(#2748,#2757,#2765,#2774,#2782,#2791,#2799,#2806));
#2808=FACE_BOUND('',#2807,.T.);
#2809=CARTESIAN_POINT('',(112.641138851,67.131654572,-3.128345426));
#2810=VERTEX_POINT('',#2809);
#2811=CARTESIAN_POINT('',(110.,69.772793423,-3.128345426));
#2812=VERTEX_POINT('',#2811);
#2813=CARTESIAN_POINT('',(110.,67.131654572,-3.128345426));
#2814=DIRECTION('',(0.,0.,1.));
#2815=DIRECTION('',(1.,-0.,-0.));
#2816=AXIS2_PLACEMENT_3D('',#2813,#2814,#2815);
#2817=CIRCLE('',#2816,2.641138851);
#2818=EDGE_CURVE('',#2810,#2812,#2817,.T.);
#2819=ORIENTED_EDGE('',*,*,#2818,.T.);
#2820=CARTESIAN_POINT('',(100.,69.772793423,-3.128345426));
#2821=VERTEX_POINT('',#2820);
#2822=CARTESIAN_POINT('',(110.,69.772793423,-3.128345426));
#2823=DIRECTION('',(-1.,0.,0.));
#2824=VECTOR('',#2823,10.);
#2825=LINE('',#2822,#2824);
#2826=EDGE_CURVE('',#2812,#2821,#2825,.T.);
#2827=ORIENTED_EDGE('',*,*,#2826,.T.);
#2828=CARTESIAN_POINT('',(90.,69.772793423,-3.128345426));
#2829=VERTEX_POINT('',#2828);
#2830=CARTESIAN_POINT('',(100.,69.772793423,-3.128345426));
#2831=DIRECTION('',(-1.,0.,0.));
#2832=VECTOR('',#2831,10.);
#2833=LINE('',#2830,#2832);
#2834=EDGE_CURVE('',#2821,#2829,#2833,.T.);
#2835=ORIENTED_EDGE('',*,*,#2834,.T.);
#2836=CARTESIAN_POINT('',(87.358861149,67.131654572,-3.128345426));
#2837=VERTEX_POINT('',#2836);
#2838=CARTESIAN_POINT('',(90.,67.131654572,-3.128345426));
#2839=DIRECTION('',(0.,0.,1.));
#2840=DIRECTION('',(0.,1.,-0.));
#2841=AXIS2_PLACEMENT_3D('',#2838,#2839,#2840);
#2842=CIRCLE('',#2841,2.641138851);
#2843=EDGE_CURVE('',#2829,#2837,#2842,.T.);
#2844=ORIENTED_EDGE('',*,*,#2843,.T.);
#2845=CARTESIAN_POINT('',(87.358861149,47.131654572,-3.128345426));
#2846=VERTEX_POINT('',#2845);
#2847=CARTESIAN_POINT('',(87.358861149,67.131654572,-3.128345426));
#2848=DIRECTION('',(0.,-1.,0.));
#2849=VECTOR('',#2848,20.);
#2850=LINE('',#2847,#2849);
#2851=EDGE_CURVE('',#2837,#2846,#2850,.T.);
#2852=ORIENTED_EDGE('',*,*,#2851,.T.);
#2853=CARTESIAN_POINT('',(90.,44.490515721,-3.128345426));
#2854=VERTEX_POINT('',#2853);
#2855=CARTESIAN_POINT('',(90.,47.131654572,-3.128345426));
#2856=DIRECTION('',(0.,0.,1.));
#2857=DIRECTION('',(-1.,-0.,0.));
#2858=AXIS2_PLACEMENT_3D('',#2855,#2856,#2857);
#2859=CIRCLE('',#2858,2.641138851);
#2860=EDGE_CURVE('',#2846,#2854,#2859,.T.);
#2861=ORIENTED_EDGE('',*,*,#2860,.T.);
#2862=CARTESIAN_POINT('',(110.,44.490515721,-3.128345426));
#2863=VERTEX_POINT('',#2862);
#2864=CARTESIAN_POINT('',(90.,44.490515721,-3.128345426));
#2865=DIRECTION('',(1.,-0.,-0.));
#2866=VECTOR('',#2865,20.);
#2867=LINE('',#2864,#2866);
#2868=EDGE_CURVE('',#2854,#2863,#2867,.T.);
#2869=ORIENTED_EDGE('',*,*,#2868,.T.);
#2870=CARTESIAN_POINT('',(112.641138851,47.131654572,-3.128345426));
#2871=VERTEX_POINT('',#2870);
#2872=CARTESIAN_POINT('',(110.,47.131654572,-3.128345426));
#2873=DIRECTION('',(0.,0.,1.));
#2874=DIRECTION('',(-0.,-1.,0.));
#2875=AXIS2_PLACEMENT_3D('',#2872,#2873,#2874);
#2876=CIRCLE('',#2875,2.641138851);
#2877=EDGE_CURVE('',#2863,#2871,#2876,.T.);
#2878=ORIENTED_EDGE('',*,*,#2877,.T.);
#2879=CARTESIAN_POINT('',(112.641138851,47.131654572,-3.128345426));
#2880=DIRECTION('',(0.,1.,-0.));
#2881=VECTOR('',#2880,20.);
#2882=LINE('',#2879,#2881);
#2883=EDGE_CURVE('',#2871,#2810,#2882,.T.);
#2884=ORIENTED_EDGE('',*,*,#2883,.T.);
#2885=EDGE_LOOP('',(#2819,#2827,#2835,#2844,#2852,#2861,#2869,#2878,#2884));
#2886=FACE_BOUND('',#2885,.T.);
#2887=ADVANCED_FACE('',(#2808,#2886),#2738,.F.);
#2888=CARTESIAN_POINT('',(90.,67.131654572,-3.128345422));
#2889=DIRECTION('',(0.,0.,1.));
#2890=DIRECTION('',(-1.,0.,0.));
#2891=AXIS2_PLACEMENT_3D('',#2888,#2889,#2890);
#2892=CYLINDRICAL_SURFACE('',#2891,2.3);
#2893=CARTESIAN_POINT('',(90.,69.431654572,-2.473023791));
#2894=VERTEX_POINT('',#2893);
#2895=CARTESIAN_POINT('',(87.7,67.131654572,-2.473023791));
#2896=VERTEX_POINT('',#2895);
#2897=CARTESIAN_POINT('',(90.,67.131654572,-2.473023791));
#2898=DIRECTION('',(0.,0.,1.));
#2899=DIRECTION('',(-0.,1.,-0.));
#2900=AXIS2_PLACEMENT_3D('',#2897,#2898,#2899);
#2901=CIRCLE('',#2900,2.3);
#2902=EDGE_CURVE('',#2894,#2896,#2901,.T.);
#2903=ORIENTED_EDGE('',*,*,#2902,.F.);
#2904=CARTESIAN_POINT('',(90.,69.431654572,-2.328345422));
#2905=VERTEX_POINT('',#2904);
#2906=CARTESIAN_POINT('',(90.,69.431654572,-2.473023791));
#2907=DIRECTION('',(0.,0.,1.));
#2908=VECTOR('',#2907,0.144678369);
#2909=LINE('',#2906,#2908);
#2910=EDGE_CURVE('',#2894,#2905,#2909,.T.);
#2911=ORIENTED_EDGE('',*,*,#2910,.T.);
#2912=CARTESIAN_POINT('',(87.7,67.131654572,-2.328345422));
#2913=VERTEX_POINT('',#2912);
#2914=CARTESIAN_POINT('',(90.,67.131654572,-2.328345422));
#2915=DIRECTION('',(0.,0.,1.));
#2916=DIRECTION('',(-1.,0.,0.));
#2917=AXIS2_PLACEMENT_3D('',#2914,#2915,#2916);
#2918=CIRCLE('',#2917,2.3);
#2919=EDGE_CURVE('',#2905,#2913,#2918,.T.);
#2920=ORIENTED_EDGE('',*,*,#2919,.T.);
#2921=CARTESIAN_POINT('',(87.7,67.131654572,-2.473023791));
#2922=DIRECTION('',(-0.,0.,1.));
#2923=VECTOR('',#2922,0.144678369);
#2924=LINE('',#2921,#2923);
#2925=EDGE_CURVE('',#2896,#2913,#2924,.T.);
#2926=ORIENTED_EDGE('',*,*,#2925,.F.);
#2927=EDGE_LOOP('',(#2903,#2911,#2920,#2926));
#2928=FACE_BOUND('',#2927,.T.);
#2929=ADVANCED_FACE('',(#2928),#2892,.F.);
#2930=CARTESIAN_POINT('',(90.,47.131654572,-3.128345422));
#2931=DIRECTION('',(0.,0.,1.));
#2932=DIRECTION('',(-1.,0.,0.));
#2933=AXIS2_PLACEMENT_3D('',#2930,#2931,#2932);
#2934=CYLINDRICAL_SURFACE('',#2933,2.3);
#2935=CARTESIAN_POINT('',(87.7,47.131654572,-2.473023791));
#2936=VERTEX_POINT('',#2935);
#2937=CARTESIAN_POINT('',(90.,44.831654572,-2.473023791));
#2938=VERTEX_POINT('',#2937);
#2939=CARTESIAN_POINT('',(90.,47.131654572,-2.473023791));
#2940=DIRECTION('',(0.,0.,1.));
#2941=DIRECTION('',(-1.,-0.,0.));
#2942=AXIS2_PLACEMENT_3D('',#2939,#2940,#2941);
#2943=CIRCLE('',#2942,2.3);
#2944=EDGE_CURVE('',#2936,#2938,#2943,.T.);
#2945=ORIENTED_EDGE('',*,*,#2944,.F.);
#2946=CARTESIAN_POINT('',(87.7,47.131654572,-2.328345422));
#2947=VERTEX_POINT('',#2946);
#2948=CARTESIAN_POINT('',(87.7,47.131654572,-2.473023791));
#2949=DIRECTION('',(0.,0.,1.));
#2950=VECTOR('',#2949,0.144678369);
#2951=LINE('',#2948,#2950);
#2952=EDGE_CURVE('',#2936,#2947,#2951,.T.);
#2953=ORIENTED_EDGE('',*,*,#2952,.T.);
#2954=CARTESIAN_POINT('',(90.,44.831654572,-2.328345422));
#2955=VERTEX_POINT('',#2954);
#2956=CARTESIAN_POINT('',(90.,47.131654572,-2.328345422));
#2957=DIRECTION('',(0.,0.,1.));
#2958=DIRECTION('',(-1.,0.,0.));
#2959=AXIS2_PLACEMENT_3D('',#2956,#2957,#2958);
#2960=CIRCLE('',#2959,2.3);
#2961=EDGE_CURVE('',#2947,#2955,#2960,.T.);
#2962=ORIENTED_EDGE('',*,*,#2961,.T.);
#2963=CARTESIAN_POINT('',(90.,44.831654572,-2.473023791));
#2964=DIRECTION('',(-0.,0.,1.));
#2965=VECTOR('',#2964,0.144678369);
#2966=LINE('',#2963,#2965);
#2967=EDGE_CURVE('',#2938,#2955,#2966,.T.);
#2968=ORIENTED_EDGE('',*,*,#2967,.F.);
#2969=EDGE_LOOP('',(#2945,#2953,#2962,#2968));
#2970=FACE_BOUND('',#2969,.T.);
#2971=ADVANCED_FACE('',(#2970),#2934,.F.);
#2972=CARTESIAN_POINT('',(110.,47.131654572,-3.128345422));
#2973=DIRECTION('',(0.,0.,1.));
#2974=DIRECTION('',(-1.,0.,0.));
#2975=AXIS2_PLACEMENT_3D('',#2972,#2973,#2974);
#2976=CYLINDRICAL_SURFACE('',#2975,2.3);
#2977=CARTESIAN_POINT('',(110.,44.831654572,-2.473023791));
#2978=VERTEX_POINT('',#2977);
#2979=CARTESIAN_POINT('',(112.3,47.131654572,-2.473023791));
#2980=VERTEX_POINT('',#2979);
#2981=CARTESIAN_POINT('',(110.,47.131654572,-2.473023791));
#2982=DIRECTION('',(0.,0.,1.));
#2983=DIRECTION('',(-0.,-1.,0.));
#2984=AXIS2_PLACEMENT_3D('',#2981,#2982,#2983);
#2985=CIRCLE('',#2984,2.3);
#2986=EDGE_CURVE('',#2978,#2980,#2985,.T.);
#2987=ORIENTED_EDGE('',*,*,#2986,.F.);
#2988=CARTESIAN_POINT('',(110.,44.831654572,-2.328345422));
#2989=VERTEX_POINT('',#2988);
#2990=CARTESIAN_POINT('',(110.,44.831654572,-2.473023791));
#2991=DIRECTION('',(0.,0.,1.));
#2992=VECTOR('',#2991,0.144678369);
#2993=LINE('',#2990,#2992);
#2994=EDGE_CURVE('',#2978,#2989,#2993,.T.);
#2995=ORIENTED_EDGE('',*,*,#2994,.T.);
#2996=CARTESIAN_POINT('',(112.3,47.131654572,-2.328345422));
#2997=VERTEX_POINT('',#2996);
#2998=CARTESIAN_POINT('',(110.,47.131654572,-2.328345422));
#2999=DIRECTION('',(0.,0.,1.));
#3000=DIRECTION('',(-1.,0.,0.));
#3001=AXIS2_PLACEMENT_3D('',#2998,#2999,#3000);
#3002=CIRCLE('',#3001,2.3);
#3003=EDGE_CURVE('',#2989,#2997,#3002,.T.);
#3004=ORIENTED_EDGE('',*,*,#3003,.T.);
#3005=CARTESIAN_POINT('',(112.3,47.131654572,-2.473023791));
#3006=DIRECTION('',(0.,0.,1.));
#3007=VECTOR('',#3006,0.144678369);
#3008=LINE('',#3005,#3007);
#3009=EDGE_CURVE('',#2980,#2997,#3008,.T.);
#3010=ORIENTED_EDGE('',*,*,#3009,.F.);
#3011=EDGE_LOOP('',(#2987,#2995,#3004,#3010));
#3012=FACE_BOUND('',#3011,.T.);
#3013=ADVANCED_FACE('',(#3012),#2976,.F.);
#3014=CARTESIAN_POINT('',(110.,67.131654572,-3.128345422));
#3015=DIRECTION('',(0.,0.,1.));
#3016=DIRECTION('',(-1.,0.,0.));
#3017=AXIS2_PLACEMENT_3D('',#3014,#3015,#3016);
#3018=CYLINDRICAL_SURFACE('',#3017,2.3);
#3019=CARTESIAN_POINT('',(112.3,67.131654572,-2.473023791));
#3020=VERTEX_POINT('',#3019);
#3021=CARTESIAN_POINT('',(110.,69.431654572,-2.473023791));
#3022=VERTEX_POINT('',#3021);
#3023=CARTESIAN_POINT('',(110.,67.131654572,-2.473023791));
#3024=DIRECTION('',(0.,0.,1.));
#3025=DIRECTION('',(1.,0.,-0.));
#3026=AXIS2_PLACEMENT_3D('',#3023,#3024,#3025);
#3027=CIRCLE('',#3026,2.3);
#3028=EDGE_CURVE('',#3020,#3022,#3027,.T.);
#3029=ORIENTED_EDGE('',*,*,#3028,.F.);
#3030=CARTESIAN_POINT('',(112.3,67.131654572,-2.328345422));
#3031=VERTEX_POINT('',#3030);
#3032=CARTESIAN_POINT('',(112.3,67.131654572,-2.473023791));
#3033=DIRECTION('',(0.,0.,1.));
#3034=VECTOR('',#3033,0.144678369);
#3035=LINE('',#3032,#3034);
#3036=EDGE_CURVE('',#3020,#3031,#3035,.T.);
#3037=ORIENTED_EDGE('',*,*,#3036,.T.);
#3038=CARTESIAN_POINT('',(110.,69.431654572,-2.328345422));
#3039=VERTEX_POINT('',#3038);
#3040=CARTESIAN_POINT('',(110.,67.131654572,-2.328345422));
#3041=DIRECTION('',(0.,0.,1.));
#3042=DIRECTION('',(-1.,0.,0.));
#3043=AXIS2_PLACEMENT_3D('',#3040,#3041,#3042);
#3044=CIRCLE('',#3043,2.3);
#3045=EDGE_CURVE('',#3031,#3039,#3044,.T.);
#3046=ORIENTED_EDGE('',*,*,#3045,.T.);
#3047=CARTESIAN_POINT('',(110.,69.431654572,-2.473023791));
#3048=DIRECTION('',(0.,0.,1.));
#3049=VECTOR('',#3048,0.144678369);
#3050=LINE('',#3047,#3049);
#3051=EDGE_CURVE('',#3022,#3039,#3050,.T.);
#3052=ORIENTED_EDGE('',*,*,#3051,.F.);
#3053=EDGE_LOOP('',(#3029,#3037,#3046,#3052));
#3054=FACE_BOUND('',#3053,.T.);
#3055=ADVANCED_FACE('',(#3054),#3018,.F.);
#3056=CARTESIAN_POINT('',(95.,69.431654572,-3.128345422));
#3057=DIRECTION('',(0.,1.,-0.));
#3058=DIRECTION('',(0.,0.,1.));
#3059=AXIS2_PLACEMENT_3D('',#3056,#3057,#3058);
#3060=PLANE('',#3059);
#3061=CARTESIAN_POINT('',(100.,69.431654572,-2.473023791));
#3062=VERTEX_POINT('',#3061);
#3063=CARTESIAN_POINT('',(110.,69.431654572,-2.473023791));
#3064=DIRECTION('',(-1.,0.,0.));
#3065=VECTOR('',#3064,10.);
#3066=LINE('',#3063,#3065);
#3067=EDGE_CURVE('',#3022,#3062,#3066,.T.);
#3068=ORIENTED_EDGE('',*,*,#3067,.F.);
#3069=ORIENTED_EDGE('',*,*,#3051,.T.);
#3070=CARTESIAN_POINT('',(110.,69.431654572,-2.328345422));
#3071=DIRECTION('',(-1.,0.,0.));
#3072=VECTOR('',#3071,20.);
#3073=LINE('',#3070,#3072);
#3074=EDGE_CURVE('',#3039,#2905,#3073,.T.);
#3075=ORIENTED_EDGE('',*,*,#3074,.T.);
#3076=ORIENTED_EDGE('',*,*,#2910,.F.);
#3077=CARTESIAN_POINT('',(100.,69.431654572,-2.473023791));
#3078=DIRECTION('',(-1.,0.,0.));
#3079=VECTOR('',#3078,10.);
#3080=LINE('',#3077,#3079);
#3081=EDGE_CURVE('',#3062,#2894,#3080,.T.);
#3082=ORIENTED_EDGE('',*,*,#3081,.F.);
#3083=EDGE_LOOP('',(#3068,#3069,#3075,#3076,#3082));
#3084=FACE_BOUND('',#3083,.T.);
#3085=ADVANCED_FACE('',(#3084),#3060,.F.);
#3086=CARTESIAN_POINT('',(87.7,57.131654572,-3.128345422));
#3087=DIRECTION('',(-1.,0.,0.));
#3088=DIRECTION('',(0.,-0.,-1.));
#3089=AXIS2_PLACEMENT_3D('',#3086,#3087,#3088);
#3090=PLANE('',#3089);
#3091=CARTESIAN_POINT('',(87.7,67.131654572,-2.473023791));
#3092=DIRECTION('',(0.,-1.,0.));
#3093=VECTOR('',#3092,20.);
#3094=LINE('',#3091,#3093);
#3095=EDGE_CURVE('',#2896,#2936,#3094,.T.);
#3096=ORIENTED_EDGE('',*,*,#3095,.F.);
#3097=ORIENTED_EDGE('',*,*,#2925,.T.);
#3098=CARTESIAN_POINT('',(87.7,67.131654572,-2.328345422));
#3099=DIRECTION('',(0.,-1.,0.));
#3100=VECTOR('',#3099,20.);
#3101=LINE('',#3098,#3100);
#3102=EDGE_CURVE('',#2913,#2947,#3101,.T.);
#3103=ORIENTED_EDGE('',*,*,#3102,.T.);
#3104=ORIENTED_EDGE('',*,*,#2952,.F.);
#3105=EDGE_LOOP('',(#3096,#3097,#3103,#3104));
#3106=FACE_BOUND('',#3105,.T.);
#3107=ADVANCED_FACE('',(#3106),#3090,.F.);
#3108=CARTESIAN_POINT('',(100.,44.831654572,-3.128345422));
#3109=DIRECTION('',(0.,-1.,0.));
#3110=DIRECTION('',(0.,-0.,-1.));
#3111=AXIS2_PLACEMENT_3D('',#3108,#3109,#3110);
#3112=PLANE('',#3111);
#3113=CARTESIAN_POINT('',(90.,44.831654572,-2.473023791));
#3114=DIRECTION('',(1.,-0.,-0.));
#3115=VECTOR('',#3114,20.);
#3116=LINE('',#3113,#3115);
#3117=EDGE_CURVE('',#2938,#2978,#3116,.T.);
#3118=ORIENTED_EDGE('',*,*,#3117,.F.);
#3119=ORIENTED_EDGE('',*,*,#2967,.T.);
#3120=CARTESIAN_POINT('',(90.,44.831654572,-2.328345422));
#3121=DIRECTION('',(1.,-0.,-0.));
#3122=VECTOR('',#3121,20.);
#3123=LINE('',#3120,#3122);
#3124=EDGE_CURVE('',#2955,#2989,#3123,.T.);
#3125=ORIENTED_EDGE('',*,*,#3124,.T.);
#3126=ORIENTED_EDGE('',*,*,#2994,.F.);
#3127=EDGE_LOOP('',(#3118,#3119,#3125,#3126));
#3128=FACE_BOUND('',#3127,.T.);
#3129=ADVANCED_FACE('',(#3128),#3112,.F.);
#3130=CARTESIAN_POINT('',(112.3,57.131654572,-3.128345422));
#3131=DIRECTION('',(1.,0.,0.));
#3132=DIRECTION('',(0.,0.,1.));
#3133=AXIS2_PLACEMENT_3D('',#3130,#3131,#3132);
#3134=PLANE('',#3133);
#3135=CARTESIAN_POINT('',(112.3,47.131654572,-2.473023791));
#3136=DIRECTION('',(0.,1.,-0.));
#3137=VECTOR('',#3136,20.);
#3138=LINE('',#3135,#3137);
#3139=EDGE_CURVE('',#2980,#3020,#3138,.T.);
#3140=ORIENTED_EDGE('',*,*,#3139,.F.);
#3141=ORIENTED_EDGE('',*,*,#3009,.T.);
#3142=CARTESIAN_POINT('',(112.3,47.131654572,-2.328345422));
#3143=DIRECTION('',(0.,1.,-0.));
#3144=VECTOR('',#3143,20.);
#3145=LINE('',#3142,#3144);
#3146=EDGE_CURVE('',#2997,#3031,#3145,.T.);
#3147=ORIENTED_EDGE('',*,*,#3146,.T.);
#3148=ORIENTED_EDGE('',*,*,#3036,.F.);
#3149=EDGE_LOOP('',(#3140,#3141,#3147,#3148));
#3150=FACE_BOUND('',#3149,.T.);
#3151=ADVANCED_FACE('',(#3150),#3134,.F.);
#3152=CARTESIAN_POINT('',(74.000000717,43.731654572,-1.178345422));
#3153=DIRECTION('',(0.,1.,-0.));
#3154=DIRECTION('',(0.,0.,1.));
#3155=AXIS2_PLACEMENT_3D('',#3152,#3153,#3154);
#3156=PLANE('',#3155);
#3157=CARTESIAN_POINT('',(89.166595674,43.731654665,-2.328345392));
#3158=VERTEX_POINT('',#3157);
#3159=CARTESIAN_POINT('',(89.166655139,43.731654572,0.021654578));
#3160=VERTEX_POINT('',#3159);
#3161=CARTESIAN_POINT('',(89.16665514,43.731654572,-2.328345363));
#3162=CARTESIAN_POINT('',(89.166655141,43.731654572,-1.545012049));
#3163=CARTESIAN_POINT('',(89.166655138,43.731654572,-0.761678735));
#3164=CARTESIAN_POINT('',(89.166655139,43.731654572,0.021654578));
#3165=B_SPLINE_CURVE_WITH_KNOTS('',3,(#3161,#3162,#3163,#3164),.UNSPECIFIED.,.F.,.F.,(4,4),(0.,0.00235),.UNSPECIFIED.);
#3166=EDGE_CURVE('',#3158,#3160,#3165,.T.);
#3167=ORIENTED_EDGE('',*,*,#3166,.F.);
#3168=CARTESIAN_POINT('',(74.000000717,43.731654572,-2.328345422));
#3169=VERTEX_POINT('',#3168);
#3170=CARTESIAN_POINT('',(74.000000717,43.731654572,-2.328345422));
#3171=DIRECTION('',(1.,-0.,-0.));
#3172=VECTOR('',#3171,15.166536245);
#3173=LINE('',#3170,#3172);
#3174=EDGE_CURVE('',#3169,#3158,#3173,.T.);
#3175=ORIENTED_EDGE('',*,*,#3174,.F.);
#3176=CARTESIAN_POINT('',(74.000000717,43.731654572,0.021654578));
#3177=VERTEX_POINT('',#3176);
#3178=CARTESIAN_POINT('',(74.000000717,43.731654572,-2.328345422));
#3179=DIRECTION('',(0.,0.,1.));
#3180=VECTOR('',#3179,2.35);
#3181=LINE('',#3178,#3180);
#3182=EDGE_CURVE('',#3169,#3177,#3181,.T.);
#3183=ORIENTED_EDGE('',*,*,#3182,.T.);
#3184=CARTESIAN_POINT('',(74.000000717,43.731654572,0.021654578));
#3185=DIRECTION('',(1.,0.,-0.));
#3186=VECTOR('',#3185,15.166654422);
#3187=LINE('',#3184,#3186);
#3188=EDGE_CURVE('',#3177,#3160,#3187,.T.);
#3189=ORIENTED_EDGE('',*,*,#3188,.T.);
#3190=EDGE_LOOP('',(#3167,#3175,#3183,#3189));
#3191=FACE_BOUND('',#3190,.T.);
#3192=ADVANCED_FACE('',(#3191),#3156,.T.);
#3193=CARTESIAN_POINT('',(74.000000717,42.531654572,-1.178345422));
#3194=DIRECTION('',(0.,-0.707106781,-0.707106781));
#3195=DIRECTION('',(0.,0.707106781,-0.707106781));
#3196=AXIS2_PLACEMENT_3D('',#3193,#3194,#3195);
#3197=PLANE('',#3196);
#3198=CARTESIAN_POINT('',(126.025024749,42.931654572,-1.578345422));
#3199=VERTEX_POINT('',#3198);
#3200=CARTESIAN_POINT('',(100.012512733,42.131654572,-0.778345422));
#3201=VERTEX_POINT('',#3200);
#3202=CARTESIAN_POINT('',(100.012512733,465.438392937,-424.085083787));
#3203=DIRECTION('',(0.,-0.707106781,-0.707106781));
#3204=DIRECTION('',(0.,-0.707106781,0.707106781));
#3205=AXIS2_PLACEMENT_3D('',#3202,#3203,#3204);
#3206=ELLIPSE('',#3205,598.646130439,423.306738365);
#3207=EDGE_CURVE('',#3199,#3201,#3206,.T.);
#3208=ORIENTED_EDGE('',*,*,#3207,.T.);
#3209=CARTESIAN_POINT('',(74.000000717,42.931654572,-1.578345422));
#3210=VERTEX_POINT('',#3209);
#3211=CARTESIAN_POINT('',(100.012512733,465.438392937,-424.085083787));
#3212=DIRECTION('',(0.,-0.707106781,-0.707106781));
#3213=DIRECTION('',(0.,-0.707106781,0.707106781));
#3214=AXIS2_PLACEMENT_3D('',#3211,#3212,#3213);
#3215=ELLIPSE('',#3214,598.646130439,423.306738365);
#3216=EDGE_CURVE('',#3201,#3210,#3215,.T.);
#3217=ORIENTED_EDGE('',*,*,#3216,.T.);
#3218=CARTESIAN_POINT('',(74.000000717,42.931654572,-1.578345422));
#3219=DIRECTION('',(1.,0.,-0.));
#3220=VECTOR('',#3219,52.025024032);
#3221=LINE('',#3218,#3220);
#3222=EDGE_CURVE('',#3210,#3199,#3221,.T.);
#3223=ORIENTED_EDGE('',*,*,#3222,.T.);
#3224=EDGE_LOOP('',(#3208,#3217,#3223));
#3225=FACE_BOUND('',#3224,.T.);
#3226=ADVANCED_FACE('',(#3225),#3197,.T.);
#3227=CARTESIAN_POINT('',(74.000000717,42.931654572,0.021654578));
#3228=DIRECTION('',(0.,0.,1.));
#3229=DIRECTION('',(-1.,0.,0.));
#3230=AXIS2_PLACEMENT_3D('',#3227,#3228,#3229);
#3231=PLANE('',#3230);
#3232=CARTESIAN_POINT('',(110.,43.631654571,0.021654578));
#3233=VERTEX_POINT('',#3232);
#3234=CARTESIAN_POINT('',(110.832974813,43.731654572,0.021654578));
#3235=VERTEX_POINT('',#3234);
#3236=CARTESIAN_POINT('',(110.,43.631654571,0.021654578));
#3237=CARTESIAN_POINT('',(110.281659993,43.631654571,0.021654578));
#3238=CARTESIAN_POINT('',(110.559390907,43.664382804,0.021654578));
#3239=CARTESIAN_POINT('',(110.832974813,43.731654572,0.021654578));
#3240=B_SPLINE_CURVE_WITH_KNOTS('',3,(#3236,#3237,#3238,#3239),.UNSPECIFIED.,.F.,.F.,(4,4),(0.,0.000838956),.UNSPECIFIED.);
#3241=EDGE_CURVE('',#3233,#3235,#3240,.T.);
#3242=ORIENTED_EDGE('',*,*,#3241,.F.);
#3243=CARTESIAN_POINT('',(90.,43.631654571,0.021654578));
#3244=VERTEX_POINT('',#3243);
#3245=CARTESIAN_POINT('',(90.,43.631654571,0.021654578));
#3246=DIRECTION('',(1.,0.,-0.));
#3247=VECTOR('',#3246,20.);
#3248=LINE('',#3245,#3247);
#3249=EDGE_CURVE('',#3244,#3233,#3248,.T.);
#3250=ORIENTED_EDGE('',*,*,#3249,.F.);
#3251=CARTESIAN_POINT('',(89.166655139,43.731654572,0.021654578));
#3252=CARTESIAN_POINT('',(89.44035861,43.664336186,0.021654578));
#3253=CARTESIAN_POINT('',(89.718218435,43.631654571,0.021654578));
#3254=CARTESIAN_POINT('',(90.,43.631654571,0.021654578));
#3255=B_SPLINE_CURVE_WITH_KNOTS('',3,(#3251,#3252,#3253,#3254),.UNSPECIFIED.,.F.,.F.,(4,4),(0.,0.000839323),.UNSPECIFIED.);
#3256=EDGE_CURVE('',#3160,#3244,#3255,.T.);
#3257=ORIENTED_EDGE('',*,*,#3256,.F.);
#3258=ORIENTED_EDGE('',*,*,#3188,.F.);
#3259=CARTESIAN_POINT('',(74.000000717,42.931654572,0.021654578));
#3260=VERTEX_POINT('',#3259);
#3261=CARTESIAN_POINT('',(74.000000717,43.731654572,0.021654578));
#3262=DIRECTION('',(0.,-1.,0.));
#3263=VECTOR('',#3262,0.8);
#3264=LINE('',#3261,#3263);
#3265=EDGE_CURVE('',#3177,#3260,#3264,.T.);
#3266=ORIENTED_EDGE('',*,*,#3265,.T.);
#3267=CARTESIAN_POINT('',(100.012512733,42.131654572,0.021654578));
#3268=VERTEX_POINT('',#3267);
#3269=CARTESIAN_POINT('',(100.012512733,465.438392937,0.021654578));
#3270=DIRECTION('',(0.,0.,1.));
#3271=DIRECTION('',(-1.,0.,0.));
#3272=AXIS2_PLACEMENT_3D('',#3269,#3270,#3271);
#3273=CIRCLE('',#3272,423.306738365);
#3274=EDGE_CURVE('',#3260,#3268,#3273,.T.);
#3275=ORIENTED_EDGE('',*,*,#3274,.T.);
#3276=CARTESIAN_POINT('',(126.025024749,42.931654572,0.021654578));
#3277=VERTEX_POINT('',#3276);
#3278=CARTESIAN_POINT('',(100.012512733,465.438392937,0.021654578));
#3279=DIRECTION('',(0.,0.,1.));
#3280=DIRECTION('',(-1.,0.,0.));
#3281=AXIS2_PLACEMENT_3D('',#3278,#3279,#3280);
#3282=CIRCLE('',#3281,423.306738365);
#3283=EDGE_CURVE('',#3268,#3277,#3282,.T.);
#3284=ORIENTED_EDGE('',*,*,#3283,.T.);
#3285=CARTESIAN_POINT('',(126.025024749,43.731654572,0.021654578));
#3286=VERTEX_POINT('',#3285);
#3287=CARTESIAN_POINT('',(126.025024749,43.731654572,0.021654578));
#3288=DIRECTION('',(0.,-1.,0.));
#3289=VECTOR('',#3288,0.8);
#3290=LINE('',#3287,#3289);
#3291=EDGE_CURVE('',#3286,#3277,#3290,.T.);
#3292=ORIENTED_EDGE('',*,*,#3291,.F.);
#3293=CARTESIAN_POINT('',(110.832974813,43.731654572,0.021654578));
#3294=DIRECTION('',(1.,0.,-0.));
#3295=VECTOR('',#3294,15.192049936);
#3296=LINE('',#3293,#3295);
#3297=EDGE_CURVE('',#3235,#3286,#3296,.T.);
#3298=ORIENTED_EDGE('',*,*,#3297,.F.);
#3299=EDGE_LOOP('',(#3242,#3250,#3257,#3258,#3266,#3275,#3284,#3292,#3298));
#3300=FACE_BOUND('',#3299,.T.);
#3301=ADVANCED_FACE('',(#3300),#3231,.T.);
#3302=CARTESIAN_POINT('',(74.000000717,41.531654572,-0.653345422));
#3303=DIRECTION('',(-1.,0.,0.));
#3304=DIRECTION('',(0.,-0.,-1.));
#3305=AXIS2_PLACEMENT_3D('',#3302,#3303,#3304);
#3306=PLANE('',#3305);
#3307=CARTESIAN_POINT('',(74.000000717,42.931654572,-2.328345422));
#3308=VERTEX_POINT('',#3307);
#3309=CARTESIAN_POINT('',(74.000000717,42.931654572,-2.328345422));
#3310=DIRECTION('',(0.,1.,-0.));
#3311=VECTOR('',#3310,0.8);
#3312=LINE('',#3309,#3311);
#3313=EDGE_CURVE('',#3308,#3169,#3312,.T.);
#3314=ORIENTED_EDGE('',*,*,#3313,.F.);
#3315=CARTESIAN_POINT('',(74.000000717,42.931654572,-1.578345422));
#3316=DIRECTION('',(0.,-0.,-1.));
#3317=VECTOR('',#3316,0.75);
#3318=LINE('',#3315,#3317);
#3319=EDGE_CURVE('',#3210,#3308,#3318,.T.);
#3320=ORIENTED_EDGE('',*,*,#3319,.F.);
#3321=CARTESIAN_POINT('',(74.000000717,42.931654572,-1.578345422));
#3322=DIRECTION('',(0.,0.,1.));
#3323=VECTOR('',#3322,1.6);
#3324=LINE('',#3321,#3323);
#3325=EDGE_CURVE('',#3210,#3260,#3324,.T.);
#3326=ORIENTED_EDGE('',*,*,#3325,.T.);
#3327=ORIENTED_EDGE('',*,*,#3265,.F.);
#3328=ORIENTED_EDGE('',*,*,#3182,.F.);
#3329=EDGE_LOOP('',(#3314,#3320,#3326,#3327,#3328));
#3330=FACE_BOUND('',#3329,.T.);
#3331=ADVANCED_FACE('',(#3330),#3306,.T.);
#3332=CARTESIAN_POINT('',(126.025024749,41.531654572,-0.653345422));
#3333=DIRECTION('',(-1.,0.,0.));
#3334=DIRECTION('',(0.,-0.,-1.));
#3335=AXIS2_PLACEMENT_3D('',#3332,#3333,#3334);
#3336=PLANE('',#3335);
#3337=CARTESIAN_POINT('',(126.025024749,42.931654572,-2.328345422));
#3338=VERTEX_POINT('',#3337);
#3339=CARTESIAN_POINT('',(126.025024749,42.931654572,-1.578345422));
#3340=DIRECTION('',(0.,-0.,-1.));
#3341=VECTOR('',#3340,0.75);
#3342=LINE('',#3339,#3341);
#3343=EDGE_CURVE('',#3199,#3338,#3342,.T.);
#3344=ORIENTED_EDGE('',*,*,#3343,.T.);
#3345=CARTESIAN_POINT('',(126.025024749,43.731654572,-2.328345422));
#3346=VERTEX_POINT('',#3345);
#3347=CARTESIAN_POINT('',(126.025024749,42.931654572,-2.328345422));
#3348=DIRECTION('',(0.,1.,-0.));
#3349=VECTOR('',#3348,0.8);
#3350=LINE('',#3347,#3349);
#3351=EDGE_CURVE('',#3338,#3346,#3350,.T.);
#3352=ORIENTED_EDGE('',*,*,#3351,.T.);
#3353=CARTESIAN_POINT('',(126.025024749,43.731654572,-2.328345422));
#3354=DIRECTION('',(0.,0.,1.));
#3355=VECTOR('',#3354,2.35);
#3356=LINE('',#3353,#3355);
#3357=EDGE_CURVE('',#3346,#3286,#3356,.T.);
#3358=ORIENTED_EDGE('',*,*,#3357,.T.);
#3359=ORIENTED_EDGE('',*,*,#3291,.T.);
#3360=CARTESIAN_POINT('',(126.025024749,42.931654572,-1.578345422));
#3361=DIRECTION('',(0.,0.,1.));
#3362=VECTOR('',#3361,1.6);
#3363=LINE('',#3360,#3362);
#3364=EDGE_CURVE('',#3199,#3277,#3363,.T.);
#3365=ORIENTED_EDGE('',*,*,#3364,.F.);
#3366=EDGE_LOOP('',(#3344,#3352,#3358,#3359,#3365));
#3367=FACE_BOUND('',#3366,.T.);
#3368=ADVANCED_FACE('',(#3367),#3336,.F.);
#3369=CARTESIAN_POINT('',(74.000000717,42.931654572,-1.978345422));
#3370=DIRECTION('',(0.,-1.,0.));
#3371=DIRECTION('',(0.,-0.,-1.));
#3372=AXIS2_PLACEMENT_3D('',#3369,#3370,#3371);
#3373=PLANE('',#3372);
#3374=CARTESIAN_POINT('',(126.025024749,42.931654572,-2.328345422));
#3375=DIRECTION('',(-1.,0.,0.));
#3376=VECTOR('',#3375,52.025024032);
#3377=LINE('',#3374,#3376);
#3378=EDGE_CURVE('',#3338,#3308,#3377,.T.);
#3379=ORIENTED_EDGE('',*,*,#3378,.F.);
#3380=ORIENTED_EDGE('',*,*,#3343,.F.);
#3381=ORIENTED_EDGE('',*,*,#3222,.F.);
#3382=ORIENTED_EDGE('',*,*,#3319,.T.);
#3383=EDGE_LOOP('',(#3379,#3380,#3381,#3382));
#3384=FACE_BOUND('',#3383,.T.);
#3385=ADVANCED_FACE('',(#3384),#3373,.T.);
#3386=CARTESIAN_POINT('',(74.000000717,43.731654572,-1.178345422));
#3387=DIRECTION('',(0.,1.,-0.));
#3388=DIRECTION('',(0.,0.,1.));
#3389=AXIS2_PLACEMENT_3D('',#3386,#3387,#3388);
#3390=PLANE('',#3389);
#3391=CARTESIAN_POINT('',(110.832886292,43.731654674,-2.328345392));
#3392=VERTEX_POINT('',#3391);
#3393=CARTESIAN_POINT('',(110.832974813,43.731654572,0.021654578));
#3394=CARTESIAN_POINT('',(110.832974814,43.731654572,-0.761678735));
#3395=CARTESIAN_POINT('',(110.832974815,43.731654572,-1.545012049));
#3396=CARTESIAN_POINT('',(110.832974815,43.731654572,-2.328345363));
#3397=B_SPLINE_CURVE_WITH_KNOTS('',3,(#3393,#3394,#3395,#3396),.UNSPECIFIED.,.F.,.F.,(4,4),(0.,0.00235),.UNSPECIFIED.);
#3398=EDGE_CURVE('',#3235,#3392,#3397,.T.);
#3399=ORIENTED_EDGE('',*,*,#3398,.F.);
#3400=ORIENTED_EDGE('',*,*,#3297,.T.);
#3401=ORIENTED_EDGE('',*,*,#3357,.F.);
#3402=CARTESIAN_POINT('',(110.832796932,43.731654572,-2.328345422));
#3403=DIRECTION('',(1.,-0.,-0.));
#3404=VECTOR('',#3403,15.192227817);
#3405=LINE('',#3402,#3404);
#3406=EDGE_CURVE('',#3392,#3346,#3405,.T.);
#3407=ORIENTED_EDGE('',*,*,#3406,.F.);
#3408=EDGE_LOOP('',(#3399,#3400,#3401,#3407));
#3409=FACE_BOUND('',#3408,.T.);
#3410=ADVANCED_FACE('',(#3409),#3390,.T.);
#3411=CARTESIAN_POINT('',(100.012512733,465.438392937,-1677.285496397));
#3412=DIRECTION('',(0.,0.,1.));
#3413=DIRECTION('',(-1.,0.,0.));
#3414=AXIS2_PLACEMENT_3D('',#3411,#3412,#3413);
#3415=CYLINDRICAL_SURFACE('',#3414,423.306738365);
#3416=CARTESIAN_POINT('',(100.012512733,42.131654572,-0.778345422));
#3417=DIRECTION('',(0.,0.,1.));
#3418=VECTOR('',#3417,0.8);
#3419=LINE('',#3416,#3418);
#3420=EDGE_CURVE('',#3201,#3268,#3419,.T.);
#3421=ORIENTED_EDGE('',*,*,#3420,.F.);
#3422=ORIENTED_EDGE('',*,*,#3207,.F.);
#3423=ORIENTED_EDGE('',*,*,#3364,.T.);
#3424=ORIENTED_EDGE('',*,*,#3283,.F.);
#3425=EDGE_LOOP('',(#3421,#3422,#3423,#3424));
#3426=FACE_BOUND('',#3425,.T.);
#3427=ADVANCED_FACE('',(#3426),#3415,.T.);
#3428=CARTESIAN_POINT('',(100.012512733,465.438392937,-1677.285496397));
#3429=DIRECTION('',(0.,0.,1.));
#3430=DIRECTION('',(-1.,0.,0.));
#3431=AXIS2_PLACEMENT_3D('',#3428,#3429,#3430);
#3432=CYLINDRICAL_SURFACE('',#3431,423.306738365);
#3433=ORIENTED_EDGE('',*,*,#3216,.F.);
#3434=ORIENTED_EDGE('',*,*,#3420,.T.);
#3435=ORIENTED_EDGE('',*,*,#3274,.F.);
#3436=ORIENTED_EDGE('',*,*,#3325,.F.);
#3437=EDGE_LOOP('',(#3433,#3434,#3435,#3436));
#3438=FACE_BOUND('',#3437,.T.);
#3439=ADVANCED_FACE('',(#3438),#3432,.T.);
#3440=CARTESIAN_POINT('',(112.7,157.131654571,-2.328345393));
#3441=DIRECTION('',(1.,0.,0.));
#3442=DIRECTION('',(0.,0.,1.));
#3443=AXIS2_PLACEMENT_3D('',#3440,#3441,#3442);
#3444=PLANE('',#3443);
#3445=CARTESIAN_POINT('',(112.7,47.131654571,-2.328345422));
#3446=VERTEX_POINT('',#3445);
#3447=CARTESIAN_POINT('',(112.7,47.131653724,3.871654584));
#3448=VERTEX_POINT('',#3447);
#3449=CARTESIAN_POINT('',(112.7,47.131654571,-2.328345364));
#3450=CARTESIAN_POINT('',(112.7,47.131654572,3.871654584));
#3451=B_SPLINE_CURVE_WITH_KNOTS('',1,(#3449,#3450),.UNSPECIFIED.,.F.,.F.,(2,2),(0.,1.042016803),.UNSPECIFIED.);
#3452=EDGE_CURVE('',#3446,#3448,#3451,.T.);
#3453=ORIENTED_EDGE('',*,*,#3452,.T.);
#3454=CARTESIAN_POINT('',(112.7,67.131654572,3.871654579));
#3455=VERTEX_POINT('',#3454);
#3456=CARTESIAN_POINT('',(112.7,47.131653724,3.871654584));
#3457=DIRECTION('',(0.,1.,-0.));
#3458=VECTOR('',#3457,20.000000848);
#3459=LINE('',#3456,#3458);
#3460=EDGE_CURVE('',#3448,#3455,#3459,.T.);
#3461=ORIENTED_EDGE('',*,*,#3460,.T.);
#3462=CARTESIAN_POINT('',(112.7,67.131654571,-2.328345369));
#3463=VERTEX_POINT('',#3462);
#3464=CARTESIAN_POINT('',(112.7,67.131654571,-2.328345369));
#3465=CARTESIAN_POINT('',(112.7,67.131654572,3.871654579));
#3466=B_SPLINE_CURVE_WITH_KNOTS('',1,(#3464,#3465),.UNSPECIFIED.,.F.,.F.,(2,2),(-0.042016803,1.),.UNSPECIFIED.);
#3467=EDGE_CURVE('',#3463,#3455,#3466,.T.);
#3468=ORIENTED_EDGE('',*,*,#3467,.F.);
#3469=CARTESIAN_POINT('',(112.7,47.131654571,-2.328345422));
#3470=DIRECTION('',(-0.,1.,-0.));
#3471=VECTOR('',#3470,20.);
#3472=LINE('',#3469,#3471);
#3473=EDGE_CURVE('',#3446,#3463,#3472,.T.);
#3474=ORIENTED_EDGE('',*,*,#3473,.F.);
#3475=EDGE_LOOP('',(#3453,#3461,#3468,#3474));
#3476=FACE_BOUND('',#3475,.T.);
#3477=ADVANCED_FACE('',(#3476),#3444,.F.);
#3478=CARTESIAN_POINT('',(112.7,67.131654571,-2.328345369));
#3479=CARTESIAN_POINT('',(112.7,67.131654572,3.6216546));
#3480=CARTESIAN_POINT('',(112.7,67.131654572,3.871654579));
#3481=CARTESIAN_POINT('',(112.7,67.131654573,4.514154595));
#3482=CARTESIAN_POINT('',(112.7,67.131654573,5.471654585));
#3483=CARTESIAN_POINT('',(112.7,67.668327864,-2.328345369));
#3484=CARTESIAN_POINT('',(112.7,67.668327865,3.621654599));
#3485=CARTESIAN_POINT('',(112.7,67.668327865,3.871654579));
#3486=CARTESIAN_POINT('',(112.7,67.668327866,4.514154595));
#3487=CARTESIAN_POINT('',(112.7,67.668327866,5.471654585));
#3488=CARTESIAN_POINT('',(112.494474738,68.164899838,-2.328345369));
#3489=CARTESIAN_POINT('',(112.494474738,68.16489984,3.621654599));
#3490=CARTESIAN_POINT('',(112.494474738,68.16489984,3.871654579));
#3491=CARTESIAN_POINT('',(112.494474738,68.16489984,4.514154595));
#3492=CARTESIAN_POINT('',(112.494474738,68.16489984,5.471654585));
#3493=CARTESIAN_POINT('',(112.28937414,68.660445776,-2.328345369));
#3494=CARTESIAN_POINT('',(112.28937414,68.660445778,3.621654599));
#3495=CARTESIAN_POINT('',(112.28937414,68.660445778,3.871654578));
#3496=CARTESIAN_POINT('',(112.28937414,68.660445778,4.514154594));
#3497=CARTESIAN_POINT('',(112.28937414,68.660445778,5.471654585));
#3498=CARTESIAN_POINT('',(111.909188309,69.04084288,-2.328345369));
#3499=CARTESIAN_POINT('',(111.909188309,69.040842881,3.621654599));
#3500=CARTESIAN_POINT('',(111.909188309,69.040842882,3.871654578));
#3501=CARTESIAN_POINT('',(111.909188309,69.040842882,4.514154594));
#3502=CARTESIAN_POINT('',(111.909188309,69.040842882,5.471654584));
#3503=CARTESIAN_POINT('',(111.530062844,69.420179029,-2.32834537));
#3504=CARTESIAN_POINT('',(111.530062844,69.42017903,3.621654599));
#3505=CARTESIAN_POINT('',(111.530062844,69.42017903,3.871654578));
#3506=CARTESIAN_POINT('',(111.530062844,69.420179031,4.514154594));
#3507=CARTESIAN_POINT('',(111.530062844,69.420179031,5.471654584));
#3508=CARTESIAN_POINT('',(111.033245267,69.626129308,-2.32834537));
#3509=CARTESIAN_POINT('',(111.033245267,69.62612931,3.621654599));
#3510=CARTESIAN_POINT('',(111.033245267,69.62612931,3.871654578));
#3511=CARTESIAN_POINT('',(111.033245267,69.62612931,4.514154594));
#3512=CARTESIAN_POINT('',(111.033245267,69.626129311,5.471654584));
#3513=CARTESIAN_POINT('',(110.537452968,69.831654571,-2.32834537));
#3514=CARTESIAN_POINT('',(110.537452968,69.831654572,3.621654599));
#3515=CARTESIAN_POINT('',(110.537452968,69.831654572,3.871654578));
#3516=CARTESIAN_POINT('',(110.537452968,69.831654573,4.514154594));
#3517=CARTESIAN_POINT('',(110.537452968,69.831654573,5.471654584));
#3518=CARTESIAN_POINT('',(110.,69.831654571,-2.32834537));
#3519=CARTESIAN_POINT('',(110.,69.831654572,3.621654599));
#3520=CARTESIAN_POINT('',(110.,69.831654572,3.871654578));
#3521=CARTESIAN_POINT('',(110.,69.831654573,4.514154594));
#3522=CARTESIAN_POINT('',(110.,69.831654573,5.471654584));
#3523=B_SPLINE_SURFACE_WITH_KNOTS('',2,1,((#3478,#3479,#3480,#3481,#3482),(#3483,#3484,#3485,#3486,#3487),(#3488,#3489,#3490,#3491,#3492),(#3493,#3494,#3495,#3496,#3497),(#3498,#3499,#3500,#3501,#3502),(#3503,#3504,#3505,#3506,#3507),(#3508,#3509,#3510,#3511,#3512),(#3513,#3514,#3515,#3516,#3517),(#3518,#3519,#3520,#3521,#3522)),.UNSPECIFIED.,.F.,.F.,.U.,(3,2,2,2,3),(2,1,1,1,2),(0.,0.25,0.5,0.75,1.),(0.,1.,1.042016803,1.15,1.310924369),.UNSPECIFIED.);
#3524=CARTESIAN_POINT('',(112.699986086,67.145443433,5.471651873));
#3525=VERTEX_POINT('',#3524);
#3526=CARTESIAN_POINT('',(110.013789122,69.83163801,5.47165188));
#3527=VERTEX_POINT('',#3526);
#3528=CARTESIAN_POINT('',(112.699966065,67.145440069,5.471654585));
#3529=CARTESIAN_POINT('',(112.69909471,67.32234171,5.471654585));
#3530=CARTESIAN_POINT('',(112.68144119,67.496423456,5.471654585));
#3531=CARTESIAN_POINT('',(112.646743634,67.667641307,5.471654585));
#3532=CARTESIAN_POINT('',(112.612046078,67.838859158,5.471654585));
#3533=CARTESIAN_POINT('',(112.5596168,68.008656833,5.471654585));
#3534=CARTESIAN_POINT('',(112.491754252,68.1714493,5.471654585));
#3535=CARTESIAN_POINT('',(112.423891704,68.334241767,5.471654585));
#3536=CARTESIAN_POINT('',(112.34021527,68.490844723,5.471654585));
#3537=CARTESIAN_POINT('',(112.241892735,68.637196023,5.471654585));
#3538=CARTESIAN_POINT('',(112.1435702,68.783547322,5.471654585));
#3539=CARTESIAN_POINT('',(112.031977843,68.918109386,5.471654585));
#3540=CARTESIAN_POINT('',(111.908192417,69.041838826,5.471654584));
#3541=CARTESIAN_POINT('',(111.78440699,69.165568266,5.471654584));
#3542=CARTESIAN_POINT('',(111.646690774,69.27920636,5.471654584));
#3543=CARTESIAN_POINT('',(111.501037174,69.376567006,5.471654584));
#3544=CARTESIAN_POINT('',(111.355383574,69.473927652,5.471654584));
#3545=CARTESIAN_POINT('',(111.201245949,69.55605411,5.471654584));
#3546=CARTESIAN_POINT('',(111.039052099,69.623714554,5.471654584));
#3547=CARTESIAN_POINT('',(110.957955174,69.657544776,5.471654584));
#3548=CARTESIAN_POINT('',(110.874403584,69.687851939,5.471654584));
#3549=CARTESIAN_POINT('',(110.790330963,69.713724472,5.471654584));
#3550=CARTESIAN_POINT('',(110.706258342,69.739597005,5.471654584));
#3551=CARTESIAN_POINT('',(110.621442725,69.761175569,5.471654584));
#3552=CARTESIAN_POINT('',(110.535890424,69.778496655,5.471654584));
#3553=CARTESIAN_POINT('',(110.364785822,69.813138826,5.471654584));
#3554=CARTESIAN_POINT('',(110.190734574,69.830751588,5.471654584));
#3555=CARTESIAN_POINT('',(110.013786133,69.831620732,5.471654584));
#3556=B_SPLINE_CURVE_WITH_KNOTS('',3,(#3528,#3529,#3530,#3531,#3532,#3533,#3534,#3535,#3536,#3537,#3538,#3539,#3540,#3541,#3542,#3543,#3544,#3545,#3546,#3547,#3548,#3549,#3550,#3551,#3552,#3553,
#3554,#3555),.UNSPECIFIED.,.F.,.F.,(4,3,3,3,3,3,3,3,3,4),(0.007051864,0.007583008,0.008114152,0.008645296,0.00917644,0.009707584,0.010238729,0.010504301,0.010769873,0.011301017),.UNSPECIFIED.);
#3557=EDGE_CURVE('',#3525,#3527,#3556,.T.);
#3558=ORIENTED_EDGE('',*,*,#3557,.T.);
#3559=CARTESIAN_POINT('',(110.000000736,69.831654572,3.871654578));
#3560=VERTEX_POINT('',#3559);
#3561=CARTESIAN_POINT('',(110.013667386,69.831621312,3.871687844));
#3562=CARTESIAN_POINT('',(110.013667387,69.831621312,4.40501009));
#3563=CARTESIAN_POINT('',(110.013667388,69.831621313,4.938332337));
#3564=CARTESIAN_POINT('',(110.013667389,69.831621313,5.471654584));
#3565=B_SPLINE_CURVE_WITH_KNOTS('',3,(#3561,#3562,#3563,#3564),.UNSPECIFIED.,.F.,.F.,(4,4),(0.,0.001599967),.UNSPECIFIED.);
#3566=EDGE_CURVE('',#3560,#3527,#3565,.T.);
#3567=ORIENTED_EDGE('',*,*,#3566,.F.);
#3568=CARTESIAN_POINT('',(110.,69.831654571,-2.32834537));
#3569=VERTEX_POINT('',#3568);
#3570=CARTESIAN_POINT('',(110.,69.831654571,-2.32834537));
#3571=DIRECTION('',(0.,0.,1.));
#3572=VECTOR('',#3571,6.199999948);
#3573=LINE('',#3570,#3572);
#3574=EDGE_CURVE('',#3569,#3560,#3573,.T.);
#3575=ORIENTED_EDGE('',*,*,#3574,.F.);
#3576=CARTESIAN_POINT('',(112.7,67.131654571,-2.328345422));
#3577=CARTESIAN_POINT('',(112.7,67.668005666,-2.328345422));
#3578=CARTESIAN_POINT('',(112.494474738,68.164899838,-2.328345422));
#3579=CARTESIAN_POINT('',(112.289724101,68.659921213,-2.328345422));
#3580=CARTESIAN_POINT('',(111.909188309,69.04084288,-2.328345422));
#3581=CARTESIAN_POINT('',(111.530586694,69.419828409,-2.328345422));
#3582=CARTESIAN_POINT('',(111.033245267,69.626129308,-2.328345422));
#3583=CARTESIAN_POINT('',(110.537773715,69.831654571,-2.328345422));
#3584=CARTESIAN_POINT('',(110.,69.831654571,-2.328345422));
#3585=B_SPLINE_CURVE_WITH_KNOTS('',2,(#3576,#3577,#3578,#3579,#3580,#3581,#3582,#3583,#3584),.UNSPECIFIED.,.F.,.F.,(3,2,2,2,3),(0.,0.25,0.5,0.75,1.),.UNSPECIFIED.);
#3586=EDGE_CURVE('',#3463,#3569,#3585,.T.);
#3587=ORIENTED_EDGE('',*,*,#3586,.F.);
#3588=ORIENTED_EDGE('',*,*,#3467,.T.);
#3589=CARTESIAN_POINT('',(112.699966647,67.145321364,3.871687939));
#3590=CARTESIAN_POINT('',(112.699966647,67.145321365,4.405010154));
#3591=CARTESIAN_POINT('',(112.699966647,67.145321366,4.93833237));
#3592=CARTESIAN_POINT('',(112.699966647,67.145321367,5.471654585));
#3593=B_SPLINE_CURVE_WITH_KNOTS('',3,(#3589,#3590,#3591,#3592),.UNSPECIFIED.,.F.,.F.,(4,4),(0.,0.001599967),.UNSPECIFIED.);
#3594=EDGE_CURVE('',#3455,#3525,#3593,.T.);
#3595=ORIENTED_EDGE('',*,*,#3594,.T.);
#3596=EDGE_LOOP('',(#3558,#3567,#3575,#3587,#3588,#3595));
#3597=FACE_BOUND('',#3596,.T.);
#3598=ADVANCED_FACE('',(#3597),#3523,.F.);
#3599=CARTESIAN_POINT('',(133.1,69.831654571,-2.32834537));
#3600=DIRECTION('',(0.,1.,-0.));
#3601=DIRECTION('',(0.,0.,1.));
#3602=AXIS2_PLACEMENT_3D('',#3599,#3600,#3601);
#3603=PLANE('',#3602);
#3604=ORIENTED_EDGE('',*,*,#3574,.T.);
#3605=CARTESIAN_POINT('',(100.,69.831654572,3.871654578));
#3606=VERTEX_POINT('',#3605);
#3607=CARTESIAN_POINT('',(110.000000736,69.831654572,3.871654578));
#3608=DIRECTION('',(-1.,0.,0.));
#3609=VECTOR('',#3608,10.000000736);
#3610=LINE('',#3607,#3609);
#3611=EDGE_CURVE('',#3560,#3606,#3610,.T.);
#3612=ORIENTED_EDGE('',*,*,#3611,.T.);
#3613=CARTESIAN_POINT('',(100.,69.831654571,-2.32834537));
#3614=VERTEX_POINT('',#3613);
#3615=CARTESIAN_POINT('',(100.,69.831654571,-2.32834537));
#3616=DIRECTION('',(0.,0.,1.));
#3617=VECTOR('',#3616,6.199999948);
#3618=LINE('',#3615,#3617);
#3619=EDGE_CURVE('',#3614,#3606,#3618,.T.);
#3620=ORIENTED_EDGE('',*,*,#3619,.F.);
#3621=CARTESIAN_POINT('',(110.,69.831654571,-2.328345422));
#3622=DIRECTION('',(-1.,0.,0.));
#3623=VECTOR('',#3622,10.);
#3624=LINE('',#3621,#3623);
#3625=EDGE_CURVE('',#3569,#3614,#3624,.T.);
#3626=ORIENTED_EDGE('',*,*,#3625,.F.);
#3627=EDGE_LOOP('',(#3604,#3612,#3620,#3626));
#3628=FACE_BOUND('',#3627,.T.);
#3629=ADVANCED_FACE('',(#3628),#3603,.F.);
#3630=CARTESIAN_POINT('',(133.1,69.831654571,-2.32834537));
#3631=DIRECTION('',(0.,1.,-0.));
#3632=DIRECTION('',(0.,0.,1.));
#3633=AXIS2_PLACEMENT_3D('',#3630,#3631,#3632);
#3634=PLANE('',#3633);
#3635=ORIENTED_EDGE('',*,*,#3619,.T.);
#3636=CARTESIAN_POINT('',(90.,69.831654572,3.871654578));
#3637=VERTEX_POINT('',#3636);
#3638=CARTESIAN_POINT('',(100.,69.831654572,3.871654578));
#3639=DIRECTION('',(-1.,0.,0.));
#3640=VECTOR('',#3639,10.013875356);
#3641=LINE('',#3638,#3640);
#3642=EDGE_CURVE('',#3606,#3637,#3641,.T.);
#3643=ORIENTED_EDGE('',*,*,#3642,.T.);
#3644=CARTESIAN_POINT('',(90.,69.831654571,-2.32834537));
#3645=VERTEX_POINT('',#3644);
#3646=CARTESIAN_POINT('',(90.,69.831654571,-2.32834537));
#3647=DIRECTION('',(0.,0.,1.));
#3648=VECTOR('',#3647,6.199999948);
#3649=LINE('',#3646,#3648);
#3650=EDGE_CURVE('',#3645,#3637,#3649,.T.);
#3651=ORIENTED_EDGE('',*,*,#3650,.F.);
#3652=CARTESIAN_POINT('',(100.,69.831654571,-2.328345422));
#3653=DIRECTION('',(-1.,0.,0.));
#3654=VECTOR('',#3653,10.);
#3655=LINE('',#3652,#3654);
#3656=EDGE_CURVE('',#3614,#3645,#3655,.T.);
#3657=ORIENTED_EDGE('',*,*,#3656,.F.);
#3658=EDGE_LOOP('',(#3635,#3643,#3651,#3657));
#3659=FACE_BOUND('',#3658,.T.);
#3660=ADVANCED_FACE('',(#3659),#3634,.F.);
#3661=CARTESIAN_POINT('',(90.,69.831654571,-2.32834537));
#3662=CARTESIAN_POINT('',(90.,69.831654572,3.621654599));
#3663=CARTESIAN_POINT('',(90.,69.831654572,3.871654578));
#3664=CARTESIAN_POINT('',(90.,69.831654573,4.514154594));
#3665=CARTESIAN_POINT('',(90.,69.831654573,5.471654584));
#3666=CARTESIAN_POINT('',(89.463326707,69.831654571,-2.32834537));
#3667=CARTESIAN_POINT('',(89.463326707,69.831654572,3.621654599));
#3668=CARTESIAN_POINT('',(89.463326707,69.831654572,3.871654578));
#3669=CARTESIAN_POINT('',(89.463326707,69.831654573,4.514154594));
#3670=CARTESIAN_POINT('',(89.463326707,69.831654573,5.471654584));
#3671=CARTESIAN_POINT('',(88.966754733,69.626129308,-2.32834537));
#3672=CARTESIAN_POINT('',(88.966754733,69.62612931,3.621654599));
#3673=CARTESIAN_POINT('',(88.966754733,69.62612931,3.871654578));
#3674=CARTESIAN_POINT('',(88.966754733,69.62612931,4.514154594));
#3675=CARTESIAN_POINT('',(88.966754733,69.626129311,5.471654584));
#3676=CARTESIAN_POINT('',(88.471208794,69.421028711,-2.32834537));
#3677=CARTESIAN_POINT('',(88.471208794,69.421028712,3.621654599));
#3678=CARTESIAN_POINT('',(88.471208794,69.421028712,3.871654578));
#3679=CARTESIAN_POINT('',(88.471208794,69.421028712,4.514154594));
#3680=CARTESIAN_POINT('',(88.471208794,69.421028713,5.471654584));
#3681=CARTESIAN_POINT('',(88.090811691,69.04084288,-2.328345369));
#3682=CARTESIAN_POINT('',(88.090811691,69.040842881,3.621654599));
#3683=CARTESIAN_POINT('',(88.090811691,69.040842882,3.871654578));
#3684=CARTESIAN_POINT('',(88.090811691,69.040842882,4.514154594));
#3685=CARTESIAN_POINT('',(88.090811691,69.040842882,5.471654584));
#3686=CARTESIAN_POINT('',(87.711475542,68.661717415,-2.328345369));
#3687=CARTESIAN_POINT('',(87.711475542,68.661717416,3.621654599));
#3688=CARTESIAN_POINT('',(87.711475542,68.661717416,3.871654578));
#3689=CARTESIAN_POINT('',(87.711475542,68.661717417,4.514154594));
#3690=CARTESIAN_POINT('',(87.711475542,68.661717417,5.471654585));
#3691=CARTESIAN_POINT('',(87.505525262,68.164899838,-2.328345369));
#3692=CARTESIAN_POINT('',(87.505525262,68.16489984,3.621654599));
#3693=CARTESIAN_POINT('',(87.505525262,68.16489984,3.871654579));
#3694=CARTESIAN_POINT('',(87.505525262,68.16489984,4.514154595));
#3695=CARTESIAN_POINT('',(87.505525262,68.16489984,5.471654585));
#3696=CARTESIAN_POINT('',(87.3,67.669107539,-2.328345369));
#3697=CARTESIAN_POINT('',(87.3,67.66910754,3.621654599));
#3698=CARTESIAN_POINT('',(87.3,67.66910754,3.871654579));
#3699=CARTESIAN_POINT('',(87.3,67.66910754,4.514154595));
#3700=CARTESIAN_POINT('',(87.3,67.669107541,5.471654585));
#3701=CARTESIAN_POINT('',(87.3,67.131654571,-2.328345369));
#3702=CARTESIAN_POINT('',(87.3,67.131654572,3.6216546));
#3703=CARTESIAN_POINT('',(87.3,67.131654572,3.871654579));
#3704=CARTESIAN_POINT('',(87.3,67.131654573,4.514154595));
#3705=CARTESIAN_POINT('',(87.3,67.131654573,5.471654585));
#3706=B_SPLINE_SURFACE_WITH_KNOTS('',2,1,((#3661,#3662,#3663,#3664,#3665),(#3666,#3667,#3668,#3669,#3670),(#3671,#3672,#3673,#3674,#3675),(#3676,#3677,#3678,#3679,#3680),(#3681,#3682,#3683,#3684,#3685),(#3686,#3687,#3688,#3689,#3690),(#3691,#3692,#3693,#3694,#3695),(#3696,#3697,#3698,#3699,#3700),(#3701,#3702,#3703,#3704,#3705)),.UNSPECIFIED.,.F.,.F.,.U.,(3,2,2,2,3),(2,1,1,1,2),(0.,0.25,0.5,0.75,1.),(0.,1.,1.042016803,1.15,1.310924369),.UNSPECIFIED.);
#3707=CARTESIAN_POINT('',(89.993062321,69.831637896,5.471654584));
#3708=VERTEX_POINT('',#3707);
#3709=CARTESIAN_POINT('',(87.300013792,67.145426368,5.471651877));
#3710=VERTEX_POINT('',#3709);
#3711=CARTESIAN_POINT('',(89.993062301,69.831645982,5.471654584));
#3712=CARTESIAN_POINT('',(89.815801784,69.831206888,5.471654584));
#3713=CARTESIAN_POINT('',(89.641369723,69.813934667,5.471654584));
#3714=CARTESIAN_POINT('',(89.469810322,69.779566257,5.471654584));
#3715=CARTESIAN_POINT('',(89.298250921,69.745197848,5.471654584));
#3716=CARTESIAN_POINT('',(89.128124083,69.693052674,5.471654584));
#3717=CARTESIAN_POINT('',(88.964928463,69.625372682,5.471654584));
#3718=CARTESIAN_POINT('',(88.801732842,69.55769269,5.471654584));
#3719=CARTESIAN_POINT('',(88.644773647,69.474186505,5.471654584));
#3720=CARTESIAN_POINT('',(88.497995352,69.375919296,5.471654584));
#3721=CARTESIAN_POINT('',(88.351217057,69.277652087,5.471654584));
#3722=CARTESIAN_POINT('',(88.216274913,69.166062249,5.471654584));
#3723=CARTESIAN_POINT('',(88.092205149,69.042234593,5.471654584));
#3724=CARTESIAN_POINT('',(87.968135385,68.918406937,5.471654585));
#3725=CARTESIAN_POINT('',(87.854160641,68.780603075,5.471654585));
#3726=CARTESIAN_POINT('',(87.756495517,68.634795892,5.471654585));
#3727=CARTESIAN_POINT('',(87.658830394,68.488988709,5.471654585));
#3728=CARTESIAN_POINT('',(87.576452614,68.334667898,5.471654585));
#3729=CARTESIAN_POINT('',(87.508590004,68.172263486,5.471654585));
#3730=CARTESIAN_POINT('',(87.4746587,68.091061281,5.471654585));
#3731=CARTESIAN_POINT('',(87.444257168,68.007393332,5.471654585));
#3732=CARTESIAN_POINT('',(87.41830166,67.923191905,5.471654585));
#3733=CARTESIAN_POINT('',(87.392346151,67.838990479,5.471654585));
#3734=CARTESIAN_POINT('',(87.370698684,67.754043621,5.471654585));
#3735=CARTESIAN_POINT('',(87.353322587,67.668357675,5.471654585));
#3736=CARTESIAN_POINT('',(87.318570394,67.496985785,5.471654585));
#3737=CARTESIAN_POINT('',(87.300903178,67.322657633,5.471654585));
#3738=CARTESIAN_POINT('',(87.300033754,67.145422914,5.471654585));
#3739=B_SPLINE_CURVE_WITH_KNOTS('',3,(#3711,#3712,#3713,#3714,#3715,#3716,#3717,#3718,#3719,#3720,#3721,#3722,#3723,#3724,#3725,#3726,#3727,#3728,#3729,#3730,#3731,#3732,#3733,#3734,#3735,#3736,
#3737,#3738),.UNSPECIFIED.,.F.,.F.,(4,3,3,3,3,3,3,3,3,4),(0.007045012,0.007577014,0.008109017,0.00864102,0.009173023,0.009705026,0.010237029,0.01050303,0.010769032,0.011301035),.UNSPECIFIED.);
#3740=EDGE_CURVE('',#3708,#3710,#3739,.T.);
#3741=ORIENTED_EDGE('',*,*,#3740,.T.);
#3742=CARTESIAN_POINT('',(87.3,67.131655233,3.871654579));
#3743=VERTEX_POINT('',#3742);
#3744=CARTESIAN_POINT('',(87.30003326,67.145321969,3.871687836));
#3745=CARTESIAN_POINT('',(87.30003326,67.145321969,4.405010086));
#3746=CARTESIAN_POINT('',(87.30003326,67.145321968,4.938332335));
#3747=CARTESIAN_POINT('',(87.30003326,67.145321967,5.471654585));
#3748=B_SPLINE_CURVE_WITH_KNOTS('',3,(#3744,#3745,#3746,#3747),.UNSPECIFIED.,.F.,.F.,(4,4),(0.,0.001599967),.UNSPECIFIED.);
#3749=EDGE_CURVE('',#3743,#3710,#3748,.T.);
#3750=ORIENTED_EDGE('',*,*,#3749,.F.);
#3751=CARTESIAN_POINT('',(87.3,67.131654571,-2.328345369));
#3752=VERTEX_POINT('',#3751);
#3753=CARTESIAN_POINT('',(87.3,67.131654571,-2.328345369));
#3754=CARTESIAN_POINT('',(87.3,67.131654572,3.871654579));
#3755=B_SPLINE_CURVE_WITH_KNOTS('',1,(#3753,#3754),.UNSPECIFIED.,.F.,.F.,(2,2),(0.,1.042016803),.UNSPECIFIED.);
#3756=EDGE_CURVE('',#3752,#3743,#3755,.T.);
#3757=ORIENTED_EDGE('',*,*,#3756,.F.);
#3758=CARTESIAN_POINT('',(90.,69.831654571,-2.328345422));
#3759=CARTESIAN_POINT('',(89.463648904,69.831654571,-2.328345422));
#3760=CARTESIAN_POINT('',(88.966754733,69.626129308,-2.328345422));
#3761=CARTESIAN_POINT('',(88.471733358,69.421378672,-2.328345422));
#3762=CARTESIAN_POINT('',(88.090811691,69.04084288,-2.328345422));
#3763=CARTESIAN_POINT('',(87.711826162,68.662241265,-2.328345422));
#3764=CARTESIAN_POINT('',(87.505525262,68.164899838,-2.328345422));
#3765=CARTESIAN_POINT('',(87.3,67.669428285,-2.328345422));
#3766=CARTESIAN_POINT('',(87.3,67.131654571,-2.328345422));
#3767=B_SPLINE_CURVE_WITH_KNOTS('',2,(#3758,#3759,#3760,#3761,#3762,#3763,#3764,#3765,#3766),.UNSPECIFIED.,.F.,.F.,(3,2,2,2,3),(0.,0.25,0.5,0.75,1.),.UNSPECIFIED.);
#3768=EDGE_CURVE('',#3645,#3752,#3767,.T.);
#3769=ORIENTED_EDGE('',*,*,#3768,.F.);
#3770=ORIENTED_EDGE('',*,*,#3650,.T.);
#3771=CARTESIAN_POINT('',(90.,69.831654572,3.871654578));
#3772=CARTESIAN_POINT('',(90.,69.831654572,4.404987914));
#3773=CARTESIAN_POINT('',(90.,69.831654573,4.938321249));
#3774=CARTESIAN_POINT('',(90.,69.831654573,5.471654584));
#3775=B_SPLINE_CURVE_WITH_KNOTS('',3,(#3771,#3772,#3773,#3774),.UNSPECIFIED.,.F.,.F.,(4,4),(1.042016803,1.310924369),.UNSPECIFIED.);
#3776=EDGE_CURVE('',#3637,#3708,#3775,.T.);
#3777=ORIENTED_EDGE('',*,*,#3776,.T.);
#3778=EDGE_LOOP('',(#3741,#3750,#3757,#3769,#3770,#3777));
#3779=FACE_BOUND('',#3778,.T.);
#3780=ADVANCED_FACE('',(#3779),#3706,.F.);
#3781=CARTESIAN_POINT('',(87.3,157.131654571,-2.328345393));
#3782=DIRECTION('',(-1.,0.,0.));
#3783=DIRECTION('',(0.,-0.,-1.));
#3784=AXIS2_PLACEMENT_3D('',#3781,#3782,#3783);
#3785=PLANE('',#3784);
#3786=CARTESIAN_POINT('',(87.3,47.131654572,3.871654584));
#3787=VERTEX_POINT('',#3786);
#3788=CARTESIAN_POINT('',(87.3,67.131655233,3.871654579));
#3789=DIRECTION('',(0.,-1.,0.));
#3790=VECTOR('',#3789,20.00000066);
#3791=LINE('',#3788,#3790);
#3792=EDGE_CURVE('',#3743,#3787,#3791,.T.);
#3793=ORIENTED_EDGE('',*,*,#3792,.T.);
#3794=CARTESIAN_POINT('',(87.3,47.131654571,-2.328345364));
#3795=VERTEX_POINT('',#3794);
#3796=CARTESIAN_POINT('',(87.3,47.131654571,-2.328345364));
#3797=CARTESIAN_POINT('',(87.3,47.131654572,3.871654584));
#3798=B_SPLINE_CURVE_WITH_KNOTS('',1,(#3796,#3797),.UNSPECIFIED.,.F.,.F.,(2,2),(-0.042016803,1.),.UNSPECIFIED.);
#3799=EDGE_CURVE('',#3795,#3787,#3798,.T.);
#3800=ORIENTED_EDGE('',*,*,#3799,.F.);
#3801=CARTESIAN_POINT('',(87.3,67.131654571,-2.328345422));
#3802=DIRECTION('',(0.,-1.,0.));
#3803=VECTOR('',#3802,20.);
#3804=LINE('',#3801,#3803);
#3805=EDGE_CURVE('',#3752,#3795,#3804,.T.);
#3806=ORIENTED_EDGE('',*,*,#3805,.F.);
#3807=ORIENTED_EDGE('',*,*,#3756,.T.);
#3808=EDGE_LOOP('',(#3793,#3800,#3806,#3807));
#3809=FACE_BOUND('',#3808,.T.);
#3810=ADVANCED_FACE('',(#3809),#3785,.F.);
#3811=CARTESIAN_POINT('',(87.3,47.131654571,-2.328345364));
#3812=CARTESIAN_POINT('',(87.3,47.131654572,3.621654605));
#3813=CARTESIAN_POINT('',(87.3,47.131654572,3.871654584));
#3814=CARTESIAN_POINT('',(87.3,47.131654573,4.5141546));
#3815=CARTESIAN_POINT('',(87.3,47.131654573,5.471654583));
#3816=CARTESIAN_POINT('',(87.3,46.594981278,-2.328345364));
#3817=CARTESIAN_POINT('',(87.3,46.594981279,3.621654605));
#3818=CARTESIAN_POINT('',(87.3,46.594981279,3.871654584));
#3819=CARTESIAN_POINT('',(87.3,46.594981279,4.5141546));
#3820=CARTESIAN_POINT('',(87.3,46.59498128,5.471654583));
#3821=CARTESIAN_POINT('',(87.505525262,46.098409303,-2.328345363));
#3822=CARTESIAN_POINT('',(87.505525262,46.098409305,3.621654605));
#3823=CARTESIAN_POINT('',(87.505525262,46.098409305,3.871654584));
#3824=CARTESIAN_POINT('',(87.505525262,46.098409305,4.5141546));
#3825=CARTESIAN_POINT('',(87.505525262,46.098409305,5.471654584));
#3826=CARTESIAN_POINT('',(87.71062586,45.602863365,-2.328345363));
#3827=CARTESIAN_POINT('',(87.71062586,45.602863367,3.621654605));
#3828=CARTESIAN_POINT('',(87.71062586,45.602863367,3.871654584));
#3829=CARTESIAN_POINT('',(87.71062586,45.602863367,4.5141546));
#3830=CARTESIAN_POINT('',(87.71062586,45.602863367,5.471654584));
#3831=CARTESIAN_POINT('',(88.090811691,45.222466262,-2.328345363));
#3832=CARTESIAN_POINT('',(88.090811691,45.222466263,3.621654605));
#3833=CARTESIAN_POINT('',(88.090811691,45.222466263,3.871654585));
#3834=CARTESIAN_POINT('',(88.090811691,45.222466263,4.514154601));
#3835=CARTESIAN_POINT('',(88.090811691,45.222466264,5.471654584));
#3836=CARTESIAN_POINT('',(88.469937156,44.843130113,-2.328345363));
#3837=CARTESIAN_POINT('',(88.469937156,44.843130114,3.621654605));
#3838=CARTESIAN_POINT('',(88.469937156,44.843130114,3.871654585));
#3839=CARTESIAN_POINT('',(88.469937156,44.843130114,4.514154601));
#3840=CARTESIAN_POINT('',(88.469937156,44.843130115,5.471654584));
#3841=CARTESIAN_POINT('',(88.966754733,44.637179833,-2.328345363));
#3842=CARTESIAN_POINT('',(88.966754733,44.637179834,3.621654605));
#3843=CARTESIAN_POINT('',(88.966754733,44.637179835,3.871654585));
#3844=CARTESIAN_POINT('',(88.966754733,44.637179835,4.514154601));
#3845=CARTESIAN_POINT('',(88.966754733,44.637179835,5.471654584));
#3846=CARTESIAN_POINT('',(89.462547032,44.431654571,-2.328345363));
#3847=CARTESIAN_POINT('',(89.462547032,44.431654572,3.621654605));
#3848=CARTESIAN_POINT('',(89.462547032,44.431654572,3.871654585));
#3849=CARTESIAN_POINT('',(89.462547032,44.431654573,4.514154601));
#3850=CARTESIAN_POINT('',(89.462547032,44.431654573,5.471654584));
#3851=CARTESIAN_POINT('',(90.,44.431654571,-2.328345363));
#3852=CARTESIAN_POINT('',(90.,44.431654572,3.621654605));
#3853=CARTESIAN_POINT('',(90.,44.431654572,3.871654585));
#3854=CARTESIAN_POINT('',(90.,44.431654573,4.514154601));
#3855=CARTESIAN_POINT('',(90.,44.431654573,5.471654584));
#3856=B_SPLINE_SURFACE_WITH_KNOTS('',2,1,((#3811,#3812,#3813,#3814,#3815),(#3816,#3817,#3818,#3819,#3820),(#3821,#3822,#3823,#3824,#3825),(#3826,#3827,#3828,#3829,#3830),(#3831,#3832,#3833,#3834,#3835),(#3836,#3837,#3838,#3839,#3840),(#3841,#3842,#3843,#3844,#3845),(#3846,#3847,#3848,#3849,#3850),(#3851,#3852,#3853,#3854,#3855)),.UNSPECIFIED.,.F.,.F.,.U.,(3,2,2,2,3),(2,1,1,1,2),(0.,0.25,0.5,0.75,1.),(0.,1.,1.042016803,1.15,1.310924368),.UNSPECIFIED.);
#3857=CARTESIAN_POINT('',(87.300013828,47.117865702,5.471651871));
#3858=VERTEX_POINT('',#3857);
#3859=CARTESIAN_POINT('',(89.986193565,44.43167122,5.47165188));
#3860=VERTEX_POINT('',#3859);
#3861=CARTESIAN_POINT('',(87.300033935,47.117869081,5.471654583));
#3862=CARTESIAN_POINT('',(87.300905286,46.940968161,5.471654583));
#3863=CARTESIAN_POINT('',(87.318558666,46.766887112,5.471654583));
#3864=CARTESIAN_POINT('',(87.353255941,46.595669936,5.471654583));
#3865=CARTESIAN_POINT('',(87.387953216,46.424452759,5.471654583));
#3866=CARTESIAN_POINT('',(87.440382062,46.254655752,5.471654583));
#3867=CARTESIAN_POINT('',(87.508244087,46.09186383,5.471654584));
#3868=CARTESIAN_POINT('',(87.576106112,45.929071909,5.471654584));
#3869=CARTESIAN_POINT('',(87.659781847,45.772469486,5.471654584));
#3870=CARTESIAN_POINT('',(87.758103656,45.626118494,5.471654584));
#3871=CARTESIAN_POINT('',(87.856425466,45.479767502,5.471654584));
#3872=CARTESIAN_POINT('',(87.968017006,45.345205666,5.471654584));
#3873=CARTESIAN_POINT('',(88.091801527,45.221476374,5.471654584));
#3874=CARTESIAN_POINT('',(88.215586047,45.097747081,5.471654584));
#3875=CARTESIAN_POINT('',(88.353301258,44.984108965,5.471654584));
#3876=CARTESIAN_POINT('',(88.498953918,44.886748094,5.471654584));
#3877=CARTESIAN_POINT('',(88.644606578,44.789387224,5.471654584));
#3878=CARTESIAN_POINT('',(88.798743204,44.707260433,5.471654584));
#3879=CARTESIAN_POINT('',(88.960935999,44.639599557,5.471654584));
#3880=CARTESIAN_POINT('',(89.042032396,44.605769119,5.471654584));
#3881=CARTESIAN_POINT('',(89.12558347,44.57546167,5.471654584));
#3882=CARTESIAN_POINT('',(89.20965567,44.549588787,5.471654584));
#3883=CARTESIAN_POINT('',(89.293727869,44.523715905,5.471654584));
#3884=CARTESIAN_POINT('',(89.37854306,44.502136958,5.471654584));
#3885=CARTESIAN_POINT('',(89.464094928,44.484815456,5.471654584));
#3886=CARTESIAN_POINT('',(89.635198664,44.450172454,5.471654584));
#3887=CARTESIAN_POINT('',(89.809249024,44.432558731,5.471654584));
#3888=CARTESIAN_POINT('',(89.986196555,44.431688499,5.471654584));
#3889=B_SPLINE_CURVE_WITH_KNOTS('',3,(#3861,#3862,#3863,#3864,#3865,#3866,#3867,#3868,#3869,#3870,#3871,#3872,#3873,#3874,#3875,#3876,#3877,#3878,#3879,#3880,#3881,#3882,#3883,#3884,#3885,#3886,
#3887,#3888),.UNSPECIFIED.,.F.,.F.,(4,3,3,3,3,3,3,3,3,4),(0.007051864,0.007583006,0.008114148,0.00864529,0.009176432,0.009707574,0.010238716,0.010504287,0.010769858,0.011301),.UNSPECIFIED.);
#3890=EDGE_CURVE('',#3858,#3860,#3889,.T.);
#3891=ORIENTED_EDGE('',*,*,#3890,.T.);
#3892=CARTESIAN_POINT('',(90.,44.431654572,3.871654585));
#3893=VERTEX_POINT('',#3892);
#3894=CARTESIAN_POINT('',(89.986332617,44.431687832,3.871687844));
#3895=CARTESIAN_POINT('',(89.986332618,44.431687833,4.405010091));
#3896=CARTESIAN_POINT('',(89.986332619,44.431687833,4.938332337));
#3897=CARTESIAN_POINT('',(89.98633262,44.431687833,5.471654584));
#3898=B_SPLINE_CURVE_WITH_KNOTS('',3,(#3894,#3895,#3896,#3897),.UNSPECIFIED.,.F.,.F.,(4,4),(0.,0.001599967),.UNSPECIFIED.);
#3899=EDGE_CURVE('',#3893,#3860,#3898,.T.);
#3900=ORIENTED_EDGE('',*,*,#3899,.F.);
#3901=CARTESIAN_POINT('',(90.,44.431654571,-2.328345363));
#3902=VERTEX_POINT('',#3901);
#3903=CARTESIAN_POINT('',(90.,44.431654571,-2.328345363));
#3904=DIRECTION('',(-0.,0.,1.));
#3905=VECTOR('',#3904,6.199999948);
#3906=LINE('',#3903,#3905);
#3907=EDGE_CURVE('',#3902,#3893,#3906,.T.);
#3908=ORIENTED_EDGE('',*,*,#3907,.F.);
#3909=CARTESIAN_POINT('',(87.3,47.131654571,-2.328345422));
#3910=CARTESIAN_POINT('',(87.3,46.595303475,-2.328345422));
#3911=CARTESIAN_POINT('',(87.505525262,46.098409303,-2.328345422));
#3912=CARTESIAN_POINT('',(87.710275899,45.603387929,-2.328345422));
#3913=CARTESIAN_POINT('',(88.090811691,45.222466262,-2.328345422));
#3914=CARTESIAN_POINT('',(88.469413306,44.843480733,-2.328345422));
#3915=CARTESIAN_POINT('',(88.966754733,44.637179833,-2.328345422));
#3916=CARTESIAN_POINT('',(89.462226285,44.431654571,-2.328345422));
#3917=CARTESIAN_POINT('',(90.,44.431654571,-2.328345422));
#3918=B_SPLINE_CURVE_WITH_KNOTS('',2,(#3909,#3910,#3911,#3912,#3913,#3914,#3915,#3916,#3917),.UNSPECIFIED.,.F.,.F.,(3,2,2,2,3),(0.,0.25,0.5,0.75,1.),.UNSPECIFIED.);
#3919=EDGE_CURVE('',#3795,#3902,#3918,.T.);
#3920=ORIENTED_EDGE('',*,*,#3919,.F.);
#3921=ORIENTED_EDGE('',*,*,#3799,.T.);
#3922=CARTESIAN_POINT('',(87.300033353,47.117987784,3.871687938));
#3923=CARTESIAN_POINT('',(87.300033353,47.117987785,4.405010153));
#3924=CARTESIAN_POINT('',(87.300033353,47.117987786,4.938332368));
#3925=CARTESIAN_POINT('',(87.300033353,47.117987787,5.471654583));
#3926=B_SPLINE_CURVE_WITH_KNOTS('',3,(#3922,#3923,#3924,#3925),.UNSPECIFIED.,.F.,.F.,(4,4),(0.,0.001599967),.UNSPECIFIED.);
#3927=EDGE_CURVE('',#3787,#3858,#3926,.T.);
#3928=ORIENTED_EDGE('',*,*,#3927,.T.);
#3929=EDGE_LOOP('',(#3891,#3900,#3908,#3920,#3921,#3928));
#3930=FACE_BOUND('',#3929,.T.);
#3931=ADVANCED_FACE('',(#3930),#3856,.F.);
#3932=CARTESIAN_POINT('',(133.1,44.431654571,-2.328345363));
#3933=DIRECTION('',(0.,-1.,0.));
#3934=DIRECTION('',(0.,-0.,-1.));
#3935=AXIS2_PLACEMENT_3D('',#3932,#3933,#3934);
#3936=PLANE('',#3935);
#3937=CARTESIAN_POINT('',(110.,44.431654572,3.871654585));
#3938=VERTEX_POINT('',#3937);
#3939=CARTESIAN_POINT('',(90.,44.431654572,3.871654585));
#3940=DIRECTION('',(1.,0.,-0.));
#3941=VECTOR('',#3940,20.);
#3942=LINE('',#3939,#3941);
#3943=EDGE_CURVE('',#3893,#3938,#3942,.T.);
#3944=ORIENTED_EDGE('',*,*,#3943,.T.);
#3945=CARTESIAN_POINT('',(110.,44.431654571,-2.328345363));
#3946=VERTEX_POINT('',#3945);
#3947=CARTESIAN_POINT('',(110.,44.431654571,-2.328345363));
#3948=DIRECTION('',(-0.,0.,1.));
#3949=VECTOR('',#3948,6.199999948);
#3950=LINE('',#3947,#3949);
#3951=EDGE_CURVE('',#3946,#3938,#3950,.T.);
#3952=ORIENTED_EDGE('',*,*,#3951,.F.);
#3953=CARTESIAN_POINT('',(90.,44.431654571,-2.328345422));
#3954=DIRECTION('',(1.,-0.,-0.));
#3955=VECTOR('',#3954,20.);
#3956=LINE('',#3953,#3955);
#3957=EDGE_CURVE('',#3902,#3946,#3956,.T.);
#3958=ORIENTED_EDGE('',*,*,#3957,.F.);
#3959=ORIENTED_EDGE('',*,*,#3907,.T.);
#3960=EDGE_LOOP('',(#3944,#3952,#3958,#3959));
#3961=FACE_BOUND('',#3960,.T.);
#3962=ADVANCED_FACE('',(#3961),#3936,.F.);
#3963=CARTESIAN_POINT('',(113.5,67.131654571,-2.328345369));
#3964=CARTESIAN_POINT('',(113.5,67.131654572,3.6216546));
#3965=CARTESIAN_POINT('',(113.5,67.131654573,4.514154595));
#3966=CARTESIAN_POINT('',(113.5,67.131654573,5.471654585));
#3967=CARTESIAN_POINT('',(113.5,67.827457817,-2.328345369));
#3968=CARTESIAN_POINT('',(113.5,67.827457819,3.621654599));
#3969=CARTESIAN_POINT('',(113.5,67.827457819,4.514154595));
#3970=CARTESIAN_POINT('',(113.5,67.827457819,5.471654585));
#3971=CARTESIAN_POINT('',(113.233578364,68.471046584,-2.328345369));
#3972=CARTESIAN_POINT('',(113.233578364,68.471046586,3.621654599));
#3973=CARTESIAN_POINT('',(113.233578364,68.471046586,4.514154594));
#3974=CARTESIAN_POINT('',(113.233578364,68.471046586,5.471654585));
#3975=CARTESIAN_POINT('',(112.967581432,69.113609401,-2.328345369));
#3976=CARTESIAN_POINT('',(112.967581432,69.113609403,3.621654599));
#3977=CARTESIAN_POINT('',(112.967581432,69.113609403,4.514154594));
#3978=CARTESIAN_POINT('',(112.967581432,69.113609403,5.471654584));
#3979=CARTESIAN_POINT('',(112.474873734,69.606528305,-2.32834537));
#3980=CARTESIAN_POINT('',(112.474873734,69.606528306,3.621654599));
#3981=CARTESIAN_POINT('',(112.474873734,69.606528307,4.514154594));
#3982=CARTESIAN_POINT('',(112.474873734,69.606528307,5.471654584));
#3983=CARTESIAN_POINT('',(111.983226469,70.098386321,-2.32834537));
#3984=CARTESIAN_POINT('',(111.983226469,70.098386323,3.621654599));
#3985=CARTESIAN_POINT('',(111.983226469,70.098386323,4.514154594));
#3986=CARTESIAN_POINT('',(111.983226469,70.098386323,5.471654584));
#3987=CARTESIAN_POINT('',(111.339392013,70.365232935,-2.32834537));
#3988=CARTESIAN_POINT('',(111.339392013,70.365232936,3.621654599));
#3989=CARTESIAN_POINT('',(111.339392013,70.365232936,4.514154594));
#3990=CARTESIAN_POINT('',(111.339392013,70.365232937,5.471654584));
#3991=CARTESIAN_POINT('',(110.696582922,70.631654571,-2.32834537));
#3992=CARTESIAN_POINT('',(110.696582922,70.631654572,3.621654599));
#3993=CARTESIAN_POINT('',(110.696582922,70.631654573,4.514154594));
#3994=CARTESIAN_POINT('',(110.696582922,70.631654573,5.471654584));
#3995=CARTESIAN_POINT('',(110.,70.631654571,-2.32834537));
#3996=CARTESIAN_POINT('',(110.,70.631654572,3.621654599));
#3997=CARTESIAN_POINT('',(110.,70.631654573,4.514154594));
#3998=CARTESIAN_POINT('',(110.,70.631654573,5.471654584));
#3999=B_SPLINE_SURFACE_WITH_KNOTS('',2,1,((#3963,#3964,#3965,#3966),(#3967,#3968,#3969,#3970),(#3971,#3972,#3973,#3974),(#3975,#3976,#3977,#3978),(#3979,#3980,#3981,#3982),(#3983,#3984,#3985,#3986),(#3987,#3988,#3989,#3990),(#3991,#3992,#3993,#3994),(#3995,#3996,#3997,#3998)),.UNSPECIFIED.,.F.,.F.,.U.,(3,2,2,2,3),(2,1,1,2),(0.,0.25,0.5,0.75,1.),(0.,1.,1.15,1.310924369),.UNSPECIFIED.);
#4000=CARTESIAN_POINT('',(113.499986747,67.138592247,5.471654585));
#4001=VERTEX_POINT('',#4000);
#4002=CARTESIAN_POINT('',(110.006937676,70.631641349,5.471654584));
#4003=VERTEX_POINT('',#4002);
#4004=CARTESIAN_POINT('',(113.499993374,67.138593052,5.471654585));
#4005=CARTESIAN_POINT('',(113.499558207,67.366410802,5.471654585));
#4006=CARTESIAN_POINT('',(113.477688744,67.591625845,5.471654585));
#4007=CARTESIAN_POINT('',(113.433450181,67.814124671,5.471654585));
#4008=CARTESIAN_POINT('',(113.411330899,67.925374083,5.471654585));
#4009=CARTESIAN_POINT('',(113.383618295,68.035944314,5.471654585));
#4010=CARTESIAN_POINT('',(113.350189071,68.145820391,5.471654585));
#4011=CARTESIAN_POINT('',(113.316759847,68.255696469,5.471654585));
#4012=CARTESIAN_POINT('',(113.277697316,68.364369311,5.471654585));
#4013=CARTESIAN_POINT('',(113.234043172,68.469923228,5.471654585));
#4014=CARTESIAN_POINT('',(113.146734884,68.681031063,5.471654585));
#4015=CARTESIAN_POINT('',(113.04026174,68.882039065,5.471654585));
#4016=CARTESIAN_POINT('',(112.913476374,69.072342574,5.471654584));
#4017=CARTESIAN_POINT('',(112.786691007,69.262646083,5.471654584));
#4018=CARTESIAN_POINT('',(112.638112777,69.44301365,5.471654584));
#4019=CARTESIAN_POINT('',(112.476504778,69.604895532,5.471654584));
#4020=CARTESIAN_POINT('',(112.314896779,69.766777414,5.471654584));
#4021=CARTESIAN_POINT('',(112.139553643,69.911813298,5.471654584));
#4022=CARTESIAN_POINT('',(111.949729364,70.039088214,5.471654584));
#4023=CARTESIAN_POINT('',(111.854817224,70.102725673,5.471654584));
#4024=CARTESIAN_POINT('',(111.755764181,70.16218855,5.471654584));
#4025=CARTESIAN_POINT('',(111.654288206,70.216416716,5.471654584));
#4026=CARTESIAN_POINT('',(111.552812231,70.270644882,5.471654584));
#4027=CARTESIAN_POINT('',(111.449392936,70.319462658,5.471654584));
#4028=CARTESIAN_POINT('',(111.344166793,70.363249994,5.471654584));
#4029=CARTESIAN_POINT('',(111.133714507,70.450824667,5.471654584));
#4030=CARTESIAN_POINT('',(110.916011675,70.51821312,5.471654584));
#4031=CARTESIAN_POINT('',(110.690404762,70.563595849,5.471654584));
#4032=CARTESIAN_POINT('',(110.577601305,70.586287213,5.471654584));
#4033=CARTESIAN_POINT('',(110.463213711,70.603324773,5.471654584));
#4034=CARTESIAN_POINT('',(110.349248165,70.614579548,5.471654584));
#4035=CARTESIAN_POINT('',(110.23528262,70.625834324,5.471654584));
#4036=CARTESIAN_POINT('',(110.121176861,70.631430285,5.471654584));
#4037=CARTESIAN_POINT('',(110.00693784,70.631647963,5.471654584));
#4038=B_SPLINE_CURVE_WITH_KNOTS('',3,(#4004,#4005,#4006,#4007,#4008,#4009,#4010,#4011,#4012,#4013,#4014,#4015,#4016,#4017,#4018,#4019,#4020,#4021,#4022,#4023,#4024,#4025,#4026,#4027,#4028,#4029,
#4030,#4031,#4032,#4033,#4034,#4035,#4036,#4037),.UNSPECIFIED.,.F.,.F.,(4,3,3,3,3,3,3,3,3,3,3,4),(0.002161279,0.002844891,0.003186697,0.003528503,0.004212114,0.004895726,0.005579338,0.005921144,0.00626295,0.006946562,0.007288367,0.007630173),.UNSPECIFIED.);
#4039=EDGE_CURVE('',#4001,#4003,#4038,.T.);
#4040=ORIENTED_EDGE('',*,*,#4039,.F.);
#4041=CARTESIAN_POINT('',(113.5,67.131654571,-2.328345422));
#4042=VERTEX_POINT('',#4041);
#4043=CARTESIAN_POINT('',(113.5,67.131654571,-2.328345369));
#4044=CARTESIAN_POINT('',(113.5,67.131654573,5.471654585));
#4045=B_SPLINE_CURVE_WITH_KNOTS('',1,(#4043,#4044),.UNSPECIFIED.,.F.,.F.,(2,2),(0.,1.310924369),.UNSPECIFIED.);
#4046=EDGE_CURVE('',#4042,#4001,#4045,.T.);
#4047=ORIENTED_EDGE('',*,*,#4046,.F.);
#4048=CARTESIAN_POINT('',(110.,70.631654571,-2.328345422));
#4049=VERTEX_POINT('',#4048);
#4050=CARTESIAN_POINT('',(113.5,67.131654571,-2.328345422));
#4051=CARTESIAN_POINT('',(113.5,67.827083035,-2.328345422));
#4052=CARTESIAN_POINT('',(113.233578364,68.471046584,-2.328345422));
#4053=CARTESIAN_POINT('',(112.96794102,69.113114432,-2.328345422));
#4054=CARTESIAN_POINT('',(112.474873734,69.606528305,-2.328345422));
#4055=CARTESIAN_POINT('',(111.983632968,70.098114374,-2.328345422));
#4056=CARTESIAN_POINT('',(111.339392013,70.365232935,-2.328345422));
#4057=CARTESIAN_POINT('',(110.696831911,70.631654571,-2.328345422));
#4058=CARTESIAN_POINT('',(110.,70.631654571,-2.328345422));
#4059=B_SPLINE_CURVE_WITH_KNOTS('',2,(#4050,#4051,#4052,#4053,#4054,#4055,#4056,#4057,#4058),.UNSPECIFIED.,.F.,.F.,(3,2,2,2,3),(0.,0.25,0.5,0.75,1.),.UNSPECIFIED.);
#4060=EDGE_CURVE('',#4042,#4049,#4059,.T.);
#4061=ORIENTED_EDGE('',*,*,#4060,.T.);
#4062=CARTESIAN_POINT('',(110.,70.631654571,-2.32834537));
#4063=DIRECTION('',(0.,0.,1.));
#4064=VECTOR('',#4063,7.799999954);
#4065=LINE('',#4062,#4064);
#4066=EDGE_CURVE('',#4049,#4003,#4065,.T.);
#4067=ORIENTED_EDGE('',*,*,#4066,.T.);
#4068=EDGE_LOOP('',(#4040,#4047,#4061,#4067));
#4069=FACE_BOUND('',#4068,.T.);
#4070=ADVANCED_FACE('',(#4069),#3999,.T.);
#4071=CARTESIAN_POINT('',(113.5,157.131654571,-2.328345393));
#4072=DIRECTION('',(1.,0.,0.));
#4073=DIRECTION('',(0.,0.,1.));
#4074=AXIS2_PLACEMENT_3D('',#4071,#4072,#4073);
#4075=PLANE('',#4074);
#4076=ORIENTED_EDGE('',*,*,#4046,.T.);
#4077=CARTESIAN_POINT('',(113.499986776,47.124716895,5.47165459));
#4078=VERTEX_POINT('',#4077);
#4079=CARTESIAN_POINT('',(113.499999997,47.117779218,5.47165459));
#4080=DIRECTION('',(0.,1.,-0.));
#4081=VECTOR('',#4080,20.020813029);
#4082=LINE('',#4079,#4081);
#4083=EDGE_CURVE('',#4078,#4001,#4082,.T.);
#4084=ORIENTED_EDGE('',*,*,#4083,.F.);
#4085=CARTESIAN_POINT('',(113.5,47.131654571,-2.328345422));
#4086=VERTEX_POINT('',#4085);
#4087=CARTESIAN_POINT('',(113.5,47.131654571,-2.328345364));
#4088=CARTESIAN_POINT('',(113.5,47.131654573,5.47165459));
#4089=B_SPLINE_CURVE_WITH_KNOTS('',1,(#4087,#4088),.UNSPECIFIED.,.F.,.F.,(2,2),(-0.310924369,1.),.UNSPECIFIED.);
#4090=EDGE_CURVE('',#4086,#4078,#4089,.T.);
#4091=ORIENTED_EDGE('',*,*,#4090,.F.);
#4092=CARTESIAN_POINT('',(113.5,47.131654571,-2.328345364));
#4093=DIRECTION('',(-0.,1.,-0.));
#4094=VECTOR('',#4093,20.);
#4095=LINE('',#4092,#4094);
#4096=EDGE_CURVE('',#4086,#4042,#4095,.T.);
#4097=ORIENTED_EDGE('',*,*,#4096,.T.);
#4098=EDGE_LOOP('',(#4076,#4084,#4091,#4097));
#4099=FACE_BOUND('',#4098,.T.);
#4100=ADVANCED_FACE('',(#4099),#4075,.T.);
#4101=CARTESIAN_POINT('',(110.,43.631654571,-2.328345363));
#4102=CARTESIAN_POINT('',(110.,43.631654572,3.621654606));
#4103=CARTESIAN_POINT('',(110.,43.631654572,3.871654585));
#4104=CARTESIAN_POINT('',(110.,43.631654573,4.514154601));
#4105=CARTESIAN_POINT('',(110.,43.631654573,5.471654591));
#4106=CARTESIAN_POINT('',(110.695803247,43.631654571,-2.328345363));
#4107=CARTESIAN_POINT('',(110.695803247,43.631654572,3.621654606));
#4108=CARTESIAN_POINT('',(110.695803247,43.631654572,3.871654585));
#4109=CARTESIAN_POINT('',(110.695803247,43.631654573,4.514154601));
#4110=CARTESIAN_POINT('',(110.695803247,43.631654573,5.471654591));
#4111=CARTESIAN_POINT('',(111.339392013,43.898076207,-2.328345363));
#4112=CARTESIAN_POINT('',(111.339392013,43.898076208,3.621654606));
#4113=CARTESIAN_POINT('',(111.339392013,43.898076209,3.871654585));
#4114=CARTESIAN_POINT('',(111.339392013,43.898076209,4.514154601));
#4115=CARTESIAN_POINT('',(111.339392013,43.898076209,5.471654591));
#4116=CARTESIAN_POINT('',(111.98195483,44.164073139,-2.328345363));
#4117=CARTESIAN_POINT('',(111.98195483,44.16407314,3.621654606));
#4118=CARTESIAN_POINT('',(111.98195483,44.16407314,3.871654585));
#4119=CARTESIAN_POINT('',(111.98195483,44.16407314,4.514154601));
#4120=CARTESIAN_POINT('',(111.98195483,44.164073141,5.471654591));
#4121=CARTESIAN_POINT('',(112.474873734,44.656780837,-2.328345363));
#4122=CARTESIAN_POINT('',(112.474873734,44.656780838,3.621654605));
#4123=CARTESIAN_POINT('',(112.474873734,44.656780838,3.871654585));
#4124=CARTESIAN_POINT('',(112.474873734,44.656780838,4.514154601));
#4125=CARTESIAN_POINT('',(112.474873734,44.656780839,5.471654591));
#4126=CARTESIAN_POINT('',(112.96673175,45.148428102,-2.328345363));
#4127=CARTESIAN_POINT('',(112.96673175,45.148428103,3.621654605));
#4128=CARTESIAN_POINT('',(112.96673175,45.148428103,3.871654585));
#4129=CARTESIAN_POINT('',(112.96673175,45.148428104,4.514154601));
#4130=CARTESIAN_POINT('',(112.96673175,45.148428104,5.471654591));
#4131=CARTESIAN_POINT('',(113.233578364,45.792262557,-2.328345363));
#4132=CARTESIAN_POINT('',(113.233578364,45.792262559,3.621654605));
#4133=CARTESIAN_POINT('',(113.233578364,45.792262559,3.871654584));
#4134=CARTESIAN_POINT('',(113.233578364,45.792262559,4.5141546));
#4135=CARTESIAN_POINT('',(113.233578364,45.792262559,5.471654591));
#4136=CARTESIAN_POINT('',(113.5,46.435071649,-2.328345364));
#4137=CARTESIAN_POINT('',(113.5,46.435071651,3.621654605));
#4138=CARTESIAN_POINT('',(113.5,46.435071651,3.871654584));
#4139=CARTESIAN_POINT('',(113.5,46.435071651,4.5141546));
#4140=CARTESIAN_POINT('',(113.5,46.435071651,5.47165459));
#4141=CARTESIAN_POINT('',(113.5,47.131654571,-2.328345364));
#4142=CARTESIAN_POINT('',(113.5,47.131654572,3.621654605));
#4143=CARTESIAN_POINT('',(113.5,47.131654572,3.871654584));
#4144=CARTESIAN_POINT('',(113.5,47.131654573,4.5141546));
#4145=CARTESIAN_POINT('',(113.5,47.131654573,5.47165459));
#4146=B_SPLINE_SURFACE_WITH_KNOTS('',2,1,((#4101,#4102,#4103,#4104,#4105),(#4106,#4107,#4108,#4109,#4110),(#4111,#4112,#4113,#4114,#4115),(#4116,#4117,#4118,#4119,#4120),(#4121,#4122,#4123,#4124,#4125),(#4126,#4127,#4128,#4129,#4130),(#4131,#4132,#4133,#4134,#4135),(#4136,#4137,#4138,#4139,#4140),(#4141,#4142,#4143,#4144,#4145)),.UNSPECIFIED.,.F.,.F.,.U.,(3,2,2,2,3),(2,1,1,1,2),(0.,0.25,0.5,0.75,1.),(0.,1.,1.042016803,1.15,1.310924369),.UNSPECIFIED.);
#4147=CARTESIAN_POINT('',(110.006937676,43.631667826,5.471654591));
#4148=VERTEX_POINT('',#4147);
#4149=CARTESIAN_POINT('',(110.,43.631654571,0.021654578));
#4150=DIRECTION('',(-0.,0.,1.));
#4151=VECTOR('',#4150,5.450000013);
#4152=LINE('',#4149,#4151);
#4153=EDGE_CURVE('',#3233,#4148,#4152,.T.);
#4154=ORIENTED_EDGE('',*,*,#4153,.F.);
#4155=ORIENTED_EDGE('',*,*,#3241,.T.);
#4156=ORIENTED_EDGE('',*,*,#3398,.T.);
#4157=CARTESIAN_POINT('',(110.832881221,43.731675295,-2.328345422));
#4158=CARTESIAN_POINT('',(111.089996171,43.794895758,-2.328345422));
#4159=CARTESIAN_POINT('',(111.339392013,43.898076207,-2.328345422));
#4160=CARTESIAN_POINT('',(111.981459861,44.163713551,-2.328345422));
#4161=CARTESIAN_POINT('',(112.474873734,44.656780837,-2.328345422));
#4162=CARTESIAN_POINT('',(112.966459804,45.148021603,-2.328345422));
#4163=CARTESIAN_POINT('',(113.233578364,45.792262557,-2.328345422));
#4164=CARTESIAN_POINT('',(113.5,46.43482266,-2.328345422));
#4165=CARTESIAN_POINT('',(113.5,47.131654571,-2.328345422));
#4166=B_SPLINE_CURVE_WITH_KNOTS('',2,(#4157,#4158,#4159,#4160,#4161,#4162,#4163,#4164,#4165),.UNSPECIFIED.,.F.,.F.,(3,2,2,2,3),(0.153179364,0.25,0.5,0.75,1.),.UNSPECIFIED.);
#4167=EDGE_CURVE('',#3392,#4086,#4166,.T.);
#4168=ORIENTED_EDGE('',*,*,#4167,.T.);
#4169=ORIENTED_EDGE('',*,*,#4090,.T.);
#4170=CARTESIAN_POINT('',(110.006937689,43.631661197,5.471654591));
#4171=CARTESIAN_POINT('',(110.23732001,43.632101219,5.471654591));
#4172=CARTESIAN_POINT('',(110.463956976,43.654463711,5.471654591));
#4173=CARTESIAN_POINT('',(110.6867942,43.699067022,5.471654591));
#4174=CARTESIAN_POINT('',(110.798212812,43.721368678,5.471654591));
#4175=CARTESIAN_POINT('',(110.908681467,43.749230658,5.471654591));
#4176=CARTESIAN_POINT('',(111.018193244,43.782693481,5.471654591));
#4177=CARTESIAN_POINT('',(111.127705022,43.816156304,5.471654591));
#4178=CARTESIAN_POINT('',(111.236494361,43.855367951,5.471654591));
#4179=CARTESIAN_POINT('',(111.342470643,43.899352304,5.471654591));
#4180=CARTESIAN_POINT('',(111.448446924,43.943336657,5.471654591));
#4181=CARTESIAN_POINT('',(111.552062522,43.992238641,5.471654591));
#4182=CARTESIAN_POINT('',(111.65322139,44.046258338,5.471654591));
#4183=CARTESIAN_POINT('',(111.754380257,44.100278034,5.471654591));
#4184=CARTESIAN_POINT('',(111.853523656,44.159732143,5.471654591));
#4185=CARTESIAN_POINT('',(111.948794264,44.223595449,5.471654591));
#4186=CARTESIAN_POINT('',(112.139335481,44.351322062,5.471654591));
#4187=CARTESIAN_POINT('',(112.314475734,44.496378327,5.471654591));
#4188=CARTESIAN_POINT('',(112.475458292,44.657365279,5.471654591));
#4189=CARTESIAN_POINT('',(112.636440849,44.818352231,5.471654591));
#4190=CARTESIAN_POINT('',(112.784264887,44.997504264,5.471654591));
#4191=CARTESIAN_POINT('',(112.910842038,45.187018488,5.471654591));
#4192=CARTESIAN_POINT('',(113.037419189,45.376532711,5.471654591));
#4193=CARTESIAN_POINT('',(113.144109336,45.577118388,5.471654591));
#4194=CARTESIAN_POINT('',(113.231901961,45.788224658,5.471654591));
#4195=CARTESIAN_POINT('',(113.275798274,45.893777792,5.471654591));
#4196=CARTESIAN_POINT('',(113.315085297,46.002522698,5.471654591));
#4197=CARTESIAN_POINT('',(113.34857783,46.111918571,5.47165459));
#4198=CARTESIAN_POINT('',(113.382070362,46.221314445,5.47165459));
#4199=CARTESIAN_POINT('',(113.409960166,46.331679155,5.47165459));
#4200=CARTESIAN_POINT('',(113.4322938,46.44300465,5.47165459));
#4201=CARTESIAN_POINT('',(113.476961069,46.665655641,5.47165459));
#4202=CARTESIAN_POINT('',(113.49940429,46.892149663,5.47165459));
#4203=CARTESIAN_POINT('',(113.499988298,47.12242363,5.47165459));
#4204=B_SPLINE_CURVE_WITH_KNOTS('',3,(#4170,#4171,#4172,#4173,#4174,#4175,#4176,#4177,#4178,#4179,#4180,#4181,#4182,#4183,#4184,#4185,#4186,#4187,#4188,#4189,#4190,#4191,#4192,#4193,#4194,#4195,
#4196,#4197,#4198,#4199,#4200,#4201,#4202,#4203),.UNSPECIFIED.,.F.,.F.,(4,3,3,3,3,3,3,3,3,3,3,4),(0.009111601,0.009802921,0.01014858,0.01049424,0.0108399,0.011185559,0.011876879,0.012568198,0.013259517,0.013605177,0.013950837,0.014642156),.UNSPECIFIED.);
#4205=EDGE_CURVE('',#4148,#4078,#4204,.T.);
#4206=ORIENTED_EDGE('',*,*,#4205,.F.);
#4207=EDGE_LOOP('',(#4154,#4155,#4156,#4168,#4169,#4206));
#4208=FACE_BOUND('',#4207,.T.);
#4209=ADVANCED_FACE('',(#4208),#4146,.T.);
#4210=CARTESIAN_POINT('',(133.1,43.631654571,-2.328345363));
#4211=DIRECTION('',(0.,-1.,0.));
#4212=DIRECTION('',(0.,-0.,-1.));
#4213=AXIS2_PLACEMENT_3D('',#4210,#4211,#4212);
#4214=PLANE('',#4213);
#4215=CARTESIAN_POINT('',(89.993062324,43.631667796,5.471654584));
#4216=VERTEX_POINT('',#4215);
#4217=CARTESIAN_POINT('',(90.,43.631654571,0.021654578));
#4218=DIRECTION('',(-0.,0.,1.));
#4219=VECTOR('',#4218,5.450000006);
#4220=LINE('',#4217,#4219);
#4221=EDGE_CURVE('',#3244,#4216,#4220,.T.);
#4222=ORIENTED_EDGE('',*,*,#4221,.F.);
#4223=ORIENTED_EDGE('',*,*,#3249,.T.);
#4224=ORIENTED_EDGE('',*,*,#4153,.T.);
#4225=CARTESIAN_POINT('',(110.006937676,43.631654572,5.471654584));
#4226=DIRECTION('',(-1.,-0.,0.));
#4227=VECTOR('',#4226,20.020813028);
#4228=LINE('',#4225,#4227);
#4229=EDGE_CURVE('',#4148,#4216,#4228,.T.);
#4230=ORIENTED_EDGE('',*,*,#4229,.T.);
#4231=EDGE_LOOP('',(#4222,#4223,#4224,#4230));
#4232=FACE_BOUND('',#4231,.T.);
#4233=ADVANCED_FACE('',(#4232),#4214,.T.);
#4234=CARTESIAN_POINT('',(86.5,47.131654571,-2.328345393));
#4235=CARTESIAN_POINT('',(86.5,47.131654571,-2.328345364));
#4236=CARTESIAN_POINT('',(86.5,47.131654572,3.621654605));
#4237=CARTESIAN_POINT('',(86.5,47.131654572,3.871654584));
#4238=CARTESIAN_POINT('',(86.5,47.131654573,4.5141546));
#4239=CARTESIAN_POINT('',(86.5,47.131654573,5.471654583));
#4240=CARTESIAN_POINT('',(86.5,46.435851324,-2.328345393));
#4241=CARTESIAN_POINT('',(86.5,46.435851324,-2.328345364));
#4242=CARTESIAN_POINT('',(86.5,46.435851326,3.621654605));
#4243=CARTESIAN_POINT('',(86.5,46.435851326,3.871654584));
#4244=CARTESIAN_POINT('',(86.5,46.435851326,4.5141546));
#4245=CARTESIAN_POINT('',(86.5,46.435851326,5.471654583));
#4246=CARTESIAN_POINT('',(86.766421636,45.792262557,-2.328345393));
#4247=CARTESIAN_POINT('',(86.766421636,45.792262557,-2.328345363));
#4248=CARTESIAN_POINT('',(86.766421636,45.792262559,3.621654605));
#4249=CARTESIAN_POINT('',(86.766421636,45.792262559,3.871654584));
#4250=CARTESIAN_POINT('',(86.766421636,45.792262559,4.5141546));
#4251=CARTESIAN_POINT('',(86.766421636,45.792262559,5.471654584));
#4252=CARTESIAN_POINT('',(87.032418568,45.14969974,-2.328345393));
#4253=CARTESIAN_POINT('',(87.032418568,45.14969974,-2.328345363));
#4254=CARTESIAN_POINT('',(87.032418568,45.149699742,3.621654605));
#4255=CARTESIAN_POINT('',(87.032418568,45.149699742,3.871654585));
#4256=CARTESIAN_POINT('',(87.032418568,45.149699742,4.514154601));
#4257=CARTESIAN_POINT('',(87.032418568,45.149699742,5.471654584));
#4258=CARTESIAN_POINT('',(87.525126266,44.656780837,-2.328345393));
#4259=CARTESIAN_POINT('',(87.525126266,44.656780837,-2.328345363));
#4260=CARTESIAN_POINT('',(87.525126266,44.656780838,3.621654605));
#4261=CARTESIAN_POINT('',(87.525126266,44.656780838,3.871654585));
#4262=CARTESIAN_POINT('',(87.525126266,44.656780838,4.514154601));
#4263=CARTESIAN_POINT('',(87.525126266,44.656780839,5.471654584));
#4264=CARTESIAN_POINT('',(88.016773531,44.16492282,-2.328345392));
#4265=CARTESIAN_POINT('',(88.016773531,44.16492282,-2.328345363));
#4266=CARTESIAN_POINT('',(88.016773531,44.164922822,3.621654606));
#4267=CARTESIAN_POINT('',(88.016773531,44.164922822,3.871654585));
#4268=CARTESIAN_POINT('',(88.016773531,44.164922822,4.514154601));
#4269=CARTESIAN_POINT('',(88.016773531,44.164922822,5.471654584));
#4270=CARTESIAN_POINT('',(88.660607987,43.898076207,-2.328345392));
#4271=CARTESIAN_POINT('',(88.660607987,43.898076207,-2.328345363));
#4272=CARTESIAN_POINT('',(88.660607987,43.898076208,3.621654606));
#4273=CARTESIAN_POINT('',(88.660607987,43.898076209,3.871654585));
#4274=CARTESIAN_POINT('',(88.660607987,43.898076209,4.514154601));
#4275=CARTESIAN_POINT('',(88.660607987,43.898076209,5.471654584));
#4276=CARTESIAN_POINT('',(89.303417078,43.631654571,-2.328345392));
#4277=CARTESIAN_POINT('',(89.303417078,43.631654571,-2.328345363));
#4278=CARTESIAN_POINT('',(89.303417078,43.631654572,3.621654606));
#4279=CARTESIAN_POINT('',(89.303417078,43.631654572,3.871654585));
#4280=CARTESIAN_POINT('',(89.303417078,43.631654573,4.514154601));
#4281=CARTESIAN_POINT('',(89.303417078,43.631654573,5.471654584));
#4282=CARTESIAN_POINT('',(90.,43.631654571,-2.328345392));
#4283=CARTESIAN_POINT('',(90.,43.631654571,-2.328345363));
#4284=CARTESIAN_POINT('',(90.,43.631654572,3.621654606));
#4285=CARTESIAN_POINT('',(90.,43.631654572,3.871654585));
#4286=CARTESIAN_POINT('',(90.,43.631654573,4.514154601));
#4287=CARTESIAN_POINT('',(90.,43.631654573,5.471654584));
#4288=B_SPLINE_SURFACE_WITH_KNOTS('',2,1,((#4234,#4235,#4236,#4237,#4238,#4239),(#4240,#4241,#4242,#4243,#4244,#4245),(#4246,#4247,#4248,#4249,#4250,#4251),(#4252,#4253,#4254,#4255,#4256,#4257),(#4258,#4259,#4260,#4261,#4262,#4263),(#4264,#4265,#4266,#4267,#4268,#4269),(#4270,#4271,#4272,#4273,#4274,#4275),(#4276,#4277,#4278,#4279,#4280,#4281),(#4282,#4283,#4284,#4285,#4286,#4287)),.UNSPECIFIED.,.F.,.F.,.U.,(3,2,2,2,3),(2,1,1,1,1,2),(0.,0.25,0.5,0.75,1.),(-0.00000000496,0.,1.,1.042016803,1.15,1.310924368),.UNSPECIFIED.);
#4289=ORIENTED_EDGE('',*,*,#3166,.T.);
#4290=ORIENTED_EDGE('',*,*,#3256,.T.);
#4291=ORIENTED_EDGE('',*,*,#4221,.T.);
#4292=CARTESIAN_POINT('',(86.500013253,47.124716898,5.471654583));
#4293=VERTEX_POINT('',#4292);
#4294=CARTESIAN_POINT('',(86.500006624,47.124716885,5.471654583));
#4295=CARTESIAN_POINT('',(86.500446646,46.894334564,5.471654583));
#4296=CARTESIAN_POINT('',(86.522809138,46.667697597,5.471654583));
#4297=CARTESIAN_POINT('',(86.567412449,46.444860374,5.471654583));
#4298=CARTESIAN_POINT('',(86.589714105,46.333441762,5.471654583));
#4299=CARTESIAN_POINT('',(86.617576085,46.222973106,5.471654583));
#4300=CARTESIAN_POINT('',(86.651038908,46.113461329,5.471654584));
#4301=CARTESIAN_POINT('',(86.684501731,46.003949552,5.471654584));
#4302=CARTESIAN_POINT('',(86.723713378,45.895160212,5.471654584));
#4303=CARTESIAN_POINT('',(86.767697731,45.789183931,5.471654584));
#4304=CARTESIAN_POINT('',(86.811682084,45.68320765,5.471654584));
#4305=CARTESIAN_POINT('',(86.860584068,45.579592051,5.471654584));
#4306=CARTESIAN_POINT('',(86.914603765,45.478433184,5.471654584));
#4307=CARTESIAN_POINT('',(86.968623461,45.377274316,5.471654584));
#4308=CARTESIAN_POINT('',(87.028077569,45.278130918,5.471654584));
#4309=CARTESIAN_POINT('',(87.091940876,45.182860309,5.471654584));
#4310=CARTESIAN_POINT('',(87.219667489,44.992319092,5.471654584));
#4311=CARTESIAN_POINT('',(87.364723754,44.817178839,5.471654584));
#4312=CARTESIAN_POINT('',(87.525710706,44.656196282,5.471654584));
#4313=CARTESIAN_POINT('',(87.686697658,44.495213724,5.471654584));
#4314=CARTESIAN_POINT('',(87.865849691,44.347389687,5.471654584));
#4315=CARTESIAN_POINT('',(88.055363915,44.220812535,5.471654584));
#4316=CARTESIAN_POINT('',(88.244878138,44.094235384,5.471654584));
#4317=CARTESIAN_POINT('',(88.445463815,43.987545236,5.471654584));
#4318=CARTESIAN_POINT('',(88.656570085,43.899752612,5.471654584));
#4319=CARTESIAN_POINT('',(88.762123219,43.855856299,5.471654584));
#4320=CARTESIAN_POINT('',(88.870868125,43.816569276,5.471654584));
#4321=CARTESIAN_POINT('',(88.980263998,43.783076743,5.471654584));
#4322=CARTESIAN_POINT('',(89.089659872,43.74958421,5.471654584));
#4323=CARTESIAN_POINT('',(89.200024582,43.721694407,5.471654584));
#4324=CARTESIAN_POINT('',(89.311350077,43.699360772,5.471654584));
#4325=CARTESIAN_POINT('',(89.534001068,43.654693504,5.471654584));
#4326=CARTESIAN_POINT('',(89.76049509,43.632250282,5.471654584));
#4327=CARTESIAN_POINT('',(89.990769057,43.631666275,5.471654584));
#4328=B_SPLINE_CURVE_WITH_KNOTS('',3,(#4294,#4295,#4296,#4297,#4298,#4299,#4300,#4301,#4302,#4303,#4304,#4305,#4306,#4307,#4308,#4309,#4310,#4311,#4312,#4313,#4314,#4315,#4316,#4317,#4318,#4319,
#4320,#4321,#4322,#4323,#4324,#4325,#4326,#4327),.UNSPECIFIED.,.F.,.F.,(4,3,3,3,3,3,3,3,3,3,3,4),(0.009111601,0.009802921,0.01014858,0.01049424,0.0108399,0.011185559,0.011876879,0.012568198,0.013259517,0.013605177,0.013950837,0.014642156),.UNSPECIFIED.);
#4329=EDGE_CURVE('',#4293,#4216,#4328,.T.);
#4330=ORIENTED_EDGE('',*,*,#4329,.F.);
#4331=CARTESIAN_POINT('',(86.5,47.131654571,-2.328345422));
#4332=VERTEX_POINT('',#4331);
#4333=CARTESIAN_POINT('',(86.5,47.131654571,-2.328345364));
#4334=CARTESIAN_POINT('',(86.5,47.131654573,5.471654583));
#4335=B_SPLINE_CURVE_WITH_KNOTS('',1,(#4333,#4334),.UNSPECIFIED.,.F.,.F.,(2,2),(0.,1.310924368),.UNSPECIFIED.);
#4336=EDGE_CURVE('',#4332,#4293,#4335,.T.);
#4337=ORIENTED_EDGE('',*,*,#4336,.F.);
#4338=CARTESIAN_POINT('',(86.5,47.131654571,-2.328345422));
#4339=CARTESIAN_POINT('',(86.5,46.436226106,-2.328345422));
#4340=CARTESIAN_POINT('',(86.766421636,45.792262557,-2.328345422));
#4341=CARTESIAN_POINT('',(87.03205898,45.15019471,-2.328345422));
#4342=CARTESIAN_POINT('',(87.525126266,44.656780837,-2.328345422));
#4343=CARTESIAN_POINT('',(88.016367032,44.165194767,-2.328345422));
#4344=CARTESIAN_POINT('',(88.660607987,43.898076207,-2.328345422));
#4345=CARTESIAN_POINT('',(88.90952788,43.794867736,-2.328345422));
#4346=CARTESIAN_POINT('',(89.166592303,43.73164096,-2.328345422));
#4347=B_SPLINE_CURVE_WITH_KNOTS('',2,(#4338,#4339,#4340,#4341,#4342,#4343,#4344,#4345,#4346),.UNSPECIFIED.,.F.,.F.,(3,2,2,2,3),(0.,0.25,0.5,0.75,0.84684693),.UNSPECIFIED.);
#4348=EDGE_CURVE('',#4332,#3158,#4347,.T.);
#4349=ORIENTED_EDGE('',*,*,#4348,.T.);
#4350=EDGE_LOOP('',(#4289,#4290,#4291,#4330,#4337,#4349));
#4351=FACE_BOUND('',#4350,.T.);
#4352=ADVANCED_FACE('',(#4351),#4288,.T.);
#4353=CARTESIAN_POINT('',(86.5,157.131654571,-2.328345393));
#4354=DIRECTION('',(-1.,0.,0.));
#4355=DIRECTION('',(0.,-0.,-1.));
#4356=AXIS2_PLACEMENT_3D('',#4353,#4354,#4355);
#4357=PLANE('',#4356);
#4358=CARTESIAN_POINT('',(86.500013224,67.13859225,5.471654585));
#4359=VERTEX_POINT('',#4358);
#4360=CARTESIAN_POINT('',(86.499999998,47.117779223,5.471654583));
#4361=DIRECTION('',(0.,1.,-0.));
#4362=VECTOR('',#4361,20.020813027);
#4363=LINE('',#4360,#4362);
#4364=EDGE_CURVE('',#4293,#4359,#4363,.T.);
#4365=ORIENTED_EDGE('',*,*,#4364,.T.);
#4366=CARTESIAN_POINT('',(86.5,67.131654571,-2.328345422));
#4367=VERTEX_POINT('',#4366);
#4368=CARTESIAN_POINT('',(86.5,67.131654571,-2.328345369));
#4369=CARTESIAN_POINT('',(86.5,67.131654573,5.471654585));
#4370=B_SPLINE_CURVE_WITH_KNOTS('',1,(#4368,#4369),.UNSPECIFIED.,.F.,.F.,(2,2),(-0.310924369,1.),.UNSPECIFIED.);
#4371=EDGE_CURVE('',#4367,#4359,#4370,.T.);
#4372=ORIENTED_EDGE('',*,*,#4371,.F.);
#4373=CARTESIAN_POINT('',(86.5,67.131654571,-2.328345369));
#4374=DIRECTION('',(0.,-1.,0.));
#4375=VECTOR('',#4374,20.);
#4376=LINE('',#4373,#4375);
#4377=EDGE_CURVE('',#4367,#4332,#4376,.T.);
#4378=ORIENTED_EDGE('',*,*,#4377,.T.);
#4379=ORIENTED_EDGE('',*,*,#4336,.T.);
#4380=EDGE_LOOP('',(#4365,#4372,#4378,#4379));
#4381=FACE_BOUND('',#4380,.T.);
#4382=ADVANCED_FACE('',(#4381),#4357,.T.);
#4383=CARTESIAN_POINT('',(90.,70.631654571,-2.32834537));
#4384=CARTESIAN_POINT('',(90.,70.631654572,3.621654599));
#4385=CARTESIAN_POINT('',(90.,70.631654572,3.871654578));
#4386=CARTESIAN_POINT('',(90.,70.631654573,4.514154594));
#4387=CARTESIAN_POINT('',(90.,70.631654573,5.471654584));
#4388=CARTESIAN_POINT('',(89.304196753,70.631654571,-2.32834537));
#4389=CARTESIAN_POINT('',(89.304196753,70.631654572,3.621654599));
#4390=CARTESIAN_POINT('',(89.304196753,70.631654572,3.871654578));
#4391=CARTESIAN_POINT('',(89.304196753,70.631654573,4.514154594));
#4392=CARTESIAN_POINT('',(89.304196753,70.631654573,5.471654584));
#4393=CARTESIAN_POINT('',(88.660607987,70.365232935,-2.32834537));
#4394=CARTESIAN_POINT('',(88.660607987,70.365232936,3.621654599));
#4395=CARTESIAN_POINT('',(88.660607987,70.365232936,3.871654578));
#4396=CARTESIAN_POINT('',(88.660607987,70.365232936,4.514154594));
#4397=CARTESIAN_POINT('',(88.660607987,70.365232937,5.471654584));
#4398=CARTESIAN_POINT('',(88.01804517,70.099236003,-2.32834537));
#4399=CARTESIAN_POINT('',(88.01804517,70.099236004,3.621654599));
#4400=CARTESIAN_POINT('',(88.01804517,70.099236005,3.871654578));
#4401=CARTESIAN_POINT('',(88.01804517,70.099236005,4.514154594));
#4402=CARTESIAN_POINT('',(88.01804517,70.099236005,5.471654584));
#4403=CARTESIAN_POINT('',(87.525126266,69.606528305,-2.32834537));
#4404=CARTESIAN_POINT('',(87.525126266,69.606528306,3.621654599));
#4405=CARTESIAN_POINT('',(87.525126266,69.606528306,3.871654578));
#4406=CARTESIAN_POINT('',(87.525126266,69.606528307,4.514154594));
#4407=CARTESIAN_POINT('',(87.525126266,69.606528307,5.471654584));
#4408=CARTESIAN_POINT('',(87.03326825,69.11488104,-2.328345369));
#4409=CARTESIAN_POINT('',(87.03326825,69.114881041,3.621654599));
#4410=CARTESIAN_POINT('',(87.03326825,69.114881041,3.871654578));
#4411=CARTESIAN_POINT('',(87.03326825,69.114881041,4.514154594));
#4412=CARTESIAN_POINT('',(87.03326825,69.114881042,5.471654584));
#4413=CARTESIAN_POINT('',(86.766421636,68.471046584,-2.328345369));
#4414=CARTESIAN_POINT('',(86.766421636,68.471046586,3.621654599));
#4415=CARTESIAN_POINT('',(86.766421636,68.471046586,3.871654578));
#4416=CARTESIAN_POINT('',(86.766421636,68.471046586,4.514154594));
#4417=CARTESIAN_POINT('',(86.766421636,68.471046586,5.471654585));
#4418=CARTESIAN_POINT('',(86.5,67.828237492,-2.328345369));
#4419=CARTESIAN_POINT('',(86.5,67.828237494,3.621654599));
#4420=CARTESIAN_POINT('',(86.5,67.828237494,3.871654579));
#4421=CARTESIAN_POINT('',(86.5,67.828237494,4.514154595));
#4422=CARTESIAN_POINT('',(86.5,67.828237494,5.471654585));
#4423=CARTESIAN_POINT('',(86.5,67.131654571,-2.328345369));
#4424=CARTESIAN_POINT('',(86.5,67.131654572,3.6216546));
#4425=CARTESIAN_POINT('',(86.5,67.131654572,3.871654579));
#4426=CARTESIAN_POINT('',(86.5,67.131654573,4.514154595));
#4427=CARTESIAN_POINT('',(86.5,67.131654573,5.471654585));
#4428=B_SPLINE_SURFACE_WITH_KNOTS('',2,1,((#4383,#4384,#4385,#4386,#4387),(#4388,#4389,#4390,#4391,#4392),(#4393,#4394,#4395,#4396,#4397),(#4398,#4399,#4400,#4401,#4402),(#4403,#4404,#4405,#4406,#4407),(#4408,#4409,#4410,#4411,#4412),(#4413,#4414,#4415,#4416,#4417),(#4418,#4419,#4420,#4421,#4422),(#4423,#4424,#4425,#4426,#4427)),.UNSPECIFIED.,.F.,.F.,.U.,(3,2,2,2,3),(2,1,1,1,2),(0.,0.25,0.5,0.75,1.),(0.,1.,1.042016803,1.15,1.310924369),.UNSPECIFIED.);
#4429=CARTESIAN_POINT('',(89.993062324,70.63164132,5.471654584));
#4430=VERTEX_POINT('',#4429);
#4431=CARTESIAN_POINT('',(89.993062311,70.631647949,5.471654584));
#4432=CARTESIAN_POINT('',(89.76267999,70.631207927,5.471654584));
#4433=CARTESIAN_POINT('',(89.536043024,70.608845434,5.471654584));
#4434=CARTESIAN_POINT('',(89.3132058,70.564242123,5.471654584));
#4435=CARTESIAN_POINT('',(89.201787188,70.541940468,5.471654584));
#4436=CARTESIAN_POINT('',(89.091318533,70.514078488,5.471654584));
#4437=CARTESIAN_POINT('',(88.981806756,70.480615665,5.471654584));
#4438=CARTESIAN_POINT('',(88.872294978,70.447152842,5.471654584));
#4439=CARTESIAN_POINT('',(88.763505639,70.407941195,5.471654584));
#4440=CARTESIAN_POINT('',(88.657529357,70.363956842,5.471654584));
#4441=CARTESIAN_POINT('',(88.551553076,70.319972489,5.471654584));
#4442=CARTESIAN_POINT('',(88.447937478,70.271070504,5.471654584));
#4443=CARTESIAN_POINT('',(88.34677861,70.217050808,5.471654584));
#4444=CARTESIAN_POINT('',(88.245619743,70.163031111,5.471654584));
#4445=CARTESIAN_POINT('',(88.146476344,70.103577003,5.471654584));
#4446=CARTESIAN_POINT('',(88.051205736,70.039713697,5.471654584));
#4447=CARTESIAN_POINT('',(87.860664519,69.911987084,5.471654584));
#4448=CARTESIAN_POINT('',(87.685524266,69.766930819,5.471654584));
#4449=CARTESIAN_POINT('',(87.524541708,69.605943867,5.471654584));
#4450=CARTESIAN_POINT('',(87.363559151,69.444956915,5.471654584));
#4451=CARTESIAN_POINT('',(87.215735114,69.265804881,5.471654584));
#4452=CARTESIAN_POINT('',(87.089157962,69.076290658,5.471654584));
#4453=CARTESIAN_POINT('',(86.962580811,68.886776434,5.471654585));
#4454=CARTESIAN_POINT('',(86.855890664,68.686190757,5.471654585));
#4455=CARTESIAN_POINT('',(86.768098039,68.475084488,5.471654585));
#4456=CARTESIAN_POINT('',(86.724201726,68.369531353,5.471654585));
#4457=CARTESIAN_POINT('',(86.684914703,68.260786448,5.471654585));
#4458=CARTESIAN_POINT('',(86.65142217,68.151390574,5.471654585));
#4459=CARTESIAN_POINT('',(86.617929638,68.041994701,5.471654585));
#4460=CARTESIAN_POINT('',(86.590039834,67.931629991,5.471654585));
#4461=CARTESIAN_POINT('',(86.5677062,67.820304495,5.471654585));
#4462=CARTESIAN_POINT('',(86.523038931,67.597653505,5.471654585));
#4463=CARTESIAN_POINT('',(86.50059571,67.371159483,5.471654585));
#4464=CARTESIAN_POINT('',(86.500011702,67.140885516,5.471654585));
#4465=B_SPLINE_CURVE_WITH_KNOTS('',3,(#4431,#4432,#4433,#4434,#4435,#4436,#4437,#4438,#4439,#4440,#4441,#4442,#4443,#4444,#4445,#4446,#4447,#4448,#4449,#4450,#4451,#4452,#4453,#4454,#4455,#4456,
#4457,#4458,#4459,#4460,#4461,#4462,#4463,#4464),.UNSPECIFIED.,.F.,.F.,(4,3,3,3,3,3,3,3,3,3,3,4),(0.009111601,0.009802921,0.01014858,0.01049424,0.0108399,0.011185559,0.011876879,0.012568198,0.013259517,0.013605177,0.013950837,0.014642156),.UNSPECIFIED.);
#4466=EDGE_CURVE('',#4430,#4359,#4465,.T.);
#4467=ORIENTED_EDGE('',*,*,#4466,.F.);
#4468=CARTESIAN_POINT('',(90.,70.631654571,-2.328345422));
#4469=VERTEX_POINT('',#4468);
#4470=CARTESIAN_POINT('',(90.,70.631654571,-2.32834537));
#4471=DIRECTION('',(0.,0.,1.));
#4472=VECTOR('',#4471,7.799999954);
#4473=LINE('',#4470,#4472);
#4474=EDGE_CURVE('',#4469,#4430,#4473,.T.);
#4475=ORIENTED_EDGE('',*,*,#4474,.F.);
#4476=CARTESIAN_POINT('',(90.,70.631654571,-2.328345422));
#4477=CARTESIAN_POINT('',(89.304571535,70.631654571,-2.328345422));
#4478=CARTESIAN_POINT('',(88.660607987,70.365232935,-2.328345422));
#4479=CARTESIAN_POINT('',(88.018540139,70.099595591,-2.328345422));
#4480=CARTESIAN_POINT('',(87.525126266,69.606528305,-2.328345422));
#4481=CARTESIAN_POINT('',(87.033540196,69.115287539,-2.328345422));
#4482=CARTESIAN_POINT('',(86.766421636,68.471046584,-2.328345422));
#4483=CARTESIAN_POINT('',(86.5,67.828486482,-2.328345422));
#4484=CARTESIAN_POINT('',(86.5,67.131654571,-2.328345422));
#4485=B_SPLINE_CURVE_WITH_KNOTS('',2,(#4476,#4477,#4478,#4479,#4480,#4481,#4482,#4483,#4484),.UNSPECIFIED.,.F.,.F.,(3,2,2,2,3),(0.,0.25,0.5,0.75,1.),.UNSPECIFIED.);
#4486=EDGE_CURVE('',#4469,#4367,#4485,.T.);
#4487=ORIENTED_EDGE('',*,*,#4486,.T.);
#4488=ORIENTED_EDGE('',*,*,#4371,.T.);
#4489=EDGE_LOOP('',(#4467,#4475,#4487,#4488));
#4490=FACE_BOUND('',#4489,.T.);
#4491=ADVANCED_FACE('',(#4490),#4428,.T.);
#4492=CARTESIAN_POINT('',(133.1,70.631654571,-2.32834537));
#4493=DIRECTION('',(0.,1.,-0.));
#4494=DIRECTION('',(0.,0.,1.));
#4495=AXIS2_PLACEMENT_3D('',#4492,#4493,#4494);
#4496=PLANE('',#4495);
#4497=CARTESIAN_POINT('',(100.,70.631654571,-2.32834537));
#4498=VERTEX_POINT('',#4497);
#4499=CARTESIAN_POINT('',(100.,70.631654572,3.871654578));
#4500=VERTEX_POINT('',#4499);
#4501=CARTESIAN_POINT('',(100.,70.631654571,-2.32834537));
#4502=DIRECTION('',(0.,0.,1.));
#4503=VECTOR('',#4502,6.199999948);
#4504=LINE('',#4501,#4503);
#4505=EDGE_CURVE('',#4498,#4500,#4504,.T.);
#4506=ORIENTED_EDGE('',*,*,#4505,.T.);
#4507=ORIENTED_EDGE('',*,*,#4505,.F.);
#4508=CARTESIAN_POINT('',(100.,70.631654571,-2.32834537));
#4509=DIRECTION('',(-1.,-0.,0.));
#4510=VECTOR('',#4509,10.);
#4511=LINE('',#4508,#4510);
#4512=EDGE_CURVE('',#4498,#4469,#4511,.T.);
#4513=ORIENTED_EDGE('',*,*,#4512,.T.);
#4514=ORIENTED_EDGE('',*,*,#4474,.T.);
#4515=CARTESIAN_POINT('',(110.013875352,70.631654572,5.471654584));
#4516=DIRECTION('',(-1.,0.,-0.));
#4517=VECTOR('',#4516,20.020813028);
#4518=LINE('',#4515,#4517);
#4519=EDGE_CURVE('',#4003,#4430,#4518,.T.);
#4520=ORIENTED_EDGE('',*,*,#4519,.F.);
#4521=ORIENTED_EDGE('',*,*,#4066,.F.);
#4522=CARTESIAN_POINT('',(110.,70.631654571,-2.32834537));
#4523=DIRECTION('',(-1.,-0.,0.));
#4524=VECTOR('',#4523,10.);
#4525=LINE('',#4522,#4524);
#4526=EDGE_CURVE('',#4049,#4498,#4525,.T.);
#4527=ORIENTED_EDGE('',*,*,#4526,.T.);
#4528=EDGE_LOOP('',(#4506,#4507,#4513,#4514,#4520,#4521,#4527));
#4529=FACE_BOUND('',#4528,.T.);
#4530=ADVANCED_FACE('',(#4529),#4496,.T.);
#4531=CARTESIAN_POINT('',(110.,44.431654571,-2.328345363));
#4532=CARTESIAN_POINT('',(110.,44.431654572,3.621654605));
#4533=CARTESIAN_POINT('',(110.,44.431654573,4.514154601));
#4534=CARTESIAN_POINT('',(110.,44.431654573,5.471654591));
#4535=CARTESIAN_POINT('',(110.536673293,44.431654571,-2.328345363));
#4536=CARTESIAN_POINT('',(110.536673293,44.431654572,3.621654605));
#4537=CARTESIAN_POINT('',(110.536673293,44.431654573,4.514154601));
#4538=CARTESIAN_POINT('',(110.536673293,44.431654573,5.471654591));
#4539=CARTESIAN_POINT('',(111.033245267,44.637179833,-2.328345363));
#4540=CARTESIAN_POINT('',(111.033245267,44.637179834,3.621654605));
#4541=CARTESIAN_POINT('',(111.033245267,44.637179835,4.514154601));
#4542=CARTESIAN_POINT('',(111.033245267,44.637179835,5.471654591));
#4543=CARTESIAN_POINT('',(111.528791206,44.842280431,-2.328345363));
#4544=CARTESIAN_POINT('',(111.528791206,44.842280432,3.621654605));
#4545=CARTESIAN_POINT('',(111.528791206,44.842280433,4.514154601));
#4546=CARTESIAN_POINT('',(111.528791206,44.842280433,5.471654591));
#4547=CARTESIAN_POINT('',(111.909188309,45.222466262,-2.328345363));
#4548=CARTESIAN_POINT('',(111.909188309,45.222466263,3.621654605));
#4549=CARTESIAN_POINT('',(111.909188309,45.222466263,4.514154601));
#4550=CARTESIAN_POINT('',(111.909188309,45.222466264,5.471654591));
#4551=CARTESIAN_POINT('',(112.288524458,45.601591727,-2.328345363));
#4552=CARTESIAN_POINT('',(112.288524458,45.601591728,3.621654605));
#4553=CARTESIAN_POINT('',(112.288524458,45.601591728,4.5141546));
#4554=CARTESIAN_POINT('',(112.288524458,45.601591729,5.471654591));
#4555=CARTESIAN_POINT('',(112.494474738,46.098409303,-2.328345363));
#4556=CARTESIAN_POINT('',(112.494474738,46.098409305,3.621654605));
#4557=CARTESIAN_POINT('',(112.494474738,46.098409305,4.5141546));
#4558=CARTESIAN_POINT('',(112.494474738,46.098409305,5.47165459));
#4559=CARTESIAN_POINT('',(112.7,46.594201603,-2.328345364));
#4560=CARTESIAN_POINT('',(112.7,46.594201604,3.621654605));
#4561=CARTESIAN_POINT('',(112.7,46.594201605,4.5141546));
#4562=CARTESIAN_POINT('',(112.7,46.594201605,5.47165459));
#4563=CARTESIAN_POINT('',(112.7,47.131654571,-2.328345364));
#4564=CARTESIAN_POINT('',(112.7,47.131654572,3.621654605));
#4565=CARTESIAN_POINT('',(112.7,47.131654573,4.5141546));
#4566=CARTESIAN_POINT('',(112.7,47.131654573,5.47165459));
#4567=B_SPLINE_SURFACE_WITH_KNOTS('',2,1,((#4531,#4532,#4533,#4534),(#4535,#4536,#4537,#4538),(#4539,#4540,#4541,#4542),(#4543,#4544,#4545,#4546),(#4547,#4548,#4549,#4550),(#4551,#4552,#4553,#4554),(#4555,#4556,#4557,#4558),(#4559,#4560,#4561,#4562),(#4563,#4564,#4565,#4566)),.UNSPECIFIED.,.F.,.F.,.U.,(3,2,2,2,3),(2,1,1,2),(0.,0.25,0.5,0.75,1.),(0.,1.,1.15,1.310924369),.UNSPECIFIED.);
#4568=CARTESIAN_POINT('',(110.013771499,44.431668402,5.471651876));
#4569=VERTEX_POINT('',#4568);
#4570=CARTESIAN_POINT('',(112.699983351,47.117848128,5.471651886));
#4571=VERTEX_POINT('',#4570);
#4572=CARTESIAN_POINT('',(110.013768602,44.431688425,5.471654591));
#4573=CARTESIAN_POINT('',(110.361827675,44.433400729,5.471654591));
#4574=CARTESIAN_POINT('',(110.700690269,44.500141342,5.471654591));
#4575=CARTESIAN_POINT('',(111.029198956,44.635508801,5.471654591));
#4576=CARTESIAN_POINT('',(111.1934533,44.70319253,5.471654591));
#4577=CARTESIAN_POINT('',(111.349034105,44.785598679,5.471654591));
#4578=CARTESIAN_POINT('',(111.495680943,44.8831693,5.471654591));
#4579=CARTESIAN_POINT('',(111.642327781,44.98073992,5.471654591));
#4580=CARTESIAN_POINT('',(111.780590396,45.094464298,5.471654591));
#4581=CARTESIAN_POINT('',(111.90504347,45.218332325,5.471654591));
#4582=CARTESIAN_POINT('',(112.029496545,45.342200353,5.471654591));
#4583=CARTESIAN_POINT('',(112.141575424,45.477042473,5.471654591));
#4584=CARTESIAN_POINT('',(112.240294731,45.623732569,5.471654591));
#4585=CARTESIAN_POINT('',(112.289654384,45.697077617,5.471654591));
#4586=CARTESIAN_POINT('',(112.335671252,45.773510399,5.471654591));
#4587=CARTESIAN_POINT('',(112.377356584,45.85117665,5.471654591));
#4588=CARTESIAN_POINT('',(112.419041916,45.928842901,5.471654591));
#4589=CARTESIAN_POINT('',(112.456695561,46.008150551,5.471654591));
#4590=CARTESIAN_POINT('',(112.490555399,46.089002755,5.47165459));
#4591=CARTESIAN_POINT('',(112.558275075,46.250707161,5.47165459));
#4592=CARTESIAN_POINT('',(112.610969298,46.419446083,5.47165459));
#4593=CARTESIAN_POINT('',(112.646336533,46.593273294,5.47165459));
#4594=CARTESIAN_POINT('',(112.681703768,46.767100505,5.47165459));
#4595=CARTESIAN_POINT('',(112.699101076,46.94198738,5.47165459));
#4596=CARTESIAN_POINT('',(112.699966064,47.117849147,5.47165459));
#4597=B_SPLINE_CURVE_WITH_KNOTS('',3,(#4572,#4573,#4574,#4575,#4576,#4577,#4578,#4579,#4580,#4581,#4582,#4583,#4584,#4585,#4586,#4587,#4588,#4589,#4590,#4591,#4592,#4593,#4594,#4595,#4596),.UNSPECIFIED.,.F.,.F.,(4,3,3,3,3,3,3,3,4),(0.001783696,0.002828617,0.003351077,0.003873537,0.004395997,0.004657227,0.004918457,0.005440918,0.005963378),.UNSPECIFIED.);
#4598=EDGE_CURVE('',#4569,#4571,#4597,.T.);
#4599=ORIENTED_EDGE('',*,*,#4598,.T.);
#4600=CARTESIAN_POINT('',(112.69996674,47.117987172,3.871687848));
#4601=CARTESIAN_POINT('',(112.69996674,47.117987171,4.405010095));
#4602=CARTESIAN_POINT('',(112.69996674,47.11798717,4.938332343));
#4603=CARTESIAN_POINT('',(112.69996674,47.117987169,5.47165459));
#4604=B_SPLINE_CURVE_WITH_KNOTS('',3,(#4600,#4601,#4602,#4603),.UNSPECIFIED.,.F.,.F.,(4,4),(0.,0.001599967),.UNSPECIFIED.);
#4605=EDGE_CURVE('',#3448,#4571,#4604,.T.);
#4606=ORIENTED_EDGE('',*,*,#4605,.F.);
#4607=ORIENTED_EDGE('',*,*,#3452,.F.);
#4608=CARTESIAN_POINT('',(110.,44.431654571,-2.328345422));
#4609=CARTESIAN_POINT('',(110.536351096,44.431654571,-2.328345422));
#4610=CARTESIAN_POINT('',(111.033245267,44.637179833,-2.328345422));
#4611=CARTESIAN_POINT('',(111.528266642,44.841930469,-2.328345422));
#4612=CARTESIAN_POINT('',(111.909188309,45.222466262,-2.328345422));
#4613=CARTESIAN_POINT('',(112.288173838,45.601067877,-2.328345422));
#4614=CARTESIAN_POINT('',(112.494474738,46.098409303,-2.328345422));
#4615=CARTESIAN_POINT('',(112.7,46.593880856,-2.328345422));
#4616=CARTESIAN_POINT('',(112.7,47.131654571,-2.328345422));
#4617=B_SPLINE_CURVE_WITH_KNOTS('',2,(#4608,#4609,#4610,#4611,#4612,#4613,#4614,#4615,#4616),.UNSPECIFIED.,.F.,.F.,(3,2,2,2,3),(0.,0.25,0.5,0.75,1.),.UNSPECIFIED.);
#4618=EDGE_CURVE('',#3946,#3446,#4617,.T.);
#4619=ORIENTED_EDGE('',*,*,#4618,.F.);
#4620=ORIENTED_EDGE('',*,*,#3951,.T.);
#4621=CARTESIAN_POINT('',(110.013666803,44.431687925,3.871687937));
#4622=CARTESIAN_POINT('',(110.013666802,44.431687925,4.405010155));
#4623=CARTESIAN_POINT('',(110.013666801,44.431687925,4.938332373));
#4624=CARTESIAN_POINT('',(110.0136668,44.431687926,5.471654591));
#4625=B_SPLINE_CURVE_WITH_KNOTS('',3,(#4621,#4622,#4623,#4624),.UNSPECIFIED.,.F.,.F.,(4,4),(0.,0.001599967),.UNSPECIFIED.);
#4626=EDGE_CURVE('',#3938,#4569,#4625,.T.);
#4627=ORIENTED_EDGE('',*,*,#4626,.T.);
#4628=EDGE_LOOP('',(#4599,#4606,#4607,#4619,#4620,#4627));
#4629=FACE_BOUND('',#4628,.T.);
#4630=ADVANCED_FACE('',(#4629),#4567,.F.);
#4631=CARTESIAN_POINT('',(133.1,157.131654573,5.471654561));
#4632=DIRECTION('',(0.,-0.,-1.));
#4633=DIRECTION('',(0.,1.,-0.));
#4634=AXIS2_PLACEMENT_3D('',#4631,#4632,#4633);
#4635=PLANE('',#4634);
#4636=ORIENTED_EDGE('',*,*,#3890,.F.);
#4637=CARTESIAN_POINT('',(87.299999998,47.117779223,5.471654583));
#4638=DIRECTION('',(0.,1.,-0.));
#4639=VECTOR('',#4638,20.027646722);
#4640=LINE('',#4637,#4639);
#4641=EDGE_CURVE('',#3858,#3710,#4640,.T.);
#4642=ORIENTED_EDGE('',*,*,#4641,.T.);
#4643=ORIENTED_EDGE('',*,*,#3740,.F.);
#4644=CARTESIAN_POINT('',(110.013875352,69.831654572,5.471654584));
#4645=DIRECTION('',(-1.,0.,0.));
#4646=VECTOR('',#4645,20.020813031);
#4647=LINE('',#4644,#4646);
#4648=EDGE_CURVE('',#3527,#3708,#4647,.T.);
#4649=ORIENTED_EDGE('',*,*,#4648,.F.);
#4650=ORIENTED_EDGE('',*,*,#3557,.F.);
#4651=CARTESIAN_POINT('',(112.699999997,47.117779218,5.47165459));
#4652=DIRECTION('',(0.,1.,-0.));
#4653=VECTOR('',#4652,20.027646426);
#4654=LINE('',#4651,#4653);
#4655=EDGE_CURVE('',#4571,#3525,#4654,.T.);
#4656=ORIENTED_EDGE('',*,*,#4655,.F.);
#4657=ORIENTED_EDGE('',*,*,#4598,.F.);
#4658=CARTESIAN_POINT('',(110.013771076,44.431654572,5.471654584));
#4659=DIRECTION('',(-1.,0.,0.));
#4660=VECTOR('',#4659,20.027646423);
#4661=LINE('',#4658,#4660);
#4662=EDGE_CURVE('',#4569,#3860,#4661,.T.);
#4663=ORIENTED_EDGE('',*,*,#4662,.T.);
#4664=EDGE_LOOP('',(#4636,#4642,#4643,#4649,#4650,#4656,#4657,#4663));
#4665=FACE_BOUND('',#4664,.T.);
#4666=ORIENTED_EDGE('',*,*,#4364,.F.);
#4667=ORIENTED_EDGE('',*,*,#4329,.T.);
#4668=ORIENTED_EDGE('',*,*,#4229,.F.);
#4669=ORIENTED_EDGE('',*,*,#4205,.T.);
#4670=ORIENTED_EDGE('',*,*,#4083,.T.);
#4671=ORIENTED_EDGE('',*,*,#4039,.T.);
#4672=ORIENTED_EDGE('',*,*,#4519,.T.);
#4673=ORIENTED_EDGE('',*,*,#4466,.T.);
#4674=EDGE_LOOP('',(#4666,#4667,#4668,#4669,#4670,#4671,#4672,#4673));
#4675=FACE_BOUND('',#4674,.T.);
#4676=ADVANCED_FACE('',(#4665,#4675),#4635,.F.);
#4677=CARTESIAN_POINT('',(535.206738835,220.089422639,-1671.83549632));
#4678=CARTESIAN_POINT('',(1381.820215564,220.089422473,-1671.835496098));
#4679=CARTESIAN_POINT('',(1381.8202155,-105.82611471,-1671.835496013));
#4680=CARTESIAN_POINT('',(535.206738771,-105.826114543,-1671.835496234));
#4681=CARTESIAN_POINT('',(-311.406737959,-105.826114377,-1671.835496456));
#4682=CARTESIAN_POINT('',(-311.406737895,220.089422806,-1671.835496541));
#4683=CARTESIAN_POINT('',(535.206738835,220.089422639,-1671.83549632));
#4684=(BOUNDED_CURVE()
B_SPLINE_CURVE(3,(#4677,#4678,#4679,#4680,#4681,#4682,#4683),.UNSPECIFIED.,.T.,.F.)
B_SPLINE_CURVE_WITH_KNOTS((4,3,4),(0.,0.5,1.),.UNSPECIFIED.)
CURVE()
GEOMETRIC_REPRESENTATION_ITEM()
RATIONAL_B_SPLINE_CURVE((1.,0.333333333,0.333333333,1.,0.333333333,0.333333333,1.))
REPRESENTATION_ITEM(''));
#4685=DIRECTION('',(-0.,0.,1.));
#4686=VECTOR('',#4685,1.);
#4687=SURFACE_OF_LINEAR_EXTRUSION('',#4684,#4686);
#4688=CARTESIAN_POINT('',(111.899999999,57.131654619,4.671654587));
#4689=VERTEX_POINT('',#4688);
#4690=CARTESIAN_POINT('',(112.69998373,67.145428182,5.471638314));
#4691=CARTESIAN_POINT('',(112.172813199,63.849127393,4.944467784));
#4692=CARTESIAN_POINT('',(111.900000002,60.51218582,4.671654589));
#4693=CARTESIAN_POINT('',(111.899999999,57.131654619,4.671654587));
#4694=B_SPLINE_CURVE_WITH_KNOTS('',3,(#4690,#4691,#4692,#4693),.UNSPECIFIED.,.F.,.F.,(4,4),(0.000000104,0.010077584),.UNSPECIFIED.);
#4695=EDGE_CURVE('',#3525,#4689,#4694,.T.);
#4696=ORIENTED_EDGE('',*,*,#4695,.F.);
#4697=ORIENTED_EDGE('',*,*,#3594,.F.);
#4698=CARTESIAN_POINT('',(112.697890108,67.132328549,3.873764478));
#4699=CARTESIAN_POINT('',(112.166046857,63.802437948,4.405607729));
#4700=CARTESIAN_POINT('',(111.9,60.467832142,4.671654586));
#4701=CARTESIAN_POINT('',(111.899999999,57.131654619,4.671654587));
#4702=(BOUNDED_CURVE()
B_SPLINE_CURVE(3,(#4698,#4699,#4700,#4701),.UNSPECIFIED.,.F.,.F.)
B_SPLINE_CURVE_WITH_KNOTS((4,4),(0.001320176,0.999999995),.UNSPECIFIED.)
CURVE()
GEOMETRIC_REPRESENTATION_ITEM()
RATIONAL_B_SPLINE_CURVE((0.999998754,0.999684946,0.999685361,1.))
REPRESENTATION_ITEM(''));
#4703=EDGE_CURVE('',#3455,#4689,#4702,.T.);
#4704=ORIENTED_EDGE('',*,*,#4703,.T.);
#4705=EDGE_LOOP('',(#4696,#4697,#4704));
#4706=FACE_BOUND('',#4705,.T.);
#4707=ADVANCED_FACE('',(#4706),#4687,.F.);
#4708=CARTESIAN_POINT('',(535.206738835,220.089422639,-1671.83549632));
#4709=CARTESIAN_POINT('',(1381.820215564,220.089422473,-1671.835496098));
#4710=CARTESIAN_POINT('',(1381.8202155,-105.82611471,-1671.835496013));
#4711=CARTESIAN_POINT('',(535.206738771,-105.826114543,-1671.835496234));
#4712=CARTESIAN_POINT('',(-311.406737959,-105.826114377,-1671.835496456));
#4713=CARTESIAN_POINT('',(-311.406737895,220.089422806,-1671.835496541));
#4714=CARTESIAN_POINT('',(535.206738835,220.089422639,-1671.83549632));
#4715=(BOUNDED_CURVE()
B_SPLINE_CURVE(3,(#4708,#4709,#4710,#4711,#4712,#4713,#4714),.UNSPECIFIED.,.T.,.F.)
B_SPLINE_CURVE_WITH_KNOTS((4,3,4),(0.,0.5,1.),.UNSPECIFIED.)
CURVE()
GEOMETRIC_REPRESENTATION_ITEM()
RATIONAL_B_SPLINE_CURVE((1.,0.333333333,0.333333333,1.,0.333333333,0.333333333,1.))
REPRESENTATION_ITEM(''));
#4716=DIRECTION('',(-0.,0.,1.));
#4717=VECTOR('',#4716,1.);
#4718=SURFACE_OF_LINEAR_EXTRUSION('',#4715,#4717);
#4719=CARTESIAN_POINT('',(111.899999999,57.131654619,4.671654587));
#4720=CARTESIAN_POINT('',(111.899999999,53.79547673,4.671654588));
#4721=CARTESIAN_POINT('',(112.166046898,50.460870655,4.405607689));
#4722=CARTESIAN_POINT('',(112.697890233,47.130979788,3.873764355));
#4723=(BOUNDED_CURVE()
B_SPLINE_CURVE(3,(#4719,#4720,#4721,#4722),.UNSPECIFIED.,.F.,.F.)
B_SPLINE_CURVE_WITH_KNOTS((4,4),(-0.000000005,0.998679904),.UNSPECIFIED.)
CURVE()
GEOMETRIC_REPRESENTATION_ITEM()
RATIONAL_B_SPLINE_CURVE((1.,0.999685361,0.999684946,0.999998754))
REPRESENTATION_ITEM(''));
#4724=EDGE_CURVE('',#4689,#3448,#4723,.T.);
#4725=ORIENTED_EDGE('',*,*,#4724,.T.);
#4726=ORIENTED_EDGE('',*,*,#4605,.T.);
#4727=CARTESIAN_POINT('',(111.899999999,57.131654619,4.671654587));
#4728=CARTESIAN_POINT('',(111.899999999,53.751123284,4.671654588));
#4729=CARTESIAN_POINT('',(112.172813207,50.414181581,4.944467798));
#4730=CARTESIAN_POINT('',(112.699983773,47.117880664,5.471638366));
#4731=B_SPLINE_CURVE_WITH_KNOTS('',3,(#4727,#4728,#4729,#4730),.UNSPECIFIED.,.F.,.F.,(4,4),(0.,0.010077481),.UNSPECIFIED.);
#4732=EDGE_CURVE('',#4689,#4571,#4731,.T.);
#4733=ORIENTED_EDGE('',*,*,#4732,.F.);
#4734=EDGE_LOOP('',(#4725,#4726,#4733));
#4735=FACE_BOUND('',#4734,.T.);
#4736=ADVANCED_FACE('',(#4735),#4718,.F.);
#4737=CARTESIAN_POINT('',(112.299999997,47.117779218,4.27165459));
#4738=DIRECTION('',(-0.707106781,-0.,-0.707106781));
#4739=DIRECTION('',(0.707106781,-0.,-0.707106781));
#4740=AXIS2_PLACEMENT_3D('',#4737,#4738,#4739);
#4741=PLANE('',#4740);
#4742=ORIENTED_EDGE('',*,*,#4703,.F.);
#4743=ORIENTED_EDGE('',*,*,#3460,.F.);
#4744=ORIENTED_EDGE('',*,*,#4724,.F.);
#4745=EDGE_LOOP('',(#4742,#4743,#4744));
#4746=FACE_BOUND('',#4745,.T.);
#4747=ADVANCED_FACE('',(#4746),#4741,.T.);
#4748=CARTESIAN_POINT('',(111.900000004,81.286725753,4.671654581));
#4749=DIRECTION('',(-0.707106781,0.,0.707106781));
#4750=DIRECTION('',(0.707106781,0.,0.707106781));
#4751=AXIS2_PLACEMENT_3D('',#4748,#4749,#4750);
#4752=PLANE('',#4751);
#4753=ORIENTED_EDGE('',*,*,#4655,.T.);
#4754=ORIENTED_EDGE('',*,*,#4695,.T.);
#4755=ORIENTED_EDGE('',*,*,#4732,.T.);
#4756=EDGE_LOOP('',(#4753,#4754,#4755));
#4757=FACE_BOUND('',#4756,.T.);
#4758=ADVANCED_FACE('',(#4757),#4752,.T.);
#4759=CARTESIAN_POINT('',(-62.957768591,-378.075083792,-1671.835496391));
#4760=CARTESIAN_POINT('',(-62.957768591,-1224.688560522,-1671.835496391));
#4761=CARTESIAN_POINT('',(262.957768591,-1224.688560522,-1671.835496391));
#4762=CARTESIAN_POINT('',(262.957768591,-378.075083792,-1671.835496391));
#4763=CARTESIAN_POINT('',(262.957768591,468.538392937,-1671.835496391));
#4764=CARTESIAN_POINT('',(-62.957768591,468.538392937,-1671.835496391));
#4765=CARTESIAN_POINT('',(-62.957768591,-378.075083792,-1671.835496391));
#4766=(BOUNDED_CURVE()
B_SPLINE_CURVE(3,(#4759,#4760,#4761,#4762,#4763,#4764,#4765),.UNSPECIFIED.,.T.,.F.)
B_SPLINE_CURVE_WITH_KNOTS((4,3,4),(0.,0.5,1.),.UNSPECIFIED.)
CURVE()
GEOMETRIC_REPRESENTATION_ITEM()
RATIONAL_B_SPLINE_CURVE((1.,0.333333333,0.333333333,1.,0.333333333,0.333333333,1.))
REPRESENTATION_ITEM(''));
#4767=DIRECTION('',(0.,0.,1.));
#4768=VECTOR('',#4767,1.);
#4769=SURFACE_OF_LINEAR_EXTRUSION('',#4766,#4768);
#4770=ORIENTED_EDGE('',*,*,#3899,.T.);
#4771=CARTESIAN_POINT('',(99.999999951,45.231654572,4.671654584));
#4772=VERTEX_POINT('',#4771);
#4773=CARTESIAN_POINT('',(89.986226104,44.431670798,5.471638358));
#4774=CARTESIAN_POINT('',(93.282526985,44.958841358,4.944467798));
#4775=CARTESIAN_POINT('',(96.619468653,45.23165457,4.671654587));
#4776=CARTESIAN_POINT('',(99.999999951,45.231654572,4.671654584));
#4777=B_SPLINE_CURVE_WITH_KNOTS('',3,(#4773,#4774,#4775,#4776),.UNSPECIFIED.,.F.,.F.,(4,4),(0.000000103,0.010077584),.UNSPECIFIED.);
#4778=EDGE_CURVE('',#3860,#4772,#4777,.T.);
#4779=ORIENTED_EDGE('',*,*,#4778,.T.);
#4780=CARTESIAN_POINT('',(89.999326024,44.433764466,3.873764478));
#4781=CARTESIAN_POINT('',(93.329216624,44.965607716,4.405607727));
#4782=CARTESIAN_POINT('',(96.663822429,45.231654572,4.671654584));
#4783=CARTESIAN_POINT('',(99.999999951,45.231654572,4.671654584));
#4784=(BOUNDED_CURVE()
B_SPLINE_CURVE(3,(#4780,#4781,#4782,#4783),.UNSPECIFIED.,.F.,.F.)
B_SPLINE_CURVE_WITH_KNOTS((4,4),(0.001320176,0.999999995),.UNSPECIFIED.)
CURVE()
GEOMETRIC_REPRESENTATION_ITEM()
RATIONAL_B_SPLINE_CURVE((0.999998754,0.999684946,0.999685361,1.))
REPRESENTATION_ITEM(''));
#4785=EDGE_CURVE('',#3893,#4772,#4784,.T.);
#4786=ORIENTED_EDGE('',*,*,#4785,.F.);
#4787=EDGE_LOOP('',(#4770,#4779,#4786));
#4788=FACE_BOUND('',#4787,.T.);
#4789=ADVANCED_FACE('',(#4788),#4769,.T.);
#4790=CARTESIAN_POINT('',(-62.957768591,-378.075083792,-1671.835496391));
#4791=CARTESIAN_POINT('',(-62.957768591,-1224.688560522,-1671.835496391));
#4792=CARTESIAN_POINT('',(262.957768591,-1224.688560522,-1671.835496391));
#4793=CARTESIAN_POINT('',(262.957768591,-378.075083792,-1671.835496391));
#4794=CARTESIAN_POINT('',(262.957768591,468.538392937,-1671.835496391));
#4795=CARTESIAN_POINT('',(-62.957768591,468.538392937,-1671.835496391));
#4796=CARTESIAN_POINT('',(-62.957768591,-378.075083792,-1671.835496391));
#4797=(BOUNDED_CURVE()
B_SPLINE_CURVE(3,(#4790,#4791,#4792,#4793,#4794,#4795,#4796),.UNSPECIFIED.,.T.,.F.)
B_SPLINE_CURVE_WITH_KNOTS((4,3,4),(0.,0.5,1.),.UNSPECIFIED.)
CURVE()
GEOMETRIC_REPRESENTATION_ITEM()
RATIONAL_B_SPLINE_CURVE((1.,0.333333333,0.333333333,1.,0.333333333,0.333333333,1.))
REPRESENTATION_ITEM(''));
#4798=DIRECTION('',(0.,0.,1.));
#4799=VECTOR('',#4798,1.);
#4800=SURFACE_OF_LINEAR_EXTRUSION('',#4797,#4799);
#4801=CARTESIAN_POINT('',(99.999999951,45.231654572,4.671654584));
#4802=CARTESIAN_POINT('',(103.336177571,45.231654572,4.671654584));
#4803=CARTESIAN_POINT('',(106.670783376,44.965607716,4.405607727));
#4804=CARTESIAN_POINT('',(110.000673976,44.433764466,3.873764478));
#4805=(BOUNDED_CURVE()
B_SPLINE_CURVE(3,(#4801,#4802,#4803,#4804),.UNSPECIFIED.,.F.,.F.)
B_SPLINE_CURVE_WITH_KNOTS((4,4),(-0.000000005,0.998679824),.UNSPECIFIED.)
CURVE()
GEOMETRIC_REPRESENTATION_ITEM()
RATIONAL_B_SPLINE_CURVE((1.,0.999685361,0.999684946,0.999998754))
REPRESENTATION_ITEM(''));
#4806=EDGE_CURVE('',#4772,#3938,#4805,.T.);
#4807=ORIENTED_EDGE('',*,*,#4806,.F.);
#4808=CARTESIAN_POINT('',(99.999999951,45.231654572,4.671654584));
#4809=CARTESIAN_POINT('',(103.380530907,45.231654572,4.671654584));
#4810=CARTESIAN_POINT('',(106.717472242,44.958841423,4.944467733));
#4811=CARTESIAN_POINT('',(110.013772798,44.431670974,5.471638183));
#4812=B_SPLINE_CURVE_WITH_KNOTS('',3,(#4808,#4809,#4810,#4811),.UNSPECIFIED.,.F.,.F.,(4,4),(0.,0.01007748),.UNSPECIFIED.);
#4813=EDGE_CURVE('',#4772,#4569,#4812,.T.);
#4814=ORIENTED_EDGE('',*,*,#4813,.T.);
#4815=ORIENTED_EDGE('',*,*,#4626,.F.);
#4816=EDGE_LOOP('',(#4807,#4814,#4815));
#4817=FACE_BOUND('',#4816,.T.);
#4818=ADVANCED_FACE('',(#4817),#4800,.T.);
#4819=CARTESIAN_POINT('',(110.013875352,44.831654572,4.271654584));
#4820=DIRECTION('',(-0.,0.707106781,-0.707106781));
#4821=DIRECTION('',(0.,-0.707106781,-0.707106781));
#4822=AXIS2_PLACEMENT_3D('',#4819,#4820,#4821);
#4823=PLANE('',#4822);
#4824=ORIENTED_EDGE('',*,*,#4785,.T.);
#4825=ORIENTED_EDGE('',*,*,#4806,.T.);
#4826=ORIENTED_EDGE('',*,*,#3943,.F.);
#4827=EDGE_LOOP('',(#4824,#4825,#4826));
#4828=FACE_BOUND('',#4827,.T.);
#4829=ADVANCED_FACE('',(#4828),#4823,.T.);
#4830=CARTESIAN_POINT('',(75.844928817,45.231654572,4.671654584));
#4831=DIRECTION('',(0.,0.707106781,0.707106781));
#4832=DIRECTION('',(0.,-0.707106781,0.707106781));
#4833=AXIS2_PLACEMENT_3D('',#4830,#4831,#4832);
#4834=PLANE('',#4833);
#4835=ORIENTED_EDGE('',*,*,#4662,.F.);
#4836=ORIENTED_EDGE('',*,*,#4813,.F.);
#4837=ORIENTED_EDGE('',*,*,#4778,.F.);
#4838=EDGE_LOOP('',(#4835,#4836,#4837));
#4839=FACE_BOUND('',#4838,.T.);
#4840=ADVANCED_FACE('',(#4839),#4834,.T.);
#4841=CARTESIAN_POINT('',(-62.957768591,492.338392936,-1671.835496391));
#4842=CARTESIAN_POINT('',(-62.957768591,1338.951869666,-1671.835496391));
#4843=CARTESIAN_POINT('',(262.957768591,1338.951869666,-1671.835496391));
#4844=CARTESIAN_POINT('',(262.957768591,492.338392936,-1671.835496391));
#4845=CARTESIAN_POINT('',(262.957768591,-354.275083793,-1671.835496391));
#4846=CARTESIAN_POINT('',(-62.957768591,-354.275083793,-1671.835496391));
#4847=CARTESIAN_POINT('',(-62.957768591,492.338392936,-1671.835496391));
#4848=(BOUNDED_CURVE()
B_SPLINE_CURVE(3,(#4841,#4842,#4843,#4844,#4845,#4846,#4847),.UNSPECIFIED.,.T.,.F.)
B_SPLINE_CURVE_WITH_KNOTS((4,3,4),(0.,0.5,1.),.UNSPECIFIED.)
CURVE()
GEOMETRIC_REPRESENTATION_ITEM()
RATIONAL_B_SPLINE_CURVE((1.,0.333333333,0.333333333,1.,0.333333333,0.333333333,1.))
REPRESENTATION_ITEM(''));
#4849=DIRECTION('',(0.,0.,1.));
#4850=VECTOR('',#4849,1.);
#4851=SURFACE_OF_LINEAR_EXTRUSION('',#4848,#4850);
#4852=CARTESIAN_POINT('',(99.999999951,69.031654572,4.671654584));
#4853=VERTEX_POINT('',#4852);
#4854=CARTESIAN_POINT('',(89.99272755,69.830598922,5.470598934));
#4855=CARTESIAN_POINT('',(93.286914783,69.304109677,4.944109689));
#4856=CARTESIAN_POINT('',(96.621691161,69.031654574,4.671654587));
#4857=CARTESIAN_POINT('',(99.999999951,69.031654572,4.671654584));
#4858=B_SPLINE_CURVE_WITH_KNOTS('',3,(#4854,#4855,#4856,#4857),.UNSPECIFIED.,.F.,.F.,(4,4),(0.000006729,0.010077584),.UNSPECIFIED.);
#4859=EDGE_CURVE('',#3708,#4853,#4858,.T.);
#4860=ORIENTED_EDGE('',*,*,#4859,.F.);
#4861=ORIENTED_EDGE('',*,*,#3776,.F.);
#4862=CARTESIAN_POINT('',(89.999326023,69.829544678,3.873764477));
#4863=CARTESIAN_POINT('',(93.329216623,69.297701428,4.405607727));
#4864=CARTESIAN_POINT('',(96.663822429,69.031654572,4.671654584));
#4865=CARTESIAN_POINT('',(99.999999951,69.031654572,4.671654584));
#4866=(BOUNDED_CURVE()
B_SPLINE_CURVE(3,(#4862,#4863,#4864,#4865),.UNSPECIFIED.,.F.,.F.)
B_SPLINE_CURVE_WITH_KNOTS((4,4),(0.001320176,0.999999995),.UNSPECIFIED.)
CURVE()
GEOMETRIC_REPRESENTATION_ITEM()
RATIONAL_B_SPLINE_CURVE((0.999998754,0.999684946,0.999685361,1.))
REPRESENTATION_ITEM(''));
#4867=EDGE_CURVE('',#3637,#4853,#4866,.T.);
#4868=ORIENTED_EDGE('',*,*,#4867,.T.);
#4869=EDGE_LOOP('',(#4860,#4861,#4868));
#4870=FACE_BOUND('',#4869,.T.);
#4871=ADVANCED_FACE('',(#4870),#4851,.F.);
#4872=CARTESIAN_POINT('',(-62.957768591,492.338392936,-1671.835496391));
#4873=CARTESIAN_POINT('',(-62.957768591,1338.951869666,-1671.835496391));
#4874=CARTESIAN_POINT('',(262.957768591,1338.951869666,-1671.835496391));
#4875=CARTESIAN_POINT('',(262.957768591,492.338392936,-1671.835496391));
#4876=CARTESIAN_POINT('',(262.957768591,-354.275083793,-1671.835496391));
#4877=CARTESIAN_POINT('',(-62.957768591,-354.275083793,-1671.835496391));
#4878=CARTESIAN_POINT('',(-62.957768591,492.338392936,-1671.835496391));
#4879=(BOUNDED_CURVE()
B_SPLINE_CURVE(3,(#4872,#4873,#4874,#4875,#4876,#4877,#4878),.UNSPECIFIED.,.T.,.F.)
B_SPLINE_CURVE_WITH_KNOTS((4,3,4),(0.,0.5,1.),.UNSPECIFIED.)
CURVE()
GEOMETRIC_REPRESENTATION_ITEM()
RATIONAL_B_SPLINE_CURVE((1.,0.333333333,0.333333333,1.,0.333333333,0.333333333,1.))
REPRESENTATION_ITEM(''));
#4880=DIRECTION('',(0.,0.,1.));
#4881=VECTOR('',#4880,1.);
#4882=SURFACE_OF_LINEAR_EXTRUSION('',#4879,#4881);
#4883=CARTESIAN_POINT('',(99.999999951,69.031654572,4.671654584));
#4884=CARTESIAN_POINT('',(103.336177805,69.031654572,4.671654584));
#4885=CARTESIAN_POINT('',(106.670783845,69.297701466,4.40560769));
#4886=CARTESIAN_POINT('',(110.000674677,69.82954479,3.873764366));
#4887=(BOUNDED_CURVE()
B_SPLINE_CURVE(3,(#4883,#4884,#4885,#4886),.UNSPECIFIED.,.F.,.F.)
B_SPLINE_CURVE_WITH_KNOTS((4,4),(-0.000000005,0.998679894),.UNSPECIFIED.)
CURVE()
GEOMETRIC_REPRESENTATION_ITEM()
RATIONAL_B_SPLINE_CURVE((1.,0.999685361,0.999684946,0.999998754))
REPRESENTATION_ITEM(''));
#4888=EDGE_CURVE('',#4853,#3560,#4887,.T.);
#4889=ORIENTED_EDGE('',*,*,#4888,.T.);
#4890=ORIENTED_EDGE('',*,*,#3566,.T.);
#4891=CARTESIAN_POINT('',(99.999999951,69.031654572,4.671654584));
#4892=CARTESIAN_POINT('',(103.380531284,69.031654572,4.671654584));
#4893=CARTESIAN_POINT('',(106.717472985,69.304467781,4.944467793));
#4894=CARTESIAN_POINT('',(110.013773901,69.831638347,5.471638359));
#4895=B_SPLINE_CURVE_WITH_KNOTS('',3,(#4891,#4892,#4893,#4894),.UNSPECIFIED.,.F.,.F.,(4,4),(0.,0.010077481),.UNSPECIFIED.);
#4896=EDGE_CURVE('',#4853,#3527,#4895,.T.);
#4897=ORIENTED_EDGE('',*,*,#4896,.F.);
#4898=EDGE_LOOP('',(#4889,#4890,#4897));
#4899=FACE_BOUND('',#4898,.T.);
#4900=ADVANCED_FACE('',(#4899),#4882,.F.);
#4901=CARTESIAN_POINT('',(110.013875352,69.431654572,4.271654584));
#4902=DIRECTION('',(-0.,-0.707106781,-0.707106781));
#4903=DIRECTION('',(0.,0.707106781,-0.707106781));
#4904=AXIS2_PLACEMENT_3D('',#4901,#4902,#4903);
#4905=PLANE('',#4904);
#4906=ORIENTED_EDGE('',*,*,#4867,.F.);
#4907=ORIENTED_EDGE('',*,*,#3642,.F.);
#4908=ORIENTED_EDGE('',*,*,#3611,.F.);
#4909=ORIENTED_EDGE('',*,*,#4888,.F.);
#4910=EDGE_LOOP('',(#4906,#4907,#4908,#4909));
#4911=FACE_BOUND('',#4910,.T.);
#4912=ADVANCED_FACE('',(#4911),#4905,.T.);
#4913=CARTESIAN_POINT('',(75.844928817,69.031654572,4.671654584));
#4914=DIRECTION('',(0.,-0.707106781,0.707106781));
#4915=DIRECTION('',(0.,0.707106781,0.707106781));
#4916=AXIS2_PLACEMENT_3D('',#4913,#4914,#4915);
#4917=PLANE('',#4916);
#4918=ORIENTED_EDGE('',*,*,#4648,.T.);
#4919=ORIENTED_EDGE('',*,*,#4859,.T.);
#4920=ORIENTED_EDGE('',*,*,#4896,.T.);
#4921=EDGE_LOOP('',(#4918,#4919,#4920));
#4922=FACE_BOUND('',#4921,.T.);
#4923=ADVANCED_FACE('',(#4922),#4917,.T.);
#4924=CARTESIAN_POINT('',(-335.206737894,220.089422811,-1671.835496547));
#4925=CARTESIAN_POINT('',(-1181.820214623,220.089422977,-1671.835496769));
#4926=CARTESIAN_POINT('',(-1181.820214688,-105.826114205,-1671.835496684));
#4927=CARTESIAN_POINT('',(-335.206737958,-105.826114372,-1671.835496462));
#4928=CARTESIAN_POINT('',(511.406738771,-105.826114539,-1671.83549624));
#4929=CARTESIAN_POINT('',(511.406738835,220.089422644,-1671.835496326));
#4930=CARTESIAN_POINT('',(-335.206737894,220.089422811,-1671.835496547));
#4931=(BOUNDED_CURVE()
B_SPLINE_CURVE(3,(#4924,#4925,#4926,#4927,#4928,#4929,#4930),.UNSPECIFIED.,.T.,.F.)
B_SPLINE_CURVE_WITH_KNOTS((4,3,4),(0.,0.5,1.),.UNSPECIFIED.)
CURVE()
GEOMETRIC_REPRESENTATION_ITEM()
RATIONAL_B_SPLINE_CURVE((1.,0.333333333,0.333333333,1.,0.333333333,0.333333333,1.))
REPRESENTATION_ITEM(''));
#4932=DIRECTION('',(-0.,0.,1.));
#4933=VECTOR('',#4932,1.);
#4934=SURFACE_OF_LINEAR_EXTRUSION('',#4931,#4933);
#4935=ORIENTED_EDGE('',*,*,#3749,.T.);
#4936=CARTESIAN_POINT('',(88.1,57.131654624,4.671654581));
#4937=VERTEX_POINT('',#4936);
#4938=CARTESIAN_POINT('',(87.300016227,67.145428476,5.471638353));
#4939=CARTESIAN_POINT('',(87.827186787,63.849127592,4.944467793));
#4940=CARTESIAN_POINT('',(88.099999998,60.512185924,4.671654583));
#4941=CARTESIAN_POINT('',(88.1,57.131654624,4.671654581));
#4942=B_SPLINE_CURVE_WITH_KNOTS('',3,(#4938,#4939,#4940,#4941),.UNSPECIFIED.,.F.,.F.,(4,4),(0.000000103,0.010077584),.UNSPECIFIED.);
#4943=EDGE_CURVE('',#3710,#4937,#4942,.T.);
#4944=ORIENTED_EDGE('',*,*,#4943,.T.);
#4945=CARTESIAN_POINT('',(87.302109795,67.132329177,3.873764372));
#4946=CARTESIAN_POINT('',(87.833953111,63.802438369,4.405607689));
#4947=CARTESIAN_POINT('',(88.1,60.467832355,4.67165458));
#4948=CARTESIAN_POINT('',(88.1,57.131654624,4.671654581));
#4949=(BOUNDED_CURVE()
B_SPLINE_CURVE(3,(#4945,#4946,#4947,#4948),.UNSPECIFIED.,.F.,.F.)
B_SPLINE_CURVE_WITH_KNOTS((4,4),(0.001320114,0.999999995),.UNSPECIFIED.)
CURVE()
GEOMETRIC_REPRESENTATION_ITEM()
RATIONAL_B_SPLINE_CURVE((0.999998754,0.999684946,0.999685361,1.))
REPRESENTATION_ITEM(''));
#4950=EDGE_CURVE('',#3743,#4937,#4949,.T.);
#4951=ORIENTED_EDGE('',*,*,#4950,.F.);
#4952=EDGE_LOOP('',(#4935,#4944,#4951));
#4953=FACE_BOUND('',#4952,.T.);
#4954=ADVANCED_FACE('',(#4953),#4934,.T.);
#4955=CARTESIAN_POINT('',(-335.206737894,220.089422811,-1671.835496547));
#4956=CARTESIAN_POINT('',(-1181.820214623,220.089422977,-1671.835496769));
#4957=CARTESIAN_POINT('',(-1181.820214688,-105.826114205,-1671.835496684));
#4958=CARTESIAN_POINT('',(-335.206737958,-105.826114372,-1671.835496462));
#4959=CARTESIAN_POINT('',(511.406738771,-105.826114539,-1671.83549624));
#4960=CARTESIAN_POINT('',(511.406738835,220.089422644,-1671.835496326));
#4961=CARTESIAN_POINT('',(-335.206737894,220.089422811,-1671.835496547));
#4962=(BOUNDED_CURVE()
B_SPLINE_CURVE(3,(#4955,#4956,#4957,#4958,#4959,#4960,#4961),.UNSPECIFIED.,.T.,.F.)
B_SPLINE_CURVE_WITH_KNOTS((4,3,4),(0.,0.5,1.),.UNSPECIFIED.)
CURVE()
GEOMETRIC_REPRESENTATION_ITEM()
RATIONAL_B_SPLINE_CURVE((1.,0.333333333,0.333333333,1.,0.333333333,0.333333333,1.))
REPRESENTATION_ITEM(''));
#4963=DIRECTION('',(-0.,0.,1.));
#4964=VECTOR('',#4963,1.);
#4965=SURFACE_OF_LINEAR_EXTRUSION('',#4962,#4964);
#4966=CARTESIAN_POINT('',(88.1,57.131654624,4.671654581));
#4967=CARTESIAN_POINT('',(88.099999999,53.795477003,4.671654582));
#4968=CARTESIAN_POINT('',(87.833953142,50.460871197,4.405607726));
#4969=CARTESIAN_POINT('',(87.302109891,47.130980597,3.873764477));
#4970=(BOUNDED_CURVE()
B_SPLINE_CURVE(3,(#4966,#4967,#4968,#4969),.UNSPECIFIED.,.F.,.F.)
B_SPLINE_CURVE_WITH_KNOTS((4,4),(-0.000000005,0.998679824),.UNSPECIFIED.)
CURVE()
GEOMETRIC_REPRESENTATION_ITEM()
RATIONAL_B_SPLINE_CURVE((1.,0.999685361,0.999684946,0.999998754))
REPRESENTATION_ITEM(''));
#4971=EDGE_CURVE('',#4937,#3787,#4970,.T.);
#4972=ORIENTED_EDGE('',*,*,#4971,.F.);
#4973=CARTESIAN_POINT('',(88.1,57.131654624,4.671654581));
#4974=CARTESIAN_POINT('',(88.099999999,53.751123391,4.671654582));
#4975=CARTESIAN_POINT('',(87.827186805,50.414181787,4.944467776));
#4976=CARTESIAN_POINT('',(87.300016269,47.117880968,5.471638312));
#4977=B_SPLINE_CURVE_WITH_KNOTS('',3,(#4973,#4974,#4975,#4976),.UNSPECIFIED.,.F.,.F.,(4,4),(0.,0.01007748),.UNSPECIFIED.);
#4978=EDGE_CURVE('',#4937,#3858,#4977,.T.);
#4979=ORIENTED_EDGE('',*,*,#4978,.T.);
#4980=ORIENTED_EDGE('',*,*,#3927,.F.);
#4981=EDGE_LOOP('',(#4972,#4979,#4980));
#4982=FACE_BOUND('',#4981,.T.);
#4983=ADVANCED_FACE('',(#4982),#4965,.T.);
#4984=CARTESIAN_POINT('',(87.699999998,47.117779223,4.271654583));
#4985=DIRECTION('',(0.707106781,-0.,-0.707106781));
#4986=DIRECTION('',(-0.707106781,-0.,-0.707106781));
#4987=AXIS2_PLACEMENT_3D('',#4984,#4985,#4986);
#4988=PLANE('',#4987);
#4989=ORIENTED_EDGE('',*,*,#4950,.T.);
#4990=ORIENTED_EDGE('',*,*,#4971,.T.);
#4991=ORIENTED_EDGE('',*,*,#3792,.F.);
#4992=EDGE_LOOP('',(#4989,#4990,#4991));
#4993=FACE_BOUND('',#4992,.T.);
#4994=ADVANCED_FACE('',(#4993),#4988,.T.);
#4995=CARTESIAN_POINT('',(88.100000005,81.286725758,4.671654575));
#4996=DIRECTION('',(0.707106781,0.,0.707106781));
#4997=DIRECTION('',(-0.707106781,0.,0.707106781));
#4998=AXIS2_PLACEMENT_3D('',#4995,#4996,#4997);
#4999=PLANE('',#4998);
#5000=ORIENTED_EDGE('',*,*,#4641,.F.);
#5001=ORIENTED_EDGE('',*,*,#4978,.F.);
#5002=ORIENTED_EDGE('',*,*,#4943,.F.);
#5003=EDGE_LOOP('',(#5000,#5001,#5002));
#5004=FACE_BOUND('',#5003,.T.);
#5005=ADVANCED_FACE('',(#5004),#4999,.T.);
#5006=CARTESIAN_POINT('',(88.75,45.881654572,-2.328345422));
#5007=DIRECTION('',(0.,0.,1.));
#5008=DIRECTION('',(-1.,0.,0.));
#5009=AXIS2_PLACEMENT_3D('',#5006,#5007,#5008);
#5010=PLANE('',#5009);
#5011=CARTESIAN_POINT('',(71.,65.631654572,-2.328345422));
#5012=VERTEX_POINT('',#5011);
#5013=CARTESIAN_POINT('',(71.,71.631654572,-2.328345422));
#5014=VERTEX_POINT('',#5013);
#5015=CARTESIAN_POINT('',(71.,65.631654572,-2.328345422));
#5016=CARTESIAN_POINT('',(70.801919276,65.631654572,-2.328345422));
#5017=CARTESIAN_POINT('',(70.60706179,65.650550049,-2.328345422));
#5018=CARTESIAN_POINT('',(70.415474057,65.68861369,-2.328345422));
#5019=CARTESIAN_POINT('',(70.319680191,65.707645511,-2.328345422));
#5020=CARTESIAN_POINT('',(70.224703781,65.731469474,-2.328345422));
#5021=CARTESIAN_POINT('',(70.130550746,65.760120284,-2.328345422));
#5022=CARTESIAN_POINT('',(70.036397711,65.788771094,-2.328345422));
#5023=CARTESIAN_POINT('',(69.942804989,65.822409497,-2.328345422));
#5024=CARTESIAN_POINT('',(69.851960697,65.860011424,-2.328345422));
#5025=CARTESIAN_POINT('',(69.670272112,65.935215279,-2.328345422));
#5026=CARTESIAN_POINT('',(69.497702658,66.026842407,-2.328345422));
#5027=CARTESIAN_POINT('',(69.334669893,66.13564482,-2.328345422));
#5028=CARTESIAN_POINT('',(69.171637128,66.244447232,-2.328345422));
#5029=CARTESIAN_POINT('',(69.017528876,66.371595482,-2.328345422));
#5030=CARTESIAN_POINT('',(68.87900686,66.510007237,-2.328345422));
#5031=CARTESIAN_POINT('',(68.740484845,66.648418992,-2.328345422));
#5032=CARTESIAN_POINT('',(68.615814842,66.799135867,-2.328345422));
#5033=CARTESIAN_POINT('',(68.506112135,66.963148598,-2.328345422));
#5034=CARTESIAN_POINT('',(68.451260781,67.045154964,-2.328345422));
#5035=CARTESIAN_POINT('',(68.40023571,67.130497862,-2.328345422));
#5036=CARTESIAN_POINT('',(68.354041886,67.217218598,-2.328345422));
#5037=CARTESIAN_POINT('',(68.307848062,67.303939333,-2.328345422));
#5038=CARTESIAN_POINT('',(68.266153479,67.39250202,-2.328345422));
#5039=CARTESIAN_POINT('',(68.228695303,67.482799055,-2.328345422));
#5040=CARTESIAN_POINT('',(68.15377895,67.663393126,-2.328345422));
#5041=CARTESIAN_POINT('',(68.0956702,67.852263545,-2.328345422));
#5042=CARTESIAN_POINT('',(68.057133072,68.046059185,-2.328345422));
#5043=CARTESIAN_POINT('',(68.018595945,68.239854824,-2.328345422));
#5044=CARTESIAN_POINT('',(68.000129269,68.434657061,-2.328345422));
#5045=CARTESIAN_POINT('',(68.000000579,68.630379007,-2.328345422));
#5046=CARTESIAN_POINT('',(67.999871888,68.826100953,-2.328345422));
#5047=CARTESIAN_POINT('',(68.018826316,69.024907802,-2.328345422));
#5048=CARTESIAN_POINT('',(68.057152497,69.217347214,-2.328345422));
#5049=CARTESIAN_POINT('',(68.095478679,69.409786626,-2.328345422));
#5050=CARTESIAN_POINT('',(68.152692967,69.596622375,-2.328345422));
#5051=CARTESIAN_POINT('',(68.227727135,69.778171379,-2.328345422));
#5052=CARTESIAN_POINT('',(68.265244219,69.868945881,-2.328345422));
#5053=CARTESIAN_POINT('',(68.307524579,69.958876885,-2.328345422));
#5054=CARTESIAN_POINT('',(68.353862786,70.045875232,-2.328345422));
#5055=CARTESIAN_POINT('',(68.400200992,70.13287358,-2.328345422));
#5056=CARTESIAN_POINT('',(68.450537806,70.216978763,-2.328345422));
#5057=CARTESIAN_POINT('',(68.504820889,70.298228652,-2.328345422));
#5058=CARTESIAN_POINT('',(68.613387055,70.460728431,-2.328345422));
#5059=CARTESIAN_POINT('',(68.7377372,70.611807825,-2.328345422));
#5060=CARTESIAN_POINT('',(68.877466069,70.751760055,-2.328345422));
#5061=CARTESIAN_POINT('',(69.017194938,70.891712285,-2.328345422));
#5062=CARTESIAN_POINT('',(69.168844084,71.016719882,-2.328345422));
#5063=CARTESIAN_POINT('',(69.331167784,71.125324194,-2.328345422));
#5064=CARTESIAN_POINT('',(69.412329634,71.17962635,-2.328345422));
#5065=CARTESIAN_POINT('',(69.496267553,71.229936683,-2.328345422));
#5066=CARTESIAN_POINT('',(69.582991558,71.276240792,-2.328345422));
#5067=CARTESIAN_POINT('',(69.669715562,71.322544901,-2.328345422));
#5068=CARTESIAN_POINT('',(69.75965369,71.364983785,-2.328345422));
#5069=CARTESIAN_POINT('',(69.850546875,71.40271129,-2.328345422));
#5070=CARTESIAN_POINT('',(70.032333245,71.478166299,-2.328345422));
#5071=CARTESIAN_POINT('',(70.219169913,71.535506045,-2.328345422));
#5072=CARTESIAN_POINT('',(70.411278192,71.573936683,-2.328345422));
#5073=CARTESIAN_POINT('',(70.603386471,71.61236732,-2.328345422));
#5074=CARTESIAN_POINT('',(70.801789774,71.631654327,-2.328345422));
#5075=CARTESIAN_POINT('',(70.999996163,71.631654572,-2.328345422));
#5076=B_SPLINE_CURVE_WITH_KNOTS('',3,(#5015,#5016,#5017,#5018,#5019,#5020,#5021,#5022,#5023,#5024,#5025,#5026,#5027,#5028,#5029,#5030,#5031,#5032,#5033,#5034,#5035,#5036,#5037,#5038,#5039,#5040,
#5041,#5042,#5043,#5044,#5045,#5046,#5047,#5048,#5049,#5050,#5051,#5052,#5053,#5054,#5055,#5056,#5057,#5058,#5059,#5060,#5061,#5062,#5063,#5064,#5065,
#5066,#5067,#5068,#5069,#5070,#5071,#5072,#5073,#5074,#5075),.UNSPECIFIED.,.F.,.F.,(4,3,3,3,3,3,3,3,3,3,3,3,3,3,3,3,3,3,3,3,4),(0.,0.000585781,0.000878671,0.001171561,0.001757342,0.002343123,0.002928903,0.003221794,0.003514684,0.004100465,0.004686245,0.005272026,0.005857806,0.006150697,0.006443587,0.007029368,0.007615148,0.007908039,0.008200929,0.00878671,0.00937249),.UNSPECIFIED.);
#5077=EDGE_CURVE('',#5012,#5014,#5076,.T.);
#5078=ORIENTED_EDGE('',*,*,#5077,.T.);
#5079=CARTESIAN_POINT('',(71.,68.631654572,-2.328345422));
#5080=DIRECTION('',(0.,-0.,-1.));
#5081=DIRECTION('',(0.,1.,-0.));
#5082=AXIS2_PLACEMENT_3D('',#5079,#5080,#5081);
#5083=CIRCLE('',#5082,3.);
#5084=EDGE_CURVE('',#5014,#5012,#5083,.T.);
#5085=ORIENTED_EDGE('',*,*,#5084,.T.);
#5086=EDGE_LOOP('',(#5078,#5085));
#5087=FACE_BOUND('',#5086,.T.);
#5088=CARTESIAN_POINT('',(129.025024749,42.631654572,-2.328345422));
#5089=VERTEX_POINT('',#5088);
#5090=CARTESIAN_POINT('',(129.025024749,48.631654572,-2.328345422));
#5091=VERTEX_POINT('',#5090);
#5092=CARTESIAN_POINT('',(129.025024749,42.631654572,-2.328345422));
#5093=CARTESIAN_POINT('',(128.826944025,42.631654572,-2.328345422));
#5094=CARTESIAN_POINT('',(128.632086539,42.650550049,-2.328345422));
#5095=CARTESIAN_POINT('',(128.440498806,42.68861369,-2.328345422));
#5096=CARTESIAN_POINT('',(128.34470494,42.707645511,-2.328345422));
#5097=CARTESIAN_POINT('',(128.24972853,42.731469474,-2.328345422));
#5098=CARTESIAN_POINT('',(128.155575495,42.760120284,-2.328345422));
#5099=CARTESIAN_POINT('',(128.06142246,42.788771094,-2.328345422));
#5100=CARTESIAN_POINT('',(127.967829738,42.822409497,-2.328345422));
#5101=CARTESIAN_POINT('',(127.876985446,42.860011424,-2.328345422));
#5102=CARTESIAN_POINT('',(127.695296861,42.935215279,-2.328345422));
#5103=CARTESIAN_POINT('',(127.522727407,43.026842407,-2.328345422));
#5104=CARTESIAN_POINT('',(127.359694642,43.13564482,-2.328345422));
#5105=CARTESIAN_POINT('',(127.196661877,43.244447232,-2.328345422));
#5106=CARTESIAN_POINT('',(127.042553625,43.371595482,-2.328345422));
#5107=CARTESIAN_POINT('',(126.90403161,43.510007237,-2.328345422));
#5108=CARTESIAN_POINT('',(126.765509594,43.648418992,-2.328345422));
#5109=CARTESIAN_POINT('',(126.640839592,43.799135867,-2.328345422));
#5110=CARTESIAN_POINT('',(126.531136884,43.963148598,-2.328345422));
#5111=CARTESIAN_POINT('',(126.47628553,44.045154964,-2.328345422));
#5112=CARTESIAN_POINT('',(126.425260459,44.130497862,-2.328345422));
#5113=CARTESIAN_POINT('',(126.379066635,44.217218598,-2.328345422));
#5114=CARTESIAN_POINT('',(126.332872811,44.303939333,-2.328345422));
#5115=CARTESIAN_POINT('',(126.291178228,44.39250202,-2.328345422));
#5116=CARTESIAN_POINT('',(126.253720052,44.482799055,-2.328345422));
#5117=CARTESIAN_POINT('',(126.178803699,44.663393126,-2.328345422));
#5118=CARTESIAN_POINT('',(126.120694949,44.852263545,-2.328345422));
#5119=CARTESIAN_POINT('',(126.082157821,45.046059185,-2.328345422));
#5120=CARTESIAN_POINT('',(126.043620694,45.239854824,-2.328345422));
#5121=CARTESIAN_POINT('',(126.025154019,45.434657061,-2.328345422));
#5122=CARTESIAN_POINT('',(126.025025328,45.630379007,-2.328345422));
#5123=CARTESIAN_POINT('',(126.024896637,45.826100953,-2.328345422));
#5124=CARTESIAN_POINT('',(126.043851065,46.024907802,-2.328345422));
#5125=CARTESIAN_POINT('',(126.082177247,46.217347214,-2.328345422));
#5126=CARTESIAN_POINT('',(126.120503428,46.409786626,-2.328345422));
#5127=CARTESIAN_POINT('',(126.177717716,46.596622375,-2.328345422));
#5128=CARTESIAN_POINT('',(126.252751884,46.778171379,-2.328345422));
#5129=CARTESIAN_POINT('',(126.290268968,46.868945881,-2.328345422));
#5130=CARTESIAN_POINT('',(126.332549329,46.958876885,-2.328345422));
#5131=CARTESIAN_POINT('',(126.378887535,47.045875232,-2.328345422));
#5132=CARTESIAN_POINT('',(126.425225742,47.13287358,-2.328345422));
#5133=CARTESIAN_POINT('',(126.475562555,47.216978763,-2.328345422));
#5134=CARTESIAN_POINT('',(126.529845638,47.298228652,-2.328345422));
#5135=CARTESIAN_POINT('',(126.638411804,47.460728431,-2.328345422));
#5136=CARTESIAN_POINT('',(126.762761949,47.611807825,-2.328345422));
#5137=CARTESIAN_POINT('',(126.902490818,47.751760055,-2.328345422));
#5138=CARTESIAN_POINT('',(127.042219687,47.891712285,-2.328345422));
#5139=CARTESIAN_POINT('',(127.193868834,48.016719882,-2.328345422));
#5140=CARTESIAN_POINT('',(127.356192534,48.125324194,-2.328345422));
#5141=CARTESIAN_POINT('',(127.437354384,48.17962635,-2.328345422));
#5142=CARTESIAN_POINT('',(127.521292303,48.229936683,-2.328345422));
#5143=CARTESIAN_POINT('',(127.608016307,48.276240792,-2.328345422));
#5144=CARTESIAN_POINT('',(127.694740311,48.322544901,-2.328345422));
#5145=CARTESIAN_POINT('',(127.784678439,48.364983785,-2.328345422));
#5146=CARTESIAN_POINT('',(127.875571624,48.40271129,-2.328345422));
#5147=CARTESIAN_POINT('',(128.057357994,48.478166299,-2.328345422));
#5148=CARTESIAN_POINT('',(128.244194662,48.535506045,-2.328345422));
#5149=CARTESIAN_POINT('',(128.436302941,48.573936683,-2.328345422));
#5150=CARTESIAN_POINT('',(128.628411221,48.61236732,-2.328345422));
#5151=CARTESIAN_POINT('',(128.826814523,48.631654327,-2.328345422));
#5152=CARTESIAN_POINT('',(129.025020912,48.631654572,-2.328345422));
#5153=B_SPLINE_CURVE_WITH_KNOTS('',3,(#5092,#5093,#5094,#5095,#5096,#5097,#5098,#5099,#5100,#5101,#5102,#5103,#5104,#5105,#5106,#5107,#5108,#5109,#5110,#5111,#5112,#5113,#5114,#5115,#5116,#5117,
#5118,#5119,#5120,#5121,#5122,#5123,#5124,#5125,#5126,#5127,#5128,#5129,#5130,#5131,#5132,#5133,#5134,#5135,#5136,#5137,#5138,#5139,#5140,#5141,#5142,
#5143,#5144,#5145,#5146,#5147,#5148,#5149,#5150,#5151,#5152),.UNSPECIFIED.,.F.,.F.,(4,3,3,3,3,3,3,3,3,3,3,3,3,3,3,3,3,3,3,3,4),(0.,0.000585781,0.000878671,0.001171561,0.001757342,0.002343123,0.002928903,0.003221794,0.003514684,0.004100465,0.004686245,0.005272026,0.005857806,0.006150697,0.006443587,0.007029368,0.007615148,0.007908039,0.008200929,0.00878671,0.00937249),.UNSPECIFIED.);
#5154=EDGE_CURVE('',#5089,#5091,#5153,.T.);
#5155=ORIENTED_EDGE('',*,*,#5154,.T.);
#5156=CARTESIAN_POINT('',(129.025024749,45.631654572,-2.328345422));
#5157=DIRECTION('',(0.,-0.,-1.));
#5158=DIRECTION('',(0.,1.,-0.));
#5159=AXIS2_PLACEMENT_3D('',#5156,#5157,#5158);
#5160=CIRCLE('',#5159,3.);
#5161=EDGE_CURVE('',#5091,#5089,#5160,.T.);
#5162=ORIENTED_EDGE('',*,*,#5161,.T.);
#5163=EDGE_LOOP('',(#5155,#5162));
#5164=FACE_BOUND('',#5163,.T.);
#5165=CARTESIAN_POINT('',(129.025024749,65.631654572,-2.328345422));
#5166=VERTEX_POINT('',#5165);
#5167=CARTESIAN_POINT('',(129.025024749,71.631654572,-2.328345422));
#5168=VERTEX_POINT('',#5167);
#5169=CARTESIAN_POINT('',(129.025024749,65.631654572,-2.328345422));
#5170=CARTESIAN_POINT('',(128.826944025,65.631654572,-2.328345422));
#5171=CARTESIAN_POINT('',(128.632086539,65.650550049,-2.328345422));
#5172=CARTESIAN_POINT('',(128.440498806,65.68861369,-2.328345422));
#5173=CARTESIAN_POINT('',(128.34470494,65.707645511,-2.328345422));
#5174=CARTESIAN_POINT('',(128.24972853,65.731469474,-2.328345422));
#5175=CARTESIAN_POINT('',(128.155575495,65.760120284,-2.328345422));
#5176=CARTESIAN_POINT('',(128.06142246,65.788771094,-2.328345422));
#5177=CARTESIAN_POINT('',(127.967829738,65.822409497,-2.328345422));
#5178=CARTESIAN_POINT('',(127.876985446,65.860011424,-2.328345422));
#5179=CARTESIAN_POINT('',(127.695296861,65.935215279,-2.328345422));
#5180=CARTESIAN_POINT('',(127.522727407,66.026842407,-2.328345422));
#5181=CARTESIAN_POINT('',(127.359694642,66.13564482,-2.328345422));
#5182=CARTESIAN_POINT('',(127.196661877,66.244447232,-2.328345422));
#5183=CARTESIAN_POINT('',(127.042553625,66.371595482,-2.328345422));
#5184=CARTESIAN_POINT('',(126.90403161,66.510007237,-2.328345422));
#5185=CARTESIAN_POINT('',(126.765509594,66.648418992,-2.328345422));
#5186=CARTESIAN_POINT('',(126.640839592,66.799135867,-2.328345422));
#5187=CARTESIAN_POINT('',(126.531136884,66.963148598,-2.328345422));
#5188=CARTESIAN_POINT('',(126.47628553,67.045154964,-2.328345422));
#5189=CARTESIAN_POINT('',(126.425260459,67.130497862,-2.328345422));
#5190=CARTESIAN_POINT('',(126.379066635,67.217218598,-2.328345422));
#5191=CARTESIAN_POINT('',(126.332872811,67.303939333,-2.328345422));
#5192=CARTESIAN_POINT('',(126.291178228,67.39250202,-2.328345422));
#5193=CARTESIAN_POINT('',(126.253720052,67.482799055,-2.328345422));
#5194=CARTESIAN_POINT('',(126.178803699,67.663393126,-2.328345422));
#5195=CARTESIAN_POINT('',(126.120694949,67.852263545,-2.328345422));
#5196=CARTESIAN_POINT('',(126.082157821,68.046059185,-2.328345422));
#5197=CARTESIAN_POINT('',(126.043620694,68.239854824,-2.328345422));
#5198=CARTESIAN_POINT('',(126.025154019,68.434657061,-2.328345422));
#5199=CARTESIAN_POINT('',(126.025025328,68.630379007,-2.328345422));
#5200=CARTESIAN_POINT('',(126.024896637,68.826100953,-2.328345422));
#5201=CARTESIAN_POINT('',(126.043851065,69.024907802,-2.328345422));
#5202=CARTESIAN_POINT('',(126.082177247,69.217347214,-2.328345422));
#5203=CARTESIAN_POINT('',(126.120503428,69.409786626,-2.328345422));
#5204=CARTESIAN_POINT('',(126.177717716,69.596622375,-2.328345422));
#5205=CARTESIAN_POINT('',(126.252751884,69.778171379,-2.328345422));
#5206=CARTESIAN_POINT('',(126.290268968,69.868945881,-2.328345422));
#5207=CARTESIAN_POINT('',(126.332549329,69.958876885,-2.328345422));
#5208=CARTESIAN_POINT('',(126.378887535,70.045875232,-2.328345422));
#5209=CARTESIAN_POINT('',(126.425225742,70.13287358,-2.328345422));
#5210=CARTESIAN_POINT('',(126.475562555,70.216978763,-2.328345422));
#5211=CARTESIAN_POINT('',(126.529845638,70.298228652,-2.328345422));
#5212=CARTESIAN_POINT('',(126.638411804,70.460728431,-2.328345422));
#5213=CARTESIAN_POINT('',(126.762761949,70.611807825,-2.328345422));
#5214=CARTESIAN_POINT('',(126.902490818,70.751760055,-2.328345422));
#5215=CARTESIAN_POINT('',(127.042219687,70.891712285,-2.328345422));
#5216=CARTESIAN_POINT('',(127.193868834,71.016719882,-2.328345422));
#5217=CARTESIAN_POINT('',(127.356192534,71.125324194,-2.328345422));
#5218=CARTESIAN_POINT('',(127.437354384,71.17962635,-2.328345422));
#5219=CARTESIAN_POINT('',(127.521292303,71.229936683,-2.328345422));
#5220=CARTESIAN_POINT('',(127.608016307,71.276240792,-2.328345422));
#5221=CARTESIAN_POINT('',(127.694740311,71.322544901,-2.328345422));
#5222=CARTESIAN_POINT('',(127.784678439,71.364983785,-2.328345422));
#5223=CARTESIAN_POINT('',(127.875571624,71.40271129,-2.328345422));
#5224=CARTESIAN_POINT('',(128.057357994,71.478166299,-2.328345422));
#5225=CARTESIAN_POINT('',(128.244194662,71.535506045,-2.328345422));
#5226=CARTESIAN_POINT('',(128.436302941,71.573936683,-2.328345422));
#5227=CARTESIAN_POINT('',(128.628411221,71.61236732,-2.328345422));
#5228=CARTESIAN_POINT('',(128.826814523,71.631654327,-2.328345422));
#5229=CARTESIAN_POINT('',(129.025020912,71.631654572,-2.328345422));
#5230=B_SPLINE_CURVE_WITH_KNOTS('',3,(#5169,#5170,#5171,#5172,#5173,#5174,#5175,#5176,#5177,#5178,#5179,#5180,#5181,#5182,#5183,#5184,#5185,#5186,#5187,#5188,#5189,#5190,#5191,#5192,#5193,#5194,
#5195,#5196,#5197,#5198,#5199,#5200,#5201,#5202,#5203,#5204,#5205,#5206,#5207,#5208,#5209,#5210,#5211,#5212,#5213,#5214,#5215,#5216,#5217,#5218,#5219,
#5220,#5221,#5222,#5223,#5224,#5225,#5226,#5227,#5228,#5229),.UNSPECIFIED.,.F.,.F.,(4,3,3,3,3,3,3,3,3,3,3,3,3,3,3,3,3,3,3,3,4),(0.,0.000585781,0.000878671,0.001171561,0.001757342,0.002343123,0.002928903,0.003221794,0.003514684,0.004100465,0.004686245,0.005272026,0.005857806,0.006150697,0.006443587,0.007029368,0.007615148,0.007908039,0.008200929,0.00878671,0.00937249),.UNSPECIFIED.);
#5231=EDGE_CURVE('',#5166,#5168,#5230,.T.);
#5232=ORIENTED_EDGE('',*,*,#5231,.T.);
#5233=CARTESIAN_POINT('',(129.025024749,68.631654572,-2.328345422));
#5234=DIRECTION('',(0.,-0.,-1.));
#5235=DIRECTION('',(0.,1.,-0.));
#5236=AXIS2_PLACEMENT_3D('',#5233,#5234,#5235);
#5237=CIRCLE('',#5236,3.);
#5238=EDGE_CURVE('',#5168,#5166,#5237,.T.);
#5239=ORIENTED_EDGE('',*,*,#5238,.T.);
#5240=EDGE_LOOP('',(#5232,#5239));
#5241=FACE_BOUND('',#5240,.T.);
#5242=CARTESIAN_POINT('',(132.5,45.131654572,-2.328345422));
#5243=VERTEX_POINT('',#5242);
#5244=CARTESIAN_POINT('',(132.5,69.131654572,-2.328345422));
#5245=VERTEX_POINT('',#5244);
#5246=CARTESIAN_POINT('',(132.5,45.131654572,-2.328345422));
#5247=DIRECTION('',(0.,1.,-0.));
#5248=VECTOR('',#5247,24.);
#5249=LINE('',#5246,#5248);
#5250=EDGE_CURVE('',#5243,#5245,#5249,.T.);
#5251=ORIENTED_EDGE('',*,*,#5250,.T.);
#5252=CARTESIAN_POINT('',(129.5,72.131654572,-2.328345422));
#5253=VERTEX_POINT('',#5252);
#5254=CARTESIAN_POINT('',(129.5,69.131654572,-2.328345422));
#5255=DIRECTION('',(0.,0.,1.));
#5256=DIRECTION('',(-1.,0.,0.));
#5257=AXIS2_PLACEMENT_3D('',#5254,#5255,#5256);
#5258=CIRCLE('',#5257,3.);
#5259=EDGE_CURVE('',#5245,#5253,#5258,.T.);
#5260=ORIENTED_EDGE('',*,*,#5259,.T.);
#5261=CARTESIAN_POINT('',(70.5,72.131654572,-2.328345422));
#5262=VERTEX_POINT('',#5261);
#5263=CARTESIAN_POINT('',(129.5,72.131654572,-2.328345422));
#5264=DIRECTION('',(-1.,0.,0.));
#5265=VECTOR('',#5264,59.);
#5266=LINE('',#5263,#5265);
#5267=EDGE_CURVE('',#5253,#5262,#5266,.T.);
#5268=ORIENTED_EDGE('',*,*,#5267,.T.);
#5269=CARTESIAN_POINT('',(67.5,69.131654572,-2.328345422));
#5270=VERTEX_POINT('',#5269);
#5271=CARTESIAN_POINT('',(70.5,69.131654572,-2.328345422));
#5272=DIRECTION('',(0.,0.,1.));
#5273=DIRECTION('',(-1.,0.,0.));
#5274=AXIS2_PLACEMENT_3D('',#5271,#5272,#5273);
#5275=CIRCLE('',#5274,3.);
#5276=EDGE_CURVE('',#5262,#5270,#5275,.T.);
#5277=ORIENTED_EDGE('',*,*,#5276,.T.);
#5278=CARTESIAN_POINT('',(67.5,45.131654572,-2.328345422));
#5279=VERTEX_POINT('',#5278);
#5280=CARTESIAN_POINT('',(67.5,69.131654572,-2.328345422));
#5281=DIRECTION('',(0.,-1.,0.));
#5282=VECTOR('',#5281,24.);
#5283=LINE('',#5280,#5282);
#5284=EDGE_CURVE('',#5270,#5279,#5283,.T.);
#5285=ORIENTED_EDGE('',*,*,#5284,.T.);
#5286=CARTESIAN_POINT('',(70.5,42.131654572,-2.328345422));
#5287=VERTEX_POINT('',#5286);
#5288=CARTESIAN_POINT('',(70.5,45.131654572,-2.328345422));
#5289=DIRECTION('',(0.,0.,1.));
#5290=DIRECTION('',(-1.,0.,0.));
#5291=AXIS2_PLACEMENT_3D('',#5288,#5289,#5290);
#5292=CIRCLE('',#5291,3.);
#5293=EDGE_CURVE('',#5279,#5287,#5292,.T.);
#5294=ORIENTED_EDGE('',*,*,#5293,.T.);
#5295=CARTESIAN_POINT('',(129.5,42.131654572,-2.328345422));
#5296=VERTEX_POINT('',#5295);
#5297=CARTESIAN_POINT('',(70.5,42.131654572,-2.328345422));
#5298=DIRECTION('',(1.,-0.,-0.));
#5299=VECTOR('',#5298,59.);
#5300=LINE('',#5297,#5299);
#5301=EDGE_CURVE('',#5287,#5296,#5300,.T.);
#5302=ORIENTED_EDGE('',*,*,#5301,.T.);
#5303=CARTESIAN_POINT('',(129.5,45.131654572,-2.328345422));
#5304=DIRECTION('',(0.,0.,1.));
#5305=DIRECTION('',(-1.,0.,0.));
#5306=AXIS2_PLACEMENT_3D('',#5303,#5304,#5305);
#5307=CIRCLE('',#5306,3.);
#5308=EDGE_CURVE('',#5296,#5243,#5307,.T.);
#5309=ORIENTED_EDGE('',*,*,#5308,.T.);
#5310=EDGE_LOOP('',(#5251,#5260,#5268,#5277,#5285,#5294,#5302,#5309));
#5311=FACE_BOUND('',#5310,.T.);
#5312=CARTESIAN_POINT('',(71.,48.631654572,-2.328345422));
#5313=VERTEX_POINT('',#5312);
#5314=CARTESIAN_POINT('',(71.,42.631654572,-2.328345422));
#5315=VERTEX_POINT('',#5314);
#5316=CARTESIAN_POINT('',(71.,45.631654572,-2.328345422));
#5317=DIRECTION('',(0.,-0.,-1.));
#5318=DIRECTION('',(0.,1.,-0.));
#5319=AXIS2_PLACEMENT_3D('',#5316,#5317,#5318);
#5320=CIRCLE('',#5319,3.);
#5321=EDGE_CURVE('',#5313,#5315,#5320,.T.);
#5322=ORIENTED_EDGE('',*,*,#5321,.T.);
#5323=CARTESIAN_POINT('',(71.,42.631654572,-2.328345422));
#5324=CARTESIAN_POINT('',(70.801919276,42.631654572,-2.328345422));
#5325=CARTESIAN_POINT('',(70.60706179,42.650550049,-2.328345422));
#5326=CARTESIAN_POINT('',(70.415474057,42.68861369,-2.328345422));
#5327=CARTESIAN_POINT('',(70.319680191,42.707645511,-2.328345422));
#5328=CARTESIAN_POINT('',(70.224703781,42.731469474,-2.328345422));
#5329=CARTESIAN_POINT('',(70.130550746,42.760120284,-2.328345422));
#5330=CARTESIAN_POINT('',(70.036397711,42.788771094,-2.328345422));
#5331=CARTESIAN_POINT('',(69.942804989,42.822409497,-2.328345422));
#5332=CARTESIAN_POINT('',(69.851960697,42.860011424,-2.328345422));
#5333=CARTESIAN_POINT('',(69.670272112,42.935215279,-2.328345422));
#5334=CARTESIAN_POINT('',(69.497702658,43.026842407,-2.328345422));
#5335=CARTESIAN_POINT('',(69.334669893,43.13564482,-2.328345422));
#5336=CARTESIAN_POINT('',(69.171637128,43.244447232,-2.328345422));
#5337=CARTESIAN_POINT('',(69.017528876,43.371595482,-2.328345422));
#5338=CARTESIAN_POINT('',(68.87900686,43.510007237,-2.328345422));
#5339=CARTESIAN_POINT('',(68.740484845,43.648418992,-2.328345422));
#5340=CARTESIAN_POINT('',(68.615814842,43.799135867,-2.328345422));
#5341=CARTESIAN_POINT('',(68.506112135,43.963148598,-2.328345422));
#5342=CARTESIAN_POINT('',(68.451260781,44.045154964,-2.328345422));
#5343=CARTESIAN_POINT('',(68.40023571,44.130497862,-2.328345422));
#5344=CARTESIAN_POINT('',(68.354041886,44.217218598,-2.328345422));
#5345=CARTESIAN_POINT('',(68.307848062,44.303939333,-2.328345422));
#5346=CARTESIAN_POINT('',(68.266153479,44.39250202,-2.328345422));
#5347=CARTESIAN_POINT('',(68.228695303,44.482799055,-2.328345422));
#5348=CARTESIAN_POINT('',(68.15377895,44.663393126,-2.328345422));
#5349=CARTESIAN_POINT('',(68.0956702,44.852263545,-2.328345422));
#5350=CARTESIAN_POINT('',(68.057133072,45.046059185,-2.328345422));
#5351=CARTESIAN_POINT('',(68.018595945,45.239854824,-2.328345422));
#5352=CARTESIAN_POINT('',(68.000129269,45.434657061,-2.328345422));
#5353=CARTESIAN_POINT('',(68.000000579,45.630379007,-2.328345422));
#5354=CARTESIAN_POINT('',(67.999871888,45.826100953,-2.328345422));
#5355=CARTESIAN_POINT('',(68.018826316,46.024907802,-2.328345422));
#5356=CARTESIAN_POINT('',(68.057152497,46.217347214,-2.328345422));
#5357=CARTESIAN_POINT('',(68.095478679,46.409786626,-2.328345422));
#5358=CARTESIAN_POINT('',(68.152692967,46.596622375,-2.328345422));
#5359=CARTESIAN_POINT('',(68.227727135,46.778171379,-2.328345422));
#5360=CARTESIAN_POINT('',(68.265244219,46.868945881,-2.328345422));
#5361=CARTESIAN_POINT('',(68.307524579,46.958876885,-2.328345422));
#5362=CARTESIAN_POINT('',(68.353862786,47.045875232,-2.328345422));
#5363=CARTESIAN_POINT('',(68.400200992,47.13287358,-2.328345422));
#5364=CARTESIAN_POINT('',(68.450537806,47.216978763,-2.328345422));
#5365=CARTESIAN_POINT('',(68.504820889,47.298228652,-2.328345422));
#5366=CARTESIAN_POINT('',(68.613387055,47.460728431,-2.328345422));
#5367=CARTESIAN_POINT('',(68.7377372,47.611807825,-2.328345422));
#5368=CARTESIAN_POINT('',(68.877466069,47.751760055,-2.328345422));
#5369=CARTESIAN_POINT('',(69.017194938,47.891712285,-2.328345422));
#5370=CARTESIAN_POINT('',(69.168844084,48.016719882,-2.328345422));
#5371=CARTESIAN_POINT('',(69.331167784,48.125324194,-2.328345422));
#5372=CARTESIAN_POINT('',(69.412329634,48.17962635,-2.328345422));
#5373=CARTESIAN_POINT('',(69.496267553,48.229936683,-2.328345422));
#5374=CARTESIAN_POINT('',(69.582991558,48.276240792,-2.328345422));
#5375=CARTESIAN_POINT('',(69.669715562,48.322544901,-2.328345422));
#5376=CARTESIAN_POINT('',(69.75965369,48.364983785,-2.328345422));
#5377=CARTESIAN_POINT('',(69.850546875,48.40271129,-2.328345422));
#5378=CARTESIAN_POINT('',(70.032333245,48.478166299,-2.328345422));
#5379=CARTESIAN_POINT('',(70.219169913,48.535506045,-2.328345422));
#5380=CARTESIAN_POINT('',(70.411278192,48.573936683,-2.328345422));
#5381=CARTESIAN_POINT('',(70.603386471,48.61236732,-2.328345422));
#5382=CARTESIAN_POINT('',(70.801789774,48.631654327,-2.328345422));
#5383=CARTESIAN_POINT('',(70.999996163,48.631654572,-2.328345422));
#5384=B_SPLINE_CURVE_WITH_KNOTS('',3,(#5323,#5324,#5325,#5326,#5327,#5328,#5329,#5330,#5331,#5332,#5333,#5334,#5335,#5336,#5337,#5338,#5339,#5340,#5341,#5342,#5343,#5344,#5345,#5346,#5347,#5348,
#5349,#5350,#5351,#5352,#5353,#5354,#5355,#5356,#5357,#5358,#5359,#5360,#5361,#5362,#5363,#5364,#5365,#5366,#5367,#5368,#5369,#5370,#5371,#5372,#5373,
#5374,#5375,#5376,#5377,#5378,#5379,#5380,#5381,#5382,#5383),.UNSPECIFIED.,.F.,.F.,(4,3,3,3,3,3,3,3,3,3,3,3,3,3,3,3,3,3,3,3,4),(0.,0.000585781,0.000878671,0.001171561,0.001757342,0.002343123,0.002928903,0.003221794,0.003514684,0.004100465,0.004686245,0.005272026,0.005857806,0.006150697,0.006443587,0.007029368,0.007615148,0.007908039,0.008200929,0.00878671,0.00937249),.UNSPECIFIED.);
#5385=EDGE_CURVE('',#5315,#5313,#5384,.T.);
#5386=ORIENTED_EDGE('',*,*,#5385,.T.);
#5387=EDGE_LOOP('',(#5322,#5386));
#5388=FACE_BOUND('',#5387,.T.);
#5389=ORIENTED_EDGE('',*,*,#3313,.T.);
#5390=ORIENTED_EDGE('',*,*,#3174,.T.);
#5391=ORIENTED_EDGE('',*,*,#4348,.F.);
#5392=ORIENTED_EDGE('',*,*,#4377,.F.);
#5393=ORIENTED_EDGE('',*,*,#4486,.F.);
#5394=ORIENTED_EDGE('',*,*,#4512,.F.);
#5395=ORIENTED_EDGE('',*,*,#4526,.F.);
#5396=ORIENTED_EDGE('',*,*,#4060,.F.);
#5397=ORIENTED_EDGE('',*,*,#4096,.F.);
#5398=ORIENTED_EDGE('',*,*,#4167,.F.);
#5399=ORIENTED_EDGE('',*,*,#3406,.T.);
#5400=ORIENTED_EDGE('',*,*,#3351,.F.);
#5401=ORIENTED_EDGE('',*,*,#3378,.T.);
#5402=EDGE_LOOP('',(#5389,#5390,#5391,#5392,#5393,#5394,#5395,#5396,#5397,#5398,#5399,#5400,#5401));
#5403=FACE_BOUND('',#5402,.T.);
#5404=ADVANCED_FACE('',(#5087,#5164,#5241,#5311,#5388,#5403),#5010,.T.);
#5405=CARTESIAN_POINT('',(71.,45.631654572,5.471654589));
#5406=DIRECTION('',(0.,0.,1.));
#5407=DIRECTION('',(-1.,0.,0.));
#5408=AXIS2_PLACEMENT_3D('',#5405,#5406,#5407);
#5409=CYLINDRICAL_SURFACE('',#5408,3.);
#5410=CARTESIAN_POINT('',(71.,48.631654572,7.931654584));
#5411=VERTEX_POINT('',#5410);
#5412=CARTESIAN_POINT('',(71.,42.631654572,7.931654584));
#5413=VERTEX_POINT('',#5412);
#5414=CARTESIAN_POINT('',(71.,45.631654572,7.931654584));
#5415=DIRECTION('',(0.,-0.,-1.));
#5416=DIRECTION('',(0.,1.,-0.));
#5417=AXIS2_PLACEMENT_3D('',#5414,#5415,#5416);
#5418=CIRCLE('',#5417,3.);
#5419=EDGE_CURVE('',#5411,#5413,#5418,.T.);
#5420=ORIENTED_EDGE('',*,*,#5419,.T.);
#5421=CARTESIAN_POINT('',(71.,42.631654572,-2.328345422));
#5422=DIRECTION('',(0.,0.,1.));
#5423=VECTOR('',#5422,10.260000006);
#5424=LINE('',#5421,#5423);
#5425=EDGE_CURVE('',#5315,#5413,#5424,.T.);
#5426=ORIENTED_EDGE('',*,*,#5425,.F.);
#5427=ORIENTED_EDGE('',*,*,#5321,.F.);
#5428=CARTESIAN_POINT('',(71.,48.631654572,-2.328345422));
#5429=DIRECTION('',(0.,0.,1.));
#5430=VECTOR('',#5429,10.260000006);
#5431=LINE('',#5428,#5430);
#5432=EDGE_CURVE('',#5313,#5411,#5431,.T.);
#5433=ORIENTED_EDGE('',*,*,#5432,.T.);
#5434=EDGE_LOOP('',(#5420,#5426,#5427,#5433));
#5435=FACE_BOUND('',#5434,.T.);
#5436=ADVANCED_FACE('',(#5435),#5409,.T.);
#5437=CARTESIAN_POINT('',(71.,42.631654572,-2.328345422));
#5438=CARTESIAN_POINT('',(71.,42.631654572,5.471654589));
#5439=CARTESIAN_POINT('',(71.,42.631654572,7.931654584));
#5440=CARTESIAN_POINT('',(70.403652971,42.631654572,-2.328345422));
#5441=CARTESIAN_POINT('',(70.403652971,42.631654572,5.471654589));
#5442=CARTESIAN_POINT('',(70.403652971,42.631654572,7.931654584));
#5443=CARTESIAN_POINT('',(69.851949703,42.860015975,-2.328345422));
#5444=CARTESIAN_POINT('',(69.851949703,42.860015975,5.471654589));
#5445=CARTESIAN_POINT('',(69.851949703,42.860015975,7.931654584));
#5446=CARTESIAN_POINT('',(69.301272433,43.087952695,-2.328345422));
#5447=CARTESIAN_POINT('',(69.301272433,43.087952695,5.471654589));
#5448=CARTESIAN_POINT('',(69.301272433,43.087952695,7.931654584));
#5449=CARTESIAN_POINT('',(68.878679656,43.510334229,-2.328345422));
#5450=CARTESIAN_POINT('',(68.878679656,43.510334229,5.471654589));
#5451=CARTESIAN_POINT('',(68.878679656,43.510334229,7.931654584));
#5452=CARTESIAN_POINT('',(68.457147805,43.931655367,-2.328345422));
#5453=CARTESIAN_POINT('',(68.457147805,43.931655367,5.471654589));
#5454=CARTESIAN_POINT('',(68.457147805,43.931655367,7.931654584));
#5455=CARTESIAN_POINT('',(68.228361402,44.483604275,-2.328345422));
#5456=CARTESIAN_POINT('',(68.228361402,44.483604275,5.471654589));
#5457=CARTESIAN_POINT('',(68.228361402,44.483604275,7.931654584));
#5458=CARTESIAN_POINT('',(68.000149372,45.034167507,-2.328345422));
#5459=CARTESIAN_POINT('',(68.000149372,45.034167507,5.471654589));
#5460=CARTESIAN_POINT('',(68.000149372,45.034167507,7.931654584));
#5461=CARTESIAN_POINT('',(68.,45.631654572,-2.328345422));
#5462=CARTESIAN_POINT('',(68.,45.631654572,5.471654589));
#5463=CARTESIAN_POINT('',(68.,45.631654572,7.931654584));
#5464=CARTESIAN_POINT('',(67.999851003,46.227641637,-2.328345422));
#5465=CARTESIAN_POINT('',(67.999851003,46.227641637,5.471654589));
#5466=CARTESIAN_POINT('',(67.999851003,46.227641637,7.931654584));
#5467=CARTESIAN_POINT('',(68.228361402,46.779704869,-2.328345422));
#5468=CARTESIAN_POINT('',(68.228361402,46.779704869,5.471654589));
#5469=CARTESIAN_POINT('',(68.228361402,46.779704869,7.931654584));
#5470=CARTESIAN_POINT('',(68.456298123,47.330382139,-2.328345422));
#5471=CARTESIAN_POINT('',(68.456298123,47.330382139,5.471654589));
#5472=CARTESIAN_POINT('',(68.456298123,47.330382139,7.931654584));
#5473=CARTESIAN_POINT('',(68.878679656,47.752974916,-2.328345422));
#5474=CARTESIAN_POINT('',(68.878679656,47.752974916,5.471654589));
#5475=CARTESIAN_POINT('',(68.878679656,47.752974916,7.931654584));
#5476=CARTESIAN_POINT('',(69.300000795,48.174506768,-2.328345422));
#5477=CARTESIAN_POINT('',(69.300000795,48.174506768,5.471654589));
#5478=CARTESIAN_POINT('',(69.300000795,48.174506768,7.931654584));
#5479=CARTESIAN_POINT('',(69.851949703,48.40329317,-2.328345422));
#5480=CARTESIAN_POINT('',(69.851949703,48.40329317,5.471654589));
#5481=CARTESIAN_POINT('',(69.851949703,48.40329317,7.931654584));
#5482=CARTESIAN_POINT('',(70.402873296,48.631654572,-2.328345422));
#5483=CARTESIAN_POINT('',(70.402873296,48.631654572,5.471654589));
#5484=CARTESIAN_POINT('',(70.402873296,48.631654572,7.931654584));
#5485=CARTESIAN_POINT('',(71.,48.631654572,-2.328345422));
#5486=CARTESIAN_POINT('',(71.,48.631654572,5.471654589));
#5487=CARTESIAN_POINT('',(71.,48.631654572,7.931654584));
#5488=B_SPLINE_SURFACE_WITH_KNOTS('',2,1,((#5437,#5438,#5439),(#5440,#5441,#5442),(#5443,#5444,#5445),(#5446,#5447,#5448),(#5449,#5450,#5451),(#5452,#5453,#5454),(#5455,#5456,#5457),(#5458,#5459,#5460),(#5461,#5462,#5463),(#5464,#5465,#5466),(#5467,#5468,#5469),(#5470,#5471,#5472),(#5473,#5474,#5475),(#5476,#5477,#5478),(#5479,#5480,#5481),(#5482,#5483,#5484),(#5485,#5486,#5487)),.UNSPECIFIED.,.F.,.F.,.U.,(3,2,2,2,2,2,2,2,3),(2,1,2),(0.,0.125,0.25,0.375,0.5,0.625,0.75,0.875,1.),(-3.170731718,0.,1.),.UNSPECIFIED.);
#5489=CARTESIAN_POINT('',(71.,42.631654572,7.931654584));
#5490=CARTESIAN_POINT('',(70.403652971,42.631654572,7.931654584));
#5491=CARTESIAN_POINT('',(69.851949703,42.860015975,7.931654584));
#5492=CARTESIAN_POINT('',(69.301272433,43.087952695,7.931654584));
#5493=CARTESIAN_POINT('',(68.878679656,43.510334229,7.931654584));
#5494=CARTESIAN_POINT('',(68.457147805,43.931655367,7.931654584));
#5495=CARTESIAN_POINT('',(68.228361402,44.483604275,7.931654584));
#5496=CARTESIAN_POINT('',(68.000149372,45.034167507,7.931654584));
#5497=CARTESIAN_POINT('',(68.,45.631654572,7.931654584));
#5498=CARTESIAN_POINT('',(67.999851003,46.227641637,7.931654584));
#5499=CARTESIAN_POINT('',(68.228361402,46.779704869,7.931654584));
#5500=CARTESIAN_POINT('',(68.456298123,47.330382139,7.931654584));
#5501=CARTESIAN_POINT('',(68.878679656,47.752974916,7.931654584));
#5502=CARTESIAN_POINT('',(69.300000795,48.174506768,7.931654584));
#5503=CARTESIAN_POINT('',(69.851949703,48.40329317,7.931654584));
#5504=CARTESIAN_POINT('',(70.402873296,48.631654572,7.931654584));
#5505=CARTESIAN_POINT('',(71.,48.631654572,7.931654584));
#5506=B_SPLINE_CURVE_WITH_KNOTS('',2,(#5489,#5490,#5491,#5492,#5493,#5494,#5495,#5496,#5497,#5498,#5499,#5500,#5501,#5502,#5503,#5504,#5505),.UNSPECIFIED.,.F.,.F.,(3,2,2,2,2,2,2,2,3),(0.,0.125,0.25,0.375,0.5,0.625,0.75,0.875,1.),.UNSPECIFIED.);
#5507=EDGE_CURVE('',#5413,#5411,#5506,.T.);
#5508=ORIENTED_EDGE('',*,*,#5507,.T.);
#5509=ORIENTED_EDGE('',*,*,#5432,.F.);
#5510=ORIENTED_EDGE('',*,*,#5385,.F.);
#5511=ORIENTED_EDGE('',*,*,#5425,.T.);
#5512=EDGE_LOOP('',(#5508,#5509,#5510,#5511));
#5513=FACE_BOUND('',#5512,.T.);
#5514=ADVANCED_FACE('',(#5513),#5488,.F.);
#5515=CARTESIAN_POINT('',(72.5,45.631654572,7.931654584));
#5516=DIRECTION('',(0.,-0.,-1.));
#5517=DIRECTION('',(0.,1.,-0.));
#5518=AXIS2_PLACEMENT_3D('',#5515,#5516,#5517);
#5519=PLANE('',#5518);
#5520=CARTESIAN_POINT('',(70.990562073,47.381561371,7.931654584));
#5521=VERTEX_POINT('',#5520);
#5522=CARTESIAN_POINT('',(70.999962751,45.631654572,7.931654584));
#5523=DIRECTION('',(0.,0.,-1.));
#5524=DIRECTION('',(-1.,0.,0.));
#5525=AXIS2_PLACEMENT_3D('',#5522,#5523,#5524);
#5526=CIRCLE('',#5525,1.749932049);
#5527=EDGE_CURVE('',#5521,#5521,#5526,.T.);
#5528=ORIENTED_EDGE('',*,*,#5527,.T.);
#5529=EDGE_LOOP('',(#5528));
#5530=FACE_BOUND('',#5529,.T.);
#5531=ORIENTED_EDGE('',*,*,#5419,.F.);
#5532=ORIENTED_EDGE('',*,*,#5507,.F.);
#5533=EDGE_LOOP('',(#5531,#5532));
#5534=FACE_BOUND('',#5533,.T.);
#5535=ADVANCED_FACE('',(#5530,#5534),#5519,.F.);
#5536=CARTESIAN_POINT('',(72.5,68.631654572,7.931654584));
#5537=DIRECTION('',(0.,-0.,-1.));
#5538=DIRECTION('',(0.,1.,-0.));
#5539=AXIS2_PLACEMENT_3D('',#5536,#5537,#5538);
#5540=PLANE('',#5539);
#5541=CARTESIAN_POINT('',(70.990562073,70.381561371,7.931654584));
#5542=VERTEX_POINT('',#5541);
#5543=CARTESIAN_POINT('',(70.999962751,68.631654572,7.931654584));
#5544=DIRECTION('',(0.,0.,-1.));
#5545=DIRECTION('',(-1.,0.,0.));
#5546=AXIS2_PLACEMENT_3D('',#5543,#5544,#5545);
#5547=CIRCLE('',#5546,1.749932049);
#5548=EDGE_CURVE('',#5542,#5542,#5547,.T.);
#5549=ORIENTED_EDGE('',*,*,#5548,.T.);
#5550=EDGE_LOOP('',(#5549));
#5551=FACE_BOUND('',#5550,.T.);
#5552=CARTESIAN_POINT('',(71.,71.631654572,7.931654584));
#5553=VERTEX_POINT('',#5552);
#5554=CARTESIAN_POINT('',(71.,65.631654572,7.931654584));
#5555=VERTEX_POINT('',#5554);
#5556=CARTESIAN_POINT('',(71.,68.631654572,7.931654584));
#5557=DIRECTION('',(0.,-0.,-1.));
#5558=DIRECTION('',(0.,1.,-0.));
#5559=AXIS2_PLACEMENT_3D('',#5556,#5557,#5558);
#5560=CIRCLE('',#5559,3.);
#5561=EDGE_CURVE('',#5553,#5555,#5560,.T.);
#5562=ORIENTED_EDGE('',*,*,#5561,.F.);
#5563=CARTESIAN_POINT('',(71.,65.631654572,7.931654584));
#5564=CARTESIAN_POINT('',(70.403652971,65.631654572,7.931654584));
#5565=CARTESIAN_POINT('',(69.851949703,65.860015975,7.931654584));
#5566=CARTESIAN_POINT('',(69.301272433,66.087952695,7.931654584));
#5567=CARTESIAN_POINT('',(68.878679656,66.510334229,7.931654584));
#5568=CARTESIAN_POINT('',(68.457147805,66.931655367,7.931654584));
#5569=CARTESIAN_POINT('',(68.228361402,67.483604275,7.931654584));
#5570=CARTESIAN_POINT('',(68.000149372,68.034167507,7.931654584));
#5571=CARTESIAN_POINT('',(68.,68.631654572,7.931654584));
#5572=CARTESIAN_POINT('',(67.999851003,69.227641637,7.931654584));
#5573=CARTESIAN_POINT('',(68.228361402,69.779704869,7.931654584));
#5574=CARTESIAN_POINT('',(68.456298123,70.330382139,7.931654584));
#5575=CARTESIAN_POINT('',(68.878679656,70.752974916,7.931654584));
#5576=CARTESIAN_POINT('',(69.300000795,71.174506768,7.931654584));
#5577=CARTESIAN_POINT('',(69.851949703,71.40329317,7.931654584));
#5578=CARTESIAN_POINT('',(70.402873296,71.631654572,7.931654584));
#5579=CARTESIAN_POINT('',(71.,71.631654572,7.931654584));
#5580=B_SPLINE_CURVE_WITH_KNOTS('',2,(#5563,#5564,#5565,#5566,#5567,#5568,#5569,#5570,#5571,#5572,#5573,#5574,#5575,#5576,#5577,#5578,#5579),.UNSPECIFIED.,.F.,.F.,(3,2,2,2,2,2,2,2,3),(0.,0.125,0.25,0.375,0.5,0.625,0.75,0.875,1.),.UNSPECIFIED.);
#5581=EDGE_CURVE('',#5555,#5553,#5580,.T.);
#5582=ORIENTED_EDGE('',*,*,#5581,.F.);
#5583=EDGE_LOOP('',(#5562,#5582));
#5584=FACE_BOUND('',#5583,.T.);
#5585=ADVANCED_FACE('',(#5551,#5584),#5540,.F.);
#5586=CARTESIAN_POINT('',(71.,65.631654572,-2.328345422));
#5587=CARTESIAN_POINT('',(71.,65.631654572,5.471654589));
#5588=CARTESIAN_POINT('',(71.,65.631654572,7.931654584));
#5589=CARTESIAN_POINT('',(70.403652971,65.631654572,-2.328345422));
#5590=CARTESIAN_POINT('',(70.403652971,65.631654572,5.471654589));
#5591=CARTESIAN_POINT('',(70.403652971,65.631654572,7.931654584));
#5592=CARTESIAN_POINT('',(69.851949703,65.860015975,-2.328345422));
#5593=CARTESIAN_POINT('',(69.851949703,65.860015975,5.471654589));
#5594=CARTESIAN_POINT('',(69.851949703,65.860015975,7.931654584));
#5595=CARTESIAN_POINT('',(69.301272433,66.087952695,-2.328345422));
#5596=CARTESIAN_POINT('',(69.301272433,66.087952695,5.471654589));
#5597=CARTESIAN_POINT('',(69.301272433,66.087952695,7.931654584));
#5598=CARTESIAN_POINT('',(68.878679656,66.510334229,-2.328345422));
#5599=CARTESIAN_POINT('',(68.878679656,66.510334229,5.471654589));
#5600=CARTESIAN_POINT('',(68.878679656,66.510334229,7.931654584));
#5601=CARTESIAN_POINT('',(68.457147805,66.931655367,-2.328345422));
#5602=CARTESIAN_POINT('',(68.457147805,66.931655367,5.471654589));
#5603=CARTESIAN_POINT('',(68.457147805,66.931655367,7.931654584));
#5604=CARTESIAN_POINT('',(68.228361402,67.483604275,-2.328345422));
#5605=CARTESIAN_POINT('',(68.228361402,67.483604275,5.471654589));
#5606=CARTESIAN_POINT('',(68.228361402,67.483604275,7.931654584));
#5607=CARTESIAN_POINT('',(68.000149372,68.034167507,-2.328345422));
#5608=CARTESIAN_POINT('',(68.000149372,68.034167507,5.471654589));
#5609=CARTESIAN_POINT('',(68.000149372,68.034167507,7.931654584));
#5610=CARTESIAN_POINT('',(68.,68.631654572,-2.328345422));
#5611=CARTESIAN_POINT('',(68.,68.631654572,5.471654589));
#5612=CARTESIAN_POINT('',(68.,68.631654572,7.931654584));
#5613=CARTESIAN_POINT('',(67.999851003,69.227641637,-2.328345422));
#5614=CARTESIAN_POINT('',(67.999851003,69.227641637,5.471654589));
#5615=CARTESIAN_POINT('',(67.999851003,69.227641637,7.931654584));
#5616=CARTESIAN_POINT('',(68.228361402,69.779704869,-2.328345422));
#5617=CARTESIAN_POINT('',(68.228361402,69.779704869,5.471654589));
#5618=CARTESIAN_POINT('',(68.228361402,69.779704869,7.931654584));
#5619=CARTESIAN_POINT('',(68.456298123,70.330382139,-2.328345422));
#5620=CARTESIAN_POINT('',(68.456298123,70.330382139,5.471654589));
#5621=CARTESIAN_POINT('',(68.456298123,70.330382139,7.931654584));
#5622=CARTESIAN_POINT('',(68.878679656,70.752974916,-2.328345422));
#5623=CARTESIAN_POINT('',(68.878679656,70.752974916,5.471654589));
#5624=CARTESIAN_POINT('',(68.878679656,70.752974916,7.931654584));
#5625=CARTESIAN_POINT('',(69.300000795,71.174506768,-2.328345422));
#5626=CARTESIAN_POINT('',(69.300000795,71.174506768,5.471654589));
#5627=CARTESIAN_POINT('',(69.300000795,71.174506768,7.931654584));
#5628=CARTESIAN_POINT('',(69.851949703,71.40329317,-2.328345422));
#5629=CARTESIAN_POINT('',(69.851949703,71.40329317,5.471654589));
#5630=CARTESIAN_POINT('',(69.851949703,71.40329317,7.931654584));
#5631=CARTESIAN_POINT('',(70.402873296,71.631654572,-2.328345422));
#5632=CARTESIAN_POINT('',(70.402873296,71.631654572,5.471654589));
#5633=CARTESIAN_POINT('',(70.402873296,71.631654572,7.931654584));
#5634=CARTESIAN_POINT('',(71.,71.631654572,-2.328345422));
#5635=CARTESIAN_POINT('',(71.,71.631654572,5.471654589));
#5636=CARTESIAN_POINT('',(71.,71.631654572,7.931654584));
#5637=B_SPLINE_SURFACE_WITH_KNOTS('',2,1,((#5586,#5587,#5588),(#5589,#5590,#5591),(#5592,#5593,#5594),(#5595,#5596,#5597),(#5598,#5599,#5600),(#5601,#5602,#5603),(#5604,#5605,#5606),(#5607,#5608,#5609),(#5610,#5611,#5612),(#5613,#5614,#5615),(#5616,#5617,#5618),(#5619,#5620,#5621),(#5622,#5623,#5624),(#5625,#5626,#5627),(#5628,#5629,#5630),(#5631,#5632,#5633),(#5634,#5635,#5636)),.UNSPECIFIED.,.F.,.F.,.U.,(3,2,2,2,2,2,2,2,3),(2,1,2),(0.,0.125,0.25,0.375,0.5,0.625,0.75,0.875,1.),(-3.170731718,0.,1.),.UNSPECIFIED.);
#5638=ORIENTED_EDGE('',*,*,#5581,.T.);
#5639=CARTESIAN_POINT('',(71.,71.631654572,-2.328345422));
#5640=DIRECTION('',(0.,0.,1.));
#5641=VECTOR('',#5640,10.260000006);
#5642=LINE('',#5639,#5641);
#5643=EDGE_CURVE('',#5014,#5553,#5642,.T.);
#5644=ORIENTED_EDGE('',*,*,#5643,.F.);
#5645=ORIENTED_EDGE('',*,*,#5077,.F.);
#5646=CARTESIAN_POINT('',(71.,65.631654572,-2.328345422));
#5647=DIRECTION('',(0.,0.,1.));
#5648=VECTOR('',#5647,10.260000006);
#5649=LINE('',#5646,#5648);
#5650=EDGE_CURVE('',#5012,#5555,#5649,.T.);
#5651=ORIENTED_EDGE('',*,*,#5650,.T.);
#5652=EDGE_LOOP('',(#5638,#5644,#5645,#5651));
#5653=FACE_BOUND('',#5652,.T.);
#5654=ADVANCED_FACE('',(#5653),#5637,.F.);
#5655=CARTESIAN_POINT('',(71.,68.631654572,5.471654589));
#5656=DIRECTION('',(0.,0.,1.));
#5657=DIRECTION('',(-1.,0.,0.));
#5658=AXIS2_PLACEMENT_3D('',#5655,#5656,#5657);
#5659=CYLINDRICAL_SURFACE('',#5658,3.);
#5660=ORIENTED_EDGE('',*,*,#5561,.T.);
#5661=ORIENTED_EDGE('',*,*,#5650,.F.);
#5662=ORIENTED_EDGE('',*,*,#5084,.F.);
#5663=ORIENTED_EDGE('',*,*,#5643,.T.);
#5664=EDGE_LOOP('',(#5660,#5661,#5662,#5663));
#5665=FACE_BOUND('',#5664,.T.);
#5666=ADVANCED_FACE('',(#5665),#5659,.T.);
#5667=CARTESIAN_POINT('',(130.525024749,45.631654572,7.931654584));
#5668=DIRECTION('',(0.,-0.,-1.));
#5669=DIRECTION('',(0.,1.,-0.));
#5670=AXIS2_PLACEMENT_3D('',#5667,#5668,#5669);
#5671=PLANE('',#5670);
#5672=CARTESIAN_POINT('',(129.006223393,47.381561371,7.931654584));
#5673=VERTEX_POINT('',#5672);
#5674=CARTESIAN_POINT('',(129.015624071,45.631654572,7.931654584));
#5675=DIRECTION('',(0.,0.,-1.));
#5676=DIRECTION('',(-1.,0.,0.));
#5677=AXIS2_PLACEMENT_3D('',#5674,#5675,#5676);
#5678=CIRCLE('',#5677,1.749932049);
#5679=EDGE_CURVE('',#5673,#5673,#5678,.T.);
#5680=ORIENTED_EDGE('',*,*,#5679,.T.);
#5681=EDGE_LOOP('',(#5680));
#5682=FACE_BOUND('',#5681,.T.);
#5683=CARTESIAN_POINT('',(129.025024749,48.631654572,7.931654584));
#5684=VERTEX_POINT('',#5683);
#5685=CARTESIAN_POINT('',(129.025024749,42.631654572,7.931654584));
#5686=VERTEX_POINT('',#5685);
#5687=CARTESIAN_POINT('',(129.025024749,45.631654572,7.931654584));
#5688=DIRECTION('',(0.,-0.,-1.));
#5689=DIRECTION('',(0.,1.,-0.));
#5690=AXIS2_PLACEMENT_3D('',#5687,#5688,#5689);
#5691=CIRCLE('',#5690,3.);
#5692=EDGE_CURVE('',#5684,#5686,#5691,.T.);
#5693=ORIENTED_EDGE('',*,*,#5692,.F.);
#5694=CARTESIAN_POINT('',(129.025024749,42.631654572,7.931654584));
#5695=CARTESIAN_POINT('',(128.826944025,42.631654572,7.931654584));
#5696=CARTESIAN_POINT('',(128.632086539,42.650550049,7.931654584));
#5697=CARTESIAN_POINT('',(128.440498806,42.68861369,7.931654584));
#5698=CARTESIAN_POINT('',(128.34470494,42.707645511,7.931654584));
#5699=CARTESIAN_POINT('',(128.24972853,42.731469474,7.931654584));
#5700=CARTESIAN_POINT('',(128.155575495,42.760120284,7.931654584));
#5701=CARTESIAN_POINT('',(128.06142246,42.788771094,7.931654584));
#5702=CARTESIAN_POINT('',(127.967829738,42.822409497,7.931654584));
#5703=CARTESIAN_POINT('',(127.876985446,42.860011424,7.931654584));
#5704=CARTESIAN_POINT('',(127.695296861,42.935215279,7.931654584));
#5705=CARTESIAN_POINT('',(127.522727407,43.026842407,7.931654584));
#5706=CARTESIAN_POINT('',(127.359694642,43.13564482,7.931654584));
#5707=CARTESIAN_POINT('',(127.196661877,43.244447232,7.931654584));
#5708=CARTESIAN_POINT('',(127.042553625,43.371595482,7.931654584));
#5709=CARTESIAN_POINT('',(126.90403161,43.510007237,7.931654584));
#5710=CARTESIAN_POINT('',(126.765509594,43.648418992,7.931654584));
#5711=CARTESIAN_POINT('',(126.640839592,43.799135867,7.931654584));
#5712=CARTESIAN_POINT('',(126.531136884,43.963148598,7.931654584));
#5713=CARTESIAN_POINT('',(126.47628553,44.045154964,7.931654584));
#5714=CARTESIAN_POINT('',(126.425260459,44.130497862,7.931654584));
#5715=CARTESIAN_POINT('',(126.379066635,44.217218598,7.931654584));
#5716=CARTESIAN_POINT('',(126.332872811,44.303939333,7.931654584));
#5717=CARTESIAN_POINT('',(126.291178228,44.39250202,7.931654584));
#5718=CARTESIAN_POINT('',(126.253720052,44.482799055,7.931654584));
#5719=CARTESIAN_POINT('',(126.178803699,44.663393126,7.931654584));
#5720=CARTESIAN_POINT('',(126.120694949,44.852263545,7.931654584));
#5721=CARTESIAN_POINT('',(126.082157821,45.046059185,7.931654584));
#5722=CARTESIAN_POINT('',(126.043620694,45.239854824,7.931654584));
#5723=CARTESIAN_POINT('',(126.025154019,45.434657061,7.931654584));
#5724=CARTESIAN_POINT('',(126.025025328,45.630379007,7.931654584));
#5725=CARTESIAN_POINT('',(126.024896637,45.826100953,7.931654584));
#5726=CARTESIAN_POINT('',(126.043851065,46.024907802,7.931654584));
#5727=CARTESIAN_POINT('',(126.082177247,46.217347214,7.931654584));
#5728=CARTESIAN_POINT('',(126.120503428,46.409786626,7.931654584));
#5729=CARTESIAN_POINT('',(126.177717716,46.596622375,7.931654584));
#5730=CARTESIAN_POINT('',(126.252751884,46.778171379,7.931654584));
#5731=CARTESIAN_POINT('',(126.290268968,46.868945881,7.931654584));
#5732=CARTESIAN_POINT('',(126.332549329,46.958876885,7.931654584));
#5733=CARTESIAN_POINT('',(126.378887535,47.045875232,7.931654584));
#5734=CARTESIAN_POINT('',(126.425225742,47.13287358,7.931654584));
#5735=CARTESIAN_POINT('',(126.475562555,47.216978763,7.931654584));
#5736=CARTESIAN_POINT('',(126.529845638,47.298228652,7.931654584));
#5737=CARTESIAN_POINT('',(126.638411804,47.460728431,7.931654584));
#5738=CARTESIAN_POINT('',(126.762761949,47.611807825,7.931654584));
#5739=CARTESIAN_POINT('',(126.902490818,47.751760055,7.931654584));
#5740=CARTESIAN_POINT('',(127.042219687,47.891712285,7.931654584));
#5741=CARTESIAN_POINT('',(127.193868834,48.016719882,7.931654584));
#5742=CARTESIAN_POINT('',(127.356192534,48.125324194,7.931654584));
#5743=CARTESIAN_POINT('',(127.437354384,48.17962635,7.931654584));
#5744=CARTESIAN_POINT('',(127.521292303,48.229936683,7.931654584));
#5745=CARTESIAN_POINT('',(127.608016307,48.276240792,7.931654584));
#5746=CARTESIAN_POINT('',(127.694740311,48.322544901,7.931654584));
#5747=CARTESIAN_POINT('',(127.784678439,48.364983785,7.931654584));
#5748=CARTESIAN_POINT('',(127.875571624,48.40271129,7.931654584));
#5749=CARTESIAN_POINT('',(128.057357994,48.478166299,7.931654584));
#5750=CARTESIAN_POINT('',(128.244194662,48.535506045,7.931654584));
#5751=CARTESIAN_POINT('',(128.436302941,48.573936683,7.931654584));
#5752=CARTESIAN_POINT('',(128.628411221,48.61236732,7.931654584));
#5753=CARTESIAN_POINT('',(128.826814523,48.631654327,7.931654584));
#5754=CARTESIAN_POINT('',(129.025020912,48.631654572,7.931654584));
#5755=B_SPLINE_CURVE_WITH_KNOTS('',3,(#5694,#5695,#5696,#5697,#5698,#5699,#5700,#5701,#5702,#5703,#5704,#5705,#5706,#5707,#5708,#5709,#5710,#5711,#5712,#5713,#5714,#5715,#5716,#5717,#5718,#5719,
#5720,#5721,#5722,#5723,#5724,#5725,#5726,#5727,#5728,#5729,#5730,#5731,#5732,#5733,#5734,#5735,#5736,#5737,#5738,#5739,#5740,#5741,#5742,#5743,#5744,
#5745,#5746,#5747,#5748,#5749,#5750,#5751,#5752,#5753,#5754),.UNSPECIFIED.,.F.,.F.,(4,3,3,3,3,3,3,3,3,3,3,3,3,3,3,3,3,3,3,3,4),(0.,0.000585781,0.000878671,0.001171561,0.001757342,0.002343123,0.002928903,0.003221794,0.003514684,0.004100465,0.004686245,0.005272026,0.005857806,0.006150697,0.006443587,0.007029368,0.007615148,0.007908039,0.008200929,0.00878671,0.00937249),.UNSPECIFIED.);
#5756=EDGE_CURVE('',#5686,#5684,#5755,.T.);
#5757=ORIENTED_EDGE('',*,*,#5756,.F.);
#5758=EDGE_LOOP('',(#5693,#5757));
#5759=FACE_BOUND('',#5758,.T.);
#5760=ADVANCED_FACE('',(#5682,#5759),#5671,.F.);
#5761=CARTESIAN_POINT('',(129.025024749,42.631654572,-2.328345422));
#5762=CARTESIAN_POINT('',(129.025024749,42.631654572,3.621654583));
#5763=CARTESIAN_POINT('',(129.025024749,42.631654572,6.081654578));
#5764=CARTESIAN_POINT('',(129.025024749,42.631654572,7.931654584));
#5765=CARTESIAN_POINT('',(128.42867772,42.631654572,-2.328345422));
#5766=CARTESIAN_POINT('',(128.42867772,42.631654572,3.621654583));
#5767=CARTESIAN_POINT('',(128.42867772,42.631654572,6.081654578));
#5768=CARTESIAN_POINT('',(128.42867772,42.631654572,7.931654584));
#5769=CARTESIAN_POINT('',(127.876974452,42.860015975,-2.328345422));
#5770=CARTESIAN_POINT('',(127.876974452,42.860015975,3.621654583));
#5771=CARTESIAN_POINT('',(127.876974452,42.860015975,6.081654578));
#5772=CARTESIAN_POINT('',(127.876974452,42.860015975,7.931654584));
#5773=CARTESIAN_POINT('',(127.326297183,43.087952695,-2.328345422));
#5774=CARTESIAN_POINT('',(127.326297183,43.087952695,3.621654583));
#5775=CARTESIAN_POINT('',(127.326297183,43.087952695,6.081654578));
#5776=CARTESIAN_POINT('',(127.326297183,43.087952695,7.931654584));
#5777=CARTESIAN_POINT('',(126.903704406,43.510334229,-2.328345422));
#5778=CARTESIAN_POINT('',(126.903704406,43.510334229,3.621654583));
#5779=CARTESIAN_POINT('',(126.903704406,43.510334229,6.081654578));
#5780=CARTESIAN_POINT('',(126.903704406,43.510334229,7.931654584));
#5781=CARTESIAN_POINT('',(126.482172554,43.931655367,-2.328345422));
#5782=CARTESIAN_POINT('',(126.482172554,43.931655367,3.621654583));
#5783=CARTESIAN_POINT('',(126.482172554,43.931655367,6.081654578));
#5784=CARTESIAN_POINT('',(126.482172554,43.931655367,7.931654584));
#5785=CARTESIAN_POINT('',(126.253386152,44.483604275,-2.328345422));
#5786=CARTESIAN_POINT('',(126.253386152,44.483604275,3.621654583));
#5787=CARTESIAN_POINT('',(126.253386152,44.483604275,6.081654578));
#5788=CARTESIAN_POINT('',(126.253386152,44.483604275,7.931654584));
#5789=CARTESIAN_POINT('',(126.025174121,45.034167507,-2.328345422));
#5790=CARTESIAN_POINT('',(126.025174121,45.034167507,3.621654583));
#5791=CARTESIAN_POINT('',(126.025174121,45.034167507,6.081654578));
#5792=CARTESIAN_POINT('',(126.025174121,45.034167507,7.931654584));
#5793=CARTESIAN_POINT('',(126.025024749,45.631654572,-2.328345422));
#5794=CARTESIAN_POINT('',(126.025024749,45.631654572,3.621654583));
#5795=CARTESIAN_POINT('',(126.025024749,45.631654572,6.081654578));
#5796=CARTESIAN_POINT('',(126.025024749,45.631654572,7.931654584));
#5797=CARTESIAN_POINT('',(126.024875752,46.227641637,-2.328345422));
#5798=CARTESIAN_POINT('',(126.024875752,46.227641637,3.621654583));
#5799=CARTESIAN_POINT('',(126.024875752,46.227641637,6.081654578));
#5800=CARTESIAN_POINT('',(126.024875752,46.227641637,7.931654584));
#5801=CARTESIAN_POINT('',(126.253386152,46.779704869,-2.328345422));
#5802=CARTESIAN_POINT('',(126.253386152,46.779704869,3.621654583));
#5803=CARTESIAN_POINT('',(126.253386152,46.779704869,6.081654578));
#5804=CARTESIAN_POINT('',(126.253386152,46.779704869,7.931654584));
#5805=CARTESIAN_POINT('',(126.481322872,47.330382139,-2.328345422));
#5806=CARTESIAN_POINT('',(126.481322872,47.330382139,3.621654583));
#5807=CARTESIAN_POINT('',(126.481322872,47.330382139,6.081654578));
#5808=CARTESIAN_POINT('',(126.481322872,47.330382139,7.931654584));
#5809=CARTESIAN_POINT('',(126.903704406,47.752974916,-2.328345422));
#5810=CARTESIAN_POINT('',(126.903704406,47.752974916,3.621654583));
#5811=CARTESIAN_POINT('',(126.903704406,47.752974916,6.081654578));
#5812=CARTESIAN_POINT('',(126.903704406,47.752974916,7.931654584));
#5813=CARTESIAN_POINT('',(127.325025544,48.174506768,-2.328345422));
#5814=CARTESIAN_POINT('',(127.325025544,48.174506768,3.621654583));
#5815=CARTESIAN_POINT('',(127.325025544,48.174506768,6.081654578));
#5816=CARTESIAN_POINT('',(127.325025544,48.174506768,7.931654584));
#5817=CARTESIAN_POINT('',(127.876974452,48.40329317,-2.328345422));
#5818=CARTESIAN_POINT('',(127.876974452,48.40329317,3.621654583));
#5819=CARTESIAN_POINT('',(127.876974452,48.40329317,6.081654578));
#5820=CARTESIAN_POINT('',(127.876974452,48.40329317,7.931654584));
#5821=CARTESIAN_POINT('',(128.427898045,48.631654572,-2.328345422));
#5822=CARTESIAN_POINT('',(128.427898045,48.631654572,3.621654583));
#5823=CARTESIAN_POINT('',(128.427898045,48.631654572,6.081654578));
#5824=CARTESIAN_POINT('',(128.427898045,48.631654572,7.931654584));
#5825=CARTESIAN_POINT('',(129.025024749,48.631654572,-2.328345422));
#5826=CARTESIAN_POINT('',(129.025024749,48.631654572,3.621654583));
#5827=CARTESIAN_POINT('',(129.025024749,48.631654572,6.081654578));
#5828=CARTESIAN_POINT('',(129.025024749,48.631654572,7.931654584));
#5829=B_SPLINE_SURFACE_WITH_KNOTS('',2,1,((#5761,#5762,#5763,#5764),(#5765,#5766,#5767,#5768),(#5769,#5770,#5771,#5772),(#5773,#5774,#5775,#5776),(#5777,#5778,#5779,#5780),(#5781,#5782,#5783,#5784),(#5785,#5786,#5787,#5788),(#5789,#5790,#5791,#5792),(#5793,#5794,#5795,#5796),(#5797,#5798,#5799,#5800),(#5801,#5802,#5803,#5804),(#5805,#5806,#5807,#5808),(#5809,#5810,#5811,#5812),(#5813,#5814,#5815,#5816),(#5817,#5818,#5819,#5820),(#5821,#5822,#5823,#5824),(#5825,#5826,#5827,#5828)),.UNSPECIFIED.,.F.,.F.,.U.,(3,2,2,2,2,2,2,2,3),(2,1,1,2),(0.,0.125,0.25,0.375,0.5,0.625,0.75,0.875,1.),(-2.418699194,0.,1.,1.752032524),.UNSPECIFIED.);
#5830=ORIENTED_EDGE('',*,*,#5756,.T.);
#5831=CARTESIAN_POINT('',(129.025024749,48.631654572,-2.328345422));
#5832=DIRECTION('',(0.,0.,1.));
#5833=VECTOR('',#5832,10.260000006);
#5834=LINE('',#5831,#5833);
#5835=EDGE_CURVE('',#5091,#5684,#5834,.T.);
#5836=ORIENTED_EDGE('',*,*,#5835,.F.);
#5837=ORIENTED_EDGE('',*,*,#5154,.F.);
#5838=CARTESIAN_POINT('',(129.025024749,42.631654572,-2.328345422));
#5839=DIRECTION('',(0.,0.,1.));
#5840=VECTOR('',#5839,10.260000006);
#5841=LINE('',#5838,#5840);
#5842=EDGE_CURVE('',#5089,#5686,#5841,.T.);
#5843=ORIENTED_EDGE('',*,*,#5842,.T.);
#5844=EDGE_LOOP('',(#5830,#5836,#5837,#5843));
#5845=FACE_BOUND('',#5844,.T.);
#5846=ADVANCED_FACE('',(#5845),#5829,.F.);
#5847=CARTESIAN_POINT('',(129.025024749,45.631654572,3.621654583));
#5848=DIRECTION('',(0.,0.,1.));
#5849=DIRECTION('',(-1.,0.,0.));
#5850=AXIS2_PLACEMENT_3D('',#5847,#5848,#5849);
#5851=CYLINDRICAL_SURFACE('',#5850,3.);
#5852=ORIENTED_EDGE('',*,*,#5692,.T.);
#5853=ORIENTED_EDGE('',*,*,#5842,.F.);
#5854=ORIENTED_EDGE('',*,*,#5161,.F.);
#5855=ORIENTED_EDGE('',*,*,#5835,.T.);
#5856=EDGE_LOOP('',(#5852,#5853,#5854,#5855));
#5857=FACE_BOUND('',#5856,.T.);
#5858=ADVANCED_FACE('',(#5857),#5851,.T.);
#5859=CARTESIAN_POINT('',(130.525024749,68.631654572,7.931654584));
#5860=DIRECTION('',(0.,-0.,-1.));
#5861=DIRECTION('',(0.,1.,-0.));
#5862=AXIS2_PLACEMENT_3D('',#5859,#5860,#5861);
#5863=PLANE('',#5862);
#5864=CARTESIAN_POINT('',(129.006223393,70.381561371,7.931654584));
#5865=VERTEX_POINT('',#5864);
#5866=CARTESIAN_POINT('',(129.015624071,68.631654572,7.931654584));
#5867=DIRECTION('',(0.,0.,-1.));
#5868=DIRECTION('',(-1.,0.,0.));
#5869=AXIS2_PLACEMENT_3D('',#5866,#5867,#5868);
#5870=CIRCLE('',#5869,1.749932049);
#5871=EDGE_CURVE('',#5865,#5865,#5870,.T.);
#5872=ORIENTED_EDGE('',*,*,#5871,.T.);
#5873=EDGE_LOOP('',(#5872));
#5874=FACE_BOUND('',#5873,.T.);
#5875=CARTESIAN_POINT('',(129.025024749,71.631654572,7.931654584));
#5876=VERTEX_POINT('',#5875);
#5877=CARTESIAN_POINT('',(129.025024749,65.631654572,7.931654584));
#5878=VERTEX_POINT('',#5877);
#5879=CARTESIAN_POINT('',(129.025024749,68.631654572,7.931654584));
#5880=DIRECTION('',(0.,-0.,-1.));
#5881=DIRECTION('',(0.,1.,-0.));
#5882=AXIS2_PLACEMENT_3D('',#5879,#5880,#5881);
#5883=CIRCLE('',#5882,3.);
#5884=EDGE_CURVE('',#5876,#5878,#5883,.T.);
#5885=ORIENTED_EDGE('',*,*,#5884,.F.);
#5886=CARTESIAN_POINT('',(129.025024749,65.631654572,7.931654584));
#5887=CARTESIAN_POINT('',(128.826944025,65.631654572,7.931654584));
#5888=CARTESIAN_POINT('',(128.632086539,65.650550049,7.931654584));
#5889=CARTESIAN_POINT('',(128.440498806,65.68861369,7.931654584));
#5890=CARTESIAN_POINT('',(128.34470494,65.707645511,7.931654584));
#5891=CARTESIAN_POINT('',(128.24972853,65.731469474,7.931654584));
#5892=CARTESIAN_POINT('',(128.155575495,65.760120284,7.931654584));
#5893=CARTESIAN_POINT('',(128.06142246,65.788771094,7.931654584));
#5894=CARTESIAN_POINT('',(127.967829738,65.822409497,7.931654584));
#5895=CARTESIAN_POINT('',(127.876985446,65.860011424,7.931654584));
#5896=CARTESIAN_POINT('',(127.695296861,65.935215279,7.931654584));
#5897=CARTESIAN_POINT('',(127.522727407,66.026842407,7.931654584));
#5898=CARTESIAN_POINT('',(127.359694642,66.13564482,7.931654584));
#5899=CARTESIAN_POINT('',(127.196661877,66.244447232,7.931654584));
#5900=CARTESIAN_POINT('',(127.042553625,66.371595482,7.931654584));
#5901=CARTESIAN_POINT('',(126.90403161,66.510007237,7.931654584));
#5902=CARTESIAN_POINT('',(126.765509594,66.648418992,7.931654584));
#5903=CARTESIAN_POINT('',(126.640839592,66.799135867,7.931654584));
#5904=CARTESIAN_POINT('',(126.531136884,66.963148598,7.931654584));
#5905=CARTESIAN_POINT('',(126.47628553,67.045154964,7.931654584));
#5906=CARTESIAN_POINT('',(126.425260459,67.130497862,7.931654584));
#5907=CARTESIAN_POINT('',(126.379066635,67.217218598,7.931654584));
#5908=CARTESIAN_POINT('',(126.332872811,67.303939333,7.931654584));
#5909=CARTESIAN_POINT('',(126.291178228,67.39250202,7.931654584));
#5910=CARTESIAN_POINT('',(126.253720052,67.482799055,7.931654584));
#5911=CARTESIAN_POINT('',(126.178803699,67.663393126,7.931654584));
#5912=CARTESIAN_POINT('',(126.120694949,67.852263545,7.931654584));
#5913=CARTESIAN_POINT('',(126.082157821,68.046059185,7.931654584));
#5914=CARTESIAN_POINT('',(126.043620694,68.239854824,7.931654584));
#5915=CARTESIAN_POINT('',(126.025154019,68.434657061,7.931654584));
#5916=CARTESIAN_POINT('',(126.025025328,68.630379007,7.931654584));
#5917=CARTESIAN_POINT('',(126.024896637,68.826100953,7.931654584));
#5918=CARTESIAN_POINT('',(126.043851065,69.024907802,7.931654584));
#5919=CARTESIAN_POINT('',(126.082177247,69.217347214,7.931654584));
#5920=CARTESIAN_POINT('',(126.120503428,69.409786626,7.931654584));
#5921=CARTESIAN_POINT('',(126.177717716,69.596622375,7.931654584));
#5922=CARTESIAN_POINT('',(126.252751884,69.778171379,7.931654584));
#5923=CARTESIAN_POINT('',(126.290268968,69.868945881,7.931654584));
#5924=CARTESIAN_POINT('',(126.332549329,69.958876885,7.931654584));
#5925=CARTESIAN_POINT('',(126.378887535,70.045875232,7.931654584));
#5926=CARTESIAN_POINT('',(126.425225742,70.13287358,7.931654584));
#5927=CARTESIAN_POINT('',(126.475562555,70.216978763,7.931654584));
#5928=CARTESIAN_POINT('',(126.529845638,70.298228652,7.931654584));
#5929=CARTESIAN_POINT('',(126.638411804,70.460728431,7.931654584));
#5930=CARTESIAN_POINT('',(126.762761949,70.611807825,7.931654584));
#5931=CARTESIAN_POINT('',(126.902490818,70.751760055,7.931654584));
#5932=CARTESIAN_POINT('',(127.042219687,70.891712285,7.931654584));
#5933=CARTESIAN_POINT('',(127.193868834,71.016719882,7.931654584));
#5934=CARTESIAN_POINT('',(127.356192534,71.125324194,7.931654584));
#5935=CARTESIAN_POINT('',(127.437354384,71.17962635,7.931654584));
#5936=CARTESIAN_POINT('',(127.521292303,71.229936683,7.931654584));
#5937=CARTESIAN_POINT('',(127.608016307,71.276240792,7.931654584));
#5938=CARTESIAN_POINT('',(127.694740311,71.322544901,7.931654584));
#5939=CARTESIAN_POINT('',(127.784678439,71.364983785,7.931654584));
#5940=CARTESIAN_POINT('',(127.875571624,71.40271129,7.931654584));
#5941=CARTESIAN_POINT('',(128.057357994,71.478166299,7.931654584));
#5942=CARTESIAN_POINT('',(128.244194662,71.535506045,7.931654584));
#5943=CARTESIAN_POINT('',(128.436302941,71.573936683,7.931654584));
#5944=CARTESIAN_POINT('',(128.628411221,71.61236732,7.931654584));
#5945=CARTESIAN_POINT('',(128.826814523,71.631654327,7.931654584));
#5946=CARTESIAN_POINT('',(129.025020912,71.631654572,7.931654584));
#5947=B_SPLINE_CURVE_WITH_KNOTS('',3,(#5886,#5887,#5888,#5889,#5890,#5891,#5892,#5893,#5894,#5895,#5896,#5897,#5898,#5899,#5900,#5901,#5902,#5903,#5904,#5905,#5906,#5907,#5908,#5909,#5910,#5911,
#5912,#5913,#5914,#5915,#5916,#5917,#5918,#5919,#5920,#5921,#5922,#5923,#5924,#5925,#5926,#5927,#5928,#5929,#5930,#5931,#5932,#5933,#5934,#5935,#5936,
#5937,#5938,#5939,#5940,#5941,#5942,#5943,#5944,#5945,#5946),.UNSPECIFIED.,.F.,.F.,(4,3,3,3,3,3,3,3,3,3,3,3,3,3,3,3,3,3,3,3,4),(0.,0.000585781,0.000878671,0.001171561,0.001757342,0.002343123,0.002928903,0.003221794,0.003514684,0.004100465,0.004686245,0.005272026,0.005857806,0.006150697,0.006443587,0.007029368,0.007615148,0.007908039,0.008200929,0.00878671,0.00937249),.UNSPECIFIED.);
#5948=EDGE_CURVE('',#5878,#5876,#5947,.T.);
#5949=ORIENTED_EDGE('',*,*,#5948,.F.);
#5950=EDGE_LOOP('',(#5885,#5949));
#5951=FACE_BOUND('',#5950,.T.);
#5952=ADVANCED_FACE('',(#5874,#5951),#5863,.F.);
#5953=CARTESIAN_POINT('',(129.025024749,65.631654572,-2.328345422));
#5954=CARTESIAN_POINT('',(129.025024749,65.631654572,3.621654583));
#5955=CARTESIAN_POINT('',(129.025024749,65.631654572,6.081654578));
#5956=CARTESIAN_POINT('',(129.025024749,65.631654572,7.931654584));
#5957=CARTESIAN_POINT('',(128.42867772,65.631654572,-2.328345422));
#5958=CARTESIAN_POINT('',(128.42867772,65.631654572,3.621654583));
#5959=CARTESIAN_POINT('',(128.42867772,65.631654572,6.081654578));
#5960=CARTESIAN_POINT('',(128.42867772,65.631654572,7.931654584));
#5961=CARTESIAN_POINT('',(127.876974452,65.860015975,-2.328345422));
#5962=CARTESIAN_POINT('',(127.876974452,65.860015975,3.621654583));
#5963=CARTESIAN_POINT('',(127.876974452,65.860015975,6.081654578));
#5964=CARTESIAN_POINT('',(127.876974452,65.860015975,7.931654584));
#5965=CARTESIAN_POINT('',(127.326297183,66.087952695,-2.328345422));
#5966=CARTESIAN_POINT('',(127.326297183,66.087952695,3.621654583));
#5967=CARTESIAN_POINT('',(127.326297183,66.087952695,6.081654578));
#5968=CARTESIAN_POINT('',(127.326297183,66.087952695,7.931654584));
#5969=CARTESIAN_POINT('',(126.903704406,66.510334229,-2.328345422));
#5970=CARTESIAN_POINT('',(126.903704406,66.510334229,3.621654583));
#5971=CARTESIAN_POINT('',(126.903704406,66.510334229,6.081654578));
#5972=CARTESIAN_POINT('',(126.903704406,66.510334229,7.931654584));
#5973=CARTESIAN_POINT('',(126.482172554,66.931655367,-2.328345422));
#5974=CARTESIAN_POINT('',(126.482172554,66.931655367,3.621654583));
#5975=CARTESIAN_POINT('',(126.482172554,66.931655367,6.081654578));
#5976=CARTESIAN_POINT('',(126.482172554,66.931655367,7.931654584));
#5977=CARTESIAN_POINT('',(126.253386152,67.483604275,-2.328345422));
#5978=CARTESIAN_POINT('',(126.253386152,67.483604275,3.621654583));
#5979=CARTESIAN_POINT('',(126.253386152,67.483604275,6.081654578));
#5980=CARTESIAN_POINT('',(126.253386152,67.483604275,7.931654584));
#5981=CARTESIAN_POINT('',(126.025174121,68.034167507,-2.328345422));
#5982=CARTESIAN_POINT('',(126.025174121,68.034167507,3.621654583));
#5983=CARTESIAN_POINT('',(126.025174121,68.034167507,6.081654578));
#5984=CARTESIAN_POINT('',(126.025174121,68.034167507,7.931654584));
#5985=CARTESIAN_POINT('',(126.025024749,68.631654572,-2.328345422));
#5986=CARTESIAN_POINT('',(126.025024749,68.631654572,3.621654583));
#5987=CARTESIAN_POINT('',(126.025024749,68.631654572,6.081654578));
#5988=CARTESIAN_POINT('',(126.025024749,68.631654572,7.931654584));
#5989=CARTESIAN_POINT('',(126.024875752,69.227641637,-2.328345422));
#5990=CARTESIAN_POINT('',(126.024875752,69.227641637,3.621654583));
#5991=CARTESIAN_POINT('',(126.024875752,69.227641637,6.081654578));
#5992=CARTESIAN_POINT('',(126.024875752,69.227641637,7.931654584));
#5993=CARTESIAN_POINT('',(126.253386152,69.779704869,-2.328345422));
#5994=CARTESIAN_POINT('',(126.253386152,69.779704869,3.621654583));
#5995=CARTESIAN_POINT('',(126.253386152,69.779704869,6.081654578));
#5996=CARTESIAN_POINT('',(126.253386152,69.779704869,7.931654584));
#5997=CARTESIAN_POINT('',(126.481322872,70.330382139,-2.328345422));
#5998=CARTESIAN_POINT('',(126.481322872,70.330382139,3.621654583));
#5999=CARTESIAN_POINT('',(126.481322872,70.330382139,6.081654578));
#6000=CARTESIAN_POINT('',(126.481322872,70.330382139,7.931654584));
#6001=CARTESIAN_POINT('',(126.903704406,70.752974916,-2.328345422));
#6002=CARTESIAN_POINT('',(126.903704406,70.752974916,3.621654583));
#6003=CARTESIAN_POINT('',(126.903704406,70.752974916,6.081654578));
#6004=CARTESIAN_POINT('',(126.903704406,70.752974916,7.931654584));
#6005=CARTESIAN_POINT('',(127.325025544,71.174506768,-2.328345422));
#6006=CARTESIAN_POINT('',(127.325025544,71.174506768,3.621654583));
#6007=CARTESIAN_POINT('',(127.325025544,71.174506768,6.081654578));
#6008=CARTESIAN_POINT('',(127.325025544,71.174506768,7.931654584));
#6009=CARTESIAN_POINT('',(127.876974452,71.40329317,-2.328345422));
#6010=CARTESIAN_POINT('',(127.876974452,71.40329317,3.621654583));
#6011=CARTESIAN_POINT('',(127.876974452,71.40329317,6.081654578));
#6012=CARTESIAN_POINT('',(127.876974452,71.40329317,7.931654584));
#6013=CARTESIAN_POINT('',(128.427898045,71.631654572,-2.328345422));
#6014=CARTESIAN_POINT('',(128.427898045,71.631654572,3.621654583));
#6015=CARTESIAN_POINT('',(128.427898045,71.631654572,6.081654578));
#6016=CARTESIAN_POINT('',(128.427898045,71.631654572,7.931654584));
#6017=CARTESIAN_POINT('',(129.025024749,71.631654572,-2.328345422));
#6018=CARTESIAN_POINT('',(129.025024749,71.631654572,3.621654583));
#6019=CARTESIAN_POINT('',(129.025024749,71.631654572,6.081654578));
#6020=CARTESIAN_POINT('',(129.025024749,71.631654572,7.931654584));
#6021=B_SPLINE_SURFACE_WITH_KNOTS('',2,1,((#5953,#5954,#5955,#5956),(#5957,#5958,#5959,#5960),(#5961,#5962,#5963,#5964),(#5965,#5966,#5967,#5968),(#5969,#5970,#5971,#5972),(#5973,#5974,#5975,#5976),(#5977,#5978,#5979,#5980),(#5981,#5982,#5983,#5984),(#5985,#5986,#5987,#5988),(#5989,#5990,#5991,#5992),(#5993,#5994,#5995,#5996),(#5997,#5998,#5999,#6000),(#6001,#6002,#6003,#6004),(#6005,#6006,#6007,#6008),(#6009,#6010,#6011,#6012),(#6013,#6014,#6015,#6016),(#6017,#6018,#6019,#6020)),.UNSPECIFIED.,.F.,.F.,.U.,(3,2,2,2,2,2,2,2,3),(2,1,1,2),(0.,0.125,0.25,0.375,0.5,0.625,0.75,0.875,1.),(-2.418699194,0.,1.,1.752032524),.UNSPECIFIED.);
#6022=ORIENTED_EDGE('',*,*,#5948,.T.);
#6023=CARTESIAN_POINT('',(129.025024749,71.631654572,-2.328345422));
#6024=DIRECTION('',(0.,0.,1.));
#6025=VECTOR('',#6024,10.260000006);
#6026=LINE('',#6023,#6025);
#6027=EDGE_CURVE('',#5168,#5876,#6026,.T.);
#6028=ORIENTED_EDGE('',*,*,#6027,.F.);
#6029=ORIENTED_EDGE('',*,*,#5231,.F.);
#6030=CARTESIAN_POINT('',(129.025024749,65.631654572,-2.328345422));
#6031=DIRECTION('',(0.,0.,1.));
#6032=VECTOR('',#6031,10.260000006);
#6033=LINE('',#6030,#6032);
#6034=EDGE_CURVE('',#5166,#5878,#6033,.T.);
#6035=ORIENTED_EDGE('',*,*,#6034,.T.);
#6036=EDGE_LOOP('',(#6022,#6028,#6029,#6035));
#6037=FACE_BOUND('',#6036,.T.);
#6038=ADVANCED_FACE('',(#6037),#6021,.F.);
#6039=CARTESIAN_POINT('',(129.025024749,68.631654572,3.621654583));
#6040=DIRECTION('',(0.,0.,1.));
#6041=DIRECTION('',(-1.,0.,0.));
#6042=AXIS2_PLACEMENT_3D('',#6039,#6040,#6041);
#6043=CYLINDRICAL_SURFACE('',#6042,3.);
#6044=ORIENTED_EDGE('',*,*,#5884,.T.);
#6045=ORIENTED_EDGE('',*,*,#6034,.F.);
#6046=ORIENTED_EDGE('',*,*,#5238,.F.);
#6047=ORIENTED_EDGE('',*,*,#6027,.T.);
#6048=EDGE_LOOP('',(#6044,#6045,#6046,#6047));
#6049=FACE_BOUND('',#6048,.T.);
#6050=ADVANCED_FACE('',(#6049),#6043,.T.);
#6051=CARTESIAN_POINT('',(129.5,45.131654572,-3.128345422));
#6052=DIRECTION('',(0.,0.,1.));
#6053=DIRECTION('',(-1.,0.,0.));
#6054=AXIS2_PLACEMENT_3D('',#6051,#6052,#6053);
#6055=CYLINDRICAL_SURFACE('',#6054,3.);
#6056=ORIENTED_EDGE('',*,*,#5308,.F.);
#6057=CARTESIAN_POINT('',(129.5,42.131654572,-3.128345422));
#6058=DIRECTION('',(0.,0.,1.));
#6059=VECTOR('',#6058,0.8);
#6060=LINE('',#6057,#6059);
#6061=EDGE_CURVE('',#2750,#5296,#6060,.T.);
#6062=ORIENTED_EDGE('',*,*,#6061,.F.);
#6063=ORIENTED_EDGE('',*,*,#2756,.T.);
#6064=CARTESIAN_POINT('',(132.5,45.131654572,-3.128345422));
#6065=DIRECTION('',(0.,0.,1.));
#6066=VECTOR('',#6065,0.8);
#6067=LINE('',#6064,#6066);
#6068=EDGE_CURVE('',#2740,#5243,#6067,.T.);
#6069=ORIENTED_EDGE('',*,*,#6068,.T.);
#6070=EDGE_LOOP('',(#6056,#6062,#6063,#6069));
#6071=FACE_BOUND('',#6070,.T.);
#6072=ADVANCED_FACE('',(#6071),#6055,.T.);
#6073=CARTESIAN_POINT('',(100.,42.131654572,-3.128345422));
#6074=DIRECTION('',(0.,-1.,0.));
#6075=DIRECTION('',(0.,-0.,-1.));
#6076=AXIS2_PLACEMENT_3D('',#6073,#6074,#6075);
#6077=PLANE('',#6076);
#6078=ORIENTED_EDGE('',*,*,#5301,.F.);
#6079=CARTESIAN_POINT('',(70.5,42.131654572,-3.128345422));
#6080=DIRECTION('',(0.,0.,1.));
#6081=VECTOR('',#6080,0.8);
#6082=LINE('',#6079,#6081);
#6083=EDGE_CURVE('',#2759,#5287,#6082,.T.);
#6084=ORIENTED_EDGE('',*,*,#6083,.F.);
#6085=ORIENTED_EDGE('',*,*,#2764,.T.);
#6086=ORIENTED_EDGE('',*,*,#6061,.T.);
#6087=EDGE_LOOP('',(#6078,#6084,#6085,#6086));
#6088=FACE_BOUND('',#6087,.T.);
#6089=ADVANCED_FACE('',(#6088),#6077,.T.);
#6090=CARTESIAN_POINT('',(70.5,45.131654572,-3.128345422));
#6091=DIRECTION('',(0.,0.,1.));
#6092=DIRECTION('',(-1.,0.,0.));
#6093=AXIS2_PLACEMENT_3D('',#6090,#6091,#6092);
#6094=CYLINDRICAL_SURFACE('',#6093,3.);
#6095=ORIENTED_EDGE('',*,*,#5293,.F.);
#6096=CARTESIAN_POINT('',(67.5,45.131654572,-3.128345422));
#6097=DIRECTION('',(0.,0.,1.));
#6098=VECTOR('',#6097,0.8);
#6099=LINE('',#6096,#6098);
#6100=EDGE_CURVE('',#2767,#5279,#6099,.T.);
#6101=ORIENTED_EDGE('',*,*,#6100,.F.);
#6102=ORIENTED_EDGE('',*,*,#2773,.T.);
#6103=ORIENTED_EDGE('',*,*,#6083,.T.);
#6104=EDGE_LOOP('',(#6095,#6101,#6102,#6103));
#6105=FACE_BOUND('',#6104,.T.);
#6106=ADVANCED_FACE('',(#6105),#6094,.T.);
#6107=CARTESIAN_POINT('',(67.5,57.131654572,-3.128345422));
#6108=DIRECTION('',(-1.,0.,0.));
#6109=DIRECTION('',(0.,-0.,-1.));
#6110=AXIS2_PLACEMENT_3D('',#6107,#6108,#6109);
#6111=PLANE('',#6110);
#6112=ORIENTED_EDGE('',*,*,#5284,.F.);
#6113=CARTESIAN_POINT('',(67.5,69.131654572,-3.128345422));
#6114=DIRECTION('',(0.,0.,1.));
#6115=VECTOR('',#6114,0.8);
#6116=LINE('',#6113,#6115);
#6117=EDGE_CURVE('',#2776,#5270,#6116,.T.);
#6118=ORIENTED_EDGE('',*,*,#6117,.F.);
#6119=ORIENTED_EDGE('',*,*,#2781,.T.);
#6120=ORIENTED_EDGE('',*,*,#6100,.T.);
#6121=EDGE_LOOP('',(#6112,#6118,#6119,#6120));
#6122=FACE_BOUND('',#6121,.T.);
#6123=ADVANCED_FACE('',(#6122),#6111,.T.);
#6124=CARTESIAN_POINT('',(70.5,69.131654572,-3.128345422));
#6125=DIRECTION('',(0.,0.,1.));
#6126=DIRECTION('',(-1.,0.,0.));
#6127=AXIS2_PLACEMENT_3D('',#6124,#6125,#6126);
#6128=CYLINDRICAL_SURFACE('',#6127,3.);
#6129=ORIENTED_EDGE('',*,*,#5276,.F.);
#6130=CARTESIAN_POINT('',(70.5,72.131654572,-3.128345422));
#6131=DIRECTION('',(0.,0.,1.));
#6132=VECTOR('',#6131,0.8);
#6133=LINE('',#6130,#6132);
#6134=EDGE_CURVE('',#2784,#5262,#6133,.T.);
#6135=ORIENTED_EDGE('',*,*,#6134,.F.);
#6136=ORIENTED_EDGE('',*,*,#2790,.T.);
#6137=ORIENTED_EDGE('',*,*,#6117,.T.);
#6138=EDGE_LOOP('',(#6129,#6135,#6136,#6137));
#6139=FACE_BOUND('',#6138,.T.);
#6140=ADVANCED_FACE('',(#6139),#6128,.T.);
#6141=CARTESIAN_POINT('',(107.6,72.131654572,-3.128345422));
#6142=DIRECTION('',(0.,1.,-0.));
#6143=DIRECTION('',(0.,0.,1.));
#6144=AXIS2_PLACEMENT_3D('',#6141,#6142,#6143);
#6145=PLANE('',#6144);
#6146=ORIENTED_EDGE('',*,*,#5267,.F.);
#6147=CARTESIAN_POINT('',(129.5,72.131654572,-3.128345422));
#6148=DIRECTION('',(0.,0.,1.));
#6149=VECTOR('',#6148,0.8);
#6150=LINE('',#6147,#6149);
#6151=EDGE_CURVE('',#2793,#5253,#6150,.T.);
#6152=ORIENTED_EDGE('',*,*,#6151,.F.);
#6153=ORIENTED_EDGE('',*,*,#2798,.T.);
#6154=ORIENTED_EDGE('',*,*,#6134,.T.);
#6155=EDGE_LOOP('',(#6146,#6152,#6153,#6154));
#6156=FACE_BOUND('',#6155,.T.);
#6157=ADVANCED_FACE('',(#6156),#6145,.T.);
#6158=CARTESIAN_POINT('',(129.5,69.131654572,-3.128345422));
#6159=DIRECTION('',(0.,0.,1.));
#6160=DIRECTION('',(-1.,0.,0.));
#6161=AXIS2_PLACEMENT_3D('',#6158,#6159,#6160);
#6162=CYLINDRICAL_SURFACE('',#6161,3.);
#6163=ORIENTED_EDGE('',*,*,#5259,.F.);
#6164=CARTESIAN_POINT('',(132.5,69.131654572,-3.128345422));
#6165=DIRECTION('',(0.,0.,1.));
#6166=VECTOR('',#6165,0.8);
#6167=LINE('',#6164,#6166);
#6168=EDGE_CURVE('',#2742,#5245,#6167,.T.);
#6169=ORIENTED_EDGE('',*,*,#6168,.F.);
#6170=ORIENTED_EDGE('',*,*,#2805,.T.);
#6171=ORIENTED_EDGE('',*,*,#6151,.T.);
#6172=EDGE_LOOP('',(#6163,#6169,#6170,#6171));
#6173=FACE_BOUND('',#6172,.T.);
#6174=ADVANCED_FACE('',(#6173),#6162,.T.);
#6175=CARTESIAN_POINT('',(132.5,57.131654572,-3.128345422));
#6176=DIRECTION('',(1.,0.,0.));
#6177=DIRECTION('',(0.,0.,1.));
#6178=AXIS2_PLACEMENT_3D('',#6175,#6176,#6177);
#6179=PLANE('',#6178);
#6180=ORIENTED_EDGE('',*,*,#5250,.F.);
#6181=ORIENTED_EDGE('',*,*,#6068,.F.);
#6182=ORIENTED_EDGE('',*,*,#2747,.T.);
#6183=ORIENTED_EDGE('',*,*,#6168,.T.);
#6184=EDGE_LOOP('',(#6180,#6181,#6182,#6183));
#6185=FACE_BOUND('',#6184,.T.);
#6186=ADVANCED_FACE('',(#6185),#6179,.T.);
#6187=CARTESIAN_POINT('',(88.75,45.881654572,-2.328345422));
#6188=DIRECTION('',(0.,0.,1.));
#6189=DIRECTION('',(-1.,0.,0.));
#6190=AXIS2_PLACEMENT_3D('',#6187,#6188,#6189);
#6191=PLANE('',#6190);
#6192=ORIENTED_EDGE('',*,*,#4618,.T.);
#6193=ORIENTED_EDGE('',*,*,#3473,.T.);
#6194=ORIENTED_EDGE('',*,*,#3586,.T.);
#6195=ORIENTED_EDGE('',*,*,#3625,.T.);
#6196=ORIENTED_EDGE('',*,*,#3656,.T.);
#6197=ORIENTED_EDGE('',*,*,#3768,.T.);
#6198=ORIENTED_EDGE('',*,*,#3805,.T.);
#6199=ORIENTED_EDGE('',*,*,#3919,.T.);
#6200=ORIENTED_EDGE('',*,*,#3957,.T.);
#6201=EDGE_LOOP('',(#6192,#6193,#6194,#6195,#6196,#6197,#6198,#6199,#6200));
#6202=FACE_BOUND('',#6201,.T.);
#6203=ORIENTED_EDGE('',*,*,#3045,.F.);
#6204=ORIENTED_EDGE('',*,*,#3146,.F.);
#6205=ORIENTED_EDGE('',*,*,#3003,.F.);
#6206=ORIENTED_EDGE('',*,*,#3124,.F.);
#6207=ORIENTED_EDGE('',*,*,#2961,.F.);
#6208=ORIENTED_EDGE('',*,*,#3102,.F.);
#6209=ORIENTED_EDGE('',*,*,#2919,.F.);
#6210=ORIENTED_EDGE('',*,*,#3074,.F.);
#6211=EDGE_LOOP('',(#6203,#6204,#6205,#6206,#6207,#6208,#6209,#6210));
#6212=FACE_BOUND('',#6211,.T.);
#6213=ADVANCED_FACE('',(#6202,#6212),#6191,.T.);
#6214=CARTESIAN_POINT('',(112.3,67.131654572,-2.473023791));
#6215=CARTESIAN_POINT('',(112.3,68.478963379,-2.473023791));
#6216=CARTESIAN_POINT('',(111.347308807,69.431654572,-2.473023791));
#6217=CARTESIAN_POINT('',(110.,69.431654572,-2.473023791));
#6218=CARTESIAN_POINT('',(112.3,67.131654572,-2.73935112));
#6219=CARTESIAN_POINT('',(112.3,68.478963379,-2.73935112));
#6220=CARTESIAN_POINT('',(111.347308807,69.431654572,-2.73935112));
#6221=CARTESIAN_POINT('',(110.,69.431654572,-2.73935112));
#6222=CARTESIAN_POINT('',(112.422976275,67.131654572,-2.975586346));
#6223=CARTESIAN_POINT('',(112.422976275,68.551001213,-2.975586346));
#6224=CARTESIAN_POINT('',(111.419346641,69.554630847,-2.975586346));
#6225=CARTESIAN_POINT('',(110.,69.554630847,-2.975586346));
#6226=CARTESIAN_POINT('',(112.641138851,67.131654572,-3.128345426));
#6227=CARTESIAN_POINT('',(112.641138851,68.678797891,-3.128345426));
#6228=CARTESIAN_POINT('',(111.547143319,69.772793423,-3.128345426));
#6229=CARTESIAN_POINT('',(110.,69.772793423,-3.128345426));
#6230=(BOUNDED_SURFACE()
B_SPLINE_SURFACE(3,3,((#6214,#6215,#6216,#6217),(#6218,#6219,#6220,#6221),(#6222,#6223,#6224,#6225),(#6226,#6227,#6228,#6229)),.UNSPECIFIED.,.F.,.F.,.U.)
B_SPLINE_SURFACE_WITH_KNOTS((4,4),(4,4),(0.,1.),(0.,1.),.UNSPECIFIED.)
GEOMETRIC_REPRESENTATION_ITEM()
RATIONAL_B_SPLINE_SURFACE(((1.,0.804737854,0.804737854,1.),(0.924673889,0.744120081,0.744120081,0.924673889),(0.924673889,0.744120081,0.744120081,0.924673889),(1.,0.804737854,0.804737854,1.)))
REPRESENTATION_ITEM('')
SURFACE()
);
#6231=ORIENTED_EDGE('',*,*,#2818,.F.);
#6232=CARTESIAN_POINT('',(113.1,67.131654572,-2.473023791));
#6233=DIRECTION('',(0.,-1.,0.));
#6234=DIRECTION('',(-0.,0.,1.));
#6235=AXIS2_PLACEMENT_3D('',#6232,#6233,#6234);
#6236=CIRCLE('',#6235,0.8);
#6237=EDGE_CURVE('',#3020,#2810,#6236,.T.);
#6238=ORIENTED_EDGE('',*,*,#6237,.F.);
#6239=ORIENTED_EDGE('',*,*,#3028,.T.);
#6240=CARTESIAN_POINT('',(110.,70.231654572,-2.473023791));
#6241=DIRECTION('',(1.,0.,-0.));
#6242=DIRECTION('',(0.,0.,1.));
#6243=AXIS2_PLACEMENT_3D('',#6240,#6241,#6242);
#6244=CIRCLE('',#6243,0.8);
#6245=EDGE_CURVE('',#3022,#2812,#6244,.T.);
#6246=ORIENTED_EDGE('',*,*,#6245,.T.);
#6247=EDGE_LOOP('',(#6231,#6238,#6239,#6246));
#6248=FACE_BOUND('',#6247,.T.);
#6249=ADVANCED_FACE('',(#6248),#6230,.F.);
#6250=CARTESIAN_POINT('',(112.3,47.131654572,-2.473023791));
#6251=CARTESIAN_POINT('',(112.3,67.131654572,-2.473023791));
#6252=CARTESIAN_POINT('',(112.3,47.131654572,-2.73935112));
#6253=CARTESIAN_POINT('',(112.3,67.131654572,-2.73935112));
#6254=CARTESIAN_POINT('',(112.422976275,47.131654572,-2.975586346));
#6255=CARTESIAN_POINT('',(112.422976275,67.131654572,-2.975586346));
#6256=CARTESIAN_POINT('',(112.641138851,47.131654572,-3.128345426));
#6257=CARTESIAN_POINT('',(112.641138851,67.131654572,-3.128345426));
#6258=(BOUNDED_SURFACE()
B_SPLINE_SURFACE(3,1,((#6250,#6251),(#6252,#6253),(#6254,#6255),(#6256,#6257)),.UNSPECIFIED.,.F.,.F.,.U.)
B_SPLINE_SURFACE_WITH_KNOTS((4,4),(2,2),(0.,1.),(0.,1.),.UNSPECIFIED.)
GEOMETRIC_REPRESENTATION_ITEM()
RATIONAL_B_SPLINE_SURFACE(((1.,1.),(0.924673889,0.924673889),(0.924673889,0.924673889),(1.,1.)))
REPRESENTATION_ITEM('')
SURFACE()
);
#6259=ORIENTED_EDGE('',*,*,#2883,.F.);
#6260=CARTESIAN_POINT('',(113.1,47.131654572,-2.473023791));
#6261=DIRECTION('',(0.,-1.,0.));
#6262=DIRECTION('',(-0.,0.,1.));
#6263=AXIS2_PLACEMENT_3D('',#6260,#6261,#6262);
#6264=CIRCLE('',#6263,0.8);
#6265=EDGE_CURVE('',#2980,#2871,#6264,.T.);
#6266=ORIENTED_EDGE('',*,*,#6265,.F.);
#6267=ORIENTED_EDGE('',*,*,#3139,.T.);
#6268=ORIENTED_EDGE('',*,*,#6237,.T.);
#6269=EDGE_LOOP('',(#6259,#6266,#6267,#6268));
#6270=FACE_BOUND('',#6269,.T.);
#6271=ADVANCED_FACE('',(#6270),#6258,.F.);
#6272=CARTESIAN_POINT('',(110.,44.831654572,-2.473023791));
#6273=CARTESIAN_POINT('',(111.347308807,44.831654572,-2.473023791));
#6274=CARTESIAN_POINT('',(112.3,45.784345766,-2.473023791));
#6275=CARTESIAN_POINT('',(112.3,47.131654572,-2.473023791));
#6276=CARTESIAN_POINT('',(110.,44.831654572,-2.73935112));
#6277=CARTESIAN_POINT('',(111.347308807,44.831654572,-2.73935112));
#6278=CARTESIAN_POINT('',(112.3,45.784345766,-2.73935112));
#6279=CARTESIAN_POINT('',(112.3,47.131654572,-2.73935112));
#6280=CARTESIAN_POINT('',(110.,44.708678297,-2.975586346));
#6281=CARTESIAN_POINT('',(111.419346641,44.708678297,-2.975586346));
#6282=CARTESIAN_POINT('',(112.422976275,45.712307932,-2.975586346));
#6283=CARTESIAN_POINT('',(112.422976275,47.131654572,-2.975586346));
#6284=CARTESIAN_POINT('',(110.,44.490515721,-3.128345426));
#6285=CARTESIAN_POINT('',(111.547143319,44.490515721,-3.128345426));
#6286=CARTESIAN_POINT('',(112.641138851,45.584511254,-3.128345426));
#6287=CARTESIAN_POINT('',(112.641138851,47.131654572,-3.128345426));
#6288=(BOUNDED_SURFACE()
B_SPLINE_SURFACE(3,3,((#6272,#6273,#6274,#6275),(#6276,#6277,#6278,#6279),(#6280,#6281,#6282,#6283),(#6284,#6285,#6286,#6287)),.UNSPECIFIED.,.F.,.F.,.U.)
B_SPLINE_SURFACE_WITH_KNOTS((4,4),(4,4),(0.,1.),(0.,1.),.UNSPECIFIED.)
GEOMETRIC_REPRESENTATION_ITEM()
RATIONAL_B_SPLINE_SURFACE(((1.,0.804737854,0.804737854,1.),(0.924673889,0.744120081,0.744120081,0.924673889),(0.924673889,0.744120081,0.744120081,0.924673889),(1.,0.804737854,0.804737854,1.)))
REPRESENTATION_ITEM('')
SURFACE()
);
#6289=ORIENTED_EDGE('',*,*,#2877,.F.);
#6290=CARTESIAN_POINT('',(110.,44.031654572,-2.473023791));
#6291=DIRECTION('',(-1.,0.,0.));
#6292=DIRECTION('',(0.,0.,1.));
#6293=AXIS2_PLACEMENT_3D('',#6290,#6291,#6292);
#6294=CIRCLE('',#6293,0.8);
#6295=EDGE_CURVE('',#2978,#2863,#6294,.T.);
#6296=ORIENTED_EDGE('',*,*,#6295,.F.);
#6297=ORIENTED_EDGE('',*,*,#2986,.T.);
#6298=ORIENTED_EDGE('',*,*,#6265,.T.);
#6299=EDGE_LOOP('',(#6289,#6296,#6297,#6298));
#6300=FACE_BOUND('',#6299,.T.);
#6301=ADVANCED_FACE('',(#6300),#6288,.F.);
#6302=CARTESIAN_POINT('',(90.,44.831654572,-2.473023791));
#6303=CARTESIAN_POINT('',(110.,44.831654572,-2.473023791));
#6304=CARTESIAN_POINT('',(90.,44.831654572,-2.73935112));
#6305=CARTESIAN_POINT('',(110.,44.831654572,-2.73935112));
#6306=CARTESIAN_POINT('',(90.,44.708678297,-2.975586346));
#6307=CARTESIAN_POINT('',(110.,44.708678297,-2.975586346));
#6308=CARTESIAN_POINT('',(90.,44.490515721,-3.128345426));
#6309=CARTESIAN_POINT('',(110.,44.490515721,-3.128345426));
#6310=(BOUNDED_SURFACE()
B_SPLINE_SURFACE(3,1,((#6302,#6303),(#6304,#6305),(#6306,#6307),(#6308,#6309)),.UNSPECIFIED.,.F.,.F.,.U.)
B_SPLINE_SURFACE_WITH_KNOTS((4,4),(2,2),(0.,1.),(0.,1.),.UNSPECIFIED.)
GEOMETRIC_REPRESENTATION_ITEM()
RATIONAL_B_SPLINE_SURFACE(((1.,1.),(0.924673889,0.924673889),(0.924673889,0.924673889),(1.,1.)))
REPRESENTATION_ITEM('')
SURFACE()
);
#6311=ORIENTED_EDGE('',*,*,#2868,.F.);
#6312=CARTESIAN_POINT('',(90.,44.031654572,-2.473023791));
#6313=DIRECTION('',(-1.,0.,0.));
#6314=DIRECTION('',(0.,0.,1.));
#6315=AXIS2_PLACEMENT_3D('',#6312,#6313,#6314);
#6316=CIRCLE('',#6315,0.8);
#6317=EDGE_CURVE('',#2938,#2854,#6316,.T.);
#6318=ORIENTED_EDGE('',*,*,#6317,.F.);
#6319=ORIENTED_EDGE('',*,*,#3117,.T.);
#6320=ORIENTED_EDGE('',*,*,#6295,.T.);
#6321=EDGE_LOOP('',(#6311,#6318,#6319,#6320));
#6322=FACE_BOUND('',#6321,.T.);
#6323=ADVANCED_FACE('',(#6322),#6310,.F.);
#6324=CARTESIAN_POINT('',(87.7,47.131654572,-2.473023791));
#6325=CARTESIAN_POINT('',(87.7,45.784345766,-2.473023791));
#6326=CARTESIAN_POINT('',(88.652691193,44.831654572,-2.473023791));
#6327=CARTESIAN_POINT('',(90.,44.831654572,-2.473023791));
#6328=CARTESIAN_POINT('',(87.7,47.131654572,-2.73935112));
#6329=CARTESIAN_POINT('',(87.7,45.784345766,-2.73935112));
#6330=CARTESIAN_POINT('',(88.652691193,44.831654572,-2.73935112));
#6331=CARTESIAN_POINT('',(90.,44.831654572,-2.73935112));
#6332=CARTESIAN_POINT('',(87.577023725,47.131654572,-2.975586346));
#6333=CARTESIAN_POINT('',(87.577023725,45.712307932,-2.975586346));
#6334=CARTESIAN_POINT('',(88.580653359,44.708678297,-2.975586346));
#6335=CARTESIAN_POINT('',(90.,44.708678297,-2.975586346));
#6336=CARTESIAN_POINT('',(87.358861149,47.131654572,-3.128345426));
#6337=CARTESIAN_POINT('',(87.358861149,45.584511254,-3.128345426));
#6338=CARTESIAN_POINT('',(88.452856681,44.490515721,-3.128345426));
#6339=CARTESIAN_POINT('',(90.,44.490515721,-3.128345426));
#6340=(BOUNDED_SURFACE()
B_SPLINE_SURFACE(3,3,((#6324,#6325,#6326,#6327),(#6328,#6329,#6330,#6331),(#6332,#6333,#6334,#6335),(#6336,#6337,#6338,#6339)),.UNSPECIFIED.,.F.,.F.,.U.)
B_SPLINE_SURFACE_WITH_KNOTS((4,4),(4,4),(0.,1.),(0.,1.),.UNSPECIFIED.)
GEOMETRIC_REPRESENTATION_ITEM()
RATIONAL_B_SPLINE_SURFACE(((1.,0.804737854,0.804737854,1.),(0.924673889,0.744120081,0.744120081,0.924673889),(0.924673889,0.744120081,0.744120081,0.924673889),(1.,0.804737854,0.804737854,1.)))
REPRESENTATION_ITEM('')
SURFACE()
);
#6341=ORIENTED_EDGE('',*,*,#2860,.F.);
#6342=CARTESIAN_POINT('',(86.9,47.131654572,-2.473023791));
#6343=DIRECTION('',(0.,1.,-0.));
#6344=DIRECTION('',(0.,0.,1.));
#6345=AXIS2_PLACEMENT_3D('',#6342,#6343,#6344);
#6346=CIRCLE('',#6345,0.8);
#6347=EDGE_CURVE('',#2936,#2846,#6346,.T.);
#6348=ORIENTED_EDGE('',*,*,#6347,.F.);
#6349=ORIENTED_EDGE('',*,*,#2944,.T.);
#6350=ORIENTED_EDGE('',*,*,#6317,.T.);
#6351=EDGE_LOOP('',(#6341,#6348,#6349,#6350));
#6352=FACE_BOUND('',#6351,.T.);
#6353=ADVANCED_FACE('',(#6352),#6340,.F.);
#6354=CARTESIAN_POINT('',(87.7,67.131654572,-2.473023791));
#6355=CARTESIAN_POINT('',(87.7,47.131654572,-2.473023791));
#6356=CARTESIAN_POINT('',(87.7,67.131654572,-2.73935112));
#6357=CARTESIAN_POINT('',(87.7,47.131654572,-2.73935112));
#6358=CARTESIAN_POINT('',(87.577023725,67.131654572,-2.975586346));
#6359=CARTESIAN_POINT('',(87.577023725,47.131654572,-2.975586346));
#6360=CARTESIAN_POINT('',(87.358861149,67.131654572,-3.128345426));
#6361=CARTESIAN_POINT('',(87.358861149,47.131654572,-3.128345426));
#6362=(BOUNDED_SURFACE()
B_SPLINE_SURFACE(3,1,((#6354,#6355),(#6356,#6357),(#6358,#6359),(#6360,#6361)),.UNSPECIFIED.,.F.,.F.,.U.)
B_SPLINE_SURFACE_WITH_KNOTS((4,4),(2,2),(0.,1.),(0.,1.),.UNSPECIFIED.)
GEOMETRIC_REPRESENTATION_ITEM()
RATIONAL_B_SPLINE_SURFACE(((1.,1.),(0.924673889,0.924673889),(0.924673889,0.924673889),(1.,1.)))
REPRESENTATION_ITEM('')
SURFACE()
);
#6363=ORIENTED_EDGE('',*,*,#2851,.F.);
#6364=CARTESIAN_POINT('',(86.9,67.131654572,-2.473023791));
#6365=DIRECTION('',(-0.,1.,-0.));
#6366=DIRECTION('',(0.,0.,1.));
#6367=AXIS2_PLACEMENT_3D('',#6364,#6365,#6366);
#6368=CIRCLE('',#6367,0.8);
#6369=EDGE_CURVE('',#2896,#2837,#6368,.T.);
#6370=ORIENTED_EDGE('',*,*,#6369,.F.);
#6371=ORIENTED_EDGE('',*,*,#3095,.T.);
#6372=ORIENTED_EDGE('',*,*,#6347,.T.);
#6373=EDGE_LOOP('',(#6363,#6370,#6371,#6372));
#6374=FACE_BOUND('',#6373,.T.);
#6375=ADVANCED_FACE('',(#6374),#6362,.F.);
#6376=CARTESIAN_POINT('',(90.,69.431654572,-2.473023791));
#6377=CARTESIAN_POINT('',(88.652691193,69.431654572,-2.473023791));
#6378=CARTESIAN_POINT('',(87.7,68.478963379,-2.473023791));
#6379=CARTESIAN_POINT('',(87.7,67.131654572,-2.473023791));
#6380=CARTESIAN_POINT('',(90.,69.431654572,-2.73935112));
#6381=CARTESIAN_POINT('',(88.652691193,69.431654572,-2.73935112));
#6382=CARTESIAN_POINT('',(87.7,68.478963379,-2.73935112));
#6383=CARTESIAN_POINT('',(87.7,67.131654572,-2.73935112));
#6384=CARTESIAN_POINT('',(90.,69.554630847,-2.975586346));
#6385=CARTESIAN_POINT('',(88.580653359,69.554630847,-2.975586346));
#6386=CARTESIAN_POINT('',(87.577023725,68.551001213,-2.975586346));
#6387=CARTESIAN_POINT('',(87.577023725,67.131654572,-2.975586346));
#6388=CARTESIAN_POINT('',(90.,69.772793423,-3.128345426));
#6389=CARTESIAN_POINT('',(88.452856681,69.772793423,-3.128345426));
#6390=CARTESIAN_POINT('',(87.358861149,68.678797891,-3.128345426));
#6391=CARTESIAN_POINT('',(87.358861149,67.131654572,-3.128345426));
#6392=(BOUNDED_SURFACE()
B_SPLINE_SURFACE(3,3,((#6376,#6377,#6378,#6379),(#6380,#6381,#6382,#6383),(#6384,#6385,#6386,#6387),(#6388,#6389,#6390,#6391)),.UNSPECIFIED.,.F.,.F.,.U.)
B_SPLINE_SURFACE_WITH_KNOTS((4,4),(4,4),(0.,1.),(0.,1.),.UNSPECIFIED.)
GEOMETRIC_REPRESENTATION_ITEM()
RATIONAL_B_SPLINE_SURFACE(((1.,0.804737854,0.804737854,1.),(0.924673889,0.744120081,0.744120081,0.924673889),(0.924673889,0.744120081,0.744120081,0.924673889),(1.,0.804737854,0.804737854,1.)))
REPRESENTATION_ITEM('')
SURFACE()
);
#6393=ORIENTED_EDGE('',*,*,#2843,.F.);
#6394=CARTESIAN_POINT('',(90.,70.231654572,-2.473023791));
#6395=DIRECTION('',(1.,0.,-0.));
#6396=DIRECTION('',(0.,0.,1.));
#6397=AXIS2_PLACEMENT_3D('',#6394,#6395,#6396);
#6398=CIRCLE('',#6397,0.8);
#6399=EDGE_CURVE('',#2894,#2829,#6398,.T.);
#6400=ORIENTED_EDGE('',*,*,#6399,.F.);
#6401=ORIENTED_EDGE('',*,*,#2902,.T.);
#6402=ORIENTED_EDGE('',*,*,#6369,.T.);
#6403=EDGE_LOOP('',(#6393,#6400,#6401,#6402));
#6404=FACE_BOUND('',#6403,.T.);
#6405=ADVANCED_FACE('',(#6404),#6392,.F.);
#6406=CARTESIAN_POINT('',(100.,69.431654572,-2.473023791));
#6407=CARTESIAN_POINT('',(90.,69.431654572,-2.473023791));
#6408=CARTESIAN_POINT('',(100.,69.431654572,-2.73935112));
#6409=CARTESIAN_POINT('',(90.,69.431654572,-2.73935112));
#6410=CARTESIAN_POINT('',(100.,69.554630847,-2.975586346));
#6411=CARTESIAN_POINT('',(90.,69.554630847,-2.975586346));
#6412=CARTESIAN_POINT('',(100.,69.772793423,-3.128345426));
#6413=CARTESIAN_POINT('',(90.,69.772793423,-3.128345426));
#6414=(BOUNDED_SURFACE()
B_SPLINE_SURFACE(3,1,((#6406,#6407),(#6408,#6409),(#6410,#6411),(#6412,#6413)),.UNSPECIFIED.,.F.,.F.,.U.)
B_SPLINE_SURFACE_WITH_KNOTS((4,4),(2,2),(0.,1.),(0.,1.),.UNSPECIFIED.)
GEOMETRIC_REPRESENTATION_ITEM()
RATIONAL_B_SPLINE_SURFACE(((1.,1.),(0.924673889,0.924673889),(0.924673889,0.924673889),(1.,1.)))
REPRESENTATION_ITEM('')
SURFACE()
);
#6415=ORIENTED_EDGE('',*,*,#2834,.F.);
#6416=CARTESIAN_POINT('',(100.,70.231654572,-2.473023791));
#6417=DIRECTION('',(1.,0.,-0.));
#6418=DIRECTION('',(0.,0.,1.));
#6419=AXIS2_PLACEMENT_3D('',#6416,#6417,#6418);
#6420=CIRCLE('',#6419,0.8);
#6421=EDGE_CURVE('',#3062,#2821,#6420,.T.);
#6422=ORIENTED_EDGE('',*,*,#6421,.F.);
#6423=ORIENTED_EDGE('',*,*,#3081,.T.);
#6424=ORIENTED_EDGE('',*,*,#6399,.T.);
#6425=EDGE_LOOP('',(#6415,#6422,#6423,#6424));
#6426=FACE_BOUND('',#6425,.T.);
#6427=ADVANCED_FACE('',(#6426),#6414,.F.);
#6428=CARTESIAN_POINT('',(110.,69.431654572,-2.473023791));
#6429=CARTESIAN_POINT('',(100.,69.431654572,-2.473023791));
#6430=CARTESIAN_POINT('',(110.,69.431654572,-2.73935112));
#6431=CARTESIAN_POINT('',(100.,69.431654572,-2.73935112));
#6432=CARTESIAN_POINT('',(110.,69.554630847,-2.975586346));
#6433=CARTESIAN_POINT('',(100.,69.554630847,-2.975586346));
#6434=CARTESIAN_POINT('',(110.,69.772793423,-3.128345426));
#6435=CARTESIAN_POINT('',(100.,69.772793423,-3.128345426));
#6436=(BOUNDED_SURFACE()
B_SPLINE_SURFACE(3,1,((#6428,#6429),(#6430,#6431),(#6432,#6433),(#6434,#6435)),.UNSPECIFIED.,.F.,.F.,.U.)
B_SPLINE_SURFACE_WITH_KNOTS((4,4),(2,2),(0.,1.),(0.,1.),.UNSPECIFIED.)
GEOMETRIC_REPRESENTATION_ITEM()
RATIONAL_B_SPLINE_SURFACE(((1.,1.),(0.924673889,0.924673889),(0.924673889,0.924673889),(1.,1.)))
REPRESENTATION_ITEM('')
SURFACE()
);
#6437=ORIENTED_EDGE('',*,*,#6245,.F.);
#6438=ORIENTED_EDGE('',*,*,#3067,.T.);
#6439=ORIENTED_EDGE('',*,*,#6421,.T.);
#6440=ORIENTED_EDGE('',*,*,#2826,.F.);
#6441=EDGE_LOOP('',(#6437,#6438,#6439,#6440));
#6442=FACE_BOUND('',#6441,.T.);
#6443=ADVANCED_FACE('',(#6442),#6436,.F.);
#6444=CARTESIAN_POINT('',(129.006223393,70.381561371,7.931654584));
#6445=CARTESIAN_POINT('',(132.50603699,70.400362727,7.931654584));
#6446=CARTESIAN_POINT('',(132.524838346,66.90054913,7.931654584));
#6447=CARTESIAN_POINT('',(129.025024749,66.881747774,7.931654584));
#6448=CARTESIAN_POINT('',(125.525211152,66.862946418,7.931654584));
#6449=CARTESIAN_POINT('',(125.506409796,70.362760015,7.931654584));
#6450=CARTESIAN_POINT('',(129.006223393,70.381561371,7.931654584));
#6451=CARTESIAN_POINT('',(129.006223393,70.115286957,6.5296023));
#6452=CARTESIAN_POINT('',(131.973488162,70.134088313,6.5296023));
#6453=CARTESIAN_POINT('',(131.992289518,67.166823544,6.5296023));
#6454=CARTESIAN_POINT('',(129.025024749,67.148022188,6.5296023));
#6455=CARTESIAN_POINT('',(126.05775998,67.129220832,6.5296023));
#6456=CARTESIAN_POINT('',(126.038958624,70.0964856,6.5296023));
#6457=CARTESIAN_POINT('',(129.006223393,70.115286957,6.5296023));
#6458=CARTESIAN_POINT('',(129.006223393,69.981561376,5.108767989));
#6459=CARTESIAN_POINT('',(131.706037001,70.000362733,5.108767989));
#6460=CARTESIAN_POINT('',(131.724838357,67.300549125,5.108767989));
#6461=CARTESIAN_POINT('',(129.025024749,67.281747768,5.108767989));
#6462=CARTESIAN_POINT('',(126.325211141,67.262946412,5.108767989));
#6463=CARTESIAN_POINT('',(126.306409785,69.96276002,5.108767989));
#6464=CARTESIAN_POINT('',(129.006223393,69.981561376,5.108767989));
#6465=CARTESIAN_POINT('',(129.006223393,69.981561376,3.681654584));
#6466=CARTESIAN_POINT('',(131.706037001,70.000362733,3.681654584));
#6467=CARTESIAN_POINT('',(131.724838357,67.300549125,3.681654584));
#6468=CARTESIAN_POINT('',(129.025024749,67.281747768,3.681654584));
#6469=CARTESIAN_POINT('',(126.325211141,67.262946412,3.681654584));
#6470=CARTESIAN_POINT('',(126.306409785,69.96276002,3.681654584));
#6471=CARTESIAN_POINT('',(129.006223393,69.981561376,3.681654584));
#6472=(BOUNDED_SURFACE()
B_SPLINE_SURFACE(3,3,((#6444,#6445,#6446,#6447,#6448,#6449,#6450),(#6451,#6452,#6453,#6454,#6455,#6456,#6457),(#6458,#6459,#6460,#6461,#6462,#6463,#6464),(#6465,#6466,#6467,#6468,#6469,#6470,#6471)),.UNSPECIFIED.,.F.,.T.,.U.)
B_SPLINE_SURFACE_WITH_KNOTS((4,4),(4,3,4),(0.,1.),(0.,0.5,1.),.UNSPECIFIED.)
GEOMETRIC_REPRESENTATION_ITEM()
RATIONAL_B_SPLINE_SURFACE(((1.,0.333333333,0.333333333,1.,0.333333333,0.333333333,1.),(0.997066763,0.332355588,0.332355588,0.997066763,0.332355588,0.332355588,0.997066763),(0.997066763,0.332355588,0.332355588,0.997066763,0.332355588,0.332355588,0.997066763),(1.,0.333333333,0.333333333,1.,0.333333333,0.333333333,1.)))
REPRESENTATION_ITEM('')
SURFACE()
);
#6473=CARTESIAN_POINT('',(129.006223393,69.981561376,3.681654584));
#6474=VERTEX_POINT('',#6473);
#6475=CARTESIAN_POINT('',(129.006223393,92.759686685,3.681654584));
#6476=DIRECTION('',(1.,0.,0.));
#6477=DIRECTION('',(0.,0.,-1.));
#6478=AXIS2_PLACEMENT_3D('',#6475,#6476,#6477);
#6479=CIRCLE('',#6478,22.778125309);
#6480=EDGE_CURVE('',#5865,#6474,#6479,.T.);
#6481=ORIENTED_EDGE('',*,*,#6480,.F.);
#6482=ORIENTED_EDGE('',*,*,#5871,.F.);
#6483=ORIENTED_EDGE('',*,*,#6480,.T.);
#6484=CARTESIAN_POINT('',(127.675025111,68.631654572,3.681654584));
#6485=VERTEX_POINT('',#6484);
#6486=CARTESIAN_POINT('',(129.006223918,69.981523651,3.681654584));
#6487=CARTESIAN_POINT('',(129.094572643,69.982754162,3.681654584));
#6488=CARTESIAN_POINT('',(129.183040375,69.975283269,3.681654584));
#6489=CARTESIAN_POINT('',(129.269931564,69.959254155,3.681654584));
#6490=CARTESIAN_POINT('',(129.356822754,69.943225041,3.681654584));
#6491=CARTESIAN_POINT('',(129.442133104,69.918638501,3.681654584));
#6492=CARTESIAN_POINT('',(129.524227579,69.885965752,3.681654584));
#6493=CARTESIAN_POINT('',(129.606322053,69.853293003,3.681654584));
#6494=CARTESIAN_POINT('',(129.685196593,69.812535662,3.681654584));
#6495=CARTESIAN_POINT('',(129.759339508,69.764474873,3.681654584));
#6496=CARTESIAN_POINT('',(129.833482423,69.716414085,3.681654584));
#6497=CARTESIAN_POINT('',(129.902890048,69.661052226,3.681654584));
#6498=CARTESIAN_POINT('',(129.966232133,69.599450346,3.681654584));
#6499=CARTESIAN_POINT('',(130.029574219,69.537848467,3.681654584));
#6500=CARTESIAN_POINT('',(130.086847632,69.470009614,3.681654584));
#6501=CARTESIAN_POINT('',(130.136954687,69.39723397,3.681654584));
#6502=CARTESIAN_POINT('',(130.187061741,69.324458326,3.681654584));
#6503=CARTESIAN_POINT('',(130.229999958,69.246749489,3.681654584));
#6504=CARTESIAN_POINT('',(130.264946396,69.165596807,3.681654584));
#6505=CARTESIAN_POINT('',(130.299892833,69.084444125,3.681654584));
#6506=CARTESIAN_POINT('',(130.326845763,68.999851611,3.681654584));
#6507=CARTESIAN_POINT('',(130.345288612,68.913440544,3.681654584));
#6508=CARTESIAN_POINT('',(130.36373146,68.827029476,3.681654584));
#6509=CARTESIAN_POINT('',(130.373663316,68.738804128,3.681654584));
#6510=CARTESIAN_POINT('',(130.374893828,68.650455403,3.681654584));
#6511=CARTESIAN_POINT('',(130.376124339,68.562106678,3.681654584));
#6512=CARTESIAN_POINT('',(130.368653445,68.473638947,3.681654584));
#6513=CARTESIAN_POINT('',(130.352624332,68.386747757,3.681654584));
#6514=CARTESIAN_POINT('',(130.336595218,68.299856568,3.681654584));
#6515=CARTESIAN_POINT('',(130.312008678,68.214546218,3.681654584));
#6516=CARTESIAN_POINT('',(130.279335929,68.132451743,3.681654584));
#6517=CARTESIAN_POINT('',(130.24666318,68.050357268,3.681654584));
#6518=CARTESIAN_POINT('',(130.205905839,67.971482729,3.681654584));
#6519=CARTESIAN_POINT('',(130.15784505,67.897339813,3.681654584));
#6520=CARTESIAN_POINT('',(130.109784262,67.823196898,3.681654584));
#6521=CARTESIAN_POINT('',(130.054422402,67.753789273,3.681654584));
#6522=CARTESIAN_POINT('',(129.992820523,67.690447188,3.681654584));
#6523=CARTESIAN_POINT('',(129.931218644,67.627105103,3.681654584));
#6524=CARTESIAN_POINT('',(129.863379791,67.569831689,3.681654584));
#6525=CARTESIAN_POINT('',(129.790604147,67.519724635,3.681654584));
#6526=CARTESIAN_POINT('',(129.717828503,67.469617581,3.681654584));
#6527=CARTESIAN_POINT('',(129.640119666,67.426679363,3.681654584));
#6528=CARTESIAN_POINT('',(129.558966984,67.391732926,3.681654584));
#6529=CARTESIAN_POINT('',(129.477814302,67.356786488,3.681654584));
#6530=CARTESIAN_POINT('',(129.393221788,67.329833559,3.681654584));
#6531=CARTESIAN_POINT('',(129.30681072,67.31139071,3.681654584));
#6532=CARTESIAN_POINT('',(129.220399653,67.292947861,3.681654584));
#6533=CARTESIAN_POINT('',(129.132174305,67.283016005,3.681654584));
#6534=CARTESIAN_POINT('',(129.04382558,67.281785494,3.681654584));
#6535=CARTESIAN_POINT('',(128.955476855,67.280554982,3.681654584));
#6536=CARTESIAN_POINT('',(128.867009124,67.288025876,3.681654584));
#6537=CARTESIAN_POINT('',(128.780117934,67.30405499,3.681654584));
#6538=CARTESIAN_POINT('',(128.693226745,67.320084103,3.681654584));
#6539=CARTESIAN_POINT('',(128.607916395,67.344670644,3.681654584));
#6540=CARTESIAN_POINT('',(128.52582192,67.377343393,3.681654584));
#6541=CARTESIAN_POINT('',(128.443727445,67.410016142,3.681654584));
#6542=CARTESIAN_POINT('',(128.364852906,67.450773482,3.681654584));
#6543=CARTESIAN_POINT('',(128.29070999,67.498834271,3.681654584));
#6544=CARTESIAN_POINT('',(128.216567075,67.54689506,3.681654584));
#6545=CARTESIAN_POINT('',(128.14715945,67.602256919,3.681654584));
#6546=CARTESIAN_POINT('',(128.083817365,67.663858798,3.681654584));
#6547=CARTESIAN_POINT('',(128.02047528,67.725460678,3.681654584));
#6548=CARTESIAN_POINT('',(127.963201866,67.79329953,3.681654584));
#6549=CARTESIAN_POINT('',(127.913094812,67.866075174,3.681654584));
#6550=CARTESIAN_POINT('',(127.862987757,67.938850819,3.681654584));
#6551=CARTESIAN_POINT('',(127.82004954,68.016559655,3.681654584));
#6552=CARTESIAN_POINT('',(127.785103103,68.097712337,3.681654584));
#6553=CARTESIAN_POINT('',(127.750156665,68.178865019,3.681654584));
#6554=CARTESIAN_POINT('',(127.723203735,68.263457533,3.681654584));
#6555=CARTESIAN_POINT('',(127.704760887,68.349868601,3.681654584));
#6556=CARTESIAN_POINT('',(127.686318038,68.436279669,3.681654584));
#6557=CARTESIAN_POINT('',(127.676386182,68.524505017,3.681654584));
#6558=CARTESIAN_POINT('',(127.675155671,68.612853741,3.681654584));
#6559=CARTESIAN_POINT('',(127.673925159,68.701202466,3.681654584));
#6560=CARTESIAN_POINT('',(127.681396053,68.789670198,3.681654584));
#6561=CARTESIAN_POINT('',(127.697425167,68.876561387,3.681654584));
#6562=CARTESIAN_POINT('',(127.71345428,68.963452577,3.681654584));
#6563=CARTESIAN_POINT('',(127.738040821,69.048762927,3.681654584));
#6564=CARTESIAN_POINT('',(127.77071357,69.130857402,3.681654584));
#6565=CARTESIAN_POINT('',(127.803386318,69.212951876,3.681654584));
#6566=CARTESIAN_POINT('',(127.844143659,69.291826416,3.681654584));
#6567=CARTESIAN_POINT('',(127.892204448,69.365969331,3.681654584));
#6568=CARTESIAN_POINT('',(127.940265237,69.440112247,3.681654584));
#6569=CARTESIAN_POINT('',(127.995627096,69.509519871,3.681654584));
#6570=CARTESIAN_POINT('',(128.057228975,69.572861956,3.681654584));
#6571=CARTESIAN_POINT('',(128.118830854,69.636204042,3.681654584));
#6572=CARTESIAN_POINT('',(128.186669707,69.693477455,3.681654584));
#6573=CARTESIAN_POINT('',(128.259445351,69.74358451,3.681654584));
#6574=CARTESIAN_POINT('',(128.332220995,69.793691564,3.681654584));
#6575=CARTESIAN_POINT('',(128.409929832,69.836629781,3.681654584));
#6576=CARTESIAN_POINT('',(128.491082514,69.871576219,3.681654584));
#6577=CARTESIAN_POINT('',(128.572235196,69.906522656,3.681654584));
#6578=CARTESIAN_POINT('',(128.65682771,69.933475586,3.681654584));
#6579=CARTESIAN_POINT('',(128.743238778,69.951918435,3.681654584));
#6580=CARTESIAN_POINT('',(128.829649846,69.970361283,3.681654584));
#6581=CARTESIAN_POINT('',(128.917875194,69.980293139,3.681654584));
#6582=CARTESIAN_POINT('',(129.006223918,69.981523651,3.681654584));
#6583=B_SPLINE_CURVE_WITH_KNOTS('',3,(#6486,#6487,#6488,#6489,#6490,#6491,#6492,#6493,#6494,#6495,#6496,#6497,#6498,#6499,#6500,#6501,#6502,#6503,#6504,#6505,#6506,#6507,#6508,#6509,#6510,#6511,
#6512,#6513,#6514,#6515,#6516,#6517,#6518,#6519,#6520,#6521,#6522,#6523,#6524,#6525,#6526,#6527,#6528,#6529,#6530,#6531,#6532,#6533,#6534,#6535,#6536,
#6537,#6538,#6539,#6540,#6541,#6542,#6543,#6544,#6545,#6546,#6547,#6548,#6549,#6550,#6551,#6552,#6553,#6554,#6555,#6556,#6557,#6558,#6559,#6560,#6561,
#6562,#6563,#6564,#6565,#6566,#6567,#6568,#6569,#6570,#6571,#6572,#6573,#6574,#6575,#6576,#6577,#6578,#6579,#6580,#6581,#6582),.UNSPECIFIED.,.T.,.F.,(4,3,3,3,3,3,3,3,3,3,3,3,3,3,3,3,3,3,3,3,3,3,3,3,3,3,
3,3,3,3,3,3,4),(0.,0.03125,0.0625,0.09375,0.125,0.15625,0.1875,0.21875,0.25,0.28125,0.3125,0.34375,0.375,0.40625,0.4375,0.46875,0.5,0.53125,0.5625,0.59375,0.625,0.65625,0.6875,0.71875,0.75,0.78125,
0.8125,0.84375,0.875,0.90625,0.9375,0.96875,1.),.UNSPECIFIED.);
#6584=EDGE_CURVE('',#6474,#6485,#6583,.T.);
#6585=ORIENTED_EDGE('',*,*,#6584,.T.);
#6586=CARTESIAN_POINT('',(129.006223918,69.981523651,3.681654584));
#6587=CARTESIAN_POINT('',(129.094572643,69.982754162,3.681654584));
#6588=CARTESIAN_POINT('',(129.183040375,69.975283269,3.681654584));
#6589=CARTESIAN_POINT('',(129.269931564,69.959254155,3.681654584));
#6590=CARTESIAN_POINT('',(129.356822754,69.943225041,3.681654584));
#6591=CARTESIAN_POINT('',(129.442133104,69.918638501,3.681654584));
#6592=CARTESIAN_POINT('',(129.524227579,69.885965752,3.681654584));
#6593=CARTESIAN_POINT('',(129.606322053,69.853293003,3.681654584));
#6594=CARTESIAN_POINT('',(129.685196593,69.812535662,3.681654584));
#6595=CARTESIAN_POINT('',(129.759339508,69.764474873,3.681654584));
#6596=CARTESIAN_POINT('',(129.833482423,69.716414085,3.681654584));
#6597=CARTESIAN_POINT('',(129.902890048,69.661052226,3.681654584));
#6598=CARTESIAN_POINT('',(129.966232133,69.599450346,3.681654584));
#6599=CARTESIAN_POINT('',(130.029574219,69.537848467,3.681654584));
#6600=CARTESIAN_POINT('',(130.086847632,69.470009614,3.681654584));
#6601=CARTESIAN_POINT('',(130.136954687,69.39723397,3.681654584));
#6602=CARTESIAN_POINT('',(130.187061741,69.324458326,3.681654584));
#6603=CARTESIAN_POINT('',(130.229999958,69.246749489,3.681654584));
#6604=CARTESIAN_POINT('',(130.264946396,69.165596807,3.681654584));
#6605=CARTESIAN_POINT('',(130.299892833,69.084444125,3.681654584));
#6606=CARTESIAN_POINT('',(130.326845763,68.999851611,3.681654584));
#6607=CARTESIAN_POINT('',(130.345288612,68.913440544,3.681654584));
#6608=CARTESIAN_POINT('',(130.36373146,68.827029476,3.681654584));
#6609=CARTESIAN_POINT('',(130.373663316,68.738804128,3.681654584));
#6610=CARTESIAN_POINT('',(130.374893828,68.650455403,3.681654584));
#6611=CARTESIAN_POINT('',(130.376124339,68.562106678,3.681654584));
#6612=CARTESIAN_POINT('',(130.368653445,68.473638947,3.681654584));
#6613=CARTESIAN_POINT('',(130.352624332,68.386747757,3.681654584));
#6614=CARTESIAN_POINT('',(130.336595218,68.299856568,3.681654584));
#6615=CARTESIAN_POINT('',(130.312008678,68.214546218,3.681654584));
#6616=CARTESIAN_POINT('',(130.279335929,68.132451743,3.681654584));
#6617=CARTESIAN_POINT('',(130.24666318,68.050357268,3.681654584));
#6618=CARTESIAN_POINT('',(130.205905839,67.971482729,3.681654584));
#6619=CARTESIAN_POINT('',(130.15784505,67.897339813,3.681654584));
#6620=CARTESIAN_POINT('',(130.109784262,67.823196898,3.681654584));
#6621=CARTESIAN_POINT('',(130.054422402,67.753789273,3.681654584));
#6622=CARTESIAN_POINT('',(129.992820523,67.690447188,3.681654584));
#6623=CARTESIAN_POINT('',(129.931218644,67.627105103,3.681654584));
#6624=CARTESIAN_POINT('',(129.863379791,67.569831689,3.681654584));
#6625=CARTESIAN_POINT('',(129.790604147,67.519724635,3.681654584));
#6626=CARTESIAN_POINT('',(129.717828503,67.469617581,3.681654584));
#6627=CARTESIAN_POINT('',(129.640119666,67.426679363,3.681654584));
#6628=CARTESIAN_POINT('',(129.558966984,67.391732926,3.681654584));
#6629=CARTESIAN_POINT('',(129.477814302,67.356786488,3.681654584));
#6630=CARTESIAN_POINT('',(129.393221788,67.329833559,3.681654584));
#6631=CARTESIAN_POINT('',(129.30681072,67.31139071,3.681654584));
#6632=CARTESIAN_POINT('',(129.220399653,67.292947861,3.681654584));
#6633=CARTESIAN_POINT('',(129.132174305,67.283016005,3.681654584));
#6634=CARTESIAN_POINT('',(129.04382558,67.281785494,3.681654584));
#6635=CARTESIAN_POINT('',(128.955476855,67.280554982,3.681654584));
#6636=CARTESIAN_POINT('',(128.867009124,67.288025876,3.681654584));
#6637=CARTESIAN_POINT('',(128.780117934,67.30405499,3.681654584));
#6638=CARTESIAN_POINT('',(128.693226745,67.320084103,3.681654584));
#6639=CARTESIAN_POINT('',(128.607916395,67.344670644,3.681654584));
#6640=CARTESIAN_POINT('',(128.52582192,67.377343393,3.681654584));
#6641=CARTESIAN_POINT('',(128.443727445,67.410016142,3.681654584));
#6642=CARTESIAN_POINT('',(128.364852906,67.450773482,3.681654584));
#6643=CARTESIAN_POINT('',(128.29070999,67.498834271,3.681654584));
#6644=CARTESIAN_POINT('',(128.216567075,67.54689506,3.681654584));
#6645=CARTESIAN_POINT('',(128.14715945,67.602256919,3.681654584));
#6646=CARTESIAN_POINT('',(128.083817365,67.663858798,3.681654584));
#6647=CARTESIAN_POINT('',(128.02047528,67.725460678,3.681654584));
#6648=CARTESIAN_POINT('',(127.963201866,67.79329953,3.681654584));
#6649=CARTESIAN_POINT('',(127.913094812,67.866075174,3.681654584));
#6650=CARTESIAN_POINT('',(127.862987757,67.938850819,3.681654584));
#6651=CARTESIAN_POINT('',(127.82004954,68.016559655,3.681654584));
#6652=CARTESIAN_POINT('',(127.785103103,68.097712337,3.681654584));
#6653=CARTESIAN_POINT('',(127.750156665,68.178865019,3.681654584));
#6654=CARTESIAN_POINT('',(127.723203735,68.263457533,3.681654584));
#6655=CARTESIAN_POINT('',(127.704760887,68.349868601,3.681654584));
#6656=CARTESIAN_POINT('',(127.686318038,68.436279669,3.681654584));
#6657=CARTESIAN_POINT('',(127.676386182,68.524505017,3.681654584));
#6658=CARTESIAN_POINT('',(127.675155671,68.612853741,3.681654584));
#6659=CARTESIAN_POINT('',(127.673925159,68.701202466,3.681654584));
#6660=CARTESIAN_POINT('',(127.681396053,68.789670198,3.681654584));
#6661=CARTESIAN_POINT('',(127.697425167,68.876561387,3.681654584));
#6662=CARTESIAN_POINT('',(127.71345428,68.963452577,3.681654584));
#6663=CARTESIAN_POINT('',(127.738040821,69.048762927,3.681654584));
#6664=CARTESIAN_POINT('',(127.77071357,69.130857402,3.681654584));
#6665=CARTESIAN_POINT('',(127.803386318,69.212951876,3.681654584));
#6666=CARTESIAN_POINT('',(127.844143659,69.291826416,3.681654584));
#6667=CARTESIAN_POINT('',(127.892204448,69.365969331,3.681654584));
#6668=CARTESIAN_POINT('',(127.940265237,69.440112247,3.681654584));
#6669=CARTESIAN_POINT('',(127.995627096,69.509519871,3.681654584));
#6670=CARTESIAN_POINT('',(128.057228975,69.572861956,3.681654584));
#6671=CARTESIAN_POINT('',(128.118830854,69.636204042,3.681654584));
#6672=CARTESIAN_POINT('',(128.186669707,69.693477455,3.681654584));
#6673=CARTESIAN_POINT('',(128.259445351,69.74358451,3.681654584));
#6674=CARTESIAN_POINT('',(128.332220995,69.793691564,3.681654584));
#6675=CARTESIAN_POINT('',(128.409929832,69.836629781,3.681654584));
#6676=CARTESIAN_POINT('',(128.491082514,69.871576219,3.681654584));
#6677=CARTESIAN_POINT('',(128.572235196,69.906522656,3.681654584));
#6678=CARTESIAN_POINT('',(128.65682771,69.933475586,3.681654584));
#6679=CARTESIAN_POINT('',(128.743238778,69.951918435,3.681654584));
#6680=CARTESIAN_POINT('',(128.829649846,69.970361283,3.681654584));
#6681=CARTESIAN_POINT('',(128.917875194,69.980293139,3.681654584));
#6682=CARTESIAN_POINT('',(129.006223918,69.981523651,3.681654584));
#6683=B_SPLINE_CURVE_WITH_KNOTS('',3,(#6586,#6587,#6588,#6589,#6590,#6591,#6592,#6593,#6594,#6595,#6596,#6597,#6598,#6599,#6600,#6601,#6602,#6603,#6604,#6605,#6606,#6607,#6608,#6609,#6610,#6611,
#6612,#6613,#6614,#6615,#6616,#6617,#6618,#6619,#6620,#6621,#6622,#6623,#6624,#6625,#6626,#6627,#6628,#6629,#6630,#6631,#6632,#6633,#6634,#6635,#6636,
#6637,#6638,#6639,#6640,#6641,#6642,#6643,#6644,#6645,#6646,#6647,#6648,#6649,#6650,#6651,#6652,#6653,#6654,#6655,#6656,#6657,#6658,#6659,#6660,#6661,
#6662,#6663,#6664,#6665,#6666,#6667,#6668,#6669,#6670,#6671,#6672,#6673,#6674,#6675,#6676,#6677,#6678,#6679,#6680,#6681,#6682),.UNSPECIFIED.,.T.,.F.,(4,3,3,3,3,3,3,3,3,3,3,3,3,3,3,3,3,3,3,3,3,3,3,3,3,3,
3,3,3,3,3,3,4),(0.,0.03125,0.0625,0.09375,0.125,0.15625,0.1875,0.21875,0.25,0.28125,0.3125,0.34375,0.375,0.40625,0.4375,0.46875,0.5,0.53125,0.5625,0.59375,0.625,0.65625,0.6875,0.71875,0.75,0.78125,
0.8125,0.84375,0.875,0.90625,0.9375,0.96875,1.),.UNSPECIFIED.);
#6684=EDGE_CURVE('',#6485,#6474,#6683,.T.);
#6685=ORIENTED_EDGE('',*,*,#6684,.T.);
#6686=EDGE_LOOP('',(#6481,#6482,#6483,#6585,#6685));
#6687=FACE_BOUND('',#6686,.T.);
#6688=ADVANCED_FACE('',(#6687),#6472,.T.);
#6689=CARTESIAN_POINT('',(88.75,45.881654572,-2.328345422));
#6690=DIRECTION('',(0.,0.,1.));
#6691=DIRECTION('',(-1.,0.,0.));
#6692=AXIS2_PLACEMENT_3D('',#6689,#6690,#6691);
#6693=PLANE('',#6692);
#6694=CARTESIAN_POINT('',(127.675024749,68.631654572,-2.328345422));
#6695=VERTEX_POINT('',#6694);
#6696=CARTESIAN_POINT('',(129.025024749,69.981654572,-2.328345422));
#6697=VERTEX_POINT('',#6696);
#6698=CARTESIAN_POINT('',(129.025024749,68.631654572,-2.328345422));
#6699=DIRECTION('',(0.,-0.,-1.));
#6700=DIRECTION('',(0.,1.,-0.));
#6701=AXIS2_PLACEMENT_3D('',#6698,#6699,#6700);
#6702=CIRCLE('',#6701,1.35);
#6703=EDGE_CURVE('',#6695,#6697,#6702,.T.);
#6704=ORIENTED_EDGE('',*,*,#6703,.F.);
#6705=CARTESIAN_POINT('',(129.025024749,68.631654572,-2.328345422));
#6706=DIRECTION('',(0.,-0.,-1.));
#6707=DIRECTION('',(0.,1.,-0.));
#6708=AXIS2_PLACEMENT_3D('',#6705,#6706,#6707);
#6709=CIRCLE('',#6708,1.35);
#6710=EDGE_CURVE('',#6697,#6695,#6709,.T.);
#6711=ORIENTED_EDGE('',*,*,#6710,.F.);
#6712=EDGE_LOOP('',(#6704,#6711));
#6713=FACE_BOUND('',#6712,.T.);
#6714=ADVANCED_FACE('',(#6713),#6693,.T.);
#6715=CARTESIAN_POINT('',(129.025024749,68.631654572,3.621654583));
#6716=DIRECTION('',(0.,0.,1.));
#6717=DIRECTION('',(-1.,0.,0.));
#6718=AXIS2_PLACEMENT_3D('',#6715,#6716,#6717);
#6719=CYLINDRICAL_SURFACE('',#6718,1.35);
#6720=CARTESIAN_POINT('',(127.675024749,68.631654572,3.681654584));
#6721=DIRECTION('',(-0.,-0.,-1.));
#6722=VECTOR('',#6721,6.010000006);
#6723=LINE('',#6720,#6722);
#6724=EDGE_CURVE('',#6485,#6695,#6723,.T.);
#6725=ORIENTED_EDGE('',*,*,#6724,.F.);
#6726=ORIENTED_EDGE('',*,*,#6584,.F.);
#6727=ORIENTED_EDGE('',*,*,#6684,.F.);
#6728=ORIENTED_EDGE('',*,*,#6724,.T.);
#6729=ORIENTED_EDGE('',*,*,#6703,.T.);
#6730=ORIENTED_EDGE('',*,*,#6710,.T.);
#6731=EDGE_LOOP('',(#6725,#6726,#6727,#6728,#6729,#6730));
#6732=FACE_BOUND('',#6731,.T.);
#6733=ADVANCED_FACE('',(#6732),#6719,.F.);
#6734=CARTESIAN_POINT('',(129.006223393,47.381561371,7.931654584));
#6735=CARTESIAN_POINT('',(132.50603699,47.400362727,7.931654584));
#6736=CARTESIAN_POINT('',(132.524838346,43.90054913,7.931654584));
#6737=CARTESIAN_POINT('',(129.025024749,43.881747774,7.931654584));
#6738=CARTESIAN_POINT('',(125.525211152,43.862946418,7.931654584));
#6739=CARTESIAN_POINT('',(125.506409796,47.362760015,7.931654584));
#6740=CARTESIAN_POINT('',(129.006223393,47.381561371,7.931654584));
#6741=CARTESIAN_POINT('',(129.006223393,47.115286957,6.5296023));
#6742=CARTESIAN_POINT('',(131.973488162,47.134088313,6.5296023));
#6743=CARTESIAN_POINT('',(131.992289518,44.166823544,6.5296023));
#6744=CARTESIAN_POINT('',(129.025024749,44.148022188,6.5296023));
#6745=CARTESIAN_POINT('',(126.05775998,44.129220832,6.5296023));
#6746=CARTESIAN_POINT('',(126.038958624,47.0964856,6.5296023));
#6747=CARTESIAN_POINT('',(129.006223393,47.115286957,6.5296023));
#6748=CARTESIAN_POINT('',(129.006223393,46.981561376,5.108767989));
#6749=CARTESIAN_POINT('',(131.706037001,47.000362733,5.108767989));
#6750=CARTESIAN_POINT('',(131.724838357,44.300549125,5.108767989));
#6751=CARTESIAN_POINT('',(129.025024749,44.281747768,5.108767989));
#6752=CARTESIAN_POINT('',(126.325211141,44.262946412,5.108767989));
#6753=CARTESIAN_POINT('',(126.306409785,46.96276002,5.108767989));
#6754=CARTESIAN_POINT('',(129.006223393,46.981561376,5.108767989));
#6755=CARTESIAN_POINT('',(129.006223393,46.981561376,3.681654584));
#6756=CARTESIAN_POINT('',(131.706037001,47.000362733,3.681654584));
#6757=CARTESIAN_POINT('',(131.724838357,44.300549125,3.681654584));
#6758=CARTESIAN_POINT('',(129.025024749,44.281747768,3.681654584));
#6759=CARTESIAN_POINT('',(126.325211141,44.262946412,3.681654584));
#6760=CARTESIAN_POINT('',(126.306409785,46.96276002,3.681654584));
#6761=CARTESIAN_POINT('',(129.006223393,46.981561376,3.681654584));
#6762=(BOUNDED_SURFACE()
B_SPLINE_SURFACE(3,3,((#6734,#6735,#6736,#6737,#6738,#6739,#6740),(#6741,#6742,#6743,#6744,#6745,#6746,#6747),(#6748,#6749,#6750,#6751,#6752,#6753,#6754),(#6755,#6756,#6757,#6758,#6759,#6760,#6761)),.UNSPECIFIED.,.F.,.T.,.U.)
B_SPLINE_SURFACE_WITH_KNOTS((4,4),(4,3,4),(0.,1.),(0.,0.5,1.),.UNSPECIFIED.)
GEOMETRIC_REPRESENTATION_ITEM()
RATIONAL_B_SPLINE_SURFACE(((1.,0.333333333,0.333333333,1.,0.333333333,0.333333333,1.),(0.997066763,0.332355588,0.332355588,0.997066763,0.332355588,0.332355588,0.997066763),(0.997066763,0.332355588,0.332355588,0.997066763,0.332355588,0.332355588,0.997066763),(1.,0.333333333,0.333333333,1.,0.333333333,0.333333333,1.)))
REPRESENTATION_ITEM('')
SURFACE()
);
#6763=CARTESIAN_POINT('',(129.006223393,46.981561376,3.681654584));
#6764=VERTEX_POINT('',#6763);
#6765=CARTESIAN_POINT('',(129.006223393,69.759686685,3.681654584));
#6766=DIRECTION('',(1.,0.,0.));
#6767=DIRECTION('',(0.,0.,-1.));
#6768=AXIS2_PLACEMENT_3D('',#6765,#6766,#6767);
#6769=CIRCLE('',#6768,22.778125309);
#6770=EDGE_CURVE('',#5673,#6764,#6769,.T.);
#6771=ORIENTED_EDGE('',*,*,#6770,.F.);
#6772=ORIENTED_EDGE('',*,*,#5679,.F.);
#6773=ORIENTED_EDGE('',*,*,#6770,.T.);
#6774=CARTESIAN_POINT('',(127.675025111,45.631654572,3.681654584));
#6775=VERTEX_POINT('',#6774);
#6776=CARTESIAN_POINT('',(129.006223918,46.981523651,3.681654584));
#6777=CARTESIAN_POINT('',(129.094572643,46.982754162,3.681654584));
#6778=CARTESIAN_POINT('',(129.183040375,46.975283269,3.681654584));
#6779=CARTESIAN_POINT('',(129.269931564,46.959254155,3.681654584));
#6780=CARTESIAN_POINT('',(129.356822754,46.943225041,3.681654584));
#6781=CARTESIAN_POINT('',(129.442133104,46.918638501,3.681654584));
#6782=CARTESIAN_POINT('',(129.524227579,46.885965752,3.681654584));
#6783=CARTESIAN_POINT('',(129.606322053,46.853293003,3.681654584));
#6784=CARTESIAN_POINT('',(129.685196593,46.812535662,3.681654584));
#6785=CARTESIAN_POINT('',(129.759339508,46.764474873,3.681654584));
#6786=CARTESIAN_POINT('',(129.833482423,46.716414085,3.681654584));
#6787=CARTESIAN_POINT('',(129.902890048,46.661052226,3.681654584));
#6788=CARTESIAN_POINT('',(129.966232133,46.599450346,3.681654584));
#6789=CARTESIAN_POINT('',(130.029574219,46.537848467,3.681654584));
#6790=CARTESIAN_POINT('',(130.086847632,46.470009614,3.681654584));
#6791=CARTESIAN_POINT('',(130.136954687,46.39723397,3.681654584));
#6792=CARTESIAN_POINT('',(130.187061741,46.324458326,3.681654584));
#6793=CARTESIAN_POINT('',(130.229999958,46.246749489,3.681654584));
#6794=CARTESIAN_POINT('',(130.264946396,46.165596807,3.681654584));
#6795=CARTESIAN_POINT('',(130.299892833,46.084444125,3.681654584));
#6796=CARTESIAN_POINT('',(130.326845763,45.999851611,3.681654584));
#6797=CARTESIAN_POINT('',(130.345288612,45.913440544,3.681654584));
#6798=CARTESIAN_POINT('',(130.36373146,45.827029476,3.681654584));
#6799=CARTESIAN_POINT('',(130.373663316,45.738804128,3.681654584));
#6800=CARTESIAN_POINT('',(130.374893828,45.650455403,3.681654584));
#6801=CARTESIAN_POINT('',(130.376124339,45.562106678,3.681654584));
#6802=CARTESIAN_POINT('',(130.368653445,45.473638947,3.681654584));
#6803=CARTESIAN_POINT('',(130.352624332,45.386747757,3.681654584));
#6804=CARTESIAN_POINT('',(130.336595218,45.299856568,3.681654584));
#6805=CARTESIAN_POINT('',(130.312008678,45.214546218,3.681654584));
#6806=CARTESIAN_POINT('',(130.279335929,45.132451743,3.681654584));
#6807=CARTESIAN_POINT('',(130.24666318,45.050357268,3.681654584));
#6808=CARTESIAN_POINT('',(130.205905839,44.971482729,3.681654584));
#6809=CARTESIAN_POINT('',(130.15784505,44.897339813,3.681654584));
#6810=CARTESIAN_POINT('',(130.109784262,44.823196898,3.681654584));
#6811=CARTESIAN_POINT('',(130.054422402,44.753789273,3.681654584));
#6812=CARTESIAN_POINT('',(129.992820523,44.690447188,3.681654584));
#6813=CARTESIAN_POINT('',(129.931218644,44.627105103,3.681654584));
#6814=CARTESIAN_POINT('',(129.863379791,44.569831689,3.681654584));
#6815=CARTESIAN_POINT('',(129.790604147,44.519724635,3.681654584));
#6816=CARTESIAN_POINT('',(129.717828503,44.469617581,3.681654584));
#6817=CARTESIAN_POINT('',(129.640119666,44.426679363,3.681654584));
#6818=CARTESIAN_POINT('',(129.558966984,44.391732926,3.681654584));
#6819=CARTESIAN_POINT('',(129.477814302,44.356786488,3.681654584));
#6820=CARTESIAN_POINT('',(129.393221788,44.329833559,3.681654584));
#6821=CARTESIAN_POINT('',(129.30681072,44.31139071,3.681654584));
#6822=CARTESIAN_POINT('',(129.220399653,44.292947861,3.681654584));
#6823=CARTESIAN_POINT('',(129.132174305,44.283016005,3.681654584));
#6824=CARTESIAN_POINT('',(129.04382558,44.281785494,3.681654584));
#6825=CARTESIAN_POINT('',(128.955476855,44.280554982,3.681654584));
#6826=CARTESIAN_POINT('',(128.867009124,44.288025876,3.681654584));
#6827=CARTESIAN_POINT('',(128.780117934,44.30405499,3.681654584));
#6828=CARTESIAN_POINT('',(128.693226745,44.320084103,3.681654584));
#6829=CARTESIAN_POINT('',(128.607916395,44.344670644,3.681654584));
#6830=CARTESIAN_POINT('',(128.52582192,44.377343393,3.681654584));
#6831=CARTESIAN_POINT('',(128.443727445,44.410016142,3.681654584));
#6832=CARTESIAN_POINT('',(128.364852906,44.450773482,3.681654584));
#6833=CARTESIAN_POINT('',(128.29070999,44.498834271,3.681654584));
#6834=CARTESIAN_POINT('',(128.216567075,44.54689506,3.681654584));
#6835=CARTESIAN_POINT('',(128.14715945,44.602256919,3.681654584));
#6836=CARTESIAN_POINT('',(128.083817365,44.663858798,3.681654584));
#6837=CARTESIAN_POINT('',(128.02047528,44.725460678,3.681654584));
#6838=CARTESIAN_POINT('',(127.963201866,44.79329953,3.681654584));
#6839=CARTESIAN_POINT('',(127.913094812,44.866075174,3.681654584));
#6840=CARTESIAN_POINT('',(127.862987757,44.938850819,3.681654584));
#6841=CARTESIAN_POINT('',(127.82004954,45.016559655,3.681654584));
#6842=CARTESIAN_POINT('',(127.785103103,45.097712337,3.681654584));
#6843=CARTESIAN_POINT('',(127.750156665,45.178865019,3.681654584));
#6844=CARTESIAN_POINT('',(127.723203735,45.263457533,3.681654584));
#6845=CARTESIAN_POINT('',(127.704760887,45.349868601,3.681654584));
#6846=CARTESIAN_POINT('',(127.686318038,45.436279669,3.681654584));
#6847=CARTESIAN_POINT('',(127.676386182,45.524505017,3.681654584));
#6848=CARTESIAN_POINT('',(127.675155671,45.612853741,3.681654584));
#6849=CARTESIAN_POINT('',(127.673925159,45.701202466,3.681654584));
#6850=CARTESIAN_POINT('',(127.681396053,45.789670198,3.681654584));
#6851=CARTESIAN_POINT('',(127.697425167,45.876561387,3.681654584));
#6852=CARTESIAN_POINT('',(127.71345428,45.963452577,3.681654584));
#6853=CARTESIAN_POINT('',(127.738040821,46.048762927,3.681654584));
#6854=CARTESIAN_POINT('',(127.77071357,46.130857402,3.681654584));
#6855=CARTESIAN_POINT('',(127.803386318,46.212951876,3.681654584));
#6856=CARTESIAN_POINT('',(127.844143659,46.291826416,3.681654584));
#6857=CARTESIAN_POINT('',(127.892204448,46.365969331,3.681654584));
#6858=CARTESIAN_POINT('',(127.940265237,46.440112247,3.681654584));
#6859=CARTESIAN_POINT('',(127.995627096,46.509519871,3.681654584));
#6860=CARTESIAN_POINT('',(128.057228975,46.572861956,3.681654584));
#6861=CARTESIAN_POINT('',(128.118830854,46.636204042,3.681654584));
#6862=CARTESIAN_POINT('',(128.186669707,46.693477455,3.681654584));
#6863=CARTESIAN_POINT('',(128.259445351,46.74358451,3.681654584));
#6864=CARTESIAN_POINT('',(128.332220995,46.793691564,3.681654584));
#6865=CARTESIAN_POINT('',(128.409929832,46.836629781,3.681654584));
#6866=CARTESIAN_POINT('',(128.491082514,46.871576219,3.681654584));
#6867=CARTESIAN_POINT('',(128.572235196,46.906522656,3.681654584));
#6868=CARTESIAN_POINT('',(128.65682771,46.933475586,3.681654584));
#6869=CARTESIAN_POINT('',(128.743238778,46.951918435,3.681654584));
#6870=CARTESIAN_POINT('',(128.829649846,46.970361283,3.681654584));
#6871=CARTESIAN_POINT('',(128.917875194,46.980293139,3.681654584));
#6872=CARTESIAN_POINT('',(129.006223918,46.981523651,3.681654584));
#6873=B_SPLINE_CURVE_WITH_KNOTS('',3,(#6776,#6777,#6778,#6779,#6780,#6781,#6782,#6783,#6784,#6785,#6786,#6787,#6788,#6789,#6790,#6791,#6792,#6793,#6794,#6795,#6796,#6797,#6798,#6799,#6800,#6801,
#6802,#6803,#6804,#6805,#6806,#6807,#6808,#6809,#6810,#6811,#6812,#6813,#6814,#6815,#6816,#6817,#6818,#6819,#6820,#6821,#6822,#6823,#6824,#6825,#6826,
#6827,#6828,#6829,#6830,#6831,#6832,#6833,#6834,#6835,#6836,#6837,#6838,#6839,#6840,#6841,#6842,#6843,#6844,#6845,#6846,#6847,#6848,#6849,#6850,#6851,
#6852,#6853,#6854,#6855,#6856,#6857,#6858,#6859,#6860,#6861,#6862,#6863,#6864,#6865,#6866,#6867,#6868,#6869,#6870,#6871,#6872),.UNSPECIFIED.,.T.,.F.,(4,3,3,3,3,3,3,3,3,3,3,3,3,3,3,3,3,3,3,3,3,3,3,3,3,3,
3,3,3,3,3,3,4),(0.,0.03125,0.0625,0.09375,0.125,0.15625,0.1875,0.21875,0.25,0.28125,0.3125,0.34375,0.375,0.40625,0.4375,0.46875,0.5,0.53125,0.5625,0.59375,0.625,0.65625,0.6875,0.71875,0.75,0.78125,
0.8125,0.84375,0.875,0.90625,0.9375,0.96875,1.),.UNSPECIFIED.);
#6874=EDGE_CURVE('',#6764,#6775,#6873,.T.);
#6875=ORIENTED_EDGE('',*,*,#6874,.T.);
#6876=CARTESIAN_POINT('',(129.006223918,46.981523651,3.681654584));
#6877=CARTESIAN_POINT('',(129.094572643,46.982754162,3.681654584));
#6878=CARTESIAN_POINT('',(129.183040375,46.975283269,3.681654584));
#6879=CARTESIAN_POINT('',(129.269931564,46.959254155,3.681654584));
#6880=CARTESIAN_POINT('',(129.356822754,46.943225041,3.681654584));
#6881=CARTESIAN_POINT('',(129.442133104,46.918638501,3.681654584));
#6882=CARTESIAN_POINT('',(129.524227579,46.885965752,3.681654584));
#6883=CARTESIAN_POINT('',(129.606322053,46.853293003,3.681654584));
#6884=CARTESIAN_POINT('',(129.685196593,46.812535662,3.681654584));
#6885=CARTESIAN_POINT('',(129.759339508,46.764474873,3.681654584));
#6886=CARTESIAN_POINT('',(129.833482423,46.716414085,3.681654584));
#6887=CARTESIAN_POINT('',(129.902890048,46.661052226,3.681654584));
#6888=CARTESIAN_POINT('',(129.966232133,46.599450346,3.681654584));
#6889=CARTESIAN_POINT('',(130.029574219,46.537848467,3.681654584));
#6890=CARTESIAN_POINT('',(130.086847632,46.470009614,3.681654584));
#6891=CARTESIAN_POINT('',(130.136954687,46.39723397,3.681654584));
#6892=CARTESIAN_POINT('',(130.187061741,46.324458326,3.681654584));
#6893=CARTESIAN_POINT('',(130.229999958,46.246749489,3.681654584));
#6894=CARTESIAN_POINT('',(130.264946396,46.165596807,3.681654584));
#6895=CARTESIAN_POINT('',(130.299892833,46.084444125,3.681654584));
#6896=CARTESIAN_POINT('',(130.326845763,45.999851611,3.681654584));
#6897=CARTESIAN_POINT('',(130.345288612,45.913440544,3.681654584));
#6898=CARTESIAN_POINT('',(130.36373146,45.827029476,3.681654584));
#6899=CARTESIAN_POINT('',(130.373663316,45.738804128,3.681654584));
#6900=CARTESIAN_POINT('',(130.374893828,45.650455403,3.681654584));
#6901=CARTESIAN_POINT('',(130.376124339,45.562106678,3.681654584));
#6902=CARTESIAN_POINT('',(130.368653445,45.473638947,3.681654584));
#6903=CARTESIAN_POINT('',(130.352624332,45.386747757,3.681654584));
#6904=CARTESIAN_POINT('',(130.336595218,45.299856568,3.681654584));
#6905=CARTESIAN_POINT('',(130.312008678,45.214546218,3.681654584));
#6906=CARTESIAN_POINT('',(130.279335929,45.132451743,3.681654584));
#6907=CARTESIAN_POINT('',(130.24666318,45.050357268,3.681654584));
#6908=CARTESIAN_POINT('',(130.205905839,44.971482729,3.681654584));
#6909=CARTESIAN_POINT('',(130.15784505,44.897339813,3.681654584));
#6910=CARTESIAN_POINT('',(130.109784262,44.823196898,3.681654584));
#6911=CARTESIAN_POINT('',(130.054422402,44.753789273,3.681654584));
#6912=CARTESIAN_POINT('',(129.992820523,44.690447188,3.681654584));
#6913=CARTESIAN_POINT('',(129.931218644,44.627105103,3.681654584));
#6914=CARTESIAN_POINT('',(129.863379791,44.569831689,3.681654584));
#6915=CARTESIAN_POINT('',(129.790604147,44.519724635,3.681654584));
#6916=CARTESIAN_POINT('',(129.717828503,44.469617581,3.681654584));
#6917=CARTESIAN_POINT('',(129.640119666,44.426679363,3.681654584));
#6918=CARTESIAN_POINT('',(129.558966984,44.391732926,3.681654584));
#6919=CARTESIAN_POINT('',(129.477814302,44.356786488,3.681654584));
#6920=CARTESIAN_POINT('',(129.393221788,44.329833559,3.681654584));
#6921=CARTESIAN_POINT('',(129.30681072,44.31139071,3.681654584));
#6922=CARTESIAN_POINT('',(129.220399653,44.292947861,3.681654584));
#6923=CARTESIAN_POINT('',(129.132174305,44.283016005,3.681654584));
#6924=CARTESIAN_POINT('',(129.04382558,44.281785494,3.681654584));
#6925=CARTESIAN_POINT('',(128.955476855,44.280554982,3.681654584));
#6926=CARTESIAN_POINT('',(128.867009124,44.288025876,3.681654584));
#6927=CARTESIAN_POINT('',(128.780117934,44.30405499,3.681654584));
#6928=CARTESIAN_POINT('',(128.693226745,44.320084103,3.681654584));
#6929=CARTESIAN_POINT('',(128.607916395,44.344670644,3.681654584));
#6930=CARTESIAN_POINT('',(128.52582192,44.377343393,3.681654584));
#6931=CARTESIAN_POINT('',(128.443727445,44.410016142,3.681654584));
#6932=CARTESIAN_POINT('',(128.364852906,44.450773482,3.681654584));
#6933=CARTESIAN_POINT('',(128.29070999,44.498834271,3.681654584));
#6934=CARTESIAN_POINT('',(128.216567075,44.54689506,3.681654584));
#6935=CARTESIAN_POINT('',(128.14715945,44.602256919,3.681654584));
#6936=CARTESIAN_POINT('',(128.083817365,44.663858798,3.681654584));
#6937=CARTESIAN_POINT('',(128.02047528,44.725460678,3.681654584));
#6938=CARTESIAN_POINT('',(127.963201866,44.79329953,3.681654584));
#6939=CARTESIAN_POINT('',(127.913094812,44.866075174,3.681654584));
#6940=CARTESIAN_POINT('',(127.862987757,44.938850819,3.681654584));
#6941=CARTESIAN_POINT('',(127.82004954,45.016559655,3.681654584));
#6942=CARTESIAN_POINT('',(127.785103103,45.097712337,3.681654584));
#6943=CARTESIAN_POINT('',(127.750156665,45.178865019,3.681654584));
#6944=CARTESIAN_POINT('',(127.723203735,45.263457533,3.681654584));
#6945=CARTESIAN_POINT('',(127.704760887,45.349868601,3.681654584));
#6946=CARTESIAN_POINT('',(127.686318038,45.436279669,3.681654584));
#6947=CARTESIAN_POINT('',(127.676386182,45.524505017,3.681654584));
#6948=CARTESIAN_POINT('',(127.675155671,45.612853741,3.681654584));
#6949=CARTESIAN_POINT('',(127.673925159,45.701202466,3.681654584));
#6950=CARTESIAN_POINT('',(127.681396053,45.789670198,3.681654584));
#6951=CARTESIAN_POINT('',(127.697425167,45.876561387,3.681654584));
#6952=CARTESIAN_POINT('',(127.71345428,45.963452577,3.681654584));
#6953=CARTESIAN_POINT('',(127.738040821,46.048762927,3.681654584));
#6954=CARTESIAN_POINT('',(127.77071357,46.130857402,3.681654584));
#6955=CARTESIAN_POINT('',(127.803386318,46.212951876,3.681654584));
#6956=CARTESIAN_POINT('',(127.844143659,46.291826416,3.681654584));
#6957=CARTESIAN_POINT('',(127.892204448,46.365969331,3.681654584));
#6958=CARTESIAN_POINT('',(127.940265237,46.440112247,3.681654584));
#6959=CARTESIAN_POINT('',(127.995627096,46.509519871,3.681654584));
#6960=CARTESIAN_POINT('',(128.057228975,46.572861956,3.681654584));
#6961=CARTESIAN_POINT('',(128.118830854,46.636204042,3.681654584));
#6962=CARTESIAN_POINT('',(128.186669707,46.693477455,3.681654584));
#6963=CARTESIAN_POINT('',(128.259445351,46.74358451,3.681654584));
#6964=CARTESIAN_POINT('',(128.332220995,46.793691564,3.681654584));
#6965=CARTESIAN_POINT('',(128.409929832,46.836629781,3.681654584));
#6966=CARTESIAN_POINT('',(128.491082514,46.871576219,3.681654584));
#6967=CARTESIAN_POINT('',(128.572235196,46.906522656,3.681654584));
#6968=CARTESIAN_POINT('',(128.65682771,46.933475586,3.681654584));
#6969=CARTESIAN_POINT('',(128.743238778,46.951918435,3.681654584));
#6970=CARTESIAN_POINT('',(128.829649846,46.970361283,3.681654584));
#6971=CARTESIAN_POINT('',(128.917875194,46.980293139,3.681654584));
#6972=CARTESIAN_POINT('',(129.006223918,46.981523651,3.681654584));
#6973=B_SPLINE_CURVE_WITH_KNOTS('',3,(#6876,#6877,#6878,#6879,#6880,#6881,#6882,#6883,#6884,#6885,#6886,#6887,#6888,#6889,#6890,#6891,#6892,#6893,#6894,#6895,#6896,#6897,#6898,#6899,#6900,#6901,
#6902,#6903,#6904,#6905,#6906,#6907,#6908,#6909,#6910,#6911,#6912,#6913,#6914,#6915,#6916,#6917,#6918,#6919,#6920,#6921,#6922,#6923,#6924,#6925,#6926,
#6927,#6928,#6929,#6930,#6931,#6932,#6933,#6934,#6935,#6936,#6937,#6938,#6939,#6940,#6941,#6942,#6943,#6944,#6945,#6946,#6947,#6948,#6949,#6950,#6951,
#6952,#6953,#6954,#6955,#6956,#6957,#6958,#6959,#6960,#6961,#6962,#6963,#6964,#6965,#6966,#6967,#6968,#6969,#6970,#6971,#6972),.UNSPECIFIED.,.T.,.F.,(4,3,3,3,3,3,3,3,3,3,3,3,3,3,3,3,3,3,3,3,3,3,3,3,3,3,
3,3,3,3,3,3,4),(0.,0.03125,0.0625,0.09375,0.125,0.15625,0.1875,0.21875,0.25,0.28125,0.3125,0.34375,0.375,0.40625,0.4375,0.46875,0.5,0.53125,0.5625,0.59375,0.625,0.65625,0.6875,0.71875,0.75,0.78125,
0.8125,0.84375,0.875,0.90625,0.9375,0.96875,1.),.UNSPECIFIED.);
#6974=EDGE_CURVE('',#6775,#6764,#6973,.T.);
#6975=ORIENTED_EDGE('',*,*,#6974,.T.);
#6976=EDGE_LOOP('',(#6771,#6772,#6773,#6875,#6975));
#6977=FACE_BOUND('',#6976,.T.);
#6978=ADVANCED_FACE('',(#6977),#6762,.T.);
#6979=CARTESIAN_POINT('',(70.990562073,70.381561371,7.931654584));
#6980=CARTESIAN_POINT('',(74.49037567,70.400362727,7.931654584));
#6981=CARTESIAN_POINT('',(74.509177026,66.90054913,7.931654584));
#6982=CARTESIAN_POINT('',(71.009363429,66.881747774,7.931654584));
#6983=CARTESIAN_POINT('',(67.509549832,66.862946418,7.931654584));
#6984=CARTESIAN_POINT('',(67.490748476,70.362760015,7.931654584));
#6985=CARTESIAN_POINT('',(70.990562073,70.381561371,7.931654584));
#6986=CARTESIAN_POINT('',(70.990562073,70.115286957,6.5296023));
#6987=CARTESIAN_POINT('',(73.957826841,70.134088313,6.5296023));
#6988=CARTESIAN_POINT('',(73.976628198,67.166823544,6.5296023));
#6989=CARTESIAN_POINT('',(71.009363429,67.148022188,6.5296023));
#6990=CARTESIAN_POINT('',(68.04209866,67.129220832,6.5296023));
#6991=CARTESIAN_POINT('',(68.023297304,70.0964856,6.5296023));
#6992=CARTESIAN_POINT('',(70.990562073,70.115286957,6.5296023));
#6993=CARTESIAN_POINT('',(70.990562073,69.981561376,5.108767989));
#6994=CARTESIAN_POINT('',(73.690375681,70.000362733,5.108767989));
#6995=CARTESIAN_POINT('',(73.709177037,67.300549125,5.108767989));
#6996=CARTESIAN_POINT('',(71.009363429,67.281747768,5.108767989));
#6997=CARTESIAN_POINT('',(68.309549821,67.262946412,5.108767989));
#6998=CARTESIAN_POINT('',(68.290748465,69.96276002,5.108767989));
#6999=CARTESIAN_POINT('',(70.990562073,69.981561376,5.108767989));
#7000=CARTESIAN_POINT('',(70.990562073,69.981561376,3.681654584));
#7001=CARTESIAN_POINT('',(73.690375681,70.000362733,3.681654584));
#7002=CARTESIAN_POINT('',(73.709177037,67.300549125,3.681654584));
#7003=CARTESIAN_POINT('',(71.009363429,67.281747768,3.681654584));
#7004=CARTESIAN_POINT('',(68.309549821,67.262946412,3.681654584));
#7005=CARTESIAN_POINT('',(68.290748465,69.96276002,3.681654584));
#7006=CARTESIAN_POINT('',(70.990562073,69.981561376,3.681654584));
#7007=(BOUNDED_SURFACE()
B_SPLINE_SURFACE(3,3,((#6979,#6980,#6981,#6982,#6983,#6984,#6985),(#6986,#6987,#6988,#6989,#6990,#6991,#6992),(#6993,#6994,#6995,#6996,#6997,#6998,#6999),(#7000,#7001,#7002,#7003,#7004,#7005,#7006)),.UNSPECIFIED.,.F.,.T.,.U.)
B_SPLINE_SURFACE_WITH_KNOTS((4,4),(4,3,4),(0.,1.),(0.,0.5,1.),.UNSPECIFIED.)
GEOMETRIC_REPRESENTATION_ITEM()
RATIONAL_B_SPLINE_SURFACE(((1.,0.333333333,0.333333333,1.,0.333333333,0.333333333,1.),(0.997066763,0.332355588,0.332355588,0.997066763,0.332355588,0.332355588,0.997066763),(0.997066763,0.332355588,0.332355588,0.997066763,0.332355588,0.332355588,0.997066763),(1.,0.333333333,0.333333333,1.,0.333333333,0.333333333,1.)))
REPRESENTATION_ITEM('')
SURFACE()
);
#7008=CARTESIAN_POINT('',(70.990561862,69.981591477,3.681654584));
#7009=VERTEX_POINT('',#7008);
#7010=CARTESIAN_POINT('',(70.990562073,92.759686685,3.681654584));
#7011=DIRECTION('',(1.,0.,0.));
#7012=DIRECTION('',(0.,0.,-1.));
#7013=AXIS2_PLACEMENT_3D('',#7010,#7011,#7012);
#7014=CIRCLE('',#7013,22.778125309);
#7015=EDGE_CURVE('',#5542,#7009,#7014,.T.);
#7016=ORIENTED_EDGE('',*,*,#7015,.F.);
#7017=ORIENTED_EDGE('',*,*,#5548,.F.);
#7018=ORIENTED_EDGE('',*,*,#7015,.T.);
#7019=CARTESIAN_POINT('',(69.650000098,68.631654572,3.681654584));
#7020=VERTEX_POINT('',#7019);
#7021=CARTESIAN_POINT('',(70.990561652,69.981621578,3.681654584));
#7022=CARTESIAN_POINT('',(71.078916786,69.982239317,3.681654584));
#7023=CARTESIAN_POINT('',(71.167330575,69.974155034,3.681654584));
#7024=CARTESIAN_POINT('',(71.254108505,69.957523671,3.681654584));
#7025=CARTESIAN_POINT('',(71.340886435,69.940892309,3.681654584));
#7026=CARTESIAN_POINT('',(71.426024213,69.915714688,3.681654584));
#7027=CARTESIAN_POINT('',(71.507890111,69.882473358,3.681654584));
#7028=CARTESIAN_POINT('',(71.589756009,69.849232028,3.681654584));
#7029=CARTESIAN_POINT('',(71.668345978,69.807928632,3.681654584));
#7030=CARTESIAN_POINT('',(71.742153784,69.759354781,3.681654584));
#7031=CARTESIAN_POINT('',(71.81596159,69.710780929,3.681654584));
#7032=CARTESIAN_POINT('',(71.884983583,69.654939024,3.681654584));
#7033=CARTESIAN_POINT('',(71.947896904,69.592899317,3.681654584));
#7034=CARTESIAN_POINT('',(72.010810226,69.530859609,3.681654584));
#7035=CARTESIAN_POINT('',(72.067611765,69.462625168,3.681654584));
#7036=CARTESIAN_POINT('',(72.117212878,69.389503756,3.681654584));
#7037=CARTESIAN_POINT('',(72.166813991,69.316382344,3.681654584));
#7038=CARTESIAN_POINT('',(72.209212225,69.238377578,3.681654584));
#7039=CARTESIAN_POINT('',(72.243594987,69.156984476,3.681654584));
#7040=CARTESIAN_POINT('',(72.277977749,69.075591375,3.681654584));
#7041=CARTESIAN_POINT('',(72.304343338,68.990813963,3.681654584));
#7042=CARTESIAN_POINT('',(72.322186438,68.904277063,3.681654584));
#7043=CARTESIAN_POINT('',(72.340029539,68.817740163,3.681654584));
#7044=CARTESIAN_POINT('',(72.349349268,68.729448054,3.681654584));
#7045=CARTESIAN_POINT('',(72.349967006,68.64109292,3.681654584));
#7046=CARTESIAN_POINT('',(72.350584745,68.552737787,3.681654584));
#7047=CARTESIAN_POINT('',(72.342500462,68.464323997,3.681654584));
#7048=CARTESIAN_POINT('',(72.325869099,68.377546067,3.681654584));
#7049=CARTESIAN_POINT('',(72.309237736,68.290768138,3.681654584));
#7050=CARTESIAN_POINT('',(72.284060116,68.20563036,3.681654584));
#7051=CARTESIAN_POINT('',(72.250818786,68.123764462,3.681654584));
#7052=CARTESIAN_POINT('',(72.217577456,68.041898563,3.681654584));
#7053=CARTESIAN_POINT('',(72.17627406,67.963308594,3.681654584));
#7054=CARTESIAN_POINT('',(72.127700209,67.889500788,3.681654584));
#7055=CARTESIAN_POINT('',(72.079126357,67.815692982,3.681654584));
#7056=CARTESIAN_POINT('',(72.023284452,67.746670989,3.681654584));
#7057=CARTESIAN_POINT('',(71.961244744,67.683757668,3.681654584));
#7058=CARTESIAN_POINT('',(71.899205037,67.620844347,3.681654584));
#7059=CARTESIAN_POINT('',(71.830970596,67.564042808,3.681654584));
#7060=CARTESIAN_POINT('',(71.757849184,67.514441694,3.681654584));
#7061=CARTESIAN_POINT('',(71.684727772,67.464840581,3.681654584));
#7062=CARTESIAN_POINT('',(71.606723006,67.422442347,3.681654584));
#7063=CARTESIAN_POINT('',(71.525329904,67.388059585,3.681654584));
#7064=CARTESIAN_POINT('',(71.443936803,67.353676823,3.681654584));
#7065=CARTESIAN_POINT('',(71.359159391,67.327311234,3.681654584));
#7066=CARTESIAN_POINT('',(71.272622491,67.309468134,3.681654584));
#7067=CARTESIAN_POINT('',(71.186085591,67.291625034,3.681654584));
#7068=CARTESIAN_POINT('',(71.097793482,67.282305305,3.681654584));
#7069=CARTESIAN_POINT('',(71.009438348,67.281687566,3.681654584));
#7070=CARTESIAN_POINT('',(70.921083214,67.281069828,3.681654584));
#7071=CARTESIAN_POINT('',(70.832669425,67.289154111,3.681654584));
#7072=CARTESIAN_POINT('',(70.745891495,67.305785473,3.681654584));
#7073=CARTESIAN_POINT('',(70.659113565,67.322416836,3.681654584));
#7074=CARTESIAN_POINT('',(70.573975787,67.347594456,3.681654584));
#7075=CARTESIAN_POINT('',(70.492109889,67.380835786,3.681654584));
#7076=CARTESIAN_POINT('',(70.410243991,67.414077116,3.681654584));
#7077=CARTESIAN_POINT('',(70.331654022,67.455380512,3.681654584));
#7078=CARTESIAN_POINT('',(70.257846216,67.503954364,3.681654584));
#7079=CARTESIAN_POINT('',(70.18403841,67.552528215,3.681654584));
#7080=CARTESIAN_POINT('',(70.115016417,67.608370121,3.681654584));
#7081=CARTESIAN_POINT('',(70.052103096,67.670409828,3.681654584));
#7082=CARTESIAN_POINT('',(69.989189774,67.732449535,3.681654584));
#7083=CARTESIAN_POINT('',(69.932388235,67.800683977,3.681654584));
#7084=CARTESIAN_POINT('',(69.882787122,67.873805388,3.681654584));
#7085=CARTESIAN_POINT('',(69.833186009,67.9469268,3.681654584));
#7086=CARTESIAN_POINT('',(69.790787775,68.024931567,3.681654584));
#7087=CARTESIAN_POINT('',(69.756405013,68.106324668,3.681654584));
#7088=CARTESIAN_POINT('',(69.722022251,68.18771777,3.681654584));
#7089=CARTESIAN_POINT('',(69.695656662,68.272495181,3.681654584));
#7090=CARTESIAN_POINT('',(69.677813562,68.359032081,3.681654584));
#7091=CARTESIAN_POINT('',(69.659970461,68.445568981,3.681654584));
#7092=CARTESIAN_POINT('',(69.650650732,68.53386109,3.681654584));
#7093=CARTESIAN_POINT('',(69.650032994,68.622216224,3.681654584));
#7094=CARTESIAN_POINT('',(69.649415255,68.710571358,3.681654584));
#7095=CARTESIAN_POINT('',(69.657499538,68.798985148,3.681654584));
#7096=CARTESIAN_POINT('',(69.674130901,68.885763077,3.681654584));
#7097=CARTESIAN_POINT('',(69.690762264,68.972541007,3.681654584));
#7098=CARTESIAN_POINT('',(69.715939884,69.057678785,3.681654584));
#7099=CARTESIAN_POINT('',(69.749181214,69.139544683,3.681654584));
#7100=CARTESIAN_POINT('',(69.782422544,69.221410581,3.681654584));
#7101=CARTESIAN_POINT('',(69.82372594,69.300000551,3.681654584));
#7102=CARTESIAN_POINT('',(69.872299791,69.373808357,3.681654584));
#7103=CARTESIAN_POINT('',(69.920873643,69.447616163,3.681654584));
#7104=CARTESIAN_POINT('',(69.976715548,69.516638155,3.681654584));
#7105=CARTESIAN_POINT('',(70.038755256,69.579551477,3.681654584));
#7106=CARTESIAN_POINT('',(70.100794963,69.642464798,3.681654584));
#7107=CARTESIAN_POINT('',(70.169029404,69.699266337,3.681654584));
#7108=CARTESIAN_POINT('',(70.242150816,69.74886745,3.681654584));
#7109=CARTESIAN_POINT('',(70.315272228,69.798468563,3.681654584));
#7110=CARTESIAN_POINT('',(70.393276994,69.840866797,3.681654584));
#7111=CARTESIAN_POINT('',(70.474670096,69.875249559,3.681654584));
#7112=CARTESIAN_POINT('',(70.556063197,69.909632321,3.681654584));
#7113=CARTESIAN_POINT('',(70.640840609,69.93599791,3.681654584));
#7114=CARTESIAN_POINT('',(70.727377509,69.953841011,3.681654584));
#7115=CARTESIAN_POINT('',(70.813914409,69.971684111,3.681654584));
#7116=CARTESIAN_POINT('',(70.902206518,69.98100384,3.681654584));
#7117=CARTESIAN_POINT('',(70.990561652,69.981621578,3.681654584));
#7118=B_SPLINE_CURVE_WITH_KNOTS('',3,(#7021,#7022,#7023,#7024,#7025,#7026,#7027,#7028,#7029,#7030,#7031,#7032,#7033,#7034,#7035,#7036,#7037,#7038,#7039,#7040,#7041,#7042,#7043,#7044,#7045,#7046,
#7047,#7048,#7049,#7050,#7051,#7052,#7053,#7054,#7055,#7056,#7057,#7058,#7059,#7060,#7061,#7062,#7063,#7064,#7065,#7066,#7067,#7068,#7069,#7070,#7071,
#7072,#7073,#7074,#7075,#7076,#7077,#7078,#7079,#7080,#7081,#7082,#7083,#7084,#7085,#7086,#7087,#7088,#7089,#7090,#7091,#7092,#7093,#7094,#7095,#7096,
#7097,#7098,#7099,#7100,#7101,#7102,#7103,#7104,#7105,#7106,#7107,#7108,#7109,#7110,#7111,#7112,#7113,#7114,#7115,#7116,#7117),.UNSPECIFIED.,.T.,.F.,(4,3,3,3,3,3,3,3,3,3,3,3,3,3,3,3,3,3,3,3,3,3,3,3,3,3,
3,3,3,3,3,3,4),(0.,0.03125,0.0625,0.09375,0.125,0.15625,0.1875,0.21875,0.25,0.28125,0.3125,0.34375,0.375,0.40625,0.4375,0.46875,0.5,0.53125,0.5625,0.59375,0.625,0.65625,0.6875,0.71875,0.75,0.78125,
0.8125,0.84375,0.875,0.90625,0.9375,0.96875,1.),.UNSPECIFIED.);
#7119=EDGE_CURVE('',#7009,#7020,#7118,.T.);
#7120=ORIENTED_EDGE('',*,*,#7119,.T.);
#7121=CARTESIAN_POINT('',(70.990561652,69.981621578,3.681654584));
#7122=CARTESIAN_POINT('',(71.078916786,69.982239317,3.681654584));
#7123=CARTESIAN_POINT('',(71.167330575,69.974155034,3.681654584));
#7124=CARTESIAN_POINT('',(71.254108505,69.957523671,3.681654584));
#7125=CARTESIAN_POINT('',(71.340886435,69.940892309,3.681654584));
#7126=CARTESIAN_POINT('',(71.426024213,69.915714688,3.681654584));
#7127=CARTESIAN_POINT('',(71.507890111,69.882473358,3.681654584));
#7128=CARTESIAN_POINT('',(71.589756009,69.849232028,3.681654584));
#7129=CARTESIAN_POINT('',(71.668345978,69.807928632,3.681654584));
#7130=CARTESIAN_POINT('',(71.742153784,69.759354781,3.681654584));
#7131=CARTESIAN_POINT('',(71.81596159,69.710780929,3.681654584));
#7132=CARTESIAN_POINT('',(71.884983583,69.654939024,3.681654584));
#7133=CARTESIAN_POINT('',(71.947896904,69.592899317,3.681654584));
#7134=CARTESIAN_POINT('',(72.010810226,69.530859609,3.681654584));
#7135=CARTESIAN_POINT('',(72.067611765,69.462625168,3.681654584));
#7136=CARTESIAN_POINT('',(72.117212878,69.389503756,3.681654584));
#7137=CARTESIAN_POINT('',(72.166813991,69.316382344,3.681654584));
#7138=CARTESIAN_POINT('',(72.209212225,69.238377578,3.681654584));
#7139=CARTESIAN_POINT('',(72.243594987,69.156984476,3.681654584));
#7140=CARTESIAN_POINT('',(72.277977749,69.075591375,3.681654584));
#7141=CARTESIAN_POINT('',(72.304343338,68.990813963,3.681654584));
#7142=CARTESIAN_POINT('',(72.322186438,68.904277063,3.681654584));
#7143=CARTESIAN_POINT('',(72.340029539,68.817740163,3.681654584));
#7144=CARTESIAN_POINT('',(72.349349268,68.729448054,3.681654584));
#7145=CARTESIAN_POINT('',(72.349967006,68.64109292,3.681654584));
#7146=CARTESIAN_POINT('',(72.350584745,68.552737787,3.681654584));
#7147=CARTESIAN_POINT('',(72.342500462,68.464323997,3.681654584));
#7148=CARTESIAN_POINT('',(72.325869099,68.377546067,3.681654584));
#7149=CARTESIAN_POINT('',(72.309237736,68.290768138,3.681654584));
#7150=CARTESIAN_POINT('',(72.284060116,68.20563036,3.681654584));
#7151=CARTESIAN_POINT('',(72.250818786,68.123764462,3.681654584));
#7152=CARTESIAN_POINT('',(72.217577456,68.041898563,3.681654584));
#7153=CARTESIAN_POINT('',(72.17627406,67.963308594,3.681654584));
#7154=CARTESIAN_POINT('',(72.127700209,67.889500788,3.681654584));
#7155=CARTESIAN_POINT('',(72.079126357,67.815692982,3.681654584));
#7156=CARTESIAN_POINT('',(72.023284452,67.746670989,3.681654584));
#7157=CARTESIAN_POINT('',(71.961244744,67.683757668,3.681654584));
#7158=CARTESIAN_POINT('',(71.899205037,67.620844347,3.681654584));
#7159=CARTESIAN_POINT('',(71.830970596,67.564042808,3.681654584));
#7160=CARTESIAN_POINT('',(71.757849184,67.514441694,3.681654584));
#7161=CARTESIAN_POINT('',(71.684727772,67.464840581,3.681654584));
#7162=CARTESIAN_POINT('',(71.606723006,67.422442347,3.681654584));
#7163=CARTESIAN_POINT('',(71.525329904,67.388059585,3.681654584));
#7164=CARTESIAN_POINT('',(71.443936803,67.353676823,3.681654584));
#7165=CARTESIAN_POINT('',(71.359159391,67.327311234,3.681654584));
#7166=CARTESIAN_POINT('',(71.272622491,67.309468134,3.681654584));
#7167=CARTESIAN_POINT('',(71.186085591,67.291625034,3.681654584));
#7168=CARTESIAN_POINT('',(71.097793482,67.282305305,3.681654584));
#7169=CARTESIAN_POINT('',(71.009438348,67.281687566,3.681654584));
#7170=CARTESIAN_POINT('',(70.921083214,67.281069828,3.681654584));
#7171=CARTESIAN_POINT('',(70.832669425,67.289154111,3.681654584));
#7172=CARTESIAN_POINT('',(70.745891495,67.305785473,3.681654584));
#7173=CARTESIAN_POINT('',(70.659113565,67.322416836,3.681654584));
#7174=CARTESIAN_POINT('',(70.573975787,67.347594456,3.681654584));
#7175=CARTESIAN_POINT('',(70.492109889,67.380835786,3.681654584));
#7176=CARTESIAN_POINT('',(70.410243991,67.414077116,3.681654584));
#7177=CARTESIAN_POINT('',(70.331654022,67.455380512,3.681654584));
#7178=CARTESIAN_POINT('',(70.257846216,67.503954364,3.681654584));
#7179=CARTESIAN_POINT('',(70.18403841,67.552528215,3.681654584));
#7180=CARTESIAN_POINT('',(70.115016417,67.608370121,3.681654584));
#7181=CARTESIAN_POINT('',(70.052103096,67.670409828,3.681654584));
#7182=CARTESIAN_POINT('',(69.989189774,67.732449535,3.681654584));
#7183=CARTESIAN_POINT('',(69.932388235,67.800683977,3.681654584));
#7184=CARTESIAN_POINT('',(69.882787122,67.873805388,3.681654584));
#7185=CARTESIAN_POINT('',(69.833186009,67.9469268,3.681654584));
#7186=CARTESIAN_POINT('',(69.790787775,68.024931567,3.681654584));
#7187=CARTESIAN_POINT('',(69.756405013,68.106324668,3.681654584));
#7188=CARTESIAN_POINT('',(69.722022251,68.18771777,3.681654584));
#7189=CARTESIAN_POINT('',(69.695656662,68.272495181,3.681654584));
#7190=CARTESIAN_POINT('',(69.677813562,68.359032081,3.681654584));
#7191=CARTESIAN_POINT('',(69.659970461,68.445568981,3.681654584));
#7192=CARTESIAN_POINT('',(69.650650732,68.53386109,3.681654584));
#7193=CARTESIAN_POINT('',(69.650032994,68.622216224,3.681654584));
#7194=CARTESIAN_POINT('',(69.649415255,68.710571358,3.681654584));
#7195=CARTESIAN_POINT('',(69.657499538,68.798985148,3.681654584));
#7196=CARTESIAN_POINT('',(69.674130901,68.885763077,3.681654584));
#7197=CARTESIAN_POINT('',(69.690762264,68.972541007,3.681654584));
#7198=CARTESIAN_POINT('',(69.715939884,69.057678785,3.681654584));
#7199=CARTESIAN_POINT('',(69.749181214,69.139544683,3.681654584));
#7200=CARTESIAN_POINT('',(69.782422544,69.221410581,3.681654584));
#7201=CARTESIAN_POINT('',(69.82372594,69.300000551,3.681654584));
#7202=CARTESIAN_POINT('',(69.872299791,69.373808357,3.681654584));
#7203=CARTESIAN_POINT('',(69.920873643,69.447616163,3.681654584));
#7204=CARTESIAN_POINT('',(69.976715548,69.516638155,3.681654584));
#7205=CARTESIAN_POINT('',(70.038755256,69.579551477,3.681654584));
#7206=CARTESIAN_POINT('',(70.100794963,69.642464798,3.681654584));
#7207=CARTESIAN_POINT('',(70.169029404,69.699266337,3.681654584));
#7208=CARTESIAN_POINT('',(70.242150816,69.74886745,3.681654584));
#7209=CARTESIAN_POINT('',(70.315272228,69.798468563,3.681654584));
#7210=CARTESIAN_POINT('',(70.393276994,69.840866797,3.681654584));
#7211=CARTESIAN_POINT('',(70.474670096,69.875249559,3.681654584));
#7212=CARTESIAN_POINT('',(70.556063197,69.909632321,3.681654584));
#7213=CARTESIAN_POINT('',(70.640840609,69.93599791,3.681654584));
#7214=CARTESIAN_POINT('',(70.727377509,69.953841011,3.681654584));
#7215=CARTESIAN_POINT('',(70.813914409,69.971684111,3.681654584));
#7216=CARTESIAN_POINT('',(70.902206518,69.98100384,3.681654584));
#7217=CARTESIAN_POINT('',(70.990561652,69.981621578,3.681654584));
#7218=B_SPLINE_CURVE_WITH_KNOTS('',3,(#7121,#7122,#7123,#7124,#7125,#7126,#7127,#7128,#7129,#7130,#7131,#7132,#7133,#7134,#7135,#7136,#7137,#7138,#7139,#7140,#7141,#7142,#7143,#7144,#7145,#7146,
#7147,#7148,#7149,#7150,#7151,#7152,#7153,#7154,#7155,#7156,#7157,#7158,#7159,#7160,#7161,#7162,#7163,#7164,#7165,#7166,#7167,#7168,#7169,#7170,#7171,
#7172,#7173,#7174,#7175,#7176,#7177,#7178,#7179,#7180,#7181,#7182,#7183,#7184,#7185,#7186,#7187,#7188,#7189,#7190,#7191,#7192,#7193,#7194,#7195,#7196,
#7197,#7198,#7199,#7200,#7201,#7202,#7203,#7204,#7205,#7206,#7207,#7208,#7209,#7210,#7211,#7212,#7213,#7214,#7215,#7216,#7217),.UNSPECIFIED.,.T.,.F.,(4,3,3,3,3,3,3,3,3,3,3,3,3,3,3,3,3,3,3,3,3,3,3,3,3,3,
3,3,3,3,3,3,4),(0.,0.03125,0.0625,0.09375,0.125,0.15625,0.1875,0.21875,0.25,0.28125,0.3125,0.34375,0.375,0.40625,0.4375,0.46875,0.5,0.53125,0.5625,0.59375,0.625,0.65625,0.6875,0.71875,0.75,0.78125,
0.8125,0.84375,0.875,0.90625,0.9375,0.96875,1.),.UNSPECIFIED.);
#7219=EDGE_CURVE('',#7020,#7009,#7218,.T.);
#7220=ORIENTED_EDGE('',*,*,#7219,.T.);
#7221=EDGE_LOOP('',(#7016,#7017,#7018,#7120,#7220));
#7222=FACE_BOUND('',#7221,.T.);
#7223=ADVANCED_FACE('',(#7222),#7007,.T.);
#7224=CARTESIAN_POINT('',(70.990562073,47.381561371,7.931654584));
#7225=CARTESIAN_POINT('',(74.49037567,47.400362727,7.931654584));
#7226=CARTESIAN_POINT('',(74.509177026,43.90054913,7.931654584));
#7227=CARTESIAN_POINT('',(71.009363429,43.881747774,7.931654584));
#7228=CARTESIAN_POINT('',(67.509549832,43.862946418,7.931654584));
#7229=CARTESIAN_POINT('',(67.490748476,47.362760015,7.931654584));
#7230=CARTESIAN_POINT('',(70.990562073,47.381561371,7.931654584));
#7231=CARTESIAN_POINT('',(70.990562073,47.115286957,6.5296023));
#7232=CARTESIAN_POINT('',(73.957826841,47.134088313,6.5296023));
#7233=CARTESIAN_POINT('',(73.976628198,44.166823544,6.5296023));
#7234=CARTESIAN_POINT('',(71.009363429,44.148022188,6.5296023));
#7235=CARTESIAN_POINT('',(68.04209866,44.129220832,6.5296023));
#7236=CARTESIAN_POINT('',(68.023297304,47.0964856,6.5296023));
#7237=CARTESIAN_POINT('',(70.990562073,47.115286957,6.5296023));
#7238=CARTESIAN_POINT('',(70.990562073,46.981561376,5.108767989));
#7239=CARTESIAN_POINT('',(73.690375681,47.000362733,5.108767989));
#7240=CARTESIAN_POINT('',(73.709177037,44.300549125,5.108767989));
#7241=CARTESIAN_POINT('',(71.009363429,44.281747768,5.108767989));
#7242=CARTESIAN_POINT('',(68.309549821,44.262946412,5.108767989));
#7243=CARTESIAN_POINT('',(68.290748465,46.96276002,5.108767989));
#7244=CARTESIAN_POINT('',(70.990562073,46.981561376,5.108767989));
#7245=CARTESIAN_POINT('',(70.990562073,46.981561376,3.681654584));
#7246=CARTESIAN_POINT('',(73.690375681,47.000362733,3.681654584));
#7247=CARTESIAN_POINT('',(73.709177037,44.300549125,3.681654584));
#7248=CARTESIAN_POINT('',(71.009363429,44.281747768,3.681654584));
#7249=CARTESIAN_POINT('',(68.309549821,44.262946412,3.681654584));
#7250=CARTESIAN_POINT('',(68.290748465,46.96276002,3.681654584));
#7251=CARTESIAN_POINT('',(70.990562073,46.981561376,3.681654584));
#7252=(BOUNDED_SURFACE()
B_SPLINE_SURFACE(3,3,((#7224,#7225,#7226,#7227,#7228,#7229,#7230),(#7231,#7232,#7233,#7234,#7235,#7236,#7237),(#7238,#7239,#7240,#7241,#7242,#7243,#7244),(#7245,#7246,#7247,#7248,#7249,#7250,#7251)),.UNSPECIFIED.,.F.,.T.,.U.)
B_SPLINE_SURFACE_WITH_KNOTS((4,4),(4,3,4),(0.,1.),(0.,0.5,1.),.UNSPECIFIED.)
GEOMETRIC_REPRESENTATION_ITEM()
RATIONAL_B_SPLINE_SURFACE(((1.,0.333333333,0.333333333,1.,0.333333333,0.333333333,1.),(0.997066763,0.332355588,0.332355588,0.997066763,0.332355588,0.332355588,0.997066763),(0.997066763,0.332355588,0.332355588,0.997066763,0.332355588,0.332355588,0.997066763),(1.,0.333333333,0.333333333,1.,0.333333333,0.333333333,1.)))
REPRESENTATION_ITEM('')
SURFACE()
);
#7253=CARTESIAN_POINT('',(70.990561862,46.981591477,3.681654584));
#7254=VERTEX_POINT('',#7253);
#7255=CARTESIAN_POINT('',(70.990562073,69.759686685,3.681654584));
#7256=DIRECTION('',(1.,0.,0.));
#7257=DIRECTION('',(0.,0.,-1.));
#7258=AXIS2_PLACEMENT_3D('',#7255,#7256,#7257);
#7259=CIRCLE('',#7258,22.778125309);
#7260=EDGE_CURVE('',#5521,#7254,#7259,.T.);
#7261=ORIENTED_EDGE('',*,*,#7260,.F.);
#7262=ORIENTED_EDGE('',*,*,#5527,.F.);
#7263=ORIENTED_EDGE('',*,*,#7260,.T.);
#7264=CARTESIAN_POINT('',(69.650000098,45.631654572,3.681654584));
#7265=VERTEX_POINT('',#7264);
#7266=CARTESIAN_POINT('',(70.990561652,46.981621578,3.681654584));
#7267=CARTESIAN_POINT('',(71.078916786,46.982239317,3.681654584));
#7268=CARTESIAN_POINT('',(71.167330575,46.974155034,3.681654584));
#7269=CARTESIAN_POINT('',(71.254108505,46.957523671,3.681654584));
#7270=CARTESIAN_POINT('',(71.340886435,46.940892309,3.681654584));
#7271=CARTESIAN_POINT('',(71.426024213,46.915714688,3.681654584));
#7272=CARTESIAN_POINT('',(71.507890111,46.882473358,3.681654584));
#7273=CARTESIAN_POINT('',(71.589756009,46.849232028,3.681654584));
#7274=CARTESIAN_POINT('',(71.668345978,46.807928632,3.681654584));
#7275=CARTESIAN_POINT('',(71.742153784,46.759354781,3.681654584));
#7276=CARTESIAN_POINT('',(71.81596159,46.710780929,3.681654584));
#7277=CARTESIAN_POINT('',(71.884983583,46.654939024,3.681654584));
#7278=CARTESIAN_POINT('',(71.947896904,46.592899317,3.681654584));
#7279=CARTESIAN_POINT('',(72.010810226,46.530859609,3.681654584));
#7280=CARTESIAN_POINT('',(72.067611765,46.462625168,3.681654584));
#7281=CARTESIAN_POINT('',(72.117212878,46.389503756,3.681654584));
#7282=CARTESIAN_POINT('',(72.166813991,46.316382344,3.681654584));
#7283=CARTESIAN_POINT('',(72.209212225,46.238377578,3.681654584));
#7284=CARTESIAN_POINT('',(72.243594987,46.156984476,3.681654584));
#7285=CARTESIAN_POINT('',(72.277977749,46.075591375,3.681654584));
#7286=CARTESIAN_POINT('',(72.304343338,45.990813963,3.681654584));
#7287=CARTESIAN_POINT('',(72.322186438,45.904277063,3.681654584));
#7288=CARTESIAN_POINT('',(72.340029539,45.817740163,3.681654584));
#7289=CARTESIAN_POINT('',(72.349349268,45.729448054,3.681654584));
#7290=CARTESIAN_POINT('',(72.349967006,45.64109292,3.681654584));
#7291=CARTESIAN_POINT('',(72.350584745,45.552737787,3.681654584));
#7292=CARTESIAN_POINT('',(72.342500462,45.464323997,3.681654584));
#7293=CARTESIAN_POINT('',(72.325869099,45.377546067,3.681654584));
#7294=CARTESIAN_POINT('',(72.309237736,45.290768138,3.681654584));
#7295=CARTESIAN_POINT('',(72.284060116,45.20563036,3.681654584));
#7296=CARTESIAN_POINT('',(72.250818786,45.123764462,3.681654584));
#7297=CARTESIAN_POINT('',(72.217577456,45.041898563,3.681654584));
#7298=CARTESIAN_POINT('',(72.17627406,44.963308594,3.681654584));
#7299=CARTESIAN_POINT('',(72.127700209,44.889500788,3.681654584));
#7300=CARTESIAN_POINT('',(72.079126357,44.815692982,3.681654584));
#7301=CARTESIAN_POINT('',(72.023284452,44.746670989,3.681654584));
#7302=CARTESIAN_POINT('',(71.961244744,44.683757668,3.681654584));
#7303=CARTESIAN_POINT('',(71.899205037,44.620844347,3.681654584));
#7304=CARTESIAN_POINT('',(71.830970596,44.564042808,3.681654584));
#7305=CARTESIAN_POINT('',(71.757849184,44.514441694,3.681654584));
#7306=CARTESIAN_POINT('',(71.684727772,44.464840581,3.681654584));
#7307=CARTESIAN_POINT('',(71.606723006,44.422442347,3.681654584));
#7308=CARTESIAN_POINT('',(71.525329904,44.388059585,3.681654584));
#7309=CARTESIAN_POINT('',(71.443936803,44.353676823,3.681654584));
#7310=CARTESIAN_POINT('',(71.359159391,44.327311234,3.681654584));
#7311=CARTESIAN_POINT('',(71.272622491,44.309468134,3.681654584));
#7312=CARTESIAN_POINT('',(71.186085591,44.291625034,3.681654584));
#7313=CARTESIAN_POINT('',(71.097793482,44.282305305,3.681654584));
#7314=CARTESIAN_POINT('',(71.009438348,44.281687566,3.681654584));
#7315=CARTESIAN_POINT('',(70.921083214,44.281069828,3.681654584));
#7316=CARTESIAN_POINT('',(70.832669425,44.289154111,3.681654584));
#7317=CARTESIAN_POINT('',(70.745891495,44.305785473,3.681654584));
#7318=CARTESIAN_POINT('',(70.659113565,44.322416836,3.681654584));
#7319=CARTESIAN_POINT('',(70.573975787,44.347594456,3.681654584));
#7320=CARTESIAN_POINT('',(70.492109889,44.380835786,3.681654584));
#7321=CARTESIAN_POINT('',(70.410243991,44.414077116,3.681654584));
#7322=CARTESIAN_POINT('',(70.331654022,44.455380512,3.681654584));
#7323=CARTESIAN_POINT('',(70.257846216,44.503954364,3.681654584));
#7324=CARTESIAN_POINT('',(70.18403841,44.552528215,3.681654584));
#7325=CARTESIAN_POINT('',(70.115016417,44.608370121,3.681654584));
#7326=CARTESIAN_POINT('',(70.052103096,44.670409828,3.681654584));
#7327=CARTESIAN_POINT('',(69.989189774,44.732449535,3.681654584));
#7328=CARTESIAN_POINT('',(69.932388235,44.800683977,3.681654584));
#7329=CARTESIAN_POINT('',(69.882787122,44.873805388,3.681654584));
#7330=CARTESIAN_POINT('',(69.833186009,44.9469268,3.681654584));
#7331=CARTESIAN_POINT('',(69.790787775,45.024931567,3.681654584));
#7332=CARTESIAN_POINT('',(69.756405013,45.106324668,3.681654584));
#7333=CARTESIAN_POINT('',(69.722022251,45.18771777,3.681654584));
#7334=CARTESIAN_POINT('',(69.695656662,45.272495181,3.681654584));
#7335=CARTESIAN_POINT('',(69.677813562,45.359032081,3.681654584));
#7336=CARTESIAN_POINT('',(69.659970461,45.445568981,3.681654584));
#7337=CARTESIAN_POINT('',(69.650650732,45.53386109,3.681654584));
#7338=CARTESIAN_POINT('',(69.650032994,45.622216224,3.681654584));
#7339=CARTESIAN_POINT('',(69.649415255,45.710571358,3.681654584));
#7340=CARTESIAN_POINT('',(69.657499538,45.798985148,3.681654584));
#7341=CARTESIAN_POINT('',(69.674130901,45.885763077,3.681654584));
#7342=CARTESIAN_POINT('',(69.690762264,45.972541007,3.681654584));
#7343=CARTESIAN_POINT('',(69.715939884,46.057678785,3.681654584));
#7344=CARTESIAN_POINT('',(69.749181214,46.139544683,3.681654584));
#7345=CARTESIAN_POINT('',(69.782422544,46.221410581,3.681654584));
#7346=CARTESIAN_POINT('',(69.82372594,46.300000551,3.681654584));
#7347=CARTESIAN_POINT('',(69.872299791,46.373808357,3.681654584));
#7348=CARTESIAN_POINT('',(69.920873643,46.447616163,3.681654584));
#7349=CARTESIAN_POINT('',(69.976715548,46.516638155,3.681654584));
#7350=CARTESIAN_POINT('',(70.038755256,46.579551477,3.681654584));
#7351=CARTESIAN_POINT('',(70.100794963,46.642464798,3.681654584));
#7352=CARTESIAN_POINT('',(70.169029404,46.699266337,3.681654584));
#7353=CARTESIAN_POINT('',(70.242150816,46.74886745,3.681654584));
#7354=CARTESIAN_POINT('',(70.315272228,46.798468563,3.681654584));
#7355=CARTESIAN_POINT('',(70.393276994,46.840866797,3.681654584));
#7356=CARTESIAN_POINT('',(70.474670096,46.875249559,3.681654584));
#7357=CARTESIAN_POINT('',(70.556063197,46.909632321,3.681654584));
#7358=CARTESIAN_POINT('',(70.640840609,46.93599791,3.681654584));
#7359=CARTESIAN_POINT('',(70.727377509,46.953841011,3.681654584));
#7360=CARTESIAN_POINT('',(70.813914409,46.971684111,3.681654584));
#7361=CARTESIAN_POINT('',(70.902206518,46.98100384,3.681654584));
#7362=CARTESIAN_POINT('',(70.990561652,46.981621578,3.681654584));
#7363=B_SPLINE_CURVE_WITH_KNOTS('',3,(#7266,#7267,#7268,#7269,#7270,#7271,#7272,#7273,#7274,#7275,#7276,#7277,#7278,#7279,#7280,#7281,#7282,#7283,#7284,#7285,#7286,#7287,#7288,#7289,#7290,#7291,
#7292,#7293,#7294,#7295,#7296,#7297,#7298,#7299,#7300,#7301,#7302,#7303,#7304,#7305,#7306,#7307,#7308,#7309,#7310,#7311,#7312,#7313,#7314,#7315,#7316,
#7317,#7318,#7319,#7320,#7321,#7322,#7323,#7324,#7325,#7326,#7327,#7328,#7329,#7330,#7331,#7332,#7333,#7334,#7335,#7336,#7337,#7338,#7339,#7340,#7341,
#7342,#7343,#7344,#7345,#7346,#7347,#7348,#7349,#7350,#7351,#7352,#7353,#7354,#7355,#7356,#7357,#7358,#7359,#7360,#7361,#7362),.UNSPECIFIED.,.T.,.F.,(4,3,3,3,3,3,3,3,3,3,3,3,3,3,3,3,3,3,3,3,3,3,3,3,3,3,
3,3,3,3,3,3,4),(0.,0.03125,0.0625,0.09375,0.125,0.15625,0.1875,0.21875,0.25,0.28125,0.3125,0.34375,0.375,0.40625,0.4375,0.46875,0.5,0.53125,0.5625,0.59375,0.625,0.65625,0.6875,0.71875,0.75,0.78125,
0.8125,0.84375,0.875,0.90625,0.9375,0.96875,1.),.UNSPECIFIED.);
#7364=EDGE_CURVE('',#7254,#7265,#7363,.T.);
#7365=ORIENTED_EDGE('',*,*,#7364,.T.);
#7366=CARTESIAN_POINT('',(70.990561652,46.981621578,3.681654584));
#7367=CARTESIAN_POINT('',(71.078916786,46.982239317,3.681654584));
#7368=CARTESIAN_POINT('',(71.167330575,46.974155034,3.681654584));
#7369=CARTESIAN_POINT('',(71.254108505,46.957523671,3.681654584));
#7370=CARTESIAN_POINT('',(71.340886435,46.940892309,3.681654584));
#7371=CARTESIAN_POINT('',(71.426024213,46.915714688,3.681654584));
#7372=CARTESIAN_POINT('',(71.507890111,46.882473358,3.681654584));
#7373=CARTESIAN_POINT('',(71.589756009,46.849232028,3.681654584));
#7374=CARTESIAN_POINT('',(71.668345978,46.807928632,3.681654584));
#7375=CARTESIAN_POINT('',(71.742153784,46.759354781,3.681654584));
#7376=CARTESIAN_POINT('',(71.81596159,46.710780929,3.681654584));
#7377=CARTESIAN_POINT('',(71.884983583,46.654939024,3.681654584));
#7378=CARTESIAN_POINT('',(71.947896904,46.592899317,3.681654584));
#7379=CARTESIAN_POINT('',(72.010810226,46.530859609,3.681654584));
#7380=CARTESIAN_POINT('',(72.067611765,46.462625168,3.681654584));
#7381=CARTESIAN_POINT('',(72.117212878,46.389503756,3.681654584));
#7382=CARTESIAN_POINT('',(72.166813991,46.316382344,3.681654584));
#7383=CARTESIAN_POINT('',(72.209212225,46.238377578,3.681654584));
#7384=CARTESIAN_POINT('',(72.243594987,46.156984476,3.681654584));
#7385=CARTESIAN_POINT('',(72.277977749,46.075591375,3.681654584));
#7386=CARTESIAN_POINT('',(72.304343338,45.990813963,3.681654584));
#7387=CARTESIAN_POINT('',(72.322186438,45.904277063,3.681654584));
#7388=CARTESIAN_POINT('',(72.340029539,45.817740163,3.681654584));
#7389=CARTESIAN_POINT('',(72.349349268,45.729448054,3.681654584));
#7390=CARTESIAN_POINT('',(72.349967006,45.64109292,3.681654584));
#7391=CARTESIAN_POINT('',(72.350584745,45.552737787,3.681654584));
#7392=CARTESIAN_POINT('',(72.342500462,45.464323997,3.681654584));
#7393=CARTESIAN_POINT('',(72.325869099,45.377546067,3.681654584));
#7394=CARTESIAN_POINT('',(72.309237736,45.290768138,3.681654584));
#7395=CARTESIAN_POINT('',(72.284060116,45.20563036,3.681654584));
#7396=CARTESIAN_POINT('',(72.250818786,45.123764462,3.681654584));
#7397=CARTESIAN_POINT('',(72.217577456,45.041898563,3.681654584));
#7398=CARTESIAN_POINT('',(72.17627406,44.963308594,3.681654584));
#7399=CARTESIAN_POINT('',(72.127700209,44.889500788,3.681654584));
#7400=CARTESIAN_POINT('',(72.079126357,44.815692982,3.681654584));
#7401=CARTESIAN_POINT('',(72.023284452,44.746670989,3.681654584));
#7402=CARTESIAN_POINT('',(71.961244744,44.683757668,3.681654584));
#7403=CARTESIAN_POINT('',(71.899205037,44.620844347,3.681654584));
#7404=CARTESIAN_POINT('',(71.830970596,44.564042808,3.681654584));
#7405=CARTESIAN_POINT('',(71.757849184,44.514441694,3.681654584));
#7406=CARTESIAN_POINT('',(71.684727772,44.464840581,3.681654584));
#7407=CARTESIAN_POINT('',(71.606723006,44.422442347,3.681654584));
#7408=CARTESIAN_POINT('',(71.525329904,44.388059585,3.681654584));
#7409=CARTESIAN_POINT('',(71.443936803,44.353676823,3.681654584));
#7410=CARTESIAN_POINT('',(71.359159391,44.327311234,3.681654584));
#7411=CARTESIAN_POINT('',(71.272622491,44.309468134,3.681654584));
#7412=CARTESIAN_POINT('',(71.186085591,44.291625034,3.681654584));
#7413=CARTESIAN_POINT('',(71.097793482,44.282305305,3.681654584));
#7414=CARTESIAN_POINT('',(71.009438348,44.281687566,3.681654584));
#7415=CARTESIAN_POINT('',(70.921083214,44.281069828,3.681654584));
#7416=CARTESIAN_POINT('',(70.832669425,44.289154111,3.681654584));
#7417=CARTESIAN_POINT('',(70.745891495,44.305785473,3.681654584));
#7418=CARTESIAN_POINT('',(70.659113565,44.322416836,3.681654584));
#7419=CARTESIAN_POINT('',(70.573975787,44.347594456,3.681654584));
#7420=CARTESIAN_POINT('',(70.492109889,44.380835786,3.681654584));
#7421=CARTESIAN_POINT('',(70.410243991,44.414077116,3.681654584));
#7422=CARTESIAN_POINT('',(70.331654022,44.455380512,3.681654584));
#7423=CARTESIAN_POINT('',(70.257846216,44.503954364,3.681654584));
#7424=CARTESIAN_POINT('',(70.18403841,44.552528215,3.681654584));
#7425=CARTESIAN_POINT('',(70.115016417,44.608370121,3.681654584));
#7426=CARTESIAN_POINT('',(70.052103096,44.670409828,3.681654584));
#7427=CARTESIAN_POINT('',(69.989189774,44.732449535,3.681654584));
#7428=CARTESIAN_POINT('',(69.932388235,44.800683977,3.681654584));
#7429=CARTESIAN_POINT('',(69.882787122,44.873805388,3.681654584));
#7430=CARTESIAN_POINT('',(69.833186009,44.9469268,3.681654584));
#7431=CARTESIAN_POINT('',(69.790787775,45.024931567,3.681654584));
#7432=CARTESIAN_POINT('',(69.756405013,45.106324668,3.681654584));
#7433=CARTESIAN_POINT('',(69.722022251,45.18771777,3.681654584));
#7434=CARTESIAN_POINT('',(69.695656662,45.272495181,3.681654584));
#7435=CARTESIAN_POINT('',(69.677813562,45.359032081,3.681654584));
#7436=CARTESIAN_POINT('',(69.659970461,45.445568981,3.681654584));
#7437=CARTESIAN_POINT('',(69.650650732,45.53386109,3.681654584));
#7438=CARTESIAN_POINT('',(69.650032994,45.622216224,3.681654584));
#7439=CARTESIAN_POINT('',(69.649415255,45.710571358,3.681654584));
#7440=CARTESIAN_POINT('',(69.657499538,45.798985148,3.681654584));
#7441=CARTESIAN_POINT('',(69.674130901,45.885763077,3.681654584));
#7442=CARTESIAN_POINT('',(69.690762264,45.972541007,3.681654584));
#7443=CARTESIAN_POINT('',(69.715939884,46.057678785,3.681654584));
#7444=CARTESIAN_POINT('',(69.749181214,46.139544683,3.681654584));
#7445=CARTESIAN_POINT('',(69.782422544,46.221410581,3.681654584));
#7446=CARTESIAN_POINT('',(69.82372594,46.300000551,3.681654584));
#7447=CARTESIAN_POINT('',(69.872299791,46.373808357,3.681654584));
#7448=CARTESIAN_POINT('',(69.920873643,46.447616163,3.681654584));
#7449=CARTESIAN_POINT('',(69.976715548,46.516638155,3.681654584));
#7450=CARTESIAN_POINT('',(70.038755256,46.579551477,3.681654584));
#7451=CARTESIAN_POINT('',(70.100794963,46.642464798,3.681654584));
#7452=CARTESIAN_POINT('',(70.169029404,46.699266337,3.681654584));
#7453=CARTESIAN_POINT('',(70.242150816,46.74886745,3.681654584));
#7454=CARTESIAN_POINT('',(70.315272228,46.798468563,3.681654584));
#7455=CARTESIAN_POINT('',(70.393276994,46.840866797,3.681654584));
#7456=CARTESIAN_POINT('',(70.474670096,46.875249559,3.681654584));
#7457=CARTESIAN_POINT('',(70.556063197,46.909632321,3.681654584));
#7458=CARTESIAN_POINT('',(70.640840609,46.93599791,3.681654584));
#7459=CARTESIAN_POINT('',(70.727377509,46.953841011,3.681654584));
#7460=CARTESIAN_POINT('',(70.813914409,46.971684111,3.681654584));
#7461=CARTESIAN_POINT('',(70.902206518,46.98100384,3.681654584));
#7462=CARTESIAN_POINT('',(70.990561652,46.981621578,3.681654584));
#7463=B_SPLINE_CURVE_WITH_KNOTS('',3,(#7366,#7367,#7368,#7369,#7370,#7371,#7372,#7373,#7374,#7375,#7376,#7377,#7378,#7379,#7380,#7381,#7382,#7383,#7384,#7385,#7386,#7387,#7388,#7389,#7390,#7391,
#7392,#7393,#7394,#7395,#7396,#7397,#7398,#7399,#7400,#7401,#7402,#7403,#7404,#7405,#7406,#7407,#7408,#7409,#7410,#7411,#7412,#7413,#7414,#7415,#7416,
#7417,#7418,#7419,#7420,#7421,#7422,#7423,#7424,#7425,#7426,#7427,#7428,#7429,#7430,#7431,#7432,#7433,#7434,#7435,#7436,#7437,#7438,#7439,#7440,#7441,
#7442,#7443,#7444,#7445,#7446,#7447,#7448,#7449,#7450,#7451,#7452,#7453,#7454,#7455,#7456,#7457,#7458,#7459,#7460,#7461,#7462),.UNSPECIFIED.,.T.,.F.,(4,3,3,3,3,3,3,3,3,3,3,3,3,3,3,3,3,3,3,3,3,3,3,3,3,3,
3,3,3,3,3,3,4),(0.,0.03125,0.0625,0.09375,0.125,0.15625,0.1875,0.21875,0.25,0.28125,0.3125,0.34375,0.375,0.40625,0.4375,0.46875,0.5,0.53125,0.5625,0.59375,0.625,0.65625,0.6875,0.71875,0.75,0.78125,
0.8125,0.84375,0.875,0.90625,0.9375,0.96875,1.),.UNSPECIFIED.);
#7464=EDGE_CURVE('',#7265,#7254,#7463,.T.);
#7465=ORIENTED_EDGE('',*,*,#7464,.T.);
#7466=EDGE_LOOP('',(#7261,#7262,#7263,#7365,#7465));
#7467=FACE_BOUND('',#7466,.T.);
#7468=ADVANCED_FACE('',(#7467),#7252,.T.);
#7469=CARTESIAN_POINT('',(88.75,45.881654572,-2.328345422));
#7470=DIRECTION('',(0.,0.,1.));
#7471=DIRECTION('',(-1.,0.,0.));
#7472=AXIS2_PLACEMENT_3D('',#7469,#7470,#7471);
#7473=PLANE('',#7472);
#7474=CARTESIAN_POINT('',(127.675024749,45.631654572,-2.328345422));
#7475=VERTEX_POINT('',#7474);
#7476=CARTESIAN_POINT('',(129.025024749,46.981654572,-2.328345422));
#7477=VERTEX_POINT('',#7476);
#7478=CARTESIAN_POINT('',(129.025024749,45.631654572,-2.328345422));
#7479=DIRECTION('',(0.,-0.,-1.));
#7480=DIRECTION('',(0.,1.,-0.));
#7481=AXIS2_PLACEMENT_3D('',#7478,#7479,#7480);
#7482=CIRCLE('',#7481,1.35);
#7483=EDGE_CURVE('',#7475,#7477,#7482,.T.);
#7484=ORIENTED_EDGE('',*,*,#7483,.F.);
#7485=CARTESIAN_POINT('',(129.025024749,45.631654572,-2.328345422));
#7486=DIRECTION('',(0.,-0.,-1.));
#7487=DIRECTION('',(0.,1.,-0.));
#7488=AXIS2_PLACEMENT_3D('',#7485,#7486,#7487);
#7489=CIRCLE('',#7488,1.35);
#7490=EDGE_CURVE('',#7477,#7475,#7489,.T.);
#7491=ORIENTED_EDGE('',*,*,#7490,.F.);
#7492=EDGE_LOOP('',(#7484,#7491));
#7493=FACE_BOUND('',#7492,.T.);
#7494=ADVANCED_FACE('',(#7493),#7473,.T.);
#7495=CARTESIAN_POINT('',(129.025024749,45.631654572,3.621654583));
#7496=DIRECTION('',(0.,0.,1.));
#7497=DIRECTION('',(-1.,0.,0.));
#7498=AXIS2_PLACEMENT_3D('',#7495,#7496,#7497);
#7499=CYLINDRICAL_SURFACE('',#7498,1.35);
#7500=CARTESIAN_POINT('',(127.675024749,45.631654572,3.681654584));
#7501=DIRECTION('',(-0.,-0.,-1.));
#7502=VECTOR('',#7501,6.010000006);
#7503=LINE('',#7500,#7502);
#7504=EDGE_CURVE('',#6775,#7475,#7503,.T.);
#7505=ORIENTED_EDGE('',*,*,#7504,.F.);
#7506=ORIENTED_EDGE('',*,*,#6874,.F.);
#7507=ORIENTED_EDGE('',*,*,#6974,.F.);
#7508=ORIENTED_EDGE('',*,*,#7504,.T.);
#7509=ORIENTED_EDGE('',*,*,#7483,.T.);
#7510=ORIENTED_EDGE('',*,*,#7490,.T.);
#7511=EDGE_LOOP('',(#7505,#7506,#7507,#7508,#7509,#7510));
#7512=FACE_BOUND('',#7511,.T.);
#7513=ADVANCED_FACE('',(#7512),#7499,.F.);
#7514=CARTESIAN_POINT('',(88.75,45.881654572,-2.328345422));
#7515=DIRECTION('',(0.,0.,1.));
#7516=DIRECTION('',(-1.,0.,0.));
#7517=AXIS2_PLACEMENT_3D('',#7514,#7515,#7516);
#7518=PLANE('',#7517);
#7519=CARTESIAN_POINT('',(69.65,68.631654572,-2.328345422));
#7520=VERTEX_POINT('',#7519);
#7521=CARTESIAN_POINT('',(71.,68.631654572,-2.328345422));
#7522=DIRECTION('',(-0.,-0.,-1.));
#7523=DIRECTION('',(-1.,0.,0.));
#7524=AXIS2_PLACEMENT_3D('',#7521,#7522,#7523);
#7525=CIRCLE('',#7524,1.35);
#7526=EDGE_CURVE('',#7520,#7520,#7525,.T.);
#7527=ORIENTED_EDGE('',*,*,#7526,.F.);
#7528=EDGE_LOOP('',(#7527));
#7529=FACE_BOUND('',#7528,.T.);
#7530=ADVANCED_FACE('',(#7529),#7518,.T.);
#7531=CARTESIAN_POINT('',(71.,68.631654572,5.471654589));
#7532=DIRECTION('',(0.,0.,1.));
#7533=DIRECTION('',(-1.,0.,0.));
#7534=AXIS2_PLACEMENT_3D('',#7531,#7532,#7533);
#7535=CYLINDRICAL_SURFACE('',#7534,1.35);
#7536=CARTESIAN_POINT('',(69.65,68.631654572,3.681654584));
#7537=DIRECTION('',(-0.,-0.,-1.));
#7538=VECTOR('',#7537,6.010000006);
#7539=LINE('',#7536,#7538);
#7540=EDGE_CURVE('',#7020,#7520,#7539,.T.);
#7541=ORIENTED_EDGE('',*,*,#7540,.F.);
#7542=ORIENTED_EDGE('',*,*,#7119,.F.);
#7543=ORIENTED_EDGE('',*,*,#7219,.F.);
#7544=ORIENTED_EDGE('',*,*,#7540,.T.);
#7545=ORIENTED_EDGE('',*,*,#7526,.T.);
#7546=EDGE_LOOP('',(#7541,#7542,#7543,#7544,#7545));
#7547=FACE_BOUND('',#7546,.T.);
#7548=ADVANCED_FACE('',(#7547),#7535,.F.);
#7549=CARTESIAN_POINT('',(88.75,45.881654572,-2.328345422));
#7550=DIRECTION('',(0.,0.,1.));
#7551=DIRECTION('',(-1.,0.,0.));
#7552=AXIS2_PLACEMENT_3D('',#7549,#7550,#7551);
#7553=PLANE('',#7552);
#7554=CARTESIAN_POINT('',(69.65,45.631654572,-2.328345422));
#7555=VERTEX_POINT('',#7554);
#7556=CARTESIAN_POINT('',(71.,45.631654572,-2.328345422));
#7557=DIRECTION('',(0.,0.,1.));
#7558=DIRECTION('',(-1.,0.,0.));
#7559=AXIS2_PLACEMENT_3D('',#7556,#7557,#7558);
#7560=CIRCLE('',#7559,1.35);
#7561=EDGE_CURVE('',#7555,#7555,#7560,.T.);
#7562=ORIENTED_EDGE('',*,*,#7561,.T.);
#7563=EDGE_LOOP('',(#7562));
#7564=FACE_BOUND('',#7563,.T.);
#7565=ADVANCED_FACE('',(#7564),#7553,.T.);
#7566=CARTESIAN_POINT('',(71.,45.631654572,5.471654589));
#7567=DIRECTION('',(0.,0.,1.));
#7568=DIRECTION('',(-1.,0.,0.));
#7569=AXIS2_PLACEMENT_3D('',#7566,#7567,#7568);
#7570=CYLINDRICAL_SURFACE('',#7569,1.35);
#7571=CARTESIAN_POINT('',(69.65,45.631654572,3.681654584));
#7572=DIRECTION('',(-0.,-0.,-1.));
#7573=VECTOR('',#7572,6.010000006);
#7574=LINE('',#7571,#7573);
#7575=EDGE_CURVE('',#7265,#7555,#7574,.T.);
#7576=ORIENTED_EDGE('',*,*,#7575,.F.);
#7577=ORIENTED_EDGE('',*,*,#7364,.F.);
#7578=ORIENTED_EDGE('',*,*,#7464,.F.);
#7579=ORIENTED_EDGE('',*,*,#7575,.T.);
#7580=ORIENTED_EDGE('',*,*,#7561,.F.);
#7581=EDGE_LOOP('',(#7576,#7577,#7578,#7579,#7580));
#7582=FACE_BOUND('',#7581,.T.);
#7583=ADVANCED_FACE('',(#7582),#7570,.F.);
#7584=CLOSED_SHELL('',(#2887,#2929,#2971,#3013,#3055,#3085,#3107,#3129,#3151,#3192,#3226,#3301,#3331,#3368,#3385,#3410,#3427,#3439,#3477,#3598,#3629,#3660,#3780,#3810,#3931,#3962,
#4070,#4100,#4209,#4233,#4352,#4382,#4491,#4530,#4630,#4676,#4707,#4736,#4747,#4758,#4789,#4818,#4829,#4840,#4871,#4900,#4912,#4923,#4954,#4983,#4994,
#5005,#5404,#5436,#5514,#5535,#5585,#5654,#5666,#5760,#5846,#5858,#5952,#6038,#6050,#6072,#6089,#6106,#6123,#6140,#6157,#6174,#6186,#6213,#6249,#6271,
#6301,#6323,#6353,#6375,#6405,#6427,#6443,#6688,#6714,#6733,#6978,#7223,#7468,#7494,#7513,#7530,#7548,#7565,#7583));
#7585=MANIFOLD_SOLID_BREP('Solid.006',#7584);
#2733=STYLED_ITEM('',(),#7585);
#7587=CARTESIAN_POINT('',(129.3,72.916654572,-2.928345417));
#7588=DIRECTION('',(1.,0.,0.));
#7589=DIRECTION('',(0.,0.,-1.));
#7590=AXIS2_PLACEMENT_3D('',#7587,#7588,#7589);
#7591=PLANE('',#7590);
#7592=CARTESIAN_POINT('',(129.3,73.701654572,-3.128345417));
#7593=VERTEX_POINT('',#7592);
#7594=CARTESIAN_POINT('',(129.3,72.131654572,-3.128345417));
#7595=VERTEX_POINT('',#7594);
#7596=CARTESIAN_POINT('',(129.3,73.701654572,-3.128345417));
#7597=DIRECTION('',(0.,-1.,-0.));
#7598=VECTOR('',#7597,1.57);
#7599=LINE('',#7596,#7598);
#7600=EDGE_CURVE('',#7593,#7595,#7599,.T.);
#7601=ORIENTED_EDGE('',*,*,#7600,.F.);
#7602=CARTESIAN_POINT('',(129.3,73.701654572,-2.928345417));
#7603=VERTEX_POINT('',#7602);
#7604=CARTESIAN_POINT('',(129.3,73.701654572,-2.928345417));
#7605=DIRECTION('',(0.,0.,-1.));
#7606=VECTOR('',#7605,0.2);
#7607=LINE('',#7604,#7606);
#7608=EDGE_CURVE('',#7603,#7593,#7607,.T.);
#7609=ORIENTED_EDGE('',*,*,#7608,.F.);
#7610=CARTESIAN_POINT('',(129.3,72.131654572,-2.928345417));
#7611=VERTEX_POINT('',#7610);
#7612=CARTESIAN_POINT('',(129.3,73.701654572,-2.928345417));
#7613=DIRECTION('',(0.,-1.,-0.));
#7614=VECTOR('',#7613,1.57);
#7615=LINE('',#7612,#7614);
#7616=EDGE_CURVE('',#7603,#7611,#7615,.T.);
#7617=ORIENTED_EDGE('',*,*,#7616,.T.);
#7618=CARTESIAN_POINT('',(129.3,72.131654572,-2.928345417));
#7619=DIRECTION('',(0.,0.,-1.));
#7620=VECTOR('',#7619,0.2);
#7621=LINE('',#7618,#7620);
#7622=EDGE_CURVE('',#7611,#7595,#7621,.T.);
#7623=ORIENTED_EDGE('',*,*,#7622,.T.);
#7624=EDGE_LOOP('',(#7601,#7609,#7617,#7623));
#7625=FACE_BOUND('',#7624,.T.);
#7626=ADVANCED_FACE('',(#7625),#7591,.T.);
#7627=CARTESIAN_POINT('',(100.,73.701654572,-2.928345417));
#7628=DIRECTION('',(0.,1.,0.));
#7629=DIRECTION('',(0.,0.,1.));
#7630=AXIS2_PLACEMENT_3D('',#7627,#7628,#7629);
#7631=PLANE('',#7630);
#7632=CARTESIAN_POINT('',(70.7,73.701654572,-3.128345417));
#7633=VERTEX_POINT('',#7632);
#7634=CARTESIAN_POINT('',(70.7,73.701654572,-3.128345417));
#7635=DIRECTION('',(1.,0.,-0.));
#7636=VECTOR('',#7635,58.6);
#7637=LINE('',#7634,#7636);
#7638=EDGE_CURVE('',#7633,#7593,#7637,.T.);
#7639=ORIENTED_EDGE('',*,*,#7638,.F.);
#7640=CARTESIAN_POINT('',(70.7,73.701654572,-2.928345417));
#7641=VERTEX_POINT('',#7640);
#7642=CARTESIAN_POINT('',(70.7,73.701654572,-2.928345417));
#7643=DIRECTION('',(0.,0.,-1.));
#7644=VECTOR('',#7643,0.2);
#7645=LINE('',#7642,#7644);
#7646=EDGE_CURVE('',#7641,#7633,#7645,.T.);
#7647=ORIENTED_EDGE('',*,*,#7646,.F.);
#7648=CARTESIAN_POINT('',(70.7,73.701654572,-2.928345417));
#7649=DIRECTION('',(1.,0.,-0.));
#7650=VECTOR('',#7649,58.6);
#7651=LINE('',#7648,#7650);
#7652=EDGE_CURVE('',#7641,#7603,#7651,.T.);
#7653=ORIENTED_EDGE('',*,*,#7652,.T.);
#7654=ORIENTED_EDGE('',*,*,#7608,.T.);
#7655=EDGE_LOOP('',(#7639,#7647,#7653,#7654));
#7656=FACE_BOUND('',#7655,.T.);
#7657=ADVANCED_FACE('',(#7656),#7631,.T.);
#7658=CARTESIAN_POINT('',(70.7,72.916654572,-2.928345417));
#7659=DIRECTION('',(-1.,0.,0.));
#7660=DIRECTION('',(0.,0.,1.));
#7661=AXIS2_PLACEMENT_3D('',#7658,#7659,#7660);
#7662=PLANE('',#7661);
#7663=CARTESIAN_POINT('',(70.7,72.131654572,-3.128345417));
#7664=VERTEX_POINT('',#7663);
#7665=CARTESIAN_POINT('',(70.7,72.131654572,-3.128345417));
#7666=DIRECTION('',(0.,1.,0.));
#7667=VECTOR('',#7666,1.57);
#7668=LINE('',#7665,#7667);
#7669=EDGE_CURVE('',#7664,#7633,#7668,.T.);
#7670=ORIENTED_EDGE('',*,*,#7669,.F.);
#7671=CARTESIAN_POINT('',(70.7,72.131654572,-2.928345417));
#7672=VERTEX_POINT('',#7671);
#7673=CARTESIAN_POINT('',(70.7,72.131654572,-2.928345417));
#7674=DIRECTION('',(0.,0.,-1.));
#7675=VECTOR('',#7674,0.2);
#7676=LINE('',#7673,#7675);
#7677=EDGE_CURVE('',#7672,#7664,#7676,.T.);
#7678=ORIENTED_EDGE('',*,*,#7677,.F.);
#7679=CARTESIAN_POINT('',(70.7,72.131654572,-2.928345417));
#7680=DIRECTION('',(0.,1.,0.));
#7681=VECTOR('',#7680,1.57);
#7682=LINE('',#7679,#7681);
#7683=EDGE_CURVE('',#7672,#7641,#7682,.T.);
#7684=ORIENTED_EDGE('',*,*,#7683,.T.);
#7685=ORIENTED_EDGE('',*,*,#7646,.T.);
#7686=EDGE_LOOP('',(#7670,#7678,#7684,#7685));
#7687=FACE_BOUND('',#7686,.T.);
#7688=ADVANCED_FACE('',(#7687),#7662,.T.);
#7689=CARTESIAN_POINT('',(100.,72.131654572,-2.928345417));
#7690=DIRECTION('',(0.,-1.,0.));
#7691=DIRECTION('',(0.,0.,-1.));
#7692=AXIS2_PLACEMENT_3D('',#7689,#7690,#7691);
#7693=PLANE('',#7692);
#7694=CARTESIAN_POINT('',(129.3,72.131654572,-3.128345417));
#7695=DIRECTION('',(-1.,0.,0.));
#7696=VECTOR('',#7695,58.6);
#7697=LINE('',#7694,#7696);
#7698=EDGE_CURVE('',#7595,#7664,#7697,.T.);
#7699=ORIENTED_EDGE('',*,*,#7698,.F.);
#7700=ORIENTED_EDGE('',*,*,#7622,.F.);
#7701=CARTESIAN_POINT('',(129.3,72.131654572,-2.928345417));
#7702=DIRECTION('',(-1.,0.,0.));
#7703=VECTOR('',#7702,58.6);
#7704=LINE('',#7701,#7703);
#7705=EDGE_CURVE('',#7611,#7672,#7704,.T.);
#7706=ORIENTED_EDGE('',*,*,#7705,.T.);
#7707=ORIENTED_EDGE('',*,*,#7677,.T.);
#7708=EDGE_LOOP('',(#7699,#7700,#7706,#7707));
#7709=FACE_BOUND('',#7708,.T.);
#7710=ADVANCED_FACE('',(#7709),#7693,.T.);
#7711=CARTESIAN_POINT('',(200.,-147.878345422,-2.928345417));
#7712=DIRECTION('',(0.,-0.,1.));
#7713=DIRECTION('',(0.,-1.,-0.));
#7714=AXIS2_PLACEMENT_3D('',#7711,#7712,#7713);
#7715=PLANE('',#7714);
#7716=ORIENTED_EDGE('',*,*,#7616,.F.);
#7717=ORIENTED_EDGE('',*,*,#7652,.F.);
#7718=ORIENTED_EDGE('',*,*,#7683,.F.);
#7719=ORIENTED_EDGE('',*,*,#7705,.F.);
#7720=EDGE_LOOP('',(#7716,#7717,#7718,#7719));
#7721=FACE_BOUND('',#7720,.T.);
#7722=ADVANCED_FACE('',(#7721),#7715,.T.);
#7723=CARTESIAN_POINT('',(200.,-147.878345422,-3.128345417));
#7724=DIRECTION('',(0.,-0.,1.));
#7725=DIRECTION('',(0.,-1.,-0.));
#7726=AXIS2_PLACEMENT_3D('',#7723,#7724,#7725);
#7727=PLANE('',#7726);
#7728=ORIENTED_EDGE('',*,*,#7600,.T.);
#7729=ORIENTED_EDGE('',*,*,#7698,.T.);
#7730=ORIENTED_EDGE('',*,*,#7669,.T.);
#7731=ORIENTED_EDGE('',*,*,#7638,.T.);
#7732=EDGE_LOOP('',(#7728,#7729,#7730,#7731));
#7733=FACE_BOUND('',#7732,.T.);
#7734=ADVANCED_FACE('',(#7733),#7727,.F.);
#7735=CLOSED_SHELL('',(#7626,#7657,#7688,#7710,#7722,#7734));
#7736=MANIFOLD_SOLID_BREP('Extruded.019',#7735);
#7586=STYLED_ITEM('',(),#7736);
#7738=CARTESIAN_POINT('',(129.3,86.336654578,-2.928345417));
#7739=DIRECTION('',(1.,0.,0.));
#7740=DIRECTION('',(0.,0.,-1.));
#7741=AXIS2_PLACEMENT_3D('',#7738,#7739,#7740);
#7742=PLANE('',#7741);
#7743=CARTESIAN_POINT('',(129.3,87.121654578,-3.128345417));
#7744=VERTEX_POINT('',#7743);
#7745=CARTESIAN_POINT('',(129.3,85.551654578,-3.128345417));
#7746=VERTEX_POINT('',#7745);
#7747=CARTESIAN_POINT('',(129.3,87.121654578,-3.128345417));
#7748=DIRECTION('',(0.,-1.,-0.));
#7749=VECTOR('',#7748,1.57);
#7750=LINE('',#7747,#7749);
#7751=EDGE_CURVE('',#7744,#7746,#7750,.T.);
#7752=ORIENTED_EDGE('',*,*,#7751,.F.);
#7753=CARTESIAN_POINT('',(129.3,87.121654578,-2.928345417));
#7754=VERTEX_POINT('',#7753);
#7755=CARTESIAN_POINT('',(129.3,87.121654578,-2.928345417));
#7756=DIRECTION('',(0.,0.,-1.));
#7757=VECTOR('',#7756,0.2);
#7758=LINE('',#7755,#7757);
#7759=EDGE_CURVE('',#7754,#7744,#7758,.T.);
#7760=ORIENTED_EDGE('',*,*,#7759,.F.);
#7761=CARTESIAN_POINT('',(129.3,85.551654578,-2.928345417));
#7762=VERTEX_POINT('',#7761);
#7763=CARTESIAN_POINT('',(129.3,87.121654578,-2.928345417));
#7764=DIRECTION('',(0.,-1.,-0.));
#7765=VECTOR('',#7764,1.57);
#7766=LINE('',#7763,#7765);
#7767=EDGE_CURVE('',#7754,#7762,#7766,.T.);
#7768=ORIENTED_EDGE('',*,*,#7767,.T.);
#7769=CARTESIAN_POINT('',(129.3,85.551654578,-2.928345417));
#7770=DIRECTION('',(0.,0.,-1.));
#7771=VECTOR('',#7770,0.2);
#7772=LINE('',#7769,#7771);
#7773=EDGE_CURVE('',#7762,#7746,#7772,.T.);
#7774=ORIENTED_EDGE('',*,*,#7773,.T.);
#7775=EDGE_LOOP('',(#7752,#7760,#7768,#7774));
#7776=FACE_BOUND('',#7775,.T.);
#7777=ADVANCED_FACE('',(#7776),#7742,.T.);
#7778=CARTESIAN_POINT('',(100.,87.121654578,-2.928345417));
#7779=DIRECTION('',(0.,1.,0.));
#7780=DIRECTION('',(0.,0.,1.));
#7781=AXIS2_PLACEMENT_3D('',#7778,#7779,#7780);
#7782=PLANE('',#7781);
#7783=CARTESIAN_POINT('',(70.7,87.121654578,-3.128345417));
#7784=VERTEX_POINT('',#7783);
#7785=CARTESIAN_POINT('',(70.7,87.121654578,-3.128345417));
#7786=DIRECTION('',(1.,0.,-0.));
#7787=VECTOR('',#7786,58.6);
#7788=LINE('',#7785,#7787);
#7789=EDGE_CURVE('',#7784,#7744,#7788,.T.);
#7790=ORIENTED_EDGE('',*,*,#7789,.F.);
#7791=CARTESIAN_POINT('',(70.7,87.121654578,-2.928345417));
#7792=VERTEX_POINT('',#7791);
#7793=CARTESIAN_POINT('',(70.7,87.121654578,-2.928345417));
#7794=DIRECTION('',(0.,0.,-1.));
#7795=VECTOR('',#7794,0.2);
#7796=LINE('',#7793,#7795);
#7797=EDGE_CURVE('',#7792,#7784,#7796,.T.);
#7798=ORIENTED_EDGE('',*,*,#7797,.F.);
#7799=CARTESIAN_POINT('',(70.7,87.121654578,-2.928345417));
#7800=DIRECTION('',(1.,0.,-0.));
#7801=VECTOR('',#7800,58.6);
#7802=LINE('',#7799,#7801);
#7803=EDGE_CURVE('',#7792,#7754,#7802,.T.);
#7804=ORIENTED_EDGE('',*,*,#7803,.T.);
#7805=ORIENTED_EDGE('',*,*,#7759,.T.);
#7806=EDGE_LOOP('',(#7790,#7798,#7804,#7805));
#7807=FACE_BOUND('',#7806,.T.);
#7808=ADVANCED_FACE('',(#7807),#7782,.T.);
#7809=CARTESIAN_POINT('',(70.7,86.336654578,-2.928345417));
#7810=DIRECTION('',(-1.,0.,0.));
#7811=DIRECTION('',(0.,0.,1.));
#7812=AXIS2_PLACEMENT_3D('',#7809,#7810,#7811);
#7813=PLANE('',#7812);
#7814=CARTESIAN_POINT('',(70.7,85.551654578,-3.128345417));
#7815=VERTEX_POINT('',#7814);
#7816=CARTESIAN_POINT('',(70.7,85.551654578,-3.128345417));
#7817=DIRECTION('',(0.,1.,0.));
#7818=VECTOR('',#7817,1.57);
#7819=LINE('',#7816,#7818);
#7820=EDGE_CURVE('',#7815,#7784,#7819,.T.);
#7821=ORIENTED_EDGE('',*,*,#7820,.F.);
#7822=CARTESIAN_POINT('',(70.7,85.551654578,-2.928345417));
#7823=VERTEX_POINT('',#7822);
#7824=CARTESIAN_POINT('',(70.7,85.551654578,-2.928345417));
#7825=DIRECTION('',(0.,0.,-1.));
#7826=VECTOR('',#7825,0.2);
#7827=LINE('',#7824,#7826);
#7828=EDGE_CURVE('',#7823,#7815,#7827,.T.);
#7829=ORIENTED_EDGE('',*,*,#7828,.F.);
#7830=CARTESIAN_POINT('',(70.7,85.551654578,-2.928345417));
#7831=DIRECTION('',(0.,1.,0.));
#7832=VECTOR('',#7831,1.57);
#7833=LINE('',#7830,#7832);
#7834=EDGE_CURVE('',#7823,#7792,#7833,.T.);
#7835=ORIENTED_EDGE('',*,*,#7834,.T.);
#7836=ORIENTED_EDGE('',*,*,#7797,.T.);
#7837=EDGE_LOOP('',(#7821,#7829,#7835,#7836));
#7838=FACE_BOUND('',#7837,.T.);
#7839=ADVANCED_FACE('',(#7838),#7813,.T.);
#7840=CARTESIAN_POINT('',(100.,85.551654578,-2.928345417));
#7841=DIRECTION('',(0.,-1.,0.));
#7842=DIRECTION('',(0.,0.,-1.));
#7843=AXIS2_PLACEMENT_3D('',#7840,#7841,#7842);
#7844=PLANE('',#7843);
#7845=CARTESIAN_POINT('',(129.3,85.551654578,-3.128345417));
#7846=DIRECTION('',(-1.,0.,0.));
#7847=VECTOR('',#7846,58.6);
#7848=LINE('',#7845,#7847);
#7849=EDGE_CURVE('',#7746,#7815,#7848,.T.);
#7850=ORIENTED_EDGE('',*,*,#7849,.F.);
#7851=ORIENTED_EDGE('',*,*,#7773,.F.);
#7852=CARTESIAN_POINT('',(129.3,85.551654578,-2.928345417));
#7853=DIRECTION('',(-1.,0.,0.));
#7854=VECTOR('',#7853,58.6);
#7855=LINE('',#7852,#7854);
#7856=EDGE_CURVE('',#7762,#7823,#7855,.T.);
#7857=ORIENTED_EDGE('',*,*,#7856,.T.);
#7858=ORIENTED_EDGE('',*,*,#7828,.T.);
#7859=EDGE_LOOP('',(#7850,#7851,#7857,#7858));
#7860=FACE_BOUND('',#7859,.T.);
#7861=ADVANCED_FACE('',(#7860),#7844,.T.);
#7862=CARTESIAN_POINT('',(200.,-134.458345416,-2.928345417));
#7863=DIRECTION('',(0.,-0.,1.));
#7864=DIRECTION('',(0.,-1.,-0.));
#7865=AXIS2_PLACEMENT_3D('',#7862,#7863,#7864);
#7866=PLANE('',#7865);
#7867=ORIENTED_EDGE('',*,*,#7767,.F.);
#7868=ORIENTED_EDGE('',*,*,#7803,.F.);
#7869=ORIENTED_EDGE('',*,*,#7834,.F.);
#7870=ORIENTED_EDGE('',*,*,#7856,.F.);
#7871=EDGE_LOOP('',(#7867,#7868,#7869,#7870));
#7872=FACE_BOUND('',#7871,.T.);
#7873=ADVANCED_FACE('',(#7872),#7866,.T.);
#7874=CARTESIAN_POINT('',(200.,-134.458345416,-3.128345417));
#7875=DIRECTION('',(0.,-0.,1.));
#7876=DIRECTION('',(0.,-1.,-0.));
#7877=AXIS2_PLACEMENT_3D('',#7874,#7875,#7876);
#7878=PLANE('',#7877);
#7879=ORIENTED_EDGE('',*,*,#7751,.T.);
#7880=ORIENTED_EDGE('',*,*,#7849,.T.);
#7881=ORIENTED_EDGE('',*,*,#7820,.T.);
#7882=ORIENTED_EDGE('',*,*,#7789,.T.);
#7883=EDGE_LOOP('',(#7879,#7880,#7881,#7882));
#7884=FACE_BOUND('',#7883,.T.);
#7885=ADVANCED_FACE('',(#7884),#7878,.F.);
#7886=CLOSED_SHELL('',(#7777,#7808,#7839,#7861,#7873,#7885));
#7887=MANIFOLD_SOLID_BREP('Extruded.041',#7886);
#7737=STYLED_ITEM('',(),#7887);
#7889=CARTESIAN_POINT('',(100.,102.121654578,-2.328345422));
#7890=DIRECTION('',(0.,0.,-1.));
#7891=DIRECTION('',(0.,1.,0.));
#7892=AXIS2_PLACEMENT_3D('',#7889,#7890,#7891);
#7893=PLANE('',#7892);
#7894=CARTESIAN_POINT('',(70.5,87.121654578,-2.328345422));
#7895=VERTEX_POINT('',#7894);
#7896=CARTESIAN_POINT('',(129.5,87.121654578,-2.328345422));
#7897=VERTEX_POINT('',#7896);
#7898=CARTESIAN_POINT('',(70.5,87.121654578,-2.328345422));
#7899=DIRECTION('',(1.,0.,-0.));
#7900=VECTOR('',#7899,59.);
#7901=LINE('',#7898,#7900);
#7902=EDGE_CURVE('',#7895,#7897,#7901,.T.);
#7903=ORIENTED_EDGE('',*,*,#7902,.T.);
#7904=CARTESIAN_POINT('',(129.5,86.921654578,-2.328345422));
#7905=VERTEX_POINT('',#7904);
#7906=CARTESIAN_POINT('',(129.5,87.121654578,-2.328345422));
#7907=DIRECTION('',(0.,-1.,-0.));
#7908=VECTOR('',#7907,0.2);
#7909=LINE('',#7906,#7908);
#7910=EDGE_CURVE('',#7897,#7905,#7909,.T.);
#7911=ORIENTED_EDGE('',*,*,#7910,.T.);
#7912=CARTESIAN_POINT('',(132.7,90.121654578,-2.328345422));
#7913=VERTEX_POINT('',#7912);
#7914=CARTESIAN_POINT('',(129.5,90.121654578,-2.328345422));
#7915=DIRECTION('',(0.,-0.,1.));
#7916=DIRECTION('',(0.,1.,0.));
#7917=AXIS2_PLACEMENT_3D('',#7914,#7915,#7916);
#7918=CIRCLE('',#7917,3.2);
#7919=EDGE_CURVE('',#7905,#7913,#7918,.T.);
#7920=ORIENTED_EDGE('',*,*,#7919,.T.);
#7921=CARTESIAN_POINT('',(132.7,114.121654578,-2.328345422));
#7922=VERTEX_POINT('',#7921);
#7923=CARTESIAN_POINT('',(132.7,90.121654578,-2.328345422));
#7924=DIRECTION('',(0.,1.,0.));
#7925=VECTOR('',#7924,24.);
#7926=LINE('',#7923,#7925);
#7927=EDGE_CURVE('',#7913,#7922,#7926,.T.);
#7928=ORIENTED_EDGE('',*,*,#7927,.T.);
#7929=CARTESIAN_POINT('',(129.5,117.321654578,-2.328345422));
#7930=VERTEX_POINT('',#7929);
#7931=CARTESIAN_POINT('',(129.5,114.121654578,-2.328345422));
#7932=DIRECTION('',(0.,-0.,1.));
#7933=DIRECTION('',(0.,1.,0.));
#7934=AXIS2_PLACEMENT_3D('',#7931,#7932,#7933);
#7935=CIRCLE('',#7934,3.2);
#7936=EDGE_CURVE('',#7922,#7930,#7935,.T.);
#7937=ORIENTED_EDGE('',*,*,#7936,.T.);
#7938=CARTESIAN_POINT('',(70.5,117.321654578,-2.328345422));
#7939=VERTEX_POINT('',#7938);
#7940=CARTESIAN_POINT('',(129.5,117.321654578,-2.328345422));
#7941=DIRECTION('',(-1.,0.,0.));
#7942=VECTOR('',#7941,59.);
#7943=LINE('',#7940,#7942);
#7944=EDGE_CURVE('',#7930,#7939,#7943,.T.);
#7945=ORIENTED_EDGE('',*,*,#7944,.T.);
#7946=CARTESIAN_POINT('',(67.3,114.121654578,-2.328345422));
#7947=VERTEX_POINT('',#7946);
#7948=CARTESIAN_POINT('',(70.5,114.121654578,-2.328345422));
#7949=DIRECTION('',(0.,-0.,1.));
#7950=DIRECTION('',(0.,1.,0.));
#7951=AXIS2_PLACEMENT_3D('',#7948,#7949,#7950);
#7952=CIRCLE('',#7951,3.2);
#7953=EDGE_CURVE('',#7939,#7947,#7952,.T.);
#7954=ORIENTED_EDGE('',*,*,#7953,.T.);
#7955=CARTESIAN_POINT('',(67.3,90.121654578,-2.328345422));
#7956=VERTEX_POINT('',#7955);
#7957=CARTESIAN_POINT('',(67.3,114.121654578,-2.328345422));
#7958=DIRECTION('',(0.,-1.,-0.));
#7959=VECTOR('',#7958,24.);
#7960=LINE('',#7957,#7959);
#7961=EDGE_CURVE('',#7947,#7956,#7960,.T.);
#7962=ORIENTED_EDGE('',*,*,#7961,.T.);
#7963=CARTESIAN_POINT('',(70.5,86.921654578,-2.328345422));
#7964=VERTEX_POINT('',#7963);
#7965=CARTESIAN_POINT('',(70.5,90.121654578,-2.328345422));
#7966=DIRECTION('',(0.,-0.,1.));
#7967=DIRECTION('',(0.,1.,0.));
#7968=AXIS2_PLACEMENT_3D('',#7965,#7966,#7967);
#7969=CIRCLE('',#7968,3.2);
#7970=EDGE_CURVE('',#7956,#7964,#7969,.T.);
#7971=ORIENTED_EDGE('',*,*,#7970,.T.);
#7972=CARTESIAN_POINT('',(70.5,86.921654578,-2.328345422));
#7973=DIRECTION('',(0.,1.,0.));
#7974=VECTOR('',#7973,0.2);
#7975=LINE('',#7972,#7974);
#7976=EDGE_CURVE('',#7964,#7895,#7975,.T.);
#7977=ORIENTED_EDGE('',*,*,#7976,.T.);
#7978=EDGE_LOOP('',(#7903,#7911,#7920,#7928,#7937,#7945,#7954,#7962,#7971,#7977));
#7979=FACE_BOUND('',#7978,.T.);
#7980=CARTESIAN_POINT('',(129.025024749,91.821654578,-2.328345422));
#7981=VERTEX_POINT('',#7980);
#7982=CARTESIAN_POINT('',(127.825024749,90.621654578,-2.328345422));
#7983=VERTEX_POINT('',#7982);
#7984=CARTESIAN_POINT('',(129.025024749,90.621654578,-2.328345422));
#7985=DIRECTION('',(0.,0.,-1.));
#7986=DIRECTION('',(0.,1.,0.));
#7987=AXIS2_PLACEMENT_3D('',#7984,#7985,#7986);
#7988=CIRCLE('',#7987,1.2);
#7989=EDGE_CURVE('',#7981,#7983,#7988,.T.);
#7990=ORIENTED_EDGE('',*,*,#7989,.T.);
#7991=CARTESIAN_POINT('',(129.025024749,90.621654578,-2.328345422));
#7992=DIRECTION('',(0.,0.,-1.));
#7993=DIRECTION('',(0.,1.,0.));
#7994=AXIS2_PLACEMENT_3D('',#7991,#7992,#7993);
#7995=CIRCLE('',#7994,1.2);
#7996=EDGE_CURVE('',#7983,#7981,#7995,.T.);
#7997=ORIENTED_EDGE('',*,*,#7996,.T.);
#7998=EDGE_LOOP('',(#7990,#7997));
#7999=FACE_BOUND('',#7998,.T.);
#8000=CARTESIAN_POINT('',(71.,114.821654578,-2.328345422));
#8001=VERTEX_POINT('',#8000);
#8002=CARTESIAN_POINT('',(69.8,113.621654578,-2.328345422));
#8003=VERTEX_POINT('',#8002);
#8004=CARTESIAN_POINT('',(71.,113.621654578,-2.328345422));
#8005=DIRECTION('',(0.,0.,-1.));
#8006=DIRECTION('',(0.,1.,0.));
#8007=AXIS2_PLACEMENT_3D('',#8004,#8005,#8006);
#8008=CIRCLE('',#8007,1.2);
#8009=EDGE_CURVE('',#8001,#8003,#8008,.T.);
#8010=ORIENTED_EDGE('',*,*,#8009,.T.);
#8011=CARTESIAN_POINT('',(71.,113.621654578,-2.328345422));
#8012=DIRECTION('',(0.,0.,-1.));
#8013=DIRECTION('',(0.,1.,0.));
#8014=AXIS2_PLACEMENT_3D('',#8011,#8012,#8013);
#8015=CIRCLE('',#8014,1.2);
#8016=EDGE_CURVE('',#8003,#8001,#8015,.T.);
#8017=ORIENTED_EDGE('',*,*,#8016,.T.);
#8018=EDGE_LOOP('',(#8010,#8017));
#8019=FACE_BOUND('',#8018,.T.);
#8020=CARTESIAN_POINT('',(71.,91.821654578,-2.328345422));
#8021=VERTEX_POINT('',#8020);
#8022=CARTESIAN_POINT('',(69.8,90.621654578,-2.328345422));
#8023=VERTEX_POINT('',#8022);
#8024=CARTESIAN_POINT('',(71.,90.621654578,-2.328345422));
#8025=DIRECTION('',(0.,0.,-1.));
#8026=DIRECTION('',(0.,1.,0.));
#8027=AXIS2_PLACEMENT_3D('',#8024,#8025,#8026);
#8028=CIRCLE('',#8027,1.2);
#8029=EDGE_CURVE('',#8021,#8023,#8028,.T.);
#8030=ORIENTED_EDGE('',*,*,#8029,.T.);
#8031=CARTESIAN_POINT('',(71.,90.621654578,-2.328345422));
#8032=DIRECTION('',(0.,0.,-1.));
#8033=DIRECTION('',(0.,1.,0.));
#8034=AXIS2_PLACEMENT_3D('',#8031,#8032,#8033);
#8035=CIRCLE('',#8034,1.2);
#8036=EDGE_CURVE('',#8023,#8021,#8035,.T.);
#8037=ORIENTED_EDGE('',*,*,#8036,.T.);
#8038=EDGE_LOOP('',(#8030,#8037));
#8039=FACE_BOUND('',#8038,.T.);
#8040=CARTESIAN_POINT('',(129.025024749,114.821654578,-2.328345422));
#8041=VERTEX_POINT('',#8040);
#8042=CARTESIAN_POINT('',(127.825024749,113.621654578,-2.328345422));
#8043=VERTEX_POINT('',#8042);
#8044=CARTESIAN_POINT('',(129.025024749,113.621654578,-2.328345422));
#8045=DIRECTION('',(0.,0.,-1.));
#8046=DIRECTION('',(0.,1.,0.));
#8047=AXIS2_PLACEMENT_3D('',#8044,#8045,#8046);
#8048=CIRCLE('',#8047,1.2);
#8049=EDGE_CURVE('',#8041,#8043,#8048,.T.);
#8050=ORIENTED_EDGE('',*,*,#8049,.T.);
#8051=CARTESIAN_POINT('',(129.025024749,113.621654578,-2.328345422));
#8052=DIRECTION('',(0.,0.,-1.));
#8053=DIRECTION('',(0.,1.,0.));
#8054=AXIS2_PLACEMENT_3D('',#8051,#8052,#8053);
#8055=CIRCLE('',#8054,1.2);
#8056=EDGE_CURVE('',#8043,#8041,#8055,.T.);
#8057=ORIENTED_EDGE('',*,*,#8056,.T.);
#8058=EDGE_LOOP('',(#8050,#8057));
#8059=FACE_BOUND('',#8058,.T.);
#8060=CARTESIAN_POINT('',(80.95,113.791654578,-2.328345422));
#8061=VERTEX_POINT('',#8060);
#8062=CARTESIAN_POINT('',(80.95,115.991654578,-2.328345422));
#8063=VERTEX_POINT('',#8062);
#8064=CARTESIAN_POINT('',(80.95,113.791654578,-2.328345422));
#8065=CARTESIAN_POINT('',(81.405195279,113.791654578,-2.328345422));
#8066=CARTESIAN_POINT('',(81.727817459,114.113837119,-2.328345422));
#8067=CARTESIAN_POINT('',(82.049688829,114.435269872,-2.328345422));
#8068=CARTESIAN_POINT('',(82.05,114.891654578,-2.328345422));
#8069=CARTESIAN_POINT('',(82.050310149,115.346539285,-2.328345422));
#8070=CARTESIAN_POINT('',(81.727817459,115.669472037,-2.328345422));
#8071=CARTESIAN_POINT('',(81.406073959,115.991654578,-2.328345422));
#8072=CARTESIAN_POINT('',(80.95,115.991654578,-2.328345422));
#8073=B_SPLINE_CURVE_WITH_KNOTS('',2,(#8064,#8065,#8066,#8067,#8068,#8069,#8070,#8071,#8072),.UNSPECIFIED.,.F.,.F.,(3,2,2,2,3),(0.,0.25,0.5,0.75,1.),.UNSPECIFIED.);
#8074=EDGE_CURVE('',#8061,#8063,#8073,.T.);
#8075=ORIENTED_EDGE('',*,*,#8074,.F.);
#8076=CARTESIAN_POINT('',(75.87,113.791654578,-2.328345422));
#8077=VERTEX_POINT('',#8076);
#8078=CARTESIAN_POINT('',(75.87,113.791654578,-2.328345422));
#8079=DIRECTION('',(1.,0.,-0.));
#8080=VECTOR('',#8079,5.08);
#8081=LINE('',#8078,#8080);
#8082=EDGE_CURVE('',#8077,#8061,#8081,.T.);
#8083=ORIENTED_EDGE('',*,*,#8082,.F.);
#8084=CARTESIAN_POINT('',(75.87,115.991654578,-2.328345422));
#8085=VERTEX_POINT('',#8084);
#8086=CARTESIAN_POINT('',(75.87,115.991654578,-2.328345422));
#8087=CARTESIAN_POINT('',(75.414804721,115.991654578,-2.328345422));
#8088=CARTESIAN_POINT('',(75.092182541,115.669472037,-2.328345422));
#8089=CARTESIAN_POINT('',(74.770311171,115.348039285,-2.328345422));
#8090=CARTESIAN_POINT('',(74.77,114.891654578,-2.328345422));
#8091=CARTESIAN_POINT('',(74.769689851,114.436769871,-2.328345422));
#8092=CARTESIAN_POINT('',(75.092182541,114.113837119,-2.328345422));
#8093=CARTESIAN_POINT('',(75.413926041,113.791654578,-2.328345422));
#8094=CARTESIAN_POINT('',(75.87,113.791654578,-2.328345422));
#8095=B_SPLINE_CURVE_WITH_KNOTS('',2,(#8086,#8087,#8088,#8089,#8090,#8091,#8092,#8093,#8094),.UNSPECIFIED.,.F.,.F.,(3,2,2,2,3),(0.,0.25,0.5,0.75,1.),.UNSPECIFIED.);
#8096=EDGE_CURVE('',#8085,#8077,#8095,.T.);
#8097=ORIENTED_EDGE('',*,*,#8096,.F.);
#8098=CARTESIAN_POINT('',(75.87,115.991654578,-2.328345422));
#8099=DIRECTION('',(1.,0.,-0.));
#8100=VECTOR('',#8099,5.08);
#8101=LINE('',#8098,#8100);
#8102=EDGE_CURVE('',#8085,#8063,#8101,.T.);
#8103=ORIENTED_EDGE('',*,*,#8102,.T.);
#8104=EDGE_LOOP('',(#8075,#8083,#8097,#8103));
#8105=FACE_BOUND('',#8104,.T.);
#8106=ADVANCED_FACE('',(#7979,#7999,#8019,#8039,#8059,#8105),#7893,.F.);
#8107=CARTESIAN_POINT('',(71.136698241,102.121654578,2.351022003));
#8108=DIRECTION('',(0.,-0.,-1.));
#8109=DIRECTION('',(0.,1.,-0.));
#8110=AXIS2_PLACEMENT_3D('',#8107,#8108,#8109);
#8111=PLANE('',#8110);
#8112=CARTESIAN_POINT('',(66.841138851,102.121654578,2.351021998));
#8113=VERTEX_POINT('',#8112);
#8114=CARTESIAN_POINT('',(66.841138851,93.921654578,2.351022001));
#8115=VERTEX_POINT('',#8114);
#8116=CARTESIAN_POINT('',(66.841138851,102.121654578,2.351022003));
#8117=DIRECTION('',(-0.,-1.,0.));
#8118=VECTOR('',#8117,8.2);
#8119=LINE('',#8116,#8118);
#8120=EDGE_CURVE('',#8113,#8115,#8119,.T.);
#8121=ORIENTED_EDGE('',*,*,#8120,.F.);
#8122=CARTESIAN_POINT('',(66.841138851,110.321654578,2.351021998));
#8123=VERTEX_POINT('',#8122);
#8124=CARTESIAN_POINT('',(66.841138851,110.321654578,2.351022));
#8125=DIRECTION('',(-0.,-1.,0.));
#8126=VECTOR('',#8125,8.2);
#8127=LINE('',#8124,#8126);
#8128=EDGE_CURVE('',#8123,#8113,#8127,.T.);
#8129=ORIENTED_EDGE('',*,*,#8128,.F.);
#8130=CARTESIAN_POINT('',(66.841138851,110.821654578,2.351021998));
#8131=VERTEX_POINT('',#8130);
#8132=CARTESIAN_POINT('',(66.841138851,110.821654578,2.351022));
#8133=DIRECTION('',(-0.,-1.,0.));
#8134=VECTOR('',#8133,0.5);
#8135=LINE('',#8132,#8134);
#8136=EDGE_CURVE('',#8131,#8123,#8135,.T.);
#8137=ORIENTED_EDGE('',*,*,#8136,.F.);
#8138=CARTESIAN_POINT('',(67.3,110.821654578,2.351022));
#8139=VERTEX_POINT('',#8138);
#8140=CARTESIAN_POINT('',(67.3,110.821654578,2.351022));
#8141=DIRECTION('',(-1.,0.,0.));
#8142=VECTOR('',#8141,0.458861149);
#8143=LINE('',#8140,#8142);
#8144=EDGE_CURVE('',#8139,#8131,#8143,.T.);
#8145=ORIENTED_EDGE('',*,*,#8144,.F.);
#8146=CARTESIAN_POINT('',(67.3,110.321654578,2.351022));
#8147=VERTEX_POINT('',#8146);
#8148=CARTESIAN_POINT('',(67.3,110.821654578,2.351022));
#8149=DIRECTION('',(0.,-1.,0.));
#8150=VECTOR('',#8149,0.5);
#8151=LINE('',#8148,#8150);
#8152=EDGE_CURVE('',#8139,#8147,#8151,.T.);
#8153=ORIENTED_EDGE('',*,*,#8152,.T.);
#8154=CARTESIAN_POINT('',(67.3,93.421654578,2.351022005));
#8155=VERTEX_POINT('',#8154);
#8156=CARTESIAN_POINT('',(67.3,93.421654578,2.351022005));
#8157=DIRECTION('',(0.,1.,-0.));
#8158=VECTOR('',#8157,16.9);
#8159=LINE('',#8156,#8158);
#8160=EDGE_CURVE('',#8155,#8147,#8159,.T.);
#8161=ORIENTED_EDGE('',*,*,#8160,.F.);
#8162=CARTESIAN_POINT('',(66.841138851,93.421654578,2.351022001));
#8163=VERTEX_POINT('',#8162);
#8164=CARTESIAN_POINT('',(67.3,93.421654578,2.351022005));
#8165=DIRECTION('',(-1.,0.,0.));
#8166=VECTOR('',#8165,0.458861149);
#8167=LINE('',#8164,#8166);
#8168=EDGE_CURVE('',#8155,#8163,#8167,.T.);
#8169=ORIENTED_EDGE('',*,*,#8168,.T.);
#8170=CARTESIAN_POINT('',(66.841138851,93.921654578,2.351022005));
#8171=DIRECTION('',(-0.,-1.,0.));
#8172=VECTOR('',#8171,0.5);
#8173=LINE('',#8170,#8172);
#8174=EDGE_CURVE('',#8115,#8163,#8173,.T.);
#8175=ORIENTED_EDGE('',*,*,#8174,.F.);
#8176=EDGE_LOOP('',(#8121,#8129,#8137,#8145,#8153,#8161,#8169,#8175));
#8177=FACE_BOUND('',#8176,.T.);
#8178=ADVANCED_FACE('',(#8177),#8111,.T.);
#8179=CARTESIAN_POINT('',(71.136698241,102.121654578,-0.728345428));
#8180=DIRECTION('',(0.,0.,1.));
#8181=DIRECTION('',(0.,-1.,0.));
#8182=AXIS2_PLACEMENT_3D('',#8179,#8180,#8181);
#8183=PLANE('',#8182);
#8184=CARTESIAN_POINT('',(67.3,93.421654578,-0.728345426));
#8185=VERTEX_POINT('',#8184);
#8186=CARTESIAN_POINT('',(66.841138851,93.421659221,-0.728345422));
#8187=VERTEX_POINT('',#8186);
#8188=CARTESIAN_POINT('',(67.3,93.421654578,-0.728345426));
#8189=DIRECTION('',(-1.,0.,0.));
#8190=VECTOR('',#8189,0.458861149);
#8191=LINE('',#8188,#8190);
#8192=EDGE_CURVE('',#8185,#8187,#8191,.T.);
#8193=ORIENTED_EDGE('',*,*,#8192,.F.);
#8194=CARTESIAN_POINT('',(67.3,110.321654578,-0.72834543));
#8195=VERTEX_POINT('',#8194);
#8196=CARTESIAN_POINT('',(67.3,110.321654578,-0.72834543));
#8197=DIRECTION('',(0.,-1.,0.));
#8198=VECTOR('',#8197,16.9);
#8199=LINE('',#8196,#8198);
#8200=EDGE_CURVE('',#8195,#8185,#8199,.T.);
#8201=ORIENTED_EDGE('',*,*,#8200,.F.);
#8202=CARTESIAN_POINT('',(67.3,110.821654578,-0.72834543));
#8203=VERTEX_POINT('',#8202);
#8204=CARTESIAN_POINT('',(67.3,110.821654578,-0.72834543));
#8205=DIRECTION('',(0.,-1.,0.));
#8206=VECTOR('',#8205,0.5);
#8207=LINE('',#8204,#8206);
#8208=EDGE_CURVE('',#8203,#8195,#8207,.T.);
#8209=ORIENTED_EDGE('',*,*,#8208,.F.);
#8210=CARTESIAN_POINT('',(66.841138851,110.821654578,-0.728345427));
#8211=VERTEX_POINT('',#8210);
#8212=CARTESIAN_POINT('',(66.841138851,110.821654578,-0.72834543));
#8213=DIRECTION('',(1.,-0.,-0.));
#8214=VECTOR('',#8213,0.458861149);
#8215=LINE('',#8212,#8214);
#8216=EDGE_CURVE('',#8211,#8203,#8215,.T.);
#8217=ORIENTED_EDGE('',*,*,#8216,.F.);
#8218=CARTESIAN_POINT('',(66.841138851,110.320092379,-0.728345428));
#8219=VERTEX_POINT('',#8218);
#8220=CARTESIAN_POINT('',(66.841138851,110.821654578,-0.72834543));
#8221=DIRECTION('',(0.,-1.,0.));
#8222=VECTOR('',#8221,0.501562199);
#8223=LINE('',#8220,#8222);
#8224=EDGE_CURVE('',#8211,#8219,#8223,.T.);
#8225=ORIENTED_EDGE('',*,*,#8224,.T.);
#8226=CARTESIAN_POINT('',(66.841138851,93.921659221,-0.728345422));
#8227=VERTEX_POINT('',#8226);
#8228=CARTESIAN_POINT('',(66.841138851,93.921659221,-0.728345426));
#8229=DIRECTION('',(-0.,1.,-0.));
#8230=VECTOR('',#8229,16.398433158);
#8231=LINE('',#8228,#8230);
#8232=EDGE_CURVE('',#8227,#8219,#8231,.T.);
#8233=ORIENTED_EDGE('',*,*,#8232,.F.);
#8234=CARTESIAN_POINT('',(66.841138851,93.421659221,-0.728345426));
#8235=DIRECTION('',(-0.,1.,-0.));
#8236=VECTOR('',#8235,0.5);
#8237=LINE('',#8234,#8236);
#8238=EDGE_CURVE('',#8187,#8227,#8237,.T.);
#8239=ORIENTED_EDGE('',*,*,#8238,.F.);
#8240=EDGE_LOOP('',(#8193,#8201,#8209,#8217,#8225,#8233,#8239));
#8241=FACE_BOUND('',#8240,.T.);
#8242=ADVANCED_FACE('',(#8241),#8183,.T.);
#8243=CARTESIAN_POINT('',(66.5,102.121654578,-3.128345417));
#8244=DIRECTION('',(-1.,0.,0.));
#8245=DIRECTION('',(0.,0.,1.));
#8246=AXIS2_PLACEMENT_3D('',#8243,#8244,#8245);
#8247=PLANE('',#8246);
#8248=CARTESIAN_POINT('',(66.5,110.821654578,-1.383667062));
#8249=VERTEX_POINT('',#8248);
#8250=CARTESIAN_POINT('',(66.5,110.321654578,-1.383667062));
#8251=VERTEX_POINT('',#8250);
#8252=CARTESIAN_POINT('',(66.5,110.821654578,-1.383667062));
#8253=DIRECTION('',(-0.,-1.,-0.));
#8254=VECTOR('',#8253,0.5);
#8255=LINE('',#8252,#8254);
#8256=EDGE_CURVE('',#8249,#8251,#8255,.T.);
#8257=ORIENTED_EDGE('',*,*,#8256,.F.);
#8258=CARTESIAN_POINT('',(66.5,112.076976209,-0.128353176));
#8259=VERTEX_POINT('',#8258);
#8260=CARTESIAN_POINT('',(66.5,110.821654578,-1.383667062));
#8261=CARTESIAN_POINT('',(66.5,110.9858789,-1.383667062));
#8262=CARTESIAN_POINT('',(66.5,111.150111734,-1.351044032));
#8263=CARTESIAN_POINT('',(66.5,111.453974672,-1.225180547));
#8264=CARTESIAN_POINT('',(66.5,111.593106976,-1.13218504));
#8265=CARTESIAN_POINT('',(66.5,111.825488426,-0.899805328));
#8266=CARTESIAN_POINT('',(66.5,111.918371213,-0.76083876));
#8267=CARTESIAN_POINT('',(66.5,112.044219431,-0.457238066));
#8268=CARTESIAN_POINT('',(66.5,112.076974966,-0.293050777));
#8269=CARTESIAN_POINT('',(66.5,112.076976209,-0.128354807));
#8270=B_SPLINE_CURVE_WITH_KNOTS('',3,(#8260,#8261,#8262,#8263,#8264,#8265,#8266,#8267,#8268,#8269),.UNSPECIFIED.,.F.,.F.,(4,2,2,2,4),(0.945655181,0.959241386,0.972827591,0.986413795,1.),.UNSPECIFIED.);
#8271=EDGE_CURVE('',#8249,#8259,#8270,.T.);
#8272=ORIENTED_EDGE('',*,*,#8271,.T.);
#8273=CARTESIAN_POINT('',(66.5,112.076976209,1.751014257));
#8274=VERTEX_POINT('',#8273);
#8275=CARTESIAN_POINT('',(66.5,112.076976209,-0.128349912));
#8276=CARTESIAN_POINT('',(66.5,112.076976209,0.498105899));
#8277=CARTESIAN_POINT('',(66.5,112.076976209,1.124561709));
#8278=CARTESIAN_POINT('',(66.5,112.076976209,1.75101752));
#8279=B_SPLINE_CURVE_WITH_KNOTS('',3,(#8275,#8276,#8277,#8278),.UNSPECIFIED.,.F.,.F.,(4,4),(0.,1.),.UNSPECIFIED.);
#8280=EDGE_CURVE('',#8259,#8274,#8279,.T.);
#8281=ORIENTED_EDGE('',*,*,#8280,.T.);
#8282=CARTESIAN_POINT('',(66.5,110.821654578,3.006343632));
#8283=VERTEX_POINT('',#8282);
#8284=CARTESIAN_POINT('',(66.5,112.076976209,1.751012626));
#8285=CARTESIAN_POINT('',(66.5,112.076977426,1.915710176));
#8286=CARTESIAN_POINT('',(66.5,112.04422371,2.07989951));
#8287=CARTESIAN_POINT('',(66.5,111.918377693,2.3835045));
#8288=CARTESIAN_POINT('',(66.5,111.825495292,2.522473295));
#8289=CARTESIAN_POINT('',(66.5,111.593113369,2.754856953));
#8290=CARTESIAN_POINT('',(66.5,111.453980217,2.847854155));
#8291=CARTESIAN_POINT('',(66.5,111.150114851,2.973719976));
#8292=CARTESIAN_POINT('',(66.5,110.985880459,3.006343632));
#8293=CARTESIAN_POINT('',(66.5,110.821654578,3.006343632));
#8294=B_SPLINE_CURVE_WITH_KNOTS('',3,(#8284,#8285,#8286,#8287,#8288,#8289,#8290,#8291,#8292,#8293),.UNSPECIFIED.,.F.,.F.,(4,2,2,2,4),(0.,0.011685018,0.023370035,0.035055053,0.04674007),.UNSPECIFIED.);
#8295=EDGE_CURVE('',#8274,#8283,#8294,.T.);
#8296=ORIENTED_EDGE('',*,*,#8295,.T.);
#8297=CARTESIAN_POINT('',(66.5,110.321654558,3.006343632));
#8298=VERTEX_POINT('',#8297);
#8299=CARTESIAN_POINT('',(66.5,110.821654578,3.006343632));
#8300=DIRECTION('',(-0.,-1.,-0.));
#8301=VECTOR('',#8300,0.5);
#8302=LINE('',#8299,#8301);
#8303=EDGE_CURVE('',#8283,#8298,#8302,.T.);
#8304=ORIENTED_EDGE('',*,*,#8303,.T.);
#8305=CARTESIAN_POINT('',(66.5,102.121654578,3.006343634));
#8306=VERTEX_POINT('',#8305);
#8307=CARTESIAN_POINT('',(66.5,110.321654578,3.006343632));
#8308=CARTESIAN_POINT('',(66.5,102.121654578,3.006343634));
#8309=B_SPLINE_CURVE_WITH_KNOTS('',1,(#8307,#8308),.UNSPECIFIED.,.F.,.F.,(2,2),(0.,1.),.UNSPECIFIED.);
#8310=EDGE_CURVE('',#8298,#8306,#8309,.T.);
#8311=ORIENTED_EDGE('',*,*,#8310,.T.);
#8312=CARTESIAN_POINT('',(66.5,93.921654578,3.006343636));
#8313=VERTEX_POINT('',#8312);
#8314=CARTESIAN_POINT('',(66.5,102.121654578,3.006343634));
#8315=CARTESIAN_POINT('',(66.5,93.921654578,3.006343636));
#8316=B_SPLINE_CURVE_WITH_KNOTS('',1,(#8314,#8315),.UNSPECIFIED.,.F.,.F.,(2,2),(0.,1.),.UNSPECIFIED.);
#8317=EDGE_CURVE('',#8306,#8313,#8316,.T.);
#8318=ORIENTED_EDGE('',*,*,#8317,.T.);
#8319=CARTESIAN_POINT('',(66.5,93.421654578,3.006343636));
#8320=VERTEX_POINT('',#8319);
#8321=CARTESIAN_POINT('',(66.5,93.921654578,3.006343636));
#8322=CARTESIAN_POINT('',(66.5,93.421654578,3.006343636));
#8323=B_SPLINE_CURVE_WITH_KNOTS('',1,(#8321,#8322),.UNSPECIFIED.,.F.,.F.,(2,2),(0.,1.),.UNSPECIFIED.);
#8324=EDGE_CURVE('',#8313,#8320,#8323,.T.);
#8325=ORIENTED_EDGE('',*,*,#8324,.T.);
#8326=CARTESIAN_POINT('',(66.5,92.166332947,1.751022005));
#8327=VERTEX_POINT('',#8326);
#8328=CARTESIAN_POINT('',(66.5,93.421654578,3.006343636));
#8329=CARTESIAN_POINT('',(66.5,93.257429477,3.006343636));
#8330=CARTESIAN_POINT('',(66.5,93.093195864,2.973720293));
#8331=CARTESIAN_POINT('',(66.5,92.789331711,2.84785564));
#8332=CARTESIAN_POINT('',(66.5,92.650199228,2.75485953));
#8333=CARTESIAN_POINT('',(66.5,92.417817053,2.522477355));
#8334=CARTESIAN_POINT('',(66.5,92.324820943,2.383344872));
#8335=CARTESIAN_POINT('',(66.5,92.19895629,2.079480719));
#8336=CARTESIAN_POINT('',(66.5,92.166332947,1.915247106));
#8337=CARTESIAN_POINT('',(66.5,92.166332947,1.751022005));
#8338=B_SPLINE_CURVE_WITH_KNOTS('',3,(#8328,#8329,#8330,#8331,#8332,#8333,#8334,#8335,#8336,#8337),.UNSPECIFIED.,.F.,.F.,(4,2,2,2,4),(0.860057383,0.871742345,0.883427307,0.895112269,0.906797231),.UNSPECIFIED.);
#8339=EDGE_CURVE('',#8320,#8327,#8338,.T.);
#8340=ORIENTED_EDGE('',*,*,#8339,.T.);
#8341=CARTESIAN_POINT('',(66.5,92.166332947,-0.128351778));
#8342=VERTEX_POINT('',#8341);
#8343=CARTESIAN_POINT('',(66.5,92.166332947,1.751022005));
#8344=CARTESIAN_POINT('',(66.5,92.166332947,1.124564825));
#8345=CARTESIAN_POINT('',(66.5,92.166332947,0.498107645));
#8346=CARTESIAN_POINT('',(66.5,92.166332947,-0.128349534));
#8347=B_SPLINE_CURVE_WITH_KNOTS('',3,(#8343,#8344,#8345,#8346),.UNSPECIFIED.,.F.,.F.,(4,4),(0.906797231,1.),.UNSPECIFIED.);
#8348=EDGE_CURVE('',#8327,#8342,#8347,.T.);
#8349=ORIENTED_EDGE('',*,*,#8348,.T.);
#8350=CARTESIAN_POINT('',(66.5,93.421661757,-1.383667057));
#8351=VERTEX_POINT('',#8350);
#8352=CARTESIAN_POINT('',(66.5,92.166332947,-0.128354021));
#8353=CARTESIAN_POINT('',(66.5,92.166334088,-0.293050876));
#8354=CARTESIAN_POINT('',(66.5,92.199089875,-0.457239056));
#8355=CARTESIAN_POINT('',(66.5,92.324939211,-0.76084118));
#8356=CARTESIAN_POINT('',(66.5,92.417823102,-0.899808521));
#8357=CARTESIAN_POINT('',(66.5,92.650206125,-1.132188154));
#8358=CARTESIAN_POINT('',(66.5,92.78917482,-1.225070018));
#8359=CARTESIAN_POINT('',(66.5,93.09277878,-1.350914926));
#8360=CARTESIAN_POINT('',(66.5,93.256967438,-1.383668318));
#8361=CARTESIAN_POINT('',(66.5,93.421664293,-1.383667057));
#8362=B_SPLINE_CURVE_WITH_KNOTS('',3,(#8352,#8353,#8354,#8355,#8356,#8357,#8358,#8359,#8360,#8361),.UNSPECIFIED.,.F.,.F.,(4,2,2,2,4),(0.,0.25,0.5,0.75,1.),.UNSPECIFIED.);
#8363=EDGE_CURVE('',#8342,#8351,#8362,.T.);
#8364=ORIENTED_EDGE('',*,*,#8363,.T.);
#8365=CARTESIAN_POINT('',(66.5,93.921661757,-1.383667057));
#8366=VERTEX_POINT('',#8365);
#8367=CARTESIAN_POINT('',(66.5,93.421661757,-1.383667057));
#8368=CARTESIAN_POINT('',(66.5,93.921661757,-1.383667057));
#8369=B_SPLINE_CURVE_WITH_KNOTS('',1,(#8367,#8368),.UNSPECIFIED.,.F.,.F.,(2,2),(0.000005071,0.9999921),.UNSPECIFIED.);
#8370=EDGE_CURVE('',#8351,#8366,#8369,.T.);
#8371=ORIENTED_EDGE('',*,*,#8370,.T.);
#8372=CARTESIAN_POINT('',(66.5,93.921661757,-1.383667057));
#8373=CARTESIAN_POINT('',(66.5,110.321654578,-1.383667062));
#8374=B_SPLINE_CURVE_WITH_KNOTS('',1,(#8372,#8373),.UNSPECIFIED.,.F.,.F.,(2,2),(0.000000155,1.),.UNSPECIFIED.);
#8375=EDGE_CURVE('',#8366,#8251,#8374,.T.);
#8376=ORIENTED_EDGE('',*,*,#8375,.T.);
#8377=EDGE_LOOP('',(#8257,#8272,#8281,#8296,#8304,#8311,#8318,#8325,#8340,#8349,#8364,#8371,#8376));
#8378=FACE_BOUND('',#8377,.T.);
#8379=CARTESIAN_POINT('',(66.5,114.121654578,-2.473023786));
#8380=VERTEX_POINT('',#8379);
#8381=CARTESIAN_POINT('',(66.5,114.121654578,9.921654584));
#8382=VERTEX_POINT('',#8381);
#8383=CARTESIAN_POINT('',(66.5,114.121654578,-2.473023786));
#8384=DIRECTION('',(0.,0.,1.));
#8385=VECTOR('',#8384,12.39467837);
#8386=LINE('',#8383,#8385);
#8387=EDGE_CURVE('',#8380,#8382,#8386,.T.);
#8388=ORIENTED_EDGE('',*,*,#8387,.F.);
#8389=CARTESIAN_POINT('',(66.5,90.121654578,-2.473023786));
#8390=VERTEX_POINT('',#8389);
#8391=CARTESIAN_POINT('',(66.5,114.121654578,-2.473023786));
#8392=DIRECTION('',(0.,-1.,-0.));
#8393=VECTOR('',#8392,24.);
#8394=LINE('',#8391,#8393);
#8395=EDGE_CURVE('',#8380,#8390,#8394,.T.);
#8396=ORIENTED_EDGE('',*,*,#8395,.T.);
#8397=CARTESIAN_POINT('',(66.5,90.121654578,9.921654584));
#8398=VERTEX_POINT('',#8397);
#8399=CARTESIAN_POINT('',(66.5,90.121654578,-2.473023786));
#8400=DIRECTION('',(0.,0.,1.));
#8401=VECTOR('',#8400,12.39467837);
#8402=LINE('',#8399,#8401);
#8403=EDGE_CURVE('',#8390,#8398,#8402,.T.);
#8404=ORIENTED_EDGE('',*,*,#8403,.T.);
#8405=CARTESIAN_POINT('',(66.5,90.121654578,9.921654584));
#8406=DIRECTION('',(-0.,1.,0.));
#8407=VECTOR('',#8406,24.);
#8408=LINE('',#8405,#8407);
#8409=EDGE_CURVE('',#8398,#8382,#8408,.T.);
#8410=ORIENTED_EDGE('',*,*,#8409,.T.);
#8411=EDGE_LOOP('',(#8388,#8396,#8404,#8410));
#8412=FACE_BOUND('',#8411,.T.);
#8413=ADVANCED_FACE('',(#8378,#8412),#8247,.T.);
#8414=CARTESIAN_POINT('',(133.5,102.121654578,-3.128345417));
#8415=DIRECTION('',(1.,0.,0.));
#8416=DIRECTION('',(0.,0.,-1.));
#8417=AXIS2_PLACEMENT_3D('',#8414,#8415,#8416);
#8418=PLANE('',#8417);
#8419=CARTESIAN_POINT('',(133.5,90.121654578,-2.473023786));
#8420=VERTEX_POINT('',#8419);
#8421=CARTESIAN_POINT('',(133.5,90.121654578,9.921654584));
#8422=VERTEX_POINT('',#8421);
#8423=CARTESIAN_POINT('',(133.5,90.121654578,-2.473023786));
#8424=DIRECTION('',(0.,0.,1.));
#8425=VECTOR('',#8424,12.39467837);
#8426=LINE('',#8423,#8425);
#8427=EDGE_CURVE('',#8420,#8422,#8426,.T.);
#8428=ORIENTED_EDGE('',*,*,#8427,.F.);
#8429=CARTESIAN_POINT('',(133.5,114.121654578,-2.473023786));
#8430=VERTEX_POINT('',#8429);
#8431=CARTESIAN_POINT('',(133.5,90.121654578,-2.473023786));
#8432=DIRECTION('',(0.,1.,0.));
#8433=VECTOR('',#8432,24.);
#8434=LINE('',#8431,#8433);
#8435=EDGE_CURVE('',#8420,#8430,#8434,.T.);
#8436=ORIENTED_EDGE('',*,*,#8435,.T.);
#8437=CARTESIAN_POINT('',(133.5,114.121654578,9.921654584));
#8438=VERTEX_POINT('',#8437);
#8439=CARTESIAN_POINT('',(133.5,114.121654578,-2.473023786));
#8440=DIRECTION('',(0.,0.,1.));
#8441=VECTOR('',#8440,12.39467837);
#8442=LINE('',#8439,#8441);
#8443=EDGE_CURVE('',#8430,#8438,#8442,.T.);
#8444=ORIENTED_EDGE('',*,*,#8443,.T.);
#8445=CARTESIAN_POINT('',(133.5,114.121654578,9.921654584));
#8446=DIRECTION('',(0.,-1.,-0.));
#8447=VECTOR('',#8446,24.);
#8448=LINE('',#8445,#8447);
#8449=EDGE_CURVE('',#8438,#8422,#8448,.T.);
#8450=ORIENTED_EDGE('',*,*,#8449,.T.);
#8451=EDGE_LOOP('',(#8428,#8436,#8444,#8450));
#8452=FACE_BOUND('',#8451,.T.);
#8453=CARTESIAN_POINT('',(133.5,110.821648616,-1.383667057));
#8454=VERTEX_POINT('',#8453);
#8455=CARTESIAN_POINT('',(133.5,94.421657209,-1.383667061));
#8456=VERTEX_POINT('',#8455);
#8457=CARTESIAN_POINT('',(133.5,110.821648616,-1.383667057));
#8458=CARTESIAN_POINT('',(133.5,94.421657209,-1.383667062));
#8459=B_SPLINE_CURVE_WITH_KNOTS('',1,(#8457,#8458),.UNSPECIFIED.,.F.,.F.,(2,2),(0.000000155,0.999999914),.UNSPECIFIED.);
#8460=EDGE_CURVE('',#8454,#8456,#8459,.T.);
#8461=ORIENTED_EDGE('',*,*,#8460,.T.);
#8462=CARTESIAN_POINT('',(133.500101516,93.233507306,-1.376543372));
#8463=VERTEX_POINT('',#8462);
#8464=CARTESIAN_POINT('',(133.5,94.421657209,-1.383667061));
#8465=CARTESIAN_POINT('',(133.5,93.233507244,-1.383667062));
#8466=B_SPLINE_CURVE_WITH_KNOTS('',1,(#8464,#8465),.UNSPECIFIED.,.F.,.F.,(2,2),(-0.,2.376293208),.UNSPECIFIED.);
#8467=EDGE_CURVE('',#8456,#8463,#8466,.T.);
#8468=ORIENTED_EDGE('',*,*,#8467,.T.);
#8469=CARTESIAN_POINT('',(133.5,92.166334163,-0.12835236));
#8470=VERTEX_POINT('',#8469);
#8471=CARTESIAN_POINT('',(133.5,93.233507244,-1.369419108));
#8472=CARTESIAN_POINT('',(133.5,93.133340197,-1.354205966));
#8473=CARTESIAN_POINT('',(133.5,93.034964408,-1.326922751));
#8474=CARTESIAN_POINT('',(133.5,92.789335701,-1.225180547));
#8475=CARTESIAN_POINT('',(133.5,92.650203396,-1.13218504));
#8476=CARTESIAN_POINT('',(133.5,92.417821947,-0.899805328));
#8477=CARTESIAN_POINT('',(133.5,92.32493916,-0.76083876));
#8478=CARTESIAN_POINT('',(133.5,92.199090942,-0.457238066));
#8479=CARTESIAN_POINT('',(133.5,92.166335407,-0.293050777));
#8480=CARTESIAN_POINT('',(133.5,92.166334163,-0.128354807));
#8481=B_SPLINE_CURVE_WITH_KNOTS('',3,(#8471,#8472,#8473,#8474,#8475,#8476,#8477,#8478,#8479,#8480),.UNSPECIFIED.,.F.,.F.,(4,2,2,2,4),(0.950862675,0.959241386,0.972827591,0.986413795,1.),.UNSPECIFIED.);
#8482=EDGE_CURVE('',#8463,#8470,#8481,.T.);
#8483=ORIENTED_EDGE('',*,*,#8482,.T.);
#8484=CARTESIAN_POINT('',(133.5,92.166334163,1.751015073));
#8485=VERTEX_POINT('',#8484);
#8486=CARTESIAN_POINT('',(133.5,92.166334163,-0.128349912));
#8487=CARTESIAN_POINT('',(133.5,92.166334163,0.498105899));
#8488=CARTESIAN_POINT('',(133.5,92.166334163,1.124561709));
#8489=CARTESIAN_POINT('',(133.5,92.166334163,1.75101752));
#8490=B_SPLINE_CURVE_WITH_KNOTS('',3,(#8486,#8487,#8488,#8489),.UNSPECIFIED.,.F.,.F.,(4,4),(0.,1.),.UNSPECIFIED.);
#8491=EDGE_CURVE('',#8470,#8485,#8490,.T.);
#8492=ORIENTED_EDGE('',*,*,#8491,.T.);
#8493=CARTESIAN_POINT('',(133.5,93.421655794,3.006343632));
#8494=VERTEX_POINT('',#8493);
#8495=CARTESIAN_POINT('',(133.5,92.166334163,1.751012626));
#8496=CARTESIAN_POINT('',(133.5,92.166332947,1.915710176));
#8497=CARTESIAN_POINT('',(133.5,92.199086663,2.07989951));
#8498=CARTESIAN_POINT('',(133.5,92.32493268,2.3835045));
#8499=CARTESIAN_POINT('',(133.5,92.41781508,2.522473295));
#8500=CARTESIAN_POINT('',(133.5,92.650197004,2.754856953));
#8501=CARTESIAN_POINT('',(133.5,92.789330155,2.847854155));
#8502=CARTESIAN_POINT('',(133.5,93.093195522,2.973719976));
#8503=CARTESIAN_POINT('',(133.5,93.257429914,3.006343632));
#8504=CARTESIAN_POINT('',(133.5,93.421655794,3.006343632));
#8505=B_SPLINE_CURVE_WITH_KNOTS('',3,(#8495,#8496,#8497,#8498,#8499,#8500,#8501,#8502,#8503,#8504),.UNSPECIFIED.,.F.,.F.,(4,2,2,2,4),(0.,0.011685018,0.023370035,0.035055053,0.04674007),.UNSPECIFIED.);
#8506=EDGE_CURVE('',#8485,#8494,#8505,.T.);
#8507=ORIENTED_EDGE('',*,*,#8506,.T.);
#8508=CARTESIAN_POINT('',(133.5,93.921657208,3.006343632));
#8509=VERTEX_POINT('',#8508);
#8510=CARTESIAN_POINT('',(133.5,93.421655794,3.006343632));
#8511=CARTESIAN_POINT('',(133.5,93.921657208,3.006343632));
#8512=B_SPLINE_CURVE_WITH_KNOTS('',1,(#8510,#8511),.UNSPECIFIED.,.F.,.F.,(2,2),(0.,1.),.UNSPECIFIED.);
#8513=EDGE_CURVE('',#8494,#8509,#8512,.T.);
#8514=ORIENTED_EDGE('',*,*,#8513,.T.);
#8515=CARTESIAN_POINT('',(133.500070414,102.121602286,3.000276231));
#8516=VERTEX_POINT('',#8515);
#8517=CARTESIAN_POINT('',(133.5,93.921657208,3.006343632));
#8518=CARTESIAN_POINT('',(133.5,102.121602286,3.006343634));
#8519=B_SPLINE_CURVE_WITH_KNOTS('',1,(#8517,#8518),.UNSPECIFIED.,.F.,.F.,(2,2),(0.000000172,0.999993475),.UNSPECIFIED.);
#8520=EDGE_CURVE('',#8509,#8516,#8519,.T.);
#8521=ORIENTED_EDGE('',*,*,#8520,.T.);
#8522=CARTESIAN_POINT('',(133.5,110.821655794,3.006343636));
#8523=VERTEX_POINT('',#8522);
#8524=CARTESIAN_POINT('',(133.5,102.121655794,3.006343634));
#8525=CARTESIAN_POINT('',(133.5,110.821655794,3.006343636));
#8526=B_SPLINE_CURVE_WITH_KNOTS('',1,(#8524,#8525),.UNSPECIFIED.,.F.,.F.,(2,2),(0.,1.),.UNSPECIFIED.);
#8527=EDGE_CURVE('',#8516,#8523,#8526,.T.);
#8528=ORIENTED_EDGE('',*,*,#8527,.T.);
#8529=CARTESIAN_POINT('',(133.5,112.076977426,1.751022005));
#8530=VERTEX_POINT('',#8529);
#8531=CARTESIAN_POINT('',(133.5,110.821655794,3.006343636));
#8532=CARTESIAN_POINT('',(133.5,110.985880896,3.006343636));
#8533=CARTESIAN_POINT('',(133.5,111.150114509,2.973720293));
#8534=CARTESIAN_POINT('',(133.5,111.453978661,2.84785564));
#8535=CARTESIAN_POINT('',(133.5,111.593111145,2.75485953));
#8536=CARTESIAN_POINT('',(133.5,111.82549332,2.522477355));
#8537=CARTESIAN_POINT('',(133.5,111.91848943,2.383344872));
#8538=CARTESIAN_POINT('',(133.5,112.044354083,2.079480719));
#8539=CARTESIAN_POINT('',(133.5,112.076977426,1.915247106));
#8540=CARTESIAN_POINT('',(133.5,112.076977426,1.751022005));
#8541=B_SPLINE_CURVE_WITH_KNOTS('',3,(#8531,#8532,#8533,#8534,#8535,#8536,#8537,#8538,#8539,#8540),.UNSPECIFIED.,.F.,.F.,(4,2,2,2,4),(0.860057383,0.871742345,0.883427307,0.895112269,0.906797231),.UNSPECIFIED.);
#8542=EDGE_CURVE('',#8523,#8530,#8541,.T.);
#8543=ORIENTED_EDGE('',*,*,#8542,.T.);
#8544=CARTESIAN_POINT('',(133.5,112.076977426,-0.128351778));
#8545=VERTEX_POINT('',#8544);
#8546=CARTESIAN_POINT('',(133.5,112.076977426,1.751022005));
#8547=CARTESIAN_POINT('',(133.5,112.076977426,1.124564825));
#8548=CARTESIAN_POINT('',(133.5,112.076977426,0.498107645));
#8549=CARTESIAN_POINT('',(133.5,112.076977426,-0.128349534));
#8550=B_SPLINE_CURVE_WITH_KNOTS('',3,(#8546,#8547,#8548,#8549),.UNSPECIFIED.,.F.,.F.,(4,4),(0.906797231,1.),.UNSPECIFIED.);
#8551=EDGE_CURVE('',#8530,#8545,#8550,.T.);
#8552=ORIENTED_EDGE('',*,*,#8551,.T.);
#8553=CARTESIAN_POINT('',(133.5,112.076977426,-0.128354021));
#8554=CARTESIAN_POINT('',(133.5,112.076976284,-0.293050876));
#8555=CARTESIAN_POINT('',(133.5,112.044220497,-0.457239056));
#8556=CARTESIAN_POINT('',(133.5,111.918371162,-0.76084118));
#8557=CARTESIAN_POINT('',(133.5,111.82548727,-0.899808521));
#8558=CARTESIAN_POINT('',(133.5,111.593104248,-1.132188154));
#8559=CARTESIAN_POINT('',(133.5,111.454135552,-1.225070018));
#8560=CARTESIAN_POINT('',(133.5,111.150531593,-1.350914926));
#8561=CARTESIAN_POINT('',(133.5,110.986342935,-1.383668318));
#8562=CARTESIAN_POINT('',(133.5,110.82164608,-1.383667057));
#8563=B_SPLINE_CURVE_WITH_KNOTS('',3,(#8553,#8554,#8555,#8556,#8557,#8558,#8559,#8560,#8561,#8562),.UNSPECIFIED.,.F.,.F.,(4,2,2,2,4),(0.,0.25,0.5,0.75,1.),.UNSPECIFIED.);
#8564=EDGE_CURVE('',#8545,#8454,#8563,.T.);
#8565=ORIENTED_EDGE('',*,*,#8564,.T.);
#8566=EDGE_LOOP('',(#8461,#8468,#8483,#8492,#8507,#8514,#8521,#8528,#8543,#8552,#8565));
#8567=FACE_BOUND('',#8566,.T.);
#8568=ADVANCED_FACE('',(#8452,#8567),#8418,.T.);
#8569=CARTESIAN_POINT('',(133.5,92.571654578,-0.728345425));
#8570=DIRECTION('',(-0.,0.,1.));
#8571=DIRECTION('',(-0.,1.,-0.));
#8572=AXIS2_PLACEMENT_3D('',#8569,#8570,#8571);
#8573=PLANE('',#8572);
#8574=CARTESIAN_POINT('',(133.158861149,110.821651151,-0.728345422));
#8575=VERTEX_POINT('',#8574);
#8576=CARTESIAN_POINT('',(132.7,110.821654578,-0.72834543));
#8577=VERTEX_POINT('',#8576);
#8578=CARTESIAN_POINT('',(133.158861149,110.821654578,-0.72834543));
#8579=DIRECTION('',(-1.,0.,-0.));
#8580=VECTOR('',#8579,0.458861149);
#8581=LINE('',#8578,#8580);
#8582=EDGE_CURVE('',#8575,#8577,#8581,.T.);
#8583=ORIENTED_EDGE('',*,*,#8582,.T.);
#8584=CARTESIAN_POINT('',(132.7,93.421654578,-0.728345426));
#8585=VERTEX_POINT('',#8584);
#8586=CARTESIAN_POINT('',(132.7,93.421654578,-0.728345426));
#8587=DIRECTION('',(-0.,1.,-0.));
#8588=VECTOR('',#8587,17.4);
#8589=LINE('',#8586,#8588);
#8590=EDGE_CURVE('',#8585,#8577,#8589,.T.);
#8591=ORIENTED_EDGE('',*,*,#8590,.F.);
#8592=CARTESIAN_POINT('',(133.159083512,93.421654596,-0.728032947));
#8593=VERTEX_POINT('',#8592);
#8594=CARTESIAN_POINT('',(132.7,93.421654578,-0.728345426));
#8595=DIRECTION('',(1.,-0.,0.));
#8596=VECTOR('',#8595,0.459083512);
#8597=LINE('',#8594,#8596);
#8598=EDGE_CURVE('',#8585,#8593,#8597,.T.);
#8599=ORIENTED_EDGE('',*,*,#8598,.T.);
#8600=CARTESIAN_POINT('',(133.158861149,94.421655795,-0.728345426));
#8601=VERTEX_POINT('',#8600);
#8602=CARTESIAN_POINT('',(133.158861149,94.421655795,-0.728345426));
#8603=DIRECTION('',(0.,-1.,0.));
#8604=VECTOR('',#8603,1.000001199);
#8605=LINE('',#8602,#8604);
#8606=EDGE_CURVE('',#8601,#8593,#8605,.T.);
#8607=ORIENTED_EDGE('',*,*,#8606,.F.);
#8608=CARTESIAN_POINT('',(133.158861149,110.821651151,-0.72834543));
#8609=DIRECTION('',(0.,-1.,0.));
#8610=VECTOR('',#8609,16.399995357);
#8611=LINE('',#8608,#8610);
#8612=EDGE_CURVE('',#8575,#8601,#8611,.T.);
#8613=ORIENTED_EDGE('',*,*,#8612,.F.);
#8614=EDGE_LOOP('',(#8583,#8591,#8599,#8607,#8613));
#8615=FACE_BOUND('',#8614,.T.);
#8616=ADVANCED_FACE('',(#8615),#8573,.T.);
#8617=CARTESIAN_POINT('',(133.5,92.571654579,2.351022005));
#8618=DIRECTION('',(-0.,0.,1.));
#8619=DIRECTION('',(-0.,1.,-0.));
#8620=AXIS2_PLACEMENT_3D('',#8617,#8618,#8619);
#8621=PLANE('',#8620);
#8622=CARTESIAN_POINT('',(132.7,110.821654578,2.351022));
#8623=VERTEX_POINT('',#8622);
#8624=CARTESIAN_POINT('',(133.158861149,110.821655794,2.351022001));
#8625=VERTEX_POINT('',#8624);
#8626=CARTESIAN_POINT('',(132.7,110.821654578,2.351022));
#8627=DIRECTION('',(1.,-0.,0.));
#8628=VECTOR('',#8627,0.458861149);
#8629=LINE('',#8626,#8628);
#8630=EDGE_CURVE('',#8623,#8625,#8629,.T.);
#8631=ORIENTED_EDGE('',*,*,#8630,.T.);
#8632=CARTESIAN_POINT('',(133.158861149,102.621655794,2.351021998));
#8633=VERTEX_POINT('',#8632);
#8634=CARTESIAN_POINT('',(133.158861149,102.621655794,2.351022003));
#8635=DIRECTION('',(-0.,1.,-0.));
#8636=VECTOR('',#8635,8.2);
#8637=LINE('',#8634,#8636);
#8638=EDGE_CURVE('',#8633,#8625,#8637,.T.);
#8639=ORIENTED_EDGE('',*,*,#8638,.F.);
#8640=CARTESIAN_POINT('',(133.158861149,94.421655794,2.351021996));
#8641=VERTEX_POINT('',#8640);
#8642=CARTESIAN_POINT('',(133.158861149,94.421655794,2.351022005));
#8643=DIRECTION('',(-0.,1.,-0.));
#8644=VECTOR('',#8643,8.2);
#8645=LINE('',#8642,#8644);
#8646=EDGE_CURVE('',#8641,#8633,#8645,.T.);
#8647=ORIENTED_EDGE('',*,*,#8646,.F.);
#8648=CARTESIAN_POINT('',(133.159055512,93.421655273,2.350736425));
#8649=VERTEX_POINT('',#8648);
#8650=CARTESIAN_POINT('',(133.158861149,93.421655273,2.351022005));
#8651=DIRECTION('',(-0.,1.,-0.));
#8652=VECTOR('',#8651,1.000000521);
#8653=LINE('',#8650,#8652);
#8654=EDGE_CURVE('',#8649,#8641,#8653,.T.);
#8655=ORIENTED_EDGE('',*,*,#8654,.F.);
#8656=CARTESIAN_POINT('',(132.7,93.421654578,2.351022005));
#8657=VERTEX_POINT('',#8656);
#8658=CARTESIAN_POINT('',(133.159055512,93.421654578,2.351022005));
#8659=DIRECTION('',(-1.,0.,-0.));
#8660=VECTOR('',#8659,0.459055512);
#8661=LINE('',#8658,#8660);
#8662=EDGE_CURVE('',#8649,#8657,#8661,.T.);
#8663=ORIENTED_EDGE('',*,*,#8662,.T.);
#8664=CARTESIAN_POINT('',(132.7,93.421654578,2.351022005));
#8665=DIRECTION('',(-0.,1.,-0.));
#8666=VECTOR('',#8665,17.4);
#8667=LINE('',#8664,#8666);
#8668=EDGE_CURVE('',#8657,#8623,#8667,.T.);
#8669=ORIENTED_EDGE('',*,*,#8668,.T.);
#8670=EDGE_LOOP('',(#8631,#8639,#8647,#8655,#8663,#8669));
#8671=FACE_BOUND('',#8670,.T.);
#8672=ADVANCED_FACE('',(#8671),#8621,.F.);
#8673=CARTESIAN_POINT('',(132.7,102.121654578,-3.128345417));
#8674=DIRECTION('',(1.,0.,0.));
#8675=DIRECTION('',(0.,0.,-1.));
#8676=AXIS2_PLACEMENT_3D('',#8673,#8674,#8675);
#8677=PLANE('',#8676);
#8678=ORIENTED_EDGE('',*,*,#7927,.F.);
#8679=CARTESIAN_POINT('',(132.7,90.121654578,10.721654584));
#8680=VERTEX_POINT('',#8679);
#8681=CARTESIAN_POINT('',(132.7,90.121654578,-2.328345422));
#8682=DIRECTION('',(0.,0.,1.));
#8683=VECTOR('',#8682,13.050000006);
#8684=LINE('',#8681,#8683);
#8685=EDGE_CURVE('',#7913,#8680,#8684,.T.);
#8686=ORIENTED_EDGE('',*,*,#8685,.T.);
#8687=CARTESIAN_POINT('',(132.7,114.121654578,10.721654584));
#8688=VERTEX_POINT('',#8687);
#8689=CARTESIAN_POINT('',(132.7,90.121654578,10.721654584));
#8690=DIRECTION('',(-0.,1.,0.));
#8691=VECTOR('',#8690,24.);
#8692=LINE('',#8689,#8691);
#8693=EDGE_CURVE('',#8680,#8688,#8692,.T.);
#8694=ORIENTED_EDGE('',*,*,#8693,.T.);
#8695=CARTESIAN_POINT('',(132.7,114.121654578,-2.328345422));
#8696=DIRECTION('',(0.,0.,1.));
#8697=VECTOR('',#8696,13.050000006);
#8698=LINE('',#8695,#8697);
#8699=EDGE_CURVE('',#7922,#8688,#8698,.T.);
#8700=ORIENTED_EDGE('',*,*,#8699,.F.);
#8701=EDGE_LOOP('',(#8678,#8686,#8694,#8700));
#8702=FACE_BOUND('',#8701,.T.);
#8703=ORIENTED_EDGE('',*,*,#8668,.F.);
#8704=CARTESIAN_POINT('',(132.7,92.821654578,1.751022005));
#8705=VERTEX_POINT('',#8704);
#8706=CARTESIAN_POINT('',(132.7,93.421654578,1.751022005));
#8707=DIRECTION('',(1.,0.,-0.));
#8708=DIRECTION('',(0.,-1.,0.));
#8709=AXIS2_PLACEMENT_3D('',#8706,#8707,#8708);
#8710=CIRCLE('',#8709,0.6);
#8711=EDGE_CURVE('',#8657,#8705,#8710,.T.);
#8712=ORIENTED_EDGE('',*,*,#8711,.T.);
#8713=CARTESIAN_POINT('',(132.7,92.821654578,-0.128345426));
#8714=VERTEX_POINT('',#8713);
#8715=CARTESIAN_POINT('',(132.7,92.821654578,1.751022005));
#8716=DIRECTION('',(0.,-0.,-1.));
#8717=VECTOR('',#8716,1.879367431);
#8718=LINE('',#8715,#8717);
#8719=EDGE_CURVE('',#8705,#8714,#8718,.T.);
#8720=ORIENTED_EDGE('',*,*,#8719,.T.);
#8721=CARTESIAN_POINT('',(132.7,93.421654578,-0.128345426));
#8722=DIRECTION('',(1.,0.,-0.));
#8723=DIRECTION('',(0.,-1.,0.));
#8724=AXIS2_PLACEMENT_3D('',#8721,#8722,#8723);
#8725=CIRCLE('',#8724,0.6);
#8726=EDGE_CURVE('',#8714,#8585,#8725,.T.);
#8727=ORIENTED_EDGE('',*,*,#8726,.T.);
#8728=ORIENTED_EDGE('',*,*,#8590,.T.);
#8729=CARTESIAN_POINT('',(132.7,111.421654578,-0.12834543));
#8730=VERTEX_POINT('',#8729);
#8731=CARTESIAN_POINT('',(132.7,110.821654578,-0.12834543));
#8732=DIRECTION('',(1.,0.,-0.));
#8733=DIRECTION('',(0.,-1.,0.));
#8734=AXIS2_PLACEMENT_3D('',#8731,#8732,#8733);
#8735=CIRCLE('',#8734,0.6);
#8736=EDGE_CURVE('',#8577,#8730,#8735,.T.);
#8737=ORIENTED_EDGE('',*,*,#8736,.T.);
#8738=CARTESIAN_POINT('',(132.7,111.421654578,1.751022));
#8739=VERTEX_POINT('',#8738);
#8740=CARTESIAN_POINT('',(132.7,111.421654578,-0.12834543));
#8741=DIRECTION('',(0.,-0.,1.));
#8742=VECTOR('',#8741,1.879367431);
#8743=LINE('',#8740,#8742);
#8744=EDGE_CURVE('',#8730,#8739,#8743,.T.);
#8745=ORIENTED_EDGE('',*,*,#8744,.T.);
#8746=CARTESIAN_POINT('',(132.7,110.821654578,1.751022));
#8747=DIRECTION('',(1.,0.,-0.));
#8748=DIRECTION('',(0.,-1.,0.));
#8749=AXIS2_PLACEMENT_3D('',#8746,#8747,#8748);
#8750=CIRCLE('',#8749,0.6);
#8751=EDGE_CURVE('',#8739,#8623,#8750,.T.);
#8752=ORIENTED_EDGE('',*,*,#8751,.T.);
#8753=EDGE_LOOP('',(#8703,#8712,#8720,#8727,#8728,#8737,#8745,#8752));
#8754=FACE_BOUND('',#8753,.T.);
#8755=ADVANCED_FACE('',(#8702,#8754),#8677,.F.);
#8756=CARTESIAN_POINT('',(133.5,110.821654578,1.751022));
#8757=DIRECTION('',(-1.,0.,-0.));
#8758=DIRECTION('',(-0.,0.,1.));
#8759=AXIS2_PLACEMENT_3D('',#8756,#8757,#8758);
#8760=CYLINDRICAL_SURFACE('',#8759,0.6);
#8761=CARTESIAN_POINT('',(133.158861149,111.42165579,1.751022005));
#8762=VERTEX_POINT('',#8761);
#8763=CARTESIAN_POINT('',(133.158861149,110.821654578,1.751022));
#8764=DIRECTION('',(-1.,0.,-0.));
#8765=DIRECTION('',(-0.,0.,1.));
#8766=AXIS2_PLACEMENT_3D('',#8763,#8764,#8765);
#8767=CIRCLE('',#8766,0.6);
#8768=EDGE_CURVE('',#8625,#8762,#8767,.T.);
#8769=ORIENTED_EDGE('',*,*,#8768,.F.);
#8770=ORIENTED_EDGE('',*,*,#8630,.F.);
#8771=ORIENTED_EDGE('',*,*,#8751,.F.);
#8772=CARTESIAN_POINT('',(133.158861149,111.421654578,1.751022));
#8773=DIRECTION('',(-1.,0.,-0.));
#8774=VECTOR('',#8773,0.458861149);
#8775=LINE('',#8772,#8774);
#8776=EDGE_CURVE('',#8762,#8739,#8775,.T.);
#8777=ORIENTED_EDGE('',*,*,#8776,.F.);
#8778=EDGE_LOOP('',(#8769,#8770,#8771,#8777));
#8779=FACE_BOUND('',#8778,.T.);
#8780=ADVANCED_FACE('',(#8779),#8760,.F.);
#8781=CARTESIAN_POINT('',(133.5,110.821654578,-0.12834543));
#8782=DIRECTION('',(1.,-0.,0.));
#8783=DIRECTION('',(0.,0.,-1.));
#8784=AXIS2_PLACEMENT_3D('',#8781,#8782,#8783);
#8785=CYLINDRICAL_SURFACE('',#8784,0.6);
#8786=CARTESIAN_POINT('',(133.158861149,111.421654578,-0.12834543));
#8787=VERTEX_POINT('',#8786);
#8788=CARTESIAN_POINT('',(133.158861149,110.821654578,-0.12834543));
#8789=DIRECTION('',(-1.,0.,-0.));
#8790=DIRECTION('',(0.,0.,-1.));
#8791=AXIS2_PLACEMENT_3D('',#8788,#8789,#8790);
#8792=CIRCLE('',#8791,0.6);
#8793=EDGE_CURVE('',#8787,#8575,#8792,.T.);
#8794=ORIENTED_EDGE('',*,*,#8793,.F.);
#8795=CARTESIAN_POINT('',(132.7,111.421654578,-0.12834543));
#8796=DIRECTION('',(1.,-0.,0.));
#8797=VECTOR('',#8796,0.458861149);
#8798=LINE('',#8795,#8797);
#8799=EDGE_CURVE('',#8730,#8787,#8798,.T.);
#8800=ORIENTED_EDGE('',*,*,#8799,.F.);
#8801=ORIENTED_EDGE('',*,*,#8736,.F.);
#8802=ORIENTED_EDGE('',*,*,#8582,.F.);
#8803=EDGE_LOOP('',(#8794,#8800,#8801,#8802));
#8804=FACE_BOUND('',#8803,.T.);
#8805=ADVANCED_FACE('',(#8804),#8785,.F.);
#8806=CARTESIAN_POINT('',(100.,117.321654578,-3.128345417));
#8807=DIRECTION('',(0.,1.,0.));
#8808=DIRECTION('',(0.,0.,1.));
#8809=AXIS2_PLACEMENT_3D('',#8806,#8807,#8808);
#8810=PLANE('',#8809);
#8811=ORIENTED_EDGE('',*,*,#7944,.F.);
#8812=CARTESIAN_POINT('',(129.5,117.321654578,10.721654584));
#8813=VERTEX_POINT('',#8812);
#8814=CARTESIAN_POINT('',(129.5,117.321654578,-2.328345422));
#8815=DIRECTION('',(0.,0.,1.));
#8816=VECTOR('',#8815,13.050000006);
#8817=LINE('',#8814,#8816);
#8818=EDGE_CURVE('',#7930,#8813,#8817,.T.);
#8819=ORIENTED_EDGE('',*,*,#8818,.T.);
#8820=CARTESIAN_POINT('',(70.5,117.321654578,10.721654584));
#8821=VERTEX_POINT('',#8820);
#8822=CARTESIAN_POINT('',(70.5,117.321654578,10.721654584));
#8823=DIRECTION('',(1.,0.,-0.));
#8824=VECTOR('',#8823,59.);
#8825=LINE('',#8822,#8824);
#8826=EDGE_CURVE('',#8821,#8813,#8825,.T.);
#8827=ORIENTED_EDGE('',*,*,#8826,.F.);
#8828=CARTESIAN_POINT('',(70.5,117.321654578,-2.328345422));
#8829=DIRECTION('',(0.,0.,1.));
#8830=VECTOR('',#8829,13.050000006);
#8831=LINE('',#8828,#8830);
#8832=EDGE_CURVE('',#7939,#8821,#8831,.T.);
#8833=ORIENTED_EDGE('',*,*,#8832,.F.);
#8834=EDGE_LOOP('',(#8811,#8819,#8827,#8833));
#8835=FACE_BOUND('',#8834,.T.);
#8836=CARTESIAN_POINT('',(74.000001434,117.321654578,9.971654584));
#8837=VERTEX_POINT('',#8836);
#8838=CARTESIAN_POINT('',(74.000001434,117.321654578,8.371654584));
#8839=VERTEX_POINT('',#8838);
#8840=CARTESIAN_POINT('',(74.000001434,117.321654578,9.971654584));
#8841=DIRECTION('',(0.,0.,-1.));
#8842=VECTOR('',#8841,1.6);
#8843=LINE('',#8840,#8842);
#8844=EDGE_CURVE('',#8837,#8839,#8843,.T.);
#8845=ORIENTED_EDGE('',*,*,#8844,.F.);
#8846=CARTESIAN_POINT('',(126.025024749,117.321654578,9.971654584));
#8847=VERTEX_POINT('',#8846);
#8848=CARTESIAN_POINT('',(74.000001434,117.321654578,9.971654584));
#8849=DIRECTION('',(1.,0.,-0.));
#8850=VECTOR('',#8849,52.025023315);
#8851=LINE('',#8848,#8850);
#8852=EDGE_CURVE('',#8837,#8847,#8851,.T.);
#8853=ORIENTED_EDGE('',*,*,#8852,.T.);
#8854=CARTESIAN_POINT('',(126.025024749,117.321654578,8.371654584));
#8855=VERTEX_POINT('',#8854);
#8856=CARTESIAN_POINT('',(126.025024749,117.321654578,9.971654584));
#8857=DIRECTION('',(0.,0.,-1.));
#8858=VECTOR('',#8857,1.6);
#8859=LINE('',#8856,#8858);
#8860=EDGE_CURVE('',#8847,#8855,#8859,.T.);
#8861=ORIENTED_EDGE('',*,*,#8860,.T.);
#8862=CARTESIAN_POINT('',(74.000001434,117.321654578,8.371654584));
#8863=DIRECTION('',(1.,0.,-0.));
#8864=VECTOR('',#8863,52.025023315);
#8865=LINE('',#8862,#8864);
#8866=EDGE_CURVE('',#8839,#8855,#8865,.T.);
#8867=ORIENTED_EDGE('',*,*,#8866,.F.);
#8868=EDGE_LOOP('',(#8845,#8853,#8861,#8867));
#8869=FACE_BOUND('',#8868,.T.);
#8870=ADVANCED_FACE('',(#8835,#8869),#8810,.F.);
#8871=CARTESIAN_POINT('',(70.5,86.521654578,-3.128345422));
#8872=DIRECTION('',(-1.,0.,0.));
#8873=DIRECTION('',(0.,0.,1.));
#8874=AXIS2_PLACEMENT_3D('',#8871,#8872,#8873);
#8875=PLANE('',#8874);
#8876=CARTESIAN_POINT('',(70.5,86.121654578,-2.473023791));
#8877=VERTEX_POINT('',#8876);
#8878=CARTESIAN_POINT('',(70.5,86.121654578,9.921654584));
#8879=VERTEX_POINT('',#8878);
#8880=CARTESIAN_POINT('',(70.5,86.121654578,-2.473023791));
#8881=DIRECTION('',(0.,0.,1.));
#8882=VECTOR('',#8881,12.394678375);
#8883=LINE('',#8880,#8882);
#8884=EDGE_CURVE('',#8877,#8879,#8883,.T.);
#8885=ORIENTED_EDGE('',*,*,#8884,.F.);
#8886=CARTESIAN_POINT('',(70.5,86.462793429,-3.128345426));
#8887=VERTEX_POINT('',#8886);
#8888=CARTESIAN_POINT('',(70.5,86.921654578,-2.473023791));
#8889=DIRECTION('',(1.,0.,-0.));
#8890=DIRECTION('',(0.,0.,1.));
#8891=AXIS2_PLACEMENT_3D('',#8888,#8889,#8890);
#8892=CIRCLE('',#8891,0.8);
#8893=EDGE_CURVE('',#8877,#8887,#8892,.T.);
#8894=ORIENTED_EDGE('',*,*,#8893,.T.);
#8895=CARTESIAN_POINT('',(70.5,87.121654578,-3.128345422));
#8896=VERTEX_POINT('',#8895);
#8897=CARTESIAN_POINT('',(70.5,87.121654578,-3.128345422));
#8898=DIRECTION('',(0.,-1.,-0.));
#8899=VECTOR('',#8898,0.658861149);
#8900=LINE('',#8897,#8899);
#8901=EDGE_CURVE('',#8896,#8887,#8900,.T.);
#8902=ORIENTED_EDGE('',*,*,#8901,.F.);
#8903=CARTESIAN_POINT('',(70.5,87.121654578,-3.128345422));
#8904=DIRECTION('',(0.,0.,1.));
#8905=VECTOR('',#8904,0.8);
#8906=LINE('',#8903,#8905);
#8907=EDGE_CURVE('',#8896,#7895,#8906,.T.);
#8908=ORIENTED_EDGE('',*,*,#8907,.T.);
#8909=ORIENTED_EDGE('',*,*,#7976,.F.);
#8910=CARTESIAN_POINT('',(70.5,86.921654578,10.721654584));
#8911=VERTEX_POINT('',#8910);
#8912=CARTESIAN_POINT('',(70.5,86.921654578,-2.328345422));
#8913=DIRECTION('',(0.,0.,1.));
#8914=VECTOR('',#8913,13.050000006);
#8915=LINE('',#8912,#8914);
#8916=EDGE_CURVE('',#7964,#8911,#8915,.T.);
#8917=ORIENTED_EDGE('',*,*,#8916,.T.);
#8918=CARTESIAN_POINT('',(70.5,86.921654578,9.921654584));
#8919=DIRECTION('',(1.,0.,0.));
#8920=DIRECTION('',(0.,0.,-1.));
#8921=AXIS2_PLACEMENT_3D('',#8918,#8919,#8920);
#8922=CIRCLE('',#8921,0.8);
#8923=EDGE_CURVE('',#8911,#8879,#8922,.T.);
#8924=ORIENTED_EDGE('',*,*,#8923,.T.);
#8925=EDGE_LOOP('',(#8885,#8894,#8902,#8908,#8909,#8917,#8924));
#8926=FACE_BOUND('',#8925,.T.);
#8927=ADVANCED_FACE('',(#8926),#8875,.F.);
#8928=CARTESIAN_POINT('',(100.,102.121654578,-3.128345422));
#8929=DIRECTION('',(0.,0.,-1.));
#8930=DIRECTION('',(0.,1.,0.));
#8931=AXIS2_PLACEMENT_3D('',#8928,#8929,#8930);
#8932=PLANE('',#8931);
#8933=CARTESIAN_POINT('',(129.5,86.462793429,-3.128345422));
#8934=VERTEX_POINT('',#8933);
#8935=CARTESIAN_POINT('',(133.158861149,90.121654578,-3.128345422));
#8936=VERTEX_POINT('',#8935);
#8937=CARTESIAN_POINT('',(129.5,90.121654578,-3.128345422));
#8938=DIRECTION('',(0.,-0.,1.));
#8939=DIRECTION('',(0.,-1.,-0.));
#8940=AXIS2_PLACEMENT_3D('',#8937,#8938,#8939);
#8941=CIRCLE('',#8940,3.658861149);
#8942=EDGE_CURVE('',#8934,#8936,#8941,.T.);
#8943=ORIENTED_EDGE('',*,*,#8942,.F.);
#8944=CARTESIAN_POINT('',(129.5,87.121654578,-3.128345422));
#8945=VERTEX_POINT('',#8944);
#8946=CARTESIAN_POINT('',(129.5,87.121654578,-3.128345417));
#8947=DIRECTION('',(0.,-1.,-0.));
#8948=VECTOR('',#8947,0.658861149);
#8949=LINE('',#8946,#8948);
#8950=EDGE_CURVE('',#8945,#8934,#8949,.T.);
#8951=ORIENTED_EDGE('',*,*,#8950,.F.);
#8952=CARTESIAN_POINT('',(70.5,87.121654578,-3.128345422));
#8953=DIRECTION('',(1.,0.,-0.));
#8954=VECTOR('',#8953,59.);
#8955=LINE('',#8952,#8954);
#8956=EDGE_CURVE('',#8896,#8945,#8955,.T.);
#8957=ORIENTED_EDGE('',*,*,#8956,.F.);
#8958=ORIENTED_EDGE('',*,*,#8901,.T.);
#8959=CARTESIAN_POINT('',(66.841138851,90.121654578,-3.128345422));
#8960=VERTEX_POINT('',#8959);
#8961=CARTESIAN_POINT('',(70.5,90.121654578,-3.128345426));
#8962=DIRECTION('',(0.,-0.,1.));
#8963=DIRECTION('',(-1.,0.,0.));
#8964=AXIS2_PLACEMENT_3D('',#8961,#8962,#8963);
#8965=CIRCLE('',#8964,3.658861149);
#8966=EDGE_CURVE('',#8960,#8887,#8965,.T.);
#8967=ORIENTED_EDGE('',*,*,#8966,.F.);
#8968=CARTESIAN_POINT('',(66.841138851,114.121654578,-3.128345422));
#8969=VERTEX_POINT('',#8968);
#8970=CARTESIAN_POINT('',(66.841138851,114.121654578,-3.128345422));
#8971=DIRECTION('',(0.,-1.,-0.));
#8972=VECTOR('',#8971,24.);
#8973=LINE('',#8970,#8972);
#8974=EDGE_CURVE('',#8969,#8960,#8973,.T.);
#8975=ORIENTED_EDGE('',*,*,#8974,.F.);
#8976=CARTESIAN_POINT('',(70.5,117.780515727,-3.128345422));
#8977=VERTEX_POINT('',#8976);
#8978=CARTESIAN_POINT('',(70.5,114.121654578,-3.128345422));
#8979=DIRECTION('',(0.,-0.,1.));
#8980=DIRECTION('',(0.,1.,0.));
#8981=AXIS2_PLACEMENT_3D('',#8978,#8979,#8980);
#8982=CIRCLE('',#8981,3.658861149);
#8983=EDGE_CURVE('',#8977,#8969,#8982,.T.);
#8984=ORIENTED_EDGE('',*,*,#8983,.F.);
#8985=CARTESIAN_POINT('',(129.5,117.780515727,-3.128345417));
#8986=VERTEX_POINT('',#8985);
#8987=CARTESIAN_POINT('',(129.5,117.780515727,-3.128345422));
#8988=DIRECTION('',(-1.,0.,0.));
#8989=VECTOR('',#8988,59.);
#8990=LINE('',#8987,#8989);
#8991=EDGE_CURVE('',#8986,#8977,#8990,.T.);
#8992=ORIENTED_EDGE('',*,*,#8991,.F.);
#8993=CARTESIAN_POINT('',(133.158861149,114.121654578,-3.128345422));
#8994=VERTEX_POINT('',#8993);
#8995=CARTESIAN_POINT('',(129.5,114.121654578,-3.128345417));
#8996=DIRECTION('',(0.,-0.,1.));
#8997=DIRECTION('',(1.,0.,0.));
#8998=AXIS2_PLACEMENT_3D('',#8995,#8996,#8997);
#8999=CIRCLE('',#8998,3.658861149);
#9000=EDGE_CURVE('',#8994,#8986,#8999,.T.);
#9001=ORIENTED_EDGE('',*,*,#9000,.F.);
#9002=CARTESIAN_POINT('',(133.158861149,90.121654578,-3.128345422));
#9003=DIRECTION('',(0.,1.,0.));
#9004=VECTOR('',#9003,24.);
#9005=LINE('',#9002,#9004);
#9006=EDGE_CURVE('',#8936,#8994,#9005,.T.);
#9007=ORIENTED_EDGE('',*,*,#9006,.F.);
#9008=EDGE_LOOP('',(#8943,#8951,#8957,#8958,#8967,#8975,#8984,#8992,#9001,#9007));
#9009=FACE_BOUND('',#9008,.T.);
#9010=ADVANCED_FACE('',(#9009),#8932,.T.);
#9011=CARTESIAN_POINT('',(100.,118.121654578,-3.128345417));
#9012=DIRECTION('',(0.,1.,0.));
#9013=DIRECTION('',(0.,0.,1.));
#9014=AXIS2_PLACEMENT_3D('',#9011,#9012,#9013);
#9015=PLANE('',#9014);
#9016=CARTESIAN_POINT('',(129.5,118.121654578,-2.473023786));
#9017=VERTEX_POINT('',#9016);
#9018=CARTESIAN_POINT('',(129.5,118.121654578,9.921654584));
#9019=VERTEX_POINT('',#9018);
#9020=CARTESIAN_POINT('',(129.5,118.121654578,-2.473023786));
#9021=DIRECTION('',(0.,0.,1.));
#9022=VECTOR('',#9021,12.39467837);
#9023=LINE('',#9020,#9022);
#9024=EDGE_CURVE('',#9017,#9019,#9023,.T.);
#9025=ORIENTED_EDGE('',*,*,#9024,.F.);
#9026=CARTESIAN_POINT('',(70.5,118.121654578,-2.473023786));
#9027=VERTEX_POINT('',#9026);
#9028=CARTESIAN_POINT('',(129.5,118.121654578,-2.473023786));
#9029=DIRECTION('',(-1.,0.,0.));
#9030=VECTOR('',#9029,59.);
#9031=LINE('',#9028,#9030);
#9032=EDGE_CURVE('',#9017,#9027,#9031,.T.);
#9033=ORIENTED_EDGE('',*,*,#9032,.T.);
#9034=CARTESIAN_POINT('',(70.5,118.121654578,9.921654584));
#9035=VERTEX_POINT('',#9034);
#9036=CARTESIAN_POINT('',(70.5,118.121654578,-2.473023786));
#9037=DIRECTION('',(0.,0.,1.));
#9038=VECTOR('',#9037,12.39467837);
#9039=LINE('',#9036,#9038);
#9040=EDGE_CURVE('',#9027,#9035,#9039,.T.);
#9041=ORIENTED_EDGE('',*,*,#9040,.T.);
#9042=CARTESIAN_POINT('',(70.5,118.121654578,9.921654584));
#9043=DIRECTION('',(1.,0.,-0.));
#9044=VECTOR('',#9043,59.);
#9045=LINE('',#9042,#9044);
#9046=EDGE_CURVE('',#9035,#9019,#9045,.T.);
#9047=ORIENTED_EDGE('',*,*,#9046,.T.);
#9048=EDGE_LOOP('',(#9025,#9033,#9041,#9047));
#9049=FACE_BOUND('',#9048,.T.);
#9050=ADVANCED_FACE('',(#9049),#9015,.T.);
#9051=CARTESIAN_POINT('',(129.5,86.521654578,-3.128345417));
#9052=DIRECTION('',(-1.,0.,0.));
#9053=DIRECTION('',(0.,0.,1.));
#9054=AXIS2_PLACEMENT_3D('',#9051,#9052,#9053);
#9055=PLANE('',#9054);
#9056=CARTESIAN_POINT('',(129.5,86.121654578,-2.473023786));
#9057=VERTEX_POINT('',#9056);
#9058=CARTESIAN_POINT('',(129.5,86.921654578,-2.473023786));
#9059=DIRECTION('',(1.,0.,-0.));
#9060=DIRECTION('',(0.,0.,1.));
#9061=AXIS2_PLACEMENT_3D('',#9058,#9059,#9060);
#9062=CIRCLE('',#9061,0.8);
#9063=EDGE_CURVE('',#9057,#8934,#9062,.T.);
#9064=ORIENTED_EDGE('',*,*,#9063,.F.);
#9065=CARTESIAN_POINT('',(129.5,86.121654578,9.921654584));
#9066=VERTEX_POINT('',#9065);
#9067=CARTESIAN_POINT('',(129.5,86.121654578,-2.473023786));
#9068=DIRECTION('',(0.,0.,1.));
#9069=VECTOR('',#9068,12.39467837);
#9070=LINE('',#9067,#9069);
#9071=EDGE_CURVE('',#9057,#9066,#9070,.T.);
#9072=ORIENTED_EDGE('',*,*,#9071,.T.);
#9073=CARTESIAN_POINT('',(129.5,86.921654578,10.721654584));
#9074=VERTEX_POINT('',#9073);
#9075=CARTESIAN_POINT('',(129.5,86.921654578,9.921654584));
#9076=DIRECTION('',(-1.,-0.,-0.));
#9077=DIRECTION('',(0.,0.,-1.));
#9078=AXIS2_PLACEMENT_3D('',#9075,#9076,#9077);
#9079=CIRCLE('',#9078,0.8);
#9080=EDGE_CURVE('',#9066,#9074,#9079,.T.);
#9081=ORIENTED_EDGE('',*,*,#9080,.T.);
#9082=CARTESIAN_POINT('',(129.5,86.921654578,-2.328345422));
#9083=DIRECTION('',(0.,0.,1.));
#9084=VECTOR('',#9083,13.050000006);
#9085=LINE('',#9082,#9084);
#9086=EDGE_CURVE('',#7905,#9074,#9085,.T.);
#9087=ORIENTED_EDGE('',*,*,#9086,.F.);
#9088=ORIENTED_EDGE('',*,*,#7910,.F.);
#9089=CARTESIAN_POINT('',(129.5,87.121654578,-3.128345422));
#9090=DIRECTION('',(0.,0.,1.));
#9091=VECTOR('',#9090,0.8);
#9092=LINE('',#9089,#9091);
#9093=EDGE_CURVE('',#8945,#7897,#9092,.T.);
#9094=ORIENTED_EDGE('',*,*,#9093,.F.);
#9095=ORIENTED_EDGE('',*,*,#8950,.T.);
#9096=EDGE_LOOP('',(#9064,#9072,#9081,#9087,#9088,#9094,#9095));
#9097=FACE_BOUND('',#9096,.T.);
#9098=ADVANCED_FACE('',(#9097),#9055,.T.);
#9099=CARTESIAN_POINT('',(70.5,90.121654578,-3.128345422));
#9100=DIRECTION('',(0.,0.,1.));
#9101=DIRECTION('',(1.,0.,-0.));
#9102=AXIS2_PLACEMENT_3D('',#9099,#9100,#9101);
#9103=CYLINDRICAL_SURFACE('',#9102,4.);
#9104=ORIENTED_EDGE('',*,*,#8403,.F.);
#9105=CARTESIAN_POINT('',(70.5,90.121654578,-2.473023791));
#9106=DIRECTION('',(0.,-0.,1.));
#9107=DIRECTION('',(-1.,0.,0.));
#9108=AXIS2_PLACEMENT_3D('',#9105,#9106,#9107);
#9109=CIRCLE('',#9108,4.);
#9110=EDGE_CURVE('',#8390,#8877,#9109,.T.);
#9111=ORIENTED_EDGE('',*,*,#9110,.T.);
#9112=ORIENTED_EDGE('',*,*,#8884,.T.);
#9113=CARTESIAN_POINT('',(70.5,90.121654578,9.921654584));
#9114=DIRECTION('',(0.,0.,-1.));
#9115=DIRECTION('',(0.,1.,0.));
#9116=AXIS2_PLACEMENT_3D('',#9113,#9114,#9115);
#9117=CIRCLE('',#9116,4.);
#9118=EDGE_CURVE('',#8879,#8398,#9117,.T.);
#9119=ORIENTED_EDGE('',*,*,#9118,.T.);
#9120=EDGE_LOOP('',(#9104,#9111,#9112,#9119));
#9121=FACE_BOUND('',#9120,.T.);
#9122=ADVANCED_FACE('',(#9121),#9103,.T.);
#9123=CARTESIAN_POINT('',(70.5,114.121654578,-3.128345417));
#9124=DIRECTION('',(0.,0.,1.));
#9125=DIRECTION('',(1.,0.,-0.));
#9126=AXIS2_PLACEMENT_3D('',#9123,#9124,#9125);
#9127=CYLINDRICAL_SURFACE('',#9126,4.);
#9128=ORIENTED_EDGE('',*,*,#9040,.F.);
#9129=CARTESIAN_POINT('',(70.5,114.121654578,-2.473023786));
#9130=DIRECTION('',(0.,-0.,1.));
#9131=DIRECTION('',(0.,1.,0.));
#9132=AXIS2_PLACEMENT_3D('',#9129,#9130,#9131);
#9133=CIRCLE('',#9132,4.);
#9134=EDGE_CURVE('',#9027,#8380,#9133,.T.);
#9135=ORIENTED_EDGE('',*,*,#9134,.T.);
#9136=ORIENTED_EDGE('',*,*,#8387,.T.);
#9137=CARTESIAN_POINT('',(70.5,114.121654578,9.921654584));
#9138=DIRECTION('',(0.,0.,-1.));
#9139=DIRECTION('',(0.,1.,0.));
#9140=AXIS2_PLACEMENT_3D('',#9137,#9138,#9139);
#9141=CIRCLE('',#9140,4.);
#9142=EDGE_CURVE('',#8382,#9035,#9141,.T.);
#9143=ORIENTED_EDGE('',*,*,#9142,.T.);
#9144=EDGE_LOOP('',(#9128,#9135,#9136,#9143));
#9145=FACE_BOUND('',#9144,.T.);
#9146=ADVANCED_FACE('',(#9145),#9127,.T.);
#9147=CARTESIAN_POINT('',(129.5,90.121654578,-3.128345417));
#9148=DIRECTION('',(0.,0.,1.));
#9149=DIRECTION('',(1.,0.,-0.));
#9150=AXIS2_PLACEMENT_3D('',#9147,#9148,#9149);
#9151=CYLINDRICAL_SURFACE('',#9150,4.);
#9152=ORIENTED_EDGE('',*,*,#9071,.F.);
#9153=CARTESIAN_POINT('',(129.5,90.121654578,-2.473023786));
#9154=DIRECTION('',(0.,-0.,1.));
#9155=DIRECTION('',(0.,-1.,-0.));
#9156=AXIS2_PLACEMENT_3D('',#9153,#9154,#9155);
#9157=CIRCLE('',#9156,4.);
#9158=EDGE_CURVE('',#9057,#8420,#9157,.T.);
#9159=ORIENTED_EDGE('',*,*,#9158,.T.);
#9160=ORIENTED_EDGE('',*,*,#8427,.T.);
#9161=CARTESIAN_POINT('',(129.5,90.121654578,9.921654584));
#9162=DIRECTION('',(0.,0.,-1.));
#9163=DIRECTION('',(0.,1.,0.));
#9164=AXIS2_PLACEMENT_3D('',#9161,#9162,#9163);
#9165=CIRCLE('',#9164,4.);
#9166=EDGE_CURVE('',#8422,#9066,#9165,.T.);
#9167=ORIENTED_EDGE('',*,*,#9166,.T.);
#9168=EDGE_LOOP('',(#9152,#9159,#9160,#9167));
#9169=FACE_BOUND('',#9168,.T.);
#9170=ADVANCED_FACE('',(#9169),#9151,.T.);
#9171=CARTESIAN_POINT('',(129.5,114.121654578,-3.128345413));
#9172=DIRECTION('',(0.,0.,1.));
#9173=DIRECTION('',(1.,0.,-0.));
#9174=AXIS2_PLACEMENT_3D('',#9171,#9172,#9173);
#9175=CYLINDRICAL_SURFACE('',#9174,4.);
#9176=ORIENTED_EDGE('',*,*,#8443,.F.);
#9177=CARTESIAN_POINT('',(129.5,114.121654578,-2.473023782));
#9178=DIRECTION('',(0.,-0.,1.));
#9179=DIRECTION('',(1.,0.,0.));
#9180=AXIS2_PLACEMENT_3D('',#9177,#9178,#9179);
#9181=CIRCLE('',#9180,4.);
#9182=EDGE_CURVE('',#8430,#9017,#9181,.T.);
#9183=ORIENTED_EDGE('',*,*,#9182,.T.);
#9184=ORIENTED_EDGE('',*,*,#9024,.T.);
#9185=CARTESIAN_POINT('',(129.5,114.121654578,9.921654584));
#9186=DIRECTION('',(0.,0.,-1.));
#9187=DIRECTION('',(0.,1.,0.));
#9188=AXIS2_PLACEMENT_3D('',#9185,#9186,#9187);
#9189=CIRCLE('',#9188,4.);
#9190=EDGE_CURVE('',#9019,#8438,#9189,.T.);
#9191=ORIENTED_EDGE('',*,*,#9190,.T.);
#9192=EDGE_LOOP('',(#9176,#9183,#9184,#9191));
#9193=FACE_BOUND('',#9192,.T.);
#9194=ADVANCED_FACE('',(#9193),#9175,.T.);
#9195=CARTESIAN_POINT('',(67.3,102.121654578,-3.128345417));
#9196=DIRECTION('',(-1.,0.,0.));
#9197=DIRECTION('',(0.,0.,1.));
#9198=AXIS2_PLACEMENT_3D('',#9195,#9196,#9197);
#9199=PLANE('',#9198);
#9200=CARTESIAN_POINT('',(67.3,111.421654578,-0.12834543));
#9201=VERTEX_POINT('',#9200);
#9202=CARTESIAN_POINT('',(67.3,110.821654578,-0.12834543));
#9203=DIRECTION('',(-1.,-0.,-0.));
#9204=DIRECTION('',(0.,0.,-1.));
#9205=AXIS2_PLACEMENT_3D('',#9202,#9203,#9204);
#9206=CIRCLE('',#9205,0.6);
#9207=EDGE_CURVE('',#9201,#8203,#9206,.T.);
#9208=ORIENTED_EDGE('',*,*,#9207,.T.);
#9209=ORIENTED_EDGE('',*,*,#8208,.T.);
#9210=ORIENTED_EDGE('',*,*,#8200,.T.);
#9211=CARTESIAN_POINT('',(67.3,92.821654578,-0.128345426));
#9212=VERTEX_POINT('',#9211);
#9213=CARTESIAN_POINT('',(67.3,93.421654578,-0.128345426));
#9214=DIRECTION('',(-1.,-0.,-0.));
#9215=DIRECTION('',(0.,0.,-1.));
#9216=AXIS2_PLACEMENT_3D('',#9213,#9214,#9215);
#9217=CIRCLE('',#9216,0.6);
#9218=EDGE_CURVE('',#8185,#9212,#9217,.T.);
#9219=ORIENTED_EDGE('',*,*,#9218,.T.);
#9220=CARTESIAN_POINT('',(67.3,92.821654578,1.751022005));
#9221=VERTEX_POINT('',#9220);
#9222=CARTESIAN_POINT('',(67.3,92.821654578,-0.128345426));
#9223=DIRECTION('',(0.,0.,1.));
#9224=VECTOR('',#9223,1.879367431);
#9225=LINE('',#9222,#9224);
#9226=EDGE_CURVE('',#9212,#9221,#9225,.T.);
#9227=ORIENTED_EDGE('',*,*,#9226,.T.);
#9228=CARTESIAN_POINT('',(67.3,93.421654578,1.751022005));
#9229=DIRECTION('',(-1.,-0.,-0.));
#9230=DIRECTION('',(0.,0.,-1.));
#9231=AXIS2_PLACEMENT_3D('',#9228,#9229,#9230);
#9232=CIRCLE('',#9231,0.6);
#9233=EDGE_CURVE('',#9221,#8155,#9232,.T.);
#9234=ORIENTED_EDGE('',*,*,#9233,.T.);
#9235=ORIENTED_EDGE('',*,*,#8160,.T.);
#9236=ORIENTED_EDGE('',*,*,#8152,.F.);
#9237=CARTESIAN_POINT('',(67.3,111.421654578,1.751022));
#9238=VERTEX_POINT('',#9237);
#9239=CARTESIAN_POINT('',(67.3,110.821654578,1.751022));
#9240=DIRECTION('',(-1.,-0.,-0.));
#9241=DIRECTION('',(0.,0.,-1.));
#9242=AXIS2_PLACEMENT_3D('',#9239,#9240,#9241);
#9243=CIRCLE('',#9242,0.6);
#9244=EDGE_CURVE('',#8139,#9238,#9243,.T.);
#9245=ORIENTED_EDGE('',*,*,#9244,.T.);
#9246=CARTESIAN_POINT('',(67.3,111.421654578,1.751022));
#9247=DIRECTION('',(0.,-0.,-1.));
#9248=VECTOR('',#9247,1.879367431);
#9249=LINE('',#9246,#9248);
#9250=EDGE_CURVE('',#9238,#9201,#9249,.T.);
#9251=ORIENTED_EDGE('',*,*,#9250,.T.);
#9252=EDGE_LOOP('',(#9208,#9209,#9210,#9219,#9227,#9234,#9235,#9236,#9245,#9251));
#9253=FACE_BOUND('',#9252,.T.);
#9254=ORIENTED_EDGE('',*,*,#7961,.F.);
#9255=CARTESIAN_POINT('',(67.3,114.121654578,10.721654584));
#9256=VERTEX_POINT('',#9255);
#9257=CARTESIAN_POINT('',(67.3,114.121654578,-2.328345422));
#9258=DIRECTION('',(0.,0.,1.));
#9259=VECTOR('',#9258,13.050000006);
#9260=LINE('',#9257,#9259);
#9261=EDGE_CURVE('',#7947,#9256,#9260,.T.);
#9262=ORIENTED_EDGE('',*,*,#9261,.T.);
#9263=CARTESIAN_POINT('',(67.3,90.121654578,10.721654584));
#9264=VERTEX_POINT('',#9263);
#9265=CARTESIAN_POINT('',(67.3,114.121654578,10.721654584));
#9266=DIRECTION('',(0.,-1.,-0.));
#9267=VECTOR('',#9266,24.);
#9268=LINE('',#9265,#9267);
#9269=EDGE_CURVE('',#9256,#9264,#9268,.T.);
#9270=ORIENTED_EDGE('',*,*,#9269,.T.);
#9271=CARTESIAN_POINT('',(67.3,90.121654578,-2.328345422));
#9272=DIRECTION('',(0.,0.,1.));
#9273=VECTOR('',#9272,13.050000006);
#9274=LINE('',#9271,#9273);
#9275=EDGE_CURVE('',#7956,#9264,#9274,.T.);
#9276=ORIENTED_EDGE('',*,*,#9275,.F.);
#9277=EDGE_LOOP('',(#9254,#9262,#9270,#9276));
#9278=FACE_BOUND('',#9277,.T.);
#9279=ADVANCED_FACE('',(#9253,#9278),#9199,.F.);
#9280=CARTESIAN_POINT('',(70.5,90.121654578,-3.128345422));
#9281=DIRECTION('',(0.,0.,1.));
#9282=DIRECTION('',(1.,0.,-0.));
#9283=AXIS2_PLACEMENT_3D('',#9280,#9281,#9282);
#9284=CYLINDRICAL_SURFACE('',#9283,3.2);
#9285=ORIENTED_EDGE('',*,*,#7970,.F.);
#9286=ORIENTED_EDGE('',*,*,#9275,.T.);
#9287=CARTESIAN_POINT('',(70.5,90.121654578,10.721654584));
#9288=DIRECTION('',(-0.,-0.,1.));
#9289=DIRECTION('',(0.,1.,0.));
#9290=AXIS2_PLACEMENT_3D('',#9287,#9288,#9289);
#9291=CIRCLE('',#9290,3.2);
#9292=EDGE_CURVE('',#9264,#8911,#9291,.T.);
#9293=ORIENTED_EDGE('',*,*,#9292,.T.);
#9294=ORIENTED_EDGE('',*,*,#8916,.F.);
#9295=EDGE_LOOP('',(#9285,#9286,#9293,#9294));
#9296=FACE_BOUND('',#9295,.T.);
#9297=ADVANCED_FACE('',(#9296),#9284,.F.);
#9298=CARTESIAN_POINT('',(70.5,114.121654578,-3.128345417));
#9299=DIRECTION('',(0.,0.,1.));
#9300=DIRECTION('',(1.,0.,-0.));
#9301=AXIS2_PLACEMENT_3D('',#9298,#9299,#9300);
#9302=CYLINDRICAL_SURFACE('',#9301,3.2);
#9303=ORIENTED_EDGE('',*,*,#7953,.F.);
#9304=ORIENTED_EDGE('',*,*,#8832,.T.);
#9305=CARTESIAN_POINT('',(70.5,114.121654578,10.721654584));
#9306=DIRECTION('',(-0.,-0.,1.));
#9307=DIRECTION('',(0.,1.,0.));
#9308=AXIS2_PLACEMENT_3D('',#9305,#9306,#9307);
#9309=CIRCLE('',#9308,3.2);
#9310=EDGE_CURVE('',#8821,#9256,#9309,.T.);
#9311=ORIENTED_EDGE('',*,*,#9310,.T.);
#9312=ORIENTED_EDGE('',*,*,#9261,.F.);
#9313=EDGE_LOOP('',(#9303,#9304,#9311,#9312));
#9314=FACE_BOUND('',#9313,.T.);
#9315=ADVANCED_FACE('',(#9314),#9302,.F.);
#9316=CARTESIAN_POINT('',(129.5,90.121654578,-3.128345417));
#9317=DIRECTION('',(0.,0.,1.));
#9318=DIRECTION('',(1.,0.,-0.));
#9319=AXIS2_PLACEMENT_3D('',#9316,#9317,#9318);
#9320=CYLINDRICAL_SURFACE('',#9319,3.2);
#9321=ORIENTED_EDGE('',*,*,#7919,.F.);
#9322=ORIENTED_EDGE('',*,*,#9086,.T.);
#9323=CARTESIAN_POINT('',(129.5,90.121654578,10.721654584));
#9324=DIRECTION('',(-0.,-0.,1.));
#9325=DIRECTION('',(0.,1.,0.));
#9326=AXIS2_PLACEMENT_3D('',#9323,#9324,#9325);
#9327=CIRCLE('',#9326,3.2);
#9328=EDGE_CURVE('',#9074,#8680,#9327,.T.);
#9329=ORIENTED_EDGE('',*,*,#9328,.T.);
#9330=ORIENTED_EDGE('',*,*,#8685,.F.);
#9331=EDGE_LOOP('',(#9321,#9322,#9329,#9330));
#9332=FACE_BOUND('',#9331,.T.);
#9333=ADVANCED_FACE('',(#9332),#9320,.F.);
#9334=CARTESIAN_POINT('',(129.5,87.121654578,-124.291551471));
#9335=DIRECTION('',(0.,1.,0.));
#9336=DIRECTION('',(0.,0.,1.));
#9337=AXIS2_PLACEMENT_3D('',#9334,#9335,#9336);
#9338=PLANE('',#9337);
#9339=ORIENTED_EDGE('',*,*,#8956,.T.);
#9340=ORIENTED_EDGE('',*,*,#9093,.T.);
#9341=ORIENTED_EDGE('',*,*,#7902,.F.);
#9342=ORIENTED_EDGE('',*,*,#8907,.F.);
#9343=EDGE_LOOP('',(#9339,#9340,#9341,#9342));
#9344=FACE_BOUND('',#9343,.T.);
#9345=ADVANCED_FACE('',(#9344),#9338,.F.);
#9346=CARTESIAN_POINT('',(129.5,114.121654578,-3.128345413));
#9347=DIRECTION('',(0.,0.,1.));
#9348=DIRECTION('',(1.,0.,-0.));
#9349=AXIS2_PLACEMENT_3D('',#9346,#9347,#9348);
#9350=CYLINDRICAL_SURFACE('',#9349,3.2);
#9351=ORIENTED_EDGE('',*,*,#7936,.F.);
#9352=ORIENTED_EDGE('',*,*,#8699,.T.);
#9353=CARTESIAN_POINT('',(129.5,114.121654578,10.721654584));
#9354=DIRECTION('',(-0.,-0.,1.));
#9355=DIRECTION('',(0.,1.,0.));
#9356=AXIS2_PLACEMENT_3D('',#9353,#9354,#9355);
#9357=CIRCLE('',#9356,3.2);
#9358=EDGE_CURVE('',#8688,#8813,#9357,.T.);
#9359=ORIENTED_EDGE('',*,*,#9358,.T.);
#9360=ORIENTED_EDGE('',*,*,#8818,.F.);
#9361=EDGE_LOOP('',(#9351,#9352,#9359,#9360));
#9362=FACE_BOUND('',#9361,.T.);
#9363=ADVANCED_FACE('',(#9362),#9350,.F.);
#9364=CARTESIAN_POINT('',(129.5,86.121654578,-2.473023786));
#9365=CARTESIAN_POINT('',(131.843145751,86.121654578,-2.473023786));
#9366=CARTESIAN_POINT('',(133.5,87.778508828,-2.473023786));
#9367=CARTESIAN_POINT('',(133.5,90.121654578,-2.473023786));
#9368=CARTESIAN_POINT('',(129.5,86.121654578,-2.739351115));
#9369=CARTESIAN_POINT('',(131.843145751,86.121654578,-2.739351115));
#9370=CARTESIAN_POINT('',(133.5,87.778508828,-2.739351115));
#9371=CARTESIAN_POINT('',(133.5,90.121654578,-2.739351115));
#9372=CARTESIAN_POINT('',(129.5,86.244630853,-2.975586342));
#9373=CARTESIAN_POINT('',(131.771107917,86.244630853,-2.975586342));
#9374=CARTESIAN_POINT('',(133.377023725,87.850546662,-2.975586342));
#9375=CARTESIAN_POINT('',(133.377023725,90.121654578,-2.975586342));
#9376=CARTESIAN_POINT('',(129.5,86.462793429,-3.128345422));
#9377=CARTESIAN_POINT('',(131.643311238,86.462793429,-3.128345422));
#9378=CARTESIAN_POINT('',(133.158861149,87.97834334,-3.128345422));
#9379=CARTESIAN_POINT('',(133.158861149,90.121654578,-3.128345422));
#9380=(BOUNDED_SURFACE()
B_SPLINE_SURFACE(3,3,((#9364,#9365,#9366,#9367),(#9368,#9369,#9370,#9371),(#9372,#9373,#9374,#9375),(#9376,#9377,#9378,#9379)),.UNSPECIFIED.,.F.,.F.,.U.)
B_SPLINE_SURFACE_WITH_KNOTS((4,4),(4,4),(0.,1.),(0.,1.),.UNSPECIFIED.)
GEOMETRIC_REPRESENTATION_ITEM()
RATIONAL_B_SPLINE_SURFACE(((1.,0.804737854,0.804737854,1.),(0.924673889,0.744120081,0.744120081,0.924673889),(0.924673889,0.744120081,0.744120081,0.924673889),(1.,0.804737854,0.804737854,1.)))
REPRESENTATION_ITEM('')
SURFACE()
);
#9381=ORIENTED_EDGE('',*,*,#8942,.T.);
#9382=CARTESIAN_POINT('',(132.7,90.121654578,-2.473023786));
#9383=DIRECTION('',(0.,1.,0.));
#9384=DIRECTION('',(-0.,-0.,1.));
#9385=AXIS2_PLACEMENT_3D('',#9382,#9383,#9384);
#9386=CIRCLE('',#9385,0.8);
#9387=EDGE_CURVE('',#8420,#8936,#9386,.T.);
#9388=ORIENTED_EDGE('',*,*,#9387,.F.);
#9389=ORIENTED_EDGE('',*,*,#9158,.F.);
#9390=ORIENTED_EDGE('',*,*,#9063,.T.);
#9391=EDGE_LOOP('',(#9381,#9388,#9389,#9390));
#9392=FACE_BOUND('',#9391,.T.);
#9393=ADVANCED_FACE('',(#9392),#9380,.T.);
#9394=CARTESIAN_POINT('',(133.5,90.121654578,-2.473023786));
#9395=CARTESIAN_POINT('',(133.5,114.121654578,-2.473023786));
#9396=CARTESIAN_POINT('',(133.5,90.121654578,-2.739351115));
#9397=CARTESIAN_POINT('',(133.5,114.121654578,-2.739351115));
#9398=CARTESIAN_POINT('',(133.377023725,90.121654578,-2.975586342));
#9399=CARTESIAN_POINT('',(133.377023725,114.121654578,-2.975586342));
#9400=CARTESIAN_POINT('',(133.158861149,90.121654578,-3.128345422));
#9401=CARTESIAN_POINT('',(133.158861149,114.121654578,-3.128345422));
#9402=(BOUNDED_SURFACE()
B_SPLINE_SURFACE(3,1,((#9394,#9395),(#9396,#9397),(#9398,#9399),(#9400,#9401)),.UNSPECIFIED.,.F.,.F.,.U.)
B_SPLINE_SURFACE_WITH_KNOTS((4,4),(2,2),(0.,1.),(0.,1.),.UNSPECIFIED.)
GEOMETRIC_REPRESENTATION_ITEM()
RATIONAL_B_SPLINE_SURFACE(((1.,1.),(0.924673889,0.924673889),(0.924673889,0.924673889),(1.,1.)))
REPRESENTATION_ITEM('')
SURFACE()
);
#9403=ORIENTED_EDGE('',*,*,#9006,.T.);
#9404=CARTESIAN_POINT('',(132.7,114.121654578,-2.473023786));
#9405=DIRECTION('',(0.,1.,0.));
#9406=DIRECTION('',(-0.,-0.,1.));
#9407=AXIS2_PLACEMENT_3D('',#9404,#9405,#9406);
#9408=CIRCLE('',#9407,0.8);
#9409=EDGE_CURVE('',#8430,#8994,#9408,.T.);
#9410=ORIENTED_EDGE('',*,*,#9409,.F.);
#9411=ORIENTED_EDGE('',*,*,#8435,.F.);
#9412=ORIENTED_EDGE('',*,*,#9387,.T.);
#9413=EDGE_LOOP('',(#9403,#9410,#9411,#9412));
#9414=FACE_BOUND('',#9413,.T.);
#9415=ADVANCED_FACE('',(#9414),#9402,.T.);
#9416=CARTESIAN_POINT('',(133.5,114.121654578,-2.473023782));
#9417=CARTESIAN_POINT('',(133.5,116.464800329,-2.473023782));
#9418=CARTESIAN_POINT('',(131.843145751,118.121654578,-2.473023782));
#9419=CARTESIAN_POINT('',(129.5,118.121654578,-2.473023782));
#9420=CARTESIAN_POINT('',(133.5,114.121654578,-2.739351111));
#9421=CARTESIAN_POINT('',(133.5,116.464800329,-2.739351111));
#9422=CARTESIAN_POINT('',(131.843145751,118.121654578,-2.739351111));
#9423=CARTESIAN_POINT('',(129.5,118.121654578,-2.739351111));
#9424=CARTESIAN_POINT('',(133.377023725,114.121654578,-2.975586337));
#9425=CARTESIAN_POINT('',(133.377023725,116.392762495,-2.975586337));
#9426=CARTESIAN_POINT('',(131.771107917,117.998678303,-2.975586337));
#9427=CARTESIAN_POINT('',(129.5,117.998678303,-2.975586337));
#9428=CARTESIAN_POINT('',(133.158861149,114.121654578,-3.128345417));
#9429=CARTESIAN_POINT('',(133.158861149,116.264965816,-3.128345417));
#9430=CARTESIAN_POINT('',(131.643311238,117.780515727,-3.128345417));
#9431=CARTESIAN_POINT('',(129.5,117.780515727,-3.128345417));
#9432=(BOUNDED_SURFACE()
B_SPLINE_SURFACE(3,3,((#9416,#9417,#9418,#9419),(#9420,#9421,#9422,#9423),(#9424,#9425,#9426,#9427),(#9428,#9429,#9430,#9431)),.UNSPECIFIED.,.F.,.F.,.U.)
B_SPLINE_SURFACE_WITH_KNOTS((4,4),(4,4),(0.,1.),(0.,1.),.UNSPECIFIED.)
GEOMETRIC_REPRESENTATION_ITEM()
RATIONAL_B_SPLINE_SURFACE(((1.,0.804737854,0.804737854,1.),(0.924673889,0.744120081,0.744120081,0.924673889),(0.924673889,0.744120081,0.744120081,0.924673889),(1.,0.804737854,0.804737854,1.)))
REPRESENTATION_ITEM('')
SURFACE()
);
#9433=ORIENTED_EDGE('',*,*,#9000,.T.);
#9434=CARTESIAN_POINT('',(129.5,117.321654578,-2.473023782));
#9435=DIRECTION('',(-1.,0.,0.));
#9436=DIRECTION('',(0.,-0.,1.));
#9437=AXIS2_PLACEMENT_3D('',#9434,#9435,#9436);
#9438=CIRCLE('',#9437,0.8);
#9439=EDGE_CURVE('',#9017,#8986,#9438,.T.);
#9440=ORIENTED_EDGE('',*,*,#9439,.F.);
#9441=ORIENTED_EDGE('',*,*,#9182,.F.);
#9442=ORIENTED_EDGE('',*,*,#9409,.T.);
#9443=EDGE_LOOP('',(#9433,#9440,#9441,#9442));
#9444=FACE_BOUND('',#9443,.T.);
#9445=ADVANCED_FACE('',(#9444),#9432,.T.);
#9446=CARTESIAN_POINT('',(129.5,118.121654578,-2.473023786));
#9447=CARTESIAN_POINT('',(70.5,118.121654578,-2.473023786));
#9448=CARTESIAN_POINT('',(129.5,118.121654578,-2.739351115));
#9449=CARTESIAN_POINT('',(70.5,118.121654578,-2.739351115));
#9450=CARTESIAN_POINT('',(129.5,117.998678303,-2.975586342));
#9451=CARTESIAN_POINT('',(70.5,117.998678303,-2.975586342));
#9452=CARTESIAN_POINT('',(129.5,117.780515727,-3.128345422));
#9453=CARTESIAN_POINT('',(70.5,117.780515727,-3.128345422));
#9454=(BOUNDED_SURFACE()
B_SPLINE_SURFACE(3,1,((#9446,#9447),(#9448,#9449),(#9450,#9451),(#9452,#9453)),.UNSPECIFIED.,.F.,.F.,.U.)
B_SPLINE_SURFACE_WITH_KNOTS((4,4),(2,2),(0.,1.),(0.,1.),.UNSPECIFIED.)
GEOMETRIC_REPRESENTATION_ITEM()
RATIONAL_B_SPLINE_SURFACE(((1.,1.),(0.924673889,0.924673889),(0.924673889,0.924673889),(1.,1.)))
REPRESENTATION_ITEM('')
SURFACE()
);
#9455=ORIENTED_EDGE('',*,*,#8991,.T.);
#9456=CARTESIAN_POINT('',(70.5,117.321654578,-2.473023786));
#9457=DIRECTION('',(-1.,0.,0.));
#9458=DIRECTION('',(0.,-0.,1.));
#9459=AXIS2_PLACEMENT_3D('',#9456,#9457,#9458);
#9460=CIRCLE('',#9459,0.8);
#9461=EDGE_CURVE('',#9027,#8977,#9460,.T.);
#9462=ORIENTED_EDGE('',*,*,#9461,.F.);
#9463=ORIENTED_EDGE('',*,*,#9032,.F.);
#9464=ORIENTED_EDGE('',*,*,#9439,.T.);
#9465=EDGE_LOOP('',(#9455,#9462,#9463,#9464));
#9466=FACE_BOUND('',#9465,.T.);
#9467=ADVANCED_FACE('',(#9466),#9454,.T.);
#9468=CARTESIAN_POINT('',(70.5,118.121654578,-2.473023786));
#9469=CARTESIAN_POINT('',(68.156854249,118.121654578,-2.473023786));
#9470=CARTESIAN_POINT('',(66.5,116.464800329,-2.473023786));
#9471=CARTESIAN_POINT('',(66.5,114.121654578,-2.473023786));
#9472=CARTESIAN_POINT('',(70.5,118.121654578,-2.739351115));
#9473=CARTESIAN_POINT('',(68.156854249,118.121654578,-2.739351115));
#9474=CARTESIAN_POINT('',(66.5,116.464800329,-2.739351115));
#9475=CARTESIAN_POINT('',(66.5,114.121654578,-2.739351115));
#9476=CARTESIAN_POINT('',(70.5,117.998678303,-2.975586342));
#9477=CARTESIAN_POINT('',(68.228892083,117.998678303,-2.975586342));
#9478=CARTESIAN_POINT('',(66.622976275,116.392762495,-2.975586342));
#9479=CARTESIAN_POINT('',(66.622976275,114.121654578,-2.975586342));
#9480=CARTESIAN_POINT('',(70.5,117.780515727,-3.128345422));
#9481=CARTESIAN_POINT('',(68.356688762,117.780515727,-3.128345422));
#9482=CARTESIAN_POINT('',(66.841138851,116.264965816,-3.128345422));
#9483=CARTESIAN_POINT('',(66.841138851,114.121654578,-3.128345422));
#9484=(BOUNDED_SURFACE()
B_SPLINE_SURFACE(3,3,((#9468,#9469,#9470,#9471),(#9472,#9473,#9474,#9475),(#9476,#9477,#9478,#9479),(#9480,#9481,#9482,#9483)),.UNSPECIFIED.,.F.,.F.,.U.)
B_SPLINE_SURFACE_WITH_KNOTS((4,4),(4,4),(0.,1.),(0.,1.),.UNSPECIFIED.)
GEOMETRIC_REPRESENTATION_ITEM()
RATIONAL_B_SPLINE_SURFACE(((1.,0.804737854,0.804737854,1.),(0.924673889,0.744120081,0.744120081,0.924673889),(0.924673889,0.744120081,0.744120081,0.924673889),(1.,0.804737854,0.804737854,1.)))
REPRESENTATION_ITEM('')
SURFACE()
);
#9485=ORIENTED_EDGE('',*,*,#8983,.T.);
#9486=CARTESIAN_POINT('',(67.3,114.121654578,-2.473023786));
#9487=DIRECTION('',(0.,-1.,-0.));
#9488=DIRECTION('',(0.,-0.,1.));
#9489=AXIS2_PLACEMENT_3D('',#9486,#9487,#9488);
#9490=CIRCLE('',#9489,0.8);
#9491=EDGE_CURVE('',#8380,#8969,#9490,.T.);
#9492=ORIENTED_EDGE('',*,*,#9491,.F.);
#9493=ORIENTED_EDGE('',*,*,#9134,.F.);
#9494=ORIENTED_EDGE('',*,*,#9461,.T.);
#9495=EDGE_LOOP('',(#9485,#9492,#9493,#9494));
#9496=FACE_BOUND('',#9495,.T.);
#9497=ADVANCED_FACE('',(#9496),#9484,.T.);
#9498=CARTESIAN_POINT('',(66.5,114.121654578,-2.473023786));
#9499=CARTESIAN_POINT('',(66.5,90.121654578,-2.473023786));
#9500=CARTESIAN_POINT('',(66.5,114.121654578,-2.739351115));
#9501=CARTESIAN_POINT('',(66.5,90.121654578,-2.739351115));
#9502=CARTESIAN_POINT('',(66.622976275,114.121654578,-2.975586342));
#9503=CARTESIAN_POINT('',(66.622976275,90.121654578,-2.975586342));
#9504=CARTESIAN_POINT('',(66.841138851,114.121654578,-3.128345422));
#9505=CARTESIAN_POINT('',(66.841138851,90.121654578,-3.128345422));
#9506=(BOUNDED_SURFACE()
B_SPLINE_SURFACE(3,1,((#9498,#9499),(#9500,#9501),(#9502,#9503),(#9504,#9505)),.UNSPECIFIED.,.F.,.F.,.U.)
B_SPLINE_SURFACE_WITH_KNOTS((4,4),(2,2),(0.,1.),(0.,1.),.UNSPECIFIED.)
GEOMETRIC_REPRESENTATION_ITEM()
RATIONAL_B_SPLINE_SURFACE(((1.,1.),(0.924673889,0.924673889),(0.924673889,0.924673889),(1.,1.)))
REPRESENTATION_ITEM('')
SURFACE()
);
#9507=ORIENTED_EDGE('',*,*,#8974,.T.);
#9508=CARTESIAN_POINT('',(67.3,90.121654578,-2.473023786));
#9509=DIRECTION('',(0.,-1.,-0.));
#9510=DIRECTION('',(0.,-0.,1.));
#9511=AXIS2_PLACEMENT_3D('',#9508,#9509,#9510);
#9512=CIRCLE('',#9511,0.8);
#9513=EDGE_CURVE('',#8390,#8960,#9512,.T.);
#9514=ORIENTED_EDGE('',*,*,#9513,.F.);
#9515=ORIENTED_EDGE('',*,*,#8395,.F.);
#9516=ORIENTED_EDGE('',*,*,#9491,.T.);
#9517=EDGE_LOOP('',(#9507,#9514,#9515,#9516));
#9518=FACE_BOUND('',#9517,.T.);
#9519=ADVANCED_FACE('',(#9518),#9506,.T.);
#9520=CARTESIAN_POINT('',(66.5,90.121654578,-2.473023791));
#9521=CARTESIAN_POINT('',(66.5,87.778508828,-2.473023791));
#9522=CARTESIAN_POINT('',(68.156854249,86.121654578,-2.473023791));
#9523=CARTESIAN_POINT('',(70.5,86.121654578,-2.473023791));
#9524=CARTESIAN_POINT('',(66.5,90.121654578,-2.73935112));
#9525=CARTESIAN_POINT('',(66.5,87.778508828,-2.73935112));
#9526=CARTESIAN_POINT('',(68.156854249,86.121654578,-2.73935112));
#9527=CARTESIAN_POINT('',(70.5,86.121654578,-2.73935112));
#9528=CARTESIAN_POINT('',(66.622976275,90.121654578,-2.975586346));
#9529=CARTESIAN_POINT('',(66.622976275,87.850546662,-2.975586346));
#9530=CARTESIAN_POINT('',(68.228892083,86.244630853,-2.975586346));
#9531=CARTESIAN_POINT('',(70.5,86.244630853,-2.975586346));
#9532=CARTESIAN_POINT('',(66.841138851,90.121654578,-3.128345426));
#9533=CARTESIAN_POINT('',(66.841138851,87.97834334,-3.128345426));
#9534=CARTESIAN_POINT('',(68.356688762,86.462793429,-3.128345426));
#9535=CARTESIAN_POINT('',(70.5,86.462793429,-3.128345426));
#9536=(BOUNDED_SURFACE()
B_SPLINE_SURFACE(3,3,((#9520,#9521,#9522,#9523),(#9524,#9525,#9526,#9527),(#9528,#9529,#9530,#9531),(#9532,#9533,#9534,#9535)),.UNSPECIFIED.,.F.,.F.,.U.)
B_SPLINE_SURFACE_WITH_KNOTS((4,4),(4,4),(0.,1.),(0.,1.),.UNSPECIFIED.)
GEOMETRIC_REPRESENTATION_ITEM()
RATIONAL_B_SPLINE_SURFACE(((1.,0.804737854,0.804737854,1.),(0.924673889,0.744120081,0.744120081,0.924673889),(0.924673889,0.744120081,0.744120081,0.924673889),(1.,0.804737854,0.804737854,1.)))
REPRESENTATION_ITEM('')
SURFACE()
);
#9537=ORIENTED_EDGE('',*,*,#8966,.T.);
#9538=ORIENTED_EDGE('',*,*,#8893,.F.);
#9539=ORIENTED_EDGE('',*,*,#9110,.F.);
#9540=ORIENTED_EDGE('',*,*,#9513,.T.);
#9541=EDGE_LOOP('',(#9537,#9538,#9539,#9540));
#9542=FACE_BOUND('',#9541,.T.);
#9543=ADVANCED_FACE('',(#9542),#9536,.T.);
#9544=CARTESIAN_POINT('',(133.5,111.421654578,6.396654578));
#9545=DIRECTION('',(0.,-1.,-0.));
#9546=DIRECTION('',(0.,0.,-1.));
#9547=AXIS2_PLACEMENT_3D('',#9544,#9545,#9546);
#9548=PLANE('',#9547);
#9549=CARTESIAN_POINT('',(133.158861149,111.42165579,1.751022005));
#9550=CARTESIAN_POINT('',(133.158861149,111.42165579,1.124564825));
#9551=CARTESIAN_POINT('',(133.158861149,111.42165579,0.498107645));
#9552=CARTESIAN_POINT('',(133.158861149,111.42165579,-0.128349534));
#9553=B_SPLINE_CURVE_WITH_KNOTS('',3,(#9549,#9550,#9551,#9552),.UNSPECIFIED.,.F.,.F.,(4,4),(0.906797231,1.),.UNSPECIFIED.);
#9554=EDGE_CURVE('',#8762,#8787,#9553,.T.);
#9555=ORIENTED_EDGE('',*,*,#9554,.F.);
#9556=ORIENTED_EDGE('',*,*,#8776,.T.);
#9557=ORIENTED_EDGE('',*,*,#8744,.F.);
#9558=ORIENTED_EDGE('',*,*,#8799,.T.);
#9559=EDGE_LOOP('',(#9555,#9556,#9557,#9558));
#9560=FACE_BOUND('',#9559,.T.);
#9561=ADVANCED_FACE('',(#9560),#9548,.T.);
#9562=CARTESIAN_POINT('',(70.5,90.121654578,9.921654584));
#9563=DIRECTION('',(0.,0.,-1.));
#9564=DIRECTION('',(0.,1.,0.));
#9565=AXIS2_PLACEMENT_3D('',#9562,#9563,#9564);
#9566=TOROIDAL_SURFACE('',#9565,3.2,0.8);
#9567=ORIENTED_EDGE('',*,*,#8923,.F.);
#9568=ORIENTED_EDGE('',*,*,#9292,.F.);
#9569=CARTESIAN_POINT('',(67.3,90.121654578,9.921654584));
#9570=DIRECTION('',(0.,1.,0.));
#9571=DIRECTION('',(0.,-0.,1.));
#9572=AXIS2_PLACEMENT_3D('',#9569,#9570,#9571);
#9573=CIRCLE('',#9572,0.8);
#9574=EDGE_CURVE('',#8398,#9264,#9573,.T.);
#9575=ORIENTED_EDGE('',*,*,#9574,.F.);
#9576=ORIENTED_EDGE('',*,*,#9118,.F.);
#9577=EDGE_LOOP('',(#9567,#9568,#9575,#9576));
#9578=FACE_BOUND('',#9577,.T.);
#9579=ADVANCED_FACE('',(#9578),#9566,.T.);
#9580=CARTESIAN_POINT('',(129.5,90.121654578,9.921654584));
#9581=DIRECTION('',(0.,0.,-1.));
#9582=DIRECTION('',(0.,1.,0.));
#9583=AXIS2_PLACEMENT_3D('',#9580,#9581,#9582);
#9584=TOROIDAL_SURFACE('',#9583,3.2,0.8);
#9585=ORIENTED_EDGE('',*,*,#9080,.F.);
#9586=ORIENTED_EDGE('',*,*,#9166,.F.);
#9587=CARTESIAN_POINT('',(132.7,90.121654578,9.921654584));
#9588=DIRECTION('',(0.,1.,0.));
#9589=DIRECTION('',(0.,-0.,1.));
#9590=AXIS2_PLACEMENT_3D('',#9587,#9588,#9589);
#9591=CIRCLE('',#9590,0.8);
#9592=EDGE_CURVE('',#8680,#8422,#9591,.T.);
#9593=ORIENTED_EDGE('',*,*,#9592,.F.);
#9594=ORIENTED_EDGE('',*,*,#9328,.F.);
#9595=EDGE_LOOP('',(#9585,#9586,#9593,#9594));
#9596=FACE_BOUND('',#9595,.T.);
#9597=ADVANCED_FACE('',(#9596),#9584,.T.);
#9598=CARTESIAN_POINT('',(67.3,102.121654578,9.921654584));
#9599=DIRECTION('',(0.,-1.,-0.));
#9600=DIRECTION('',(0.,0.,-1.));
#9601=AXIS2_PLACEMENT_3D('',#9598,#9599,#9600);
#9602=CYLINDRICAL_SURFACE('',#9601,0.8);
#9603=ORIENTED_EDGE('',*,*,#9574,.T.);
#9604=ORIENTED_EDGE('',*,*,#9269,.F.);
#9605=CARTESIAN_POINT('',(67.3,114.121654578,9.921654584));
#9606=DIRECTION('',(0.,1.,0.));
#9607=DIRECTION('',(0.,-0.,1.));
#9608=AXIS2_PLACEMENT_3D('',#9605,#9606,#9607);
#9609=CIRCLE('',#9608,0.8);
#9610=EDGE_CURVE('',#8382,#9256,#9609,.T.);
#9611=ORIENTED_EDGE('',*,*,#9610,.F.);
#9612=ORIENTED_EDGE('',*,*,#8409,.F.);
#9613=EDGE_LOOP('',(#9603,#9604,#9611,#9612));
#9614=FACE_BOUND('',#9613,.T.);
#9615=ADVANCED_FACE('',(#9614),#9602,.T.);
#9616=CARTESIAN_POINT('',(132.7,102.121654578,9.921654584));
#9617=DIRECTION('',(-0.,1.,0.));
#9618=DIRECTION('',(0.,-0.,1.));
#9619=AXIS2_PLACEMENT_3D('',#9616,#9617,#9618);
#9620=CYLINDRICAL_SURFACE('',#9619,0.8);
#9621=ORIENTED_EDGE('',*,*,#9592,.T.);
#9622=ORIENTED_EDGE('',*,*,#8449,.F.);
#9623=CARTESIAN_POINT('',(132.7,114.121654578,9.921654584));
#9624=DIRECTION('',(0.,1.,0.));
#9625=DIRECTION('',(0.,-0.,1.));
#9626=AXIS2_PLACEMENT_3D('',#9623,#9624,#9625);
#9627=CIRCLE('',#9626,0.8);
#9628=EDGE_CURVE('',#8688,#8438,#9627,.T.);
#9629=ORIENTED_EDGE('',*,*,#9628,.F.);
#9630=ORIENTED_EDGE('',*,*,#8693,.F.);
#9631=EDGE_LOOP('',(#9621,#9622,#9629,#9630));
#9632=FACE_BOUND('',#9631,.T.);
#9633=ADVANCED_FACE('',(#9632),#9620,.T.);
#9634=CARTESIAN_POINT('',(70.5,114.121654578,9.921654584));
#9635=DIRECTION('',(0.,0.,-1.));
#9636=DIRECTION('',(0.,1.,0.));
#9637=AXIS2_PLACEMENT_3D('',#9634,#9635,#9636);
#9638=TOROIDAL_SURFACE('',#9637,3.2,0.8);
#9639=ORIENTED_EDGE('',*,*,#9610,.T.);
#9640=ORIENTED_EDGE('',*,*,#9310,.F.);
#9641=CARTESIAN_POINT('',(70.5,117.321654578,9.921654584));
#9642=DIRECTION('',(1.,0.,0.));
#9643=DIRECTION('',(0.,0.,-1.));
#9644=AXIS2_PLACEMENT_3D('',#9641,#9642,#9643);
#9645=CIRCLE('',#9644,0.8);
#9646=EDGE_CURVE('',#9035,#8821,#9645,.T.);
#9647=ORIENTED_EDGE('',*,*,#9646,.F.);
#9648=ORIENTED_EDGE('',*,*,#9142,.F.);
#9649=EDGE_LOOP('',(#9639,#9640,#9647,#9648));
#9650=FACE_BOUND('',#9649,.T.);
#9651=ADVANCED_FACE('',(#9650),#9638,.T.);
#9652=CARTESIAN_POINT('',(129.5,114.121654578,9.921654584));
#9653=DIRECTION('',(0.,0.,-1.));
#9654=DIRECTION('',(0.,1.,0.));
#9655=AXIS2_PLACEMENT_3D('',#9652,#9653,#9654);
#9656=TOROIDAL_SURFACE('',#9655,3.2,0.8);
#9657=ORIENTED_EDGE('',*,*,#9628,.T.);
#9658=ORIENTED_EDGE('',*,*,#9190,.F.);
#9659=CARTESIAN_POINT('',(129.5,117.321654578,9.921654584));
#9660=DIRECTION('',(-1.,0.,0.));
#9661=DIRECTION('',(0.,0.,1.));
#9662=AXIS2_PLACEMENT_3D('',#9659,#9660,#9661);
#9663=CIRCLE('',#9662,0.8);
#9664=EDGE_CURVE('',#8813,#9019,#9663,.T.);
#9665=ORIENTED_EDGE('',*,*,#9664,.F.);
#9666=ORIENTED_EDGE('',*,*,#9358,.F.);
#9667=EDGE_LOOP('',(#9657,#9658,#9665,#9666));
#9668=FACE_BOUND('',#9667,.T.);
#9669=ADVANCED_FACE('',(#9668),#9656,.T.);
#9670=CARTESIAN_POINT('',(100.,117.321654578,9.921654584));
#9671=DIRECTION('',(-1.,0.,0.));
#9672=DIRECTION('',(0.,0.,1.));
#9673=AXIS2_PLACEMENT_3D('',#9670,#9671,#9672);
#9674=CYLINDRICAL_SURFACE('',#9673,0.8);
#9675=ORIENTED_EDGE('',*,*,#9646,.T.);
#9676=ORIENTED_EDGE('',*,*,#8826,.T.);
#9677=ORIENTED_EDGE('',*,*,#9664,.T.);
#9678=ORIENTED_EDGE('',*,*,#9046,.F.);
#9679=EDGE_LOOP('',(#9675,#9676,#9677,#9678));
#9680=FACE_BOUND('',#9679,.T.);
#9681=ADVANCED_FACE('',(#9680),#9674,.T.);
#9682=CARTESIAN_POINT('',(74.000001434,116.921654578,8.771654584));
#9683=DIRECTION('',(0.,-0.707106781,-0.707106781));
#9684=DIRECTION('',(0.,0.707106781,-0.707106781));
#9685=AXIS2_PLACEMENT_3D('',#9682,#9683,#9684);
#9686=PLANE('',#9685);
#9687=CARTESIAN_POINT('',(126.025024749,116.521654578,9.171654584));
#9688=VERTEX_POINT('',#9687);
#9689=CARTESIAN_POINT('',(126.025024749,116.521654578,9.171654584));
#9690=DIRECTION('',(0.,0.707106781,-0.707106781));
#9691=VECTOR('',#9690,1.13137085);
#9692=LINE('',#9689,#9691);
#9693=EDGE_CURVE('',#9688,#8855,#9692,.T.);
#9694=ORIENTED_EDGE('',*,*,#9693,.F.);
#9695=CARTESIAN_POINT('',(74.000001434,116.521654578,9.171654584));
#9696=VERTEX_POINT('',#9695);
#9697=CARTESIAN_POINT('',(74.000001434,116.521654578,9.171654584));
#9698=DIRECTION('',(1.,0.,-0.));
#9699=VECTOR('',#9698,52.025023315);
#9700=LINE('',#9697,#9699);
#9701=EDGE_CURVE('',#9696,#9688,#9700,.T.);
#9702=ORIENTED_EDGE('',*,*,#9701,.F.);
#9703=CARTESIAN_POINT('',(74.000001434,116.521654578,9.171654584));
#9704=DIRECTION('',(0.,0.707106781,-0.707106781));
#9705=VECTOR('',#9704,1.13137085);
#9706=LINE('',#9703,#9705);
#9707=EDGE_CURVE('',#9696,#8839,#9706,.T.);
#9708=ORIENTED_EDGE('',*,*,#9707,.T.);
#9709=ORIENTED_EDGE('',*,*,#8866,.T.);
#9710=EDGE_LOOP('',(#9694,#9702,#9708,#9709));
#9711=FACE_BOUND('',#9710,.T.);
#9712=ADVANCED_FACE('',(#9711),#9686,.T.);
#9713=CARTESIAN_POINT('',(74.000001434,116.521654578,9.571654584));
#9714=DIRECTION('',(0.,-1.,0.));
#9715=DIRECTION('',(0.,0.,-1.));
#9716=AXIS2_PLACEMENT_3D('',#9713,#9714,#9715);
#9717=PLANE('',#9716);
#9718=CARTESIAN_POINT('',(126.025024749,116.521654578,9.971654584));
#9719=VERTEX_POINT('',#9718);
#9720=CARTESIAN_POINT('',(126.025024749,116.521654578,9.971654584));
#9721=DIRECTION('',(0.,0.,-1.));
#9722=VECTOR('',#9721,0.8);
#9723=LINE('',#9720,#9722);
#9724=EDGE_CURVE('',#9719,#9688,#9723,.T.);
#9725=ORIENTED_EDGE('',*,*,#9724,.F.);
#9726=CARTESIAN_POINT('',(74.000001434,116.521654578,9.971654584));
#9727=VERTEX_POINT('',#9726);
#9728=CARTESIAN_POINT('',(74.000001434,116.521654578,9.971654584));
#9729=DIRECTION('',(1.,0.,-0.));
#9730=VECTOR('',#9729,52.025023315);
#9731=LINE('',#9728,#9730);
#9732=EDGE_CURVE('',#9727,#9719,#9731,.T.);
#9733=ORIENTED_EDGE('',*,*,#9732,.F.);
#9734=CARTESIAN_POINT('',(74.000001434,116.521654578,9.971654584));
#9735=DIRECTION('',(0.,0.,-1.));
#9736=VECTOR('',#9735,0.8);
#9737=LINE('',#9734,#9736);
#9738=EDGE_CURVE('',#9727,#9696,#9737,.T.);
#9739=ORIENTED_EDGE('',*,*,#9738,.T.);
#9740=ORIENTED_EDGE('',*,*,#9701,.T.);
#9741=EDGE_LOOP('',(#9725,#9733,#9739,#9740));
#9742=FACE_BOUND('',#9741,.T.);
#9743=ADVANCED_FACE('',(#9742),#9717,.T.);
#9744=CARTESIAN_POINT('',(74.000001434,116.921654578,9.971654584));
#9745=DIRECTION('',(0.,0.,1.));
#9746=DIRECTION('',(1.,0.,0.));
#9747=AXIS2_PLACEMENT_3D('',#9744,#9745,#9746);
#9748=PLANE('',#9747);
#9749=CARTESIAN_POINT('',(126.025024749,117.321654578,9.971654584));
#9750=DIRECTION('',(0.,-1.,0.));
#9751=VECTOR('',#9750,0.8);
#9752=LINE('',#9749,#9751);
#9753=EDGE_CURVE('',#8847,#9719,#9752,.T.);
#9754=ORIENTED_EDGE('',*,*,#9753,.F.);
#9755=ORIENTED_EDGE('',*,*,#8852,.F.);
#9756=CARTESIAN_POINT('',(74.000001434,117.321654578,9.971654584));
#9757=DIRECTION('',(0.,-1.,0.));
#9758=VECTOR('',#9757,0.8);
#9759=LINE('',#9756,#9758);
#9760=EDGE_CURVE('',#8837,#9727,#9759,.T.);
#9761=ORIENTED_EDGE('',*,*,#9760,.T.);
#9762=ORIENTED_EDGE('',*,*,#9732,.T.);
#9763=EDGE_LOOP('',(#9754,#9755,#9761,#9762));
#9764=FACE_BOUND('',#9763,.T.);
#9765=ADVANCED_FACE('',(#9764),#9748,.T.);
#9766=CARTESIAN_POINT('',(74.000001434,117.721654578,8.246654584));
#9767=DIRECTION('',(-1.,0.,0.));
#9768=DIRECTION('',(0.,0.,1.));
#9769=AXIS2_PLACEMENT_3D('',#9766,#9767,#9768);
#9770=PLANE('',#9769);
#9771=ORIENTED_EDGE('',*,*,#9707,.F.);
#9772=ORIENTED_EDGE('',*,*,#9738,.F.);
#9773=ORIENTED_EDGE('',*,*,#9760,.F.);
#9774=ORIENTED_EDGE('',*,*,#8844,.T.);
#9775=EDGE_LOOP('',(#9771,#9772,#9773,#9774));
#9776=FACE_BOUND('',#9775,.T.);
#9777=ADVANCED_FACE('',(#9776),#9770,.T.);
#9778=CARTESIAN_POINT('',(126.025024749,117.721654578,8.246654584));
#9779=DIRECTION('',(-1.,0.,0.));
#9780=DIRECTION('',(0.,0.,1.));
#9781=AXIS2_PLACEMENT_3D('',#9778,#9779,#9780);
#9782=PLANE('',#9781);
#9783=ORIENTED_EDGE('',*,*,#9693,.T.);
#9784=ORIENTED_EDGE('',*,*,#8860,.F.);
#9785=ORIENTED_EDGE('',*,*,#9753,.T.);
#9786=ORIENTED_EDGE('',*,*,#9724,.T.);
#9787=EDGE_LOOP('',(#9783,#9784,#9785,#9786));
#9788=FACE_BOUND('',#9787,.T.);
#9789=ADVANCED_FACE('',(#9788),#9782,.F.);
#9790=CARTESIAN_POINT('',(133.158910847,110.821660206,2.350389));
#9791=CARTESIAN_POINT('',(133.159453827,110.102910906,2.351212991));
#9792=CARTESIAN_POINT('',(133.158947013,108.65707796,2.350586476));
#9793=CARTESIAN_POINT('',(133.159171259,105.757077651,2.350800224));
#9794=CARTESIAN_POINT('',(133.158979617,102.121659309,2.350820825));
#9795=CARTESIAN_POINT('',(133.158905876,97.767490674,2.350748893));
#9796=CARTESIAN_POINT('',(133.158969716,94.867489378,2.3509462));
#9797=CARTESIAN_POINT('',(133.158558715,93.421655428,2.350187392));
#9798=CARTESIAN_POINT('',(133.180443376,110.821659393,2.366153188));
#9799=CARTESIAN_POINT('',(133.18082339,110.10291011,2.367421287));
#9800=CARTESIAN_POINT('',(133.180714449,108.657077132,2.366299897));
#9801=CARTESIAN_POINT('',(133.180511018,105.757076861,2.367175768));
#9802=CARTESIAN_POINT('',(133.180568035,102.1216585,2.366944558));
#9803=CARTESIAN_POINT('',(133.180312526,97.767489884,2.367326331));
#9804=CARTESIAN_POINT('',(133.180422782,94.867488585,2.367489967));
#9805=CARTESIAN_POINT('',(133.180108989,93.421654614,2.365966155));
#9806=CARTESIAN_POINT('',(133.228429278,110.821657647,2.404491338));
#9807=CARTESIAN_POINT('',(133.22835102,110.102908406,2.406575768));
#9808=CARTESIAN_POINT('',(133.229185782,108.657075358,2.404496451));
#9809=CARTESIAN_POINT('',(133.228001284,105.757075166,2.406697616));
#9810=CARTESIAN_POINT('',(133.228608722,102.121656765,2.405934147));
#9811=CARTESIAN_POINT('',(133.227936341,97.76748819,2.407198373));
#9812=CARTESIAN_POINT('',(133.228127461,94.867486885,2.40728157));
#9813=CARTESIAN_POINT('',(133.228129383,93.421652867,2.40434419));
#9814=CARTESIAN_POINT('',(133.295746002,110.821655457,2.470639001));
#9815=CARTESIAN_POINT('',(133.294645898,110.102906279,2.473143233));
#9816=CARTESIAN_POINT('',(133.297028701,108.657073133,2.47032223));
#9817=CARTESIAN_POINT('',(133.294363272,105.757073047,2.473783398));
#9818=CARTESIAN_POINT('',(133.295727123,102.121654593,2.472396616));
#9819=CARTESIAN_POINT('',(133.294427122,97.767486066,2.474408529));
#9820=CARTESIAN_POINT('',(133.294642811,94.867484757,2.474342827));
#9821=CARTESIAN_POINT('',(133.295467224,93.421650678,2.470559453));
#9822=CARTESIAN_POINT('',(133.358795338,110.821653774,2.550072645));
#9823=CARTESIAN_POINT('',(133.356342379,110.102904654,2.551962776));
#9824=CARTESIAN_POINT('',(133.360327344,108.657071427,2.54928801));
#9825=CARTESIAN_POINT('',(133.356266153,105.757071421,2.553076551));
#9826=CARTESIAN_POINT('',(133.358267706,102.121652926,2.551355413));
#9827=CARTESIAN_POINT('',(133.356352065,97.767484434,2.55343921));
#9828=CARTESIAN_POINT('',(133.356492615,94.867483124,2.553179619));
#9829=CARTESIAN_POINT('',(133.358499323,93.421648996,2.550033784));
#9830=CARTESIAN_POINT('',(133.410968694,110.821652811,2.63631874));
#9831=CARTESIAN_POINT('',(133.407351445,110.102903727,2.636911685));
#9832=CARTESIAN_POINT('',(133.412412903,108.657070459,2.635051523));
#9833=CARTESIAN_POINT('',(133.407516727,105.757070486,2.638304456));
#9834=CARTESIAN_POINT('',(133.409834231,102.121651975,2.636599643));
#9835=CARTESIAN_POINT('',(133.407477618,97.767483497,2.638244776));
#9836=CARTESIAN_POINT('',(133.407490558,94.867482189,2.637759091));
#9837=CARTESIAN_POINT('',(133.41066288,93.421648034,2.636295959));
#9838=CARTESIAN_POINT('',(133.451677101,110.821652582,2.728477801));
#9839=CARTESIAN_POINT('',(133.44762589,110.102903493,2.727772704));
#9840=CARTESIAN_POINT('',(133.452763932,108.657070242,2.726913927));
#9841=CARTESIAN_POINT('',(133.447932297,105.757070245,2.729150772));
#9842=CARTESIAN_POINT('',(133.450115421,102.121651747,2.727725655));
#9843=CARTESIAN_POINT('',(133.447648496,97.767483261,2.728730163));
#9844=CARTESIAN_POINT('',(133.44753778,94.867481956,2.728055319));
#9845=CARTESIAN_POINT('',(133.45142847,93.421647803,2.728489265));
#9846=CARTESIAN_POINT('',(133.487757765,110.821653214,2.849922056));
#9847=CARTESIAN_POINT('',(133.484483989,110.102904067,2.848424321));
#9848=CARTESIAN_POINT('',(133.488265432,108.657070907,2.848466117));
#9849=CARTESIAN_POINT('',(133.484734941,105.757070813,2.849373215));
#9850=CARTESIAN_POINT('',(133.486199286,102.121652364,2.848475254));
#9851=CARTESIAN_POINT('',(133.484193744,97.767483839,2.848777236));
#9852=CARTESIAN_POINT('',(133.483988673,94.867482538,2.848038873));
#9853=CARTESIAN_POINT('',(133.487664694,93.421648429,2.850062271));
#9854=CARTESIAN_POINT('',(133.49915851,110.821654591,2.944359986));
#9855=CARTESIAN_POINT('',(133.497709533,110.10290536,2.943460383));
#9856=CARTESIAN_POINT('',(133.499251629,108.65707232,2.943574902));
#9857=CARTESIAN_POINT('',(133.497749359,105.757072104,2.943796438));
#9858=CARTESIAN_POINT('',(133.498274185,102.121653715,2.943398629));
#9859=CARTESIAN_POINT('',(133.497333875,97.76748513,2.943505877));
#9860=CARTESIAN_POINT('',(133.497123072,94.867483833,2.942989949));
#9861=CARTESIAN_POINT('',(133.499183303,93.421649804,2.944672117));
#9862=CARTESIAN_POINT('',(133.500448294,110.821655828,3.0065489));
#9863=CARTESIAN_POINT('',(133.500498231,110.102906533,3.006398452));
#9864=CARTESIAN_POINT('',(133.500281908,108.657073585,3.006410178));
#9865=CARTESIAN_POINT('',(133.500413268,105.757073275,3.006322178));
#9866=CARTESIAN_POINT('',(133.500239716,102.121654931,3.006309389));
#9867=CARTESIAN_POINT('',(133.500269273,97.767486295,3.006438787));
#9868=CARTESIAN_POINT('',(133.500073673,94.867485003,3.006182873));
#9869=CARTESIAN_POINT('',(133.500498736,93.421651041,3.006956543));
#9870=B_SPLINE_SURFACE_WITH_KNOTS('',3,3,((#9790,#9791,#9792,#9793,#9794,#9795,#9796,#9797),(#9798,#9799,#9800,#9801,#9802,#9803,#9804,#9805),(#9806,#9807,#9808,#9809,#9810,#9811,#9812,#9813),(#9814,#9815,#9816,#9817,#9818,#9819,#9820,#9821),(#9822,#9823,#9824,#9825,#9826,#9827,#9828,#9829),(#9830,#9831,#9832,#9833,#9834,#9835,#9836,#9837),(#9838,#9839,#9840,#9841,#9842,#9843,#9844,#9845),(#9846,#9847,#9848,#9849,#9850,#9851,#9852,#9853),(#9854,#9855,#9856,#9857,#9858,#9859,#9860,#9861),(#9862,#9863,#9864,#9865,#9866,#9867,#9868,#9869)),.UNSPECIFIED.,.F.,.F.,.U.,(4,1,1,1,1,1,1,4),(4,1,1,1,1,4),(-0.000382811,-0.000306041,-0.000203917,-0.000101794,0.000000329,0.000102453,0.000204576,0.000383549),(-0.008700014,-0.006543767,-0.004362516,-0.000000014,0.004362488,0.00869999),.UNSPECIFIED.);
#9871=ORIENTED_EDGE('',*,*,#8638,.T.);
#9872=CARTESIAN_POINT('',(133.50044382,110.821655824,3.006334333));
#9873=CARTESIAN_POINT('',(133.494866023,110.821648978,2.740245438));
#9874=CARTESIAN_POINT('',(133.373903729,110.821648975,2.507902202));
#9875=CARTESIAN_POINT('',(133.15918032,110.821655532,2.350586358));
#9876=B_SPLINE_CURVE_WITH_KNOTS('',3,(#9872,#9873,#9874,#9875),.UNSPECIFIED.,.F.,.F.,(4,4),(0.,1.),.UNSPECIFIED.);
#9877=EDGE_CURVE('',#8523,#8625,#9876,.T.);
#9878=ORIENTED_EDGE('',*,*,#9877,.F.);
#9879=ORIENTED_EDGE('',*,*,#8527,.F.);
#9880=ORIENTED_EDGE('',*,*,#8520,.F.);
#9881=ORIENTED_EDGE('',*,*,#8513,.F.);
#9882=CARTESIAN_POINT('',(133.500485364,93.421655937,3.006333066));
#9883=CARTESIAN_POINT('',(133.494690517,93.421649193,2.740142707));
#9884=CARTESIAN_POINT('',(133.373739554,93.421649286,2.507991479));
#9885=CARTESIAN_POINT('',(133.15914986,93.421655927,2.350620566));
#9886=B_SPLINE_CURVE_WITH_KNOTS('',3,(#9882,#9883,#9884,#9885),.UNSPECIFIED.,.F.,.F.,(4,4),(0.,1.),.UNSPECIFIED.);
#9887=EDGE_CURVE('',#8494,#8649,#9886,.T.);
#9888=ORIENTED_EDGE('',*,*,#9887,.T.);
#9889=ORIENTED_EDGE('',*,*,#8654,.T.);
#9890=ORIENTED_EDGE('',*,*,#8646,.T.);
#9891=EDGE_LOOP('',(#9871,#9878,#9879,#9880,#9881,#9888,#9889,#9890));
#9892=FACE_BOUND('',#9891,.T.);
#9893=ADVANCED_FACE('',(#9892),#9870,.T.);
#9894=CARTESIAN_POINT('',(133.5,110.821655794,3.006343636));
#9895=CARTESIAN_POINT('',(133.5,110.985880896,3.006343636));
#9896=CARTESIAN_POINT('',(133.5,111.150114509,2.973720293));
#9897=CARTESIAN_POINT('',(133.5,111.453978661,2.84785564));
#9898=CARTESIAN_POINT('',(133.5,111.593111145,2.75485953));
#9899=CARTESIAN_POINT('',(133.5,111.82549332,2.522477355));
#9900=CARTESIAN_POINT('',(133.5,111.91848943,2.383344872));
#9901=CARTESIAN_POINT('',(133.5,112.044354083,2.079480719));
#9902=CARTESIAN_POINT('',(133.5,112.076977426,1.915247106));
#9903=CARTESIAN_POINT('',(133.5,112.076977426,1.751022005));
#9904=CARTESIAN_POINT('',(133.5,110.821655794,2.740016307));
#9905=CARTESIAN_POINT('',(133.5,110.951039122,2.740016307));
#9906=CARTESIAN_POINT('',(133.5,111.080429155,2.714314288));
#9907=CARTESIAN_POINT('',(133.5,111.319825902,2.615152909));
#9908=CARTESIAN_POINT('',(133.5,111.429440227,2.541886727));
#9909=CARTESIAN_POINT('',(133.5,111.612520516,2.358806438));
#9910=CARTESIAN_POINT('',(133.5,111.685786698,2.249192113));
#9911=CARTESIAN_POINT('',(133.5,111.784948078,2.009795365));
#9912=CARTESIAN_POINT('',(133.5,111.810650097,1.880405332));
#9913=CARTESIAN_POINT('',(133.5,111.810650097,1.751022005));
#9914=CARTESIAN_POINT('',(133.377023725,110.821655794,2.503781081));
#9915=CARTESIAN_POINT('',(133.377023725,110.92013409,2.503781081));
#9916=CARTESIAN_POINT('',(133.377023725,111.018617491,2.484218351));
#9917=CARTESIAN_POINT('',(133.377023725,111.200830952,2.408743065));
#9918=CARTESIAN_POINT('',(133.377023725,111.284262351,2.352977543));
#9919=CARTESIAN_POINT('',(133.377023725,111.423611333,2.213628561));
#9920=CARTESIAN_POINT('',(133.377023725,111.479376854,2.130197162));
#9921=CARTESIAN_POINT('',(133.377023725,111.554852141,1.947983701));
#9922=CARTESIAN_POINT('',(133.377023725,111.574414871,1.849500301));
#9923=CARTESIAN_POINT('',(133.377023725,111.574414871,1.751022005));
#9924=CARTESIAN_POINT('',(133.158861149,110.821655794,2.351022001));
#9925=CARTESIAN_POINT('',(133.158861149,110.90014967,2.351022001));
#9926=CARTESIAN_POINT('',(133.158861149,110.978647614,2.33542918));
#9927=CARTESIAN_POINT('',(133.158861149,111.12388409,2.275270261));
#9928=CARTESIAN_POINT('',(133.158861149,111.190384569,2.230821362));
#9929=CARTESIAN_POINT('',(133.158861149,111.301455151,2.11975078));
#9930=CARTESIAN_POINT('',(133.158861149,111.345904051,2.053250301));
#9931=CARTESIAN_POINT('',(133.158861149,111.406062969,1.908013825));
#9932=CARTESIAN_POINT('',(133.158861149,111.42165579,1.829515881));
#9933=CARTESIAN_POINT('',(133.158861149,111.42165579,1.751022005));
#9934=(BOUNDED_SURFACE()
B_SPLINE_SURFACE(3,3,((#9894,#9895,#9896,#9897,#9898,#9899,#9900,#9901,#9902,#9903),(#9904,#9905,#9906,#9907,#9908,#9909,#9910,#9911,#9912,#9913),(#9914,#9915,#9916,#9917,#9918,#9919,#9920,#9921,#9922,#9923),(#9924,#9925,#9926,#9927,#9928,#9929,#9930,#9931,#9932,#9933)),.UNSPECIFIED.,.F.,.F.,.U.)
B_SPLINE_SURFACE_WITH_KNOTS((4,4),(4,2,2,2,4),(0.,1.),(0.860057383,0.871742345,0.883427307,0.895112269,0.906797231),.UNSPECIFIED.)
GEOMETRIC_REPRESENTATION_ITEM()
RATIONAL_B_SPLINE_SURFACE(((1.,1.,1.,1.,1.,1.,1.,1.,1.,1.),(0.924673889,0.924673889,0.924673889,0.924673889,0.924673889,0.924673889,0.924673889,0.924673889,0.924673889,0.924673889),(0.924673889,0.924673889,0.924673889,0.924673889,0.924673889,0.924673889,0.924673889,0.924673889,0.924673889,0.924673889),(1.,1.,1.,1.,1.,1.,1.,1.,1.,1.)))
REPRESENTATION_ITEM('')
SURFACE()
);
#9935=ORIENTED_EDGE('',*,*,#8768,.T.);
#9936=CARTESIAN_POINT('',(132.7,112.076977426,1.751022005));
#9937=DIRECTION('',(-0.,-0.,-1.));
#9938=DIRECTION('',(0.573576436,-0.819152044,0.));
#9939=AXIS2_PLACEMENT_3D('',#9936,#9937,#9938);
#9940=CIRCLE('',#9939,0.8);
#9941=EDGE_CURVE('',#8530,#8762,#9940,.T.);
#9942=ORIENTED_EDGE('',*,*,#9941,.F.);
#9943=ORIENTED_EDGE('',*,*,#8542,.F.);
#9944=ORIENTED_EDGE('',*,*,#9877,.T.);
#9945=EDGE_LOOP('',(#9935,#9942,#9943,#9944));
#9946=FACE_BOUND('',#9945,.T.);
#9947=ADVANCED_FACE('',(#9946),#9934,.T.);
#9948=CARTESIAN_POINT('',(133.5,112.076977426,1.751022005));
#9949=CARTESIAN_POINT('',(133.5,112.076977426,1.124564825));
#9950=CARTESIAN_POINT('',(133.5,112.076977426,0.498107645));
#9951=CARTESIAN_POINT('',(133.5,112.076977426,-0.128349534));
#9952=CARTESIAN_POINT('',(133.5,112.076977426,-0.128350282));
#9953=CARTESIAN_POINT('',(133.5,112.076977426,-0.12835103));
#9954=CARTESIAN_POINT('',(133.5,112.076977426,-0.128351778));
#9955=CARTESIAN_POINT('',(133.5,111.810650097,1.751022005));
#9956=CARTESIAN_POINT('',(133.5,111.810650097,1.124564825));
#9957=CARTESIAN_POINT('',(133.5,111.810650097,0.498107645));
#9958=CARTESIAN_POINT('',(133.5,111.810650097,-0.128349534));
#9959=CARTESIAN_POINT('',(133.5,111.810650097,-0.128350282));
#9960=CARTESIAN_POINT('',(133.5,111.810650097,-0.12835103));
#9961=CARTESIAN_POINT('',(133.5,111.810650097,-0.128351778));
#9962=CARTESIAN_POINT('',(133.377023725,111.574414871,1.751022005));
#9963=CARTESIAN_POINT('',(133.377023725,111.574414871,1.124564825));
#9964=CARTESIAN_POINT('',(133.377023725,111.574414871,0.498107645));
#9965=CARTESIAN_POINT('',(133.377023725,111.574414871,-0.128349534));
#9966=CARTESIAN_POINT('',(133.377023725,111.574414871,-0.128350282));
#9967=CARTESIAN_POINT('',(133.377023725,111.574414871,-0.12835103));
#9968=CARTESIAN_POINT('',(133.377023725,111.574414871,-0.128351778));
#9969=CARTESIAN_POINT('',(133.158861149,111.42165579,1.751022005));
#9970=CARTESIAN_POINT('',(133.158861149,111.42165579,1.124564825));
#9971=CARTESIAN_POINT('',(133.158861149,111.42165579,0.498107645));
#9972=CARTESIAN_POINT('',(133.158861149,111.42165579,-0.128349534));
#9973=CARTESIAN_POINT('',(133.158861149,111.42165579,-0.128350282));
#9974=CARTESIAN_POINT('',(133.158861149,111.42165579,-0.12835103));
#9975=CARTESIAN_POINT('',(133.158861149,111.42165579,-0.128351778));
#9976=(BOUNDED_SURFACE()
B_SPLINE_SURFACE(3,3,((#9948,#9949,#9950,#9951,#9952,#9953,#9954),(#9955,#9956,#9957,#9958,#9959,#9960,#9961),(#9962,#9963,#9964,#9965,#9966,#9967,#9968),(#9969,#9970,#9971,#9972,#9973,#9974,#9975)),.UNSPECIFIED.,.F.,.F.,.U.)
B_SPLINE_SURFACE_WITH_KNOTS((4,4),(4,3,4),(0.,1.),(0.906797231,1.,1.000000111),.UNSPECIFIED.)
GEOMETRIC_REPRESENTATION_ITEM()
RATIONAL_B_SPLINE_SURFACE(((1.,1.,1.,1.,1.,1.,1.),(0.924673889,0.924673889,0.924673889,0.924673889,0.924673889,0.924673889,0.924673889),(0.924673889,0.924673889,0.924673889,0.924673889,0.924673889,0.924673889,0.924673889),(1.,1.,1.,1.,1.,1.,1.)))
REPRESENTATION_ITEM('')
SURFACE()
);
#9977=ORIENTED_EDGE('',*,*,#9554,.T.);
#9978=CARTESIAN_POINT('',(132.7,112.076977426,-0.128354021));
#9979=DIRECTION('',(-0.,-0.000006847,-1.));
#9980=DIRECTION('',(0.573576436,-0.819152044,0.000005609));
#9981=AXIS2_PLACEMENT_3D('',#9978,#9979,#9980);
#9982=CIRCLE('',#9981,0.8);
#9983=EDGE_CURVE('',#8545,#8787,#9982,.T.);
#9984=ORIENTED_EDGE('',*,*,#9983,.F.);
#9985=ORIENTED_EDGE('',*,*,#8551,.F.);
#9986=ORIENTED_EDGE('',*,*,#9941,.T.);
#9987=EDGE_LOOP('',(#9977,#9984,#9985,#9986));
#9988=FACE_BOUND('',#9987,.T.);
#9989=ADVANCED_FACE('',(#9988),#9976,.T.);
#9990=CARTESIAN_POINT('',(133.5,112.076977426,-0.128354021));
#9991=CARTESIAN_POINT('',(133.5,112.076976284,-0.293050876));
#9992=CARTESIAN_POINT('',(133.5,112.044220497,-0.457239056));
#9993=CARTESIAN_POINT('',(133.5,111.918371162,-0.76084118));
#9994=CARTESIAN_POINT('',(133.5,111.82548727,-0.899808521));
#9995=CARTESIAN_POINT('',(133.5,111.593104248,-1.132188154));
#9996=CARTESIAN_POINT('',(133.5,111.454135552,-1.225070018));
#9997=CARTESIAN_POINT('',(133.5,111.150531593,-1.350914926));
#9998=CARTESIAN_POINT('',(133.5,110.986342935,-1.383668318));
#9999=CARTESIAN_POINT('',(133.5,110.82164608,-1.383667057));
#10000=CARTESIAN_POINT('',(133.5,111.810650097,-0.128352198));
#10001=CARTESIAN_POINT('',(133.5,111.810649197,-0.258107192));
#10002=CARTESIAN_POINT('',(133.5,111.784842833,-0.387461431));
#10003=CARTESIAN_POINT('',(133.5,111.685693522,-0.626651742));
#10004=CARTESIAN_POINT('',(133.5,111.61251575,-0.73613596));
#10005=CARTESIAN_POINT('',(133.5,111.429434794,-0.919214247));
#10006=CARTESIAN_POINT('',(133.5,111.319949508,-0.992390421));
#10007=CARTESIAN_POINT('',(133.5,111.080757751,-1.091536244));
#10008=CARTESIAN_POINT('',(133.5,110.951403135,-1.117340722));
#10009=CARTESIAN_POINT('',(133.5,110.821648141,-1.117339728));
#10010=CARTESIAN_POINT('',(133.377023725,111.574414871,-0.12835058));
#10011=CARTESIAN_POINT('',(133.377023725,111.574414186,-0.227111765));
#10012=CARTESIAN_POINT('',(133.377023725,111.554772036,-0.325567922));
#10013=CARTESIAN_POINT('',(133.377023725,111.479305934,-0.507624256));
#10014=CARTESIAN_POINT('',(133.377023725,111.423607705,-0.590956626));
#10015=CARTESIAN_POINT('',(133.377023725,111.284258215,-0.730304084));
#10016=CARTESIAN_POINT('',(133.377023725,111.200925032,-0.786001098));
#10017=CARTESIAN_POINT('',(133.377023725,111.018867597,-0.861464544));
#10018=CARTESIAN_POINT('',(133.377023725,110.920411154,-0.881105258));
#10019=CARTESIAN_POINT('',(133.377023725,110.821649969,-0.881104502));
#10020=CARTESIAN_POINT('',(133.158861149,111.42165579,-0.128349534));
#10021=CARTESIAN_POINT('',(133.158861149,111.421655245,-0.207068892));
#10022=CARTESIAN_POINT('',(133.158861149,111.40599912,-0.28554512));
#10023=CARTESIAN_POINT('',(133.158861149,111.345847523,-0.430656356));
#10024=CARTESIAN_POINT('',(133.158861149,111.30145226,-0.497077902));
#10025=CARTESIAN_POINT('',(133.158861149,111.190381273,-0.608147269));
#10026=CARTESIAN_POINT('',(133.158861149,111.123959079,-0.652541564));
#10027=CARTESIAN_POINT('',(133.158861149,110.978846966,-0.712691044));
#10028=CARTESIAN_POINT('',(133.158861149,110.900370509,-0.728346024));
#10029=CARTESIAN_POINT('',(133.158861149,110.821651151,-0.728345422));
#10030=(BOUNDED_SURFACE()
B_SPLINE_SURFACE(3,3,((#9990,#9991,#9992,#9993,#9994,#9995,#9996,#9997,#9998,#9999),(#10000,#10001,#10002,#10003,#10004,#10005,#10006,#10007,#10008,#10009),(#10010,#10011,#10012,#10013,#10014,#10015,#10016,#10017,#10018,#10019),(#10020,#10021,#10022,#10023,#10024,#10025,#10026,#10027,#10028,#10029)),.UNSPECIFIED.,.F.,.F.,.U.)
B_SPLINE_SURFACE_WITH_KNOTS((4,4),(4,2,2,2,4),(0.,1.),(0.,0.25,0.5,0.75,1.),.UNSPECIFIED.)
GEOMETRIC_REPRESENTATION_ITEM()
RATIONAL_B_SPLINE_SURFACE(((1.,1.,1.,1.,1.,1.,1.,1.,1.,1.),(0.924673889,0.924673889,0.924673889,0.924673889,0.924673889,0.924673889,0.924673889,0.924673889,0.924673889,0.924673889),(0.924673889,0.924673889,0.924673889,0.924673889,0.924673889,0.924673889,0.924673889,0.924673889,0.924673889,0.924673889),(1.,1.,1.,1.,1.,1.,1.,1.,1.,1.)))
REPRESENTATION_ITEM('')
SURFACE()
);
#10031=ORIENTED_EDGE('',*,*,#8793,.T.);
#10032=CARTESIAN_POINT('',(133.5,110.82164608,-1.383667057));
#10033=CARTESIAN_POINT('',(133.5,110.821647033,-1.260534094));
#10034=CARTESIAN_POINT('',(133.469869556,110.821648043,-1.130028257));
#10035=CARTESIAN_POINT('',(133.409608667,110.821648939,-1.014268167));
#10036=CARTESIAN_POINT('',(133.349347778,110.821649835,-0.898508076));
#10037=CARTESIAN_POINT('',(133.259725768,110.821650605,-0.798971588));
#10038=CARTESIAN_POINT('',(133.158861149,110.821651151,-0.728345422));
#10039=B_SPLINE_CURVE_WITH_KNOTS('',3,(#10032,#10033,#10034,#10035,#10036,#10037,#10038),.UNSPECIFIED.,.F.,.F.,(4,3,4),(0.,0.5,1.),.UNSPECIFIED.);
#10040=EDGE_CURVE('',#8454,#8575,#10039,.T.);
#10041=ORIENTED_EDGE('',*,*,#10040,.F.);
#10042=ORIENTED_EDGE('',*,*,#8564,.F.);
#10043=ORIENTED_EDGE('',*,*,#9983,.T.);
#10044=EDGE_LOOP('',(#10031,#10041,#10042,#10043));
#10045=FACE_BOUND('',#10044,.T.);
#10046=ADVANCED_FACE('',(#10045),#10030,.T.);
#10047=CARTESIAN_POINT('',(133.500350435,110.821651132,-1.383715163));
#10048=CARTESIAN_POINT('',(133.500084883,108.004985246,-1.38323984));
#10049=CARTESIAN_POINT('',(133.500489373,102.363320133,-1.383879021));
#10050=CARTESIAN_POINT('',(133.50014549,96.721655021,-1.383364018));
#10051=CARTESIAN_POINT('',(133.50035875,93.896655795,-1.383716832));
#10052=CARTESIAN_POINT('',(133.500371297,93.73044649,-1.38373759));
#10053=CARTESIAN_POINT('',(133.500383845,93.564237185,-1.383758348));
#10054=CARTESIAN_POINT('',(133.500396392,93.39802788,-1.383779105));
#10055=CARTESIAN_POINT('',(133.500400532,93.343187695,-1.383785954));
#10056=CARTESIAN_POINT('',(133.500404672,93.288347511,-1.383792803));
#10057=CARTESIAN_POINT('',(133.500408812,93.233507327,-1.383799652));
#10058=CARTESIAN_POINT('',(133.499635289,110.821651132,-1.356845917));
#10059=CARTESIAN_POINT('',(133.499033257,108.004985246,-1.355856332));
#10060=CARTESIAN_POINT('',(133.499961961,102.363320133,-1.357446714));
#10061=CARTESIAN_POINT('',(133.499004525,96.721655021,-1.356057199));
#10062=CARTESIAN_POINT('',(133.499692371,93.896655795,-1.356945874));
#10063=CARTESIAN_POINT('',(133.49973284,93.73044649,-1.356998159));
#10064=CARTESIAN_POINT('',(133.49977331,93.564237185,-1.357050445));
#10065=CARTESIAN_POINT('',(133.49981378,93.39802788,-1.35710273));
#10066=CARTESIAN_POINT('',(133.499827132,93.343187695,-1.357119981));
#10067=CARTESIAN_POINT('',(133.499840485,93.288347511,-1.357137233));
#10068=CARTESIAN_POINT('',(133.499853838,93.233507327,-1.357154484));
#10069=CARTESIAN_POINT('',(133.49545543,110.821651132,-1.295251905));
#10070=CARTESIAN_POINT('',(133.494246785,108.004985246,-1.293364412));
#10071=CARTESIAN_POINT('',(133.496122928,102.363320133,-1.296712698));
#10072=CARTESIAN_POINT('',(133.494015301,96.721655021,-1.293692914));
#10073=CARTESIAN_POINT('',(133.49560123,93.896655795,-1.295547924));
#10074=CARTESIAN_POINT('',(133.495694538,93.73044649,-1.295657064));
#10075=CARTESIAN_POINT('',(133.495787846,93.564237185,-1.295766204));
#10076=CARTESIAN_POINT('',(133.495881155,93.39802788,-1.295875343));
#10077=CARTESIAN_POINT('',(133.495911942,93.343187695,-1.295911354));
#10078=CARTESIAN_POINT('',(133.495942728,93.288347511,-1.295947364));
#10079=CARTESIAN_POINT('',(133.495973515,93.233507327,-1.295983374));
#10080=CARTESIAN_POINT('',(133.47963427,110.821651132,-1.202051884));
#10081=CARTESIAN_POINT('',(133.478121415,108.004985246,-1.199852485));
#10082=CARTESIAN_POINT('',(133.480483409,102.363320133,-1.204283754));
#10083=CARTESIAN_POINT('',(133.477594195,96.721655021,-1.200198382));
#10084=CARTESIAN_POINT('',(133.479828385,93.896655795,-1.202535581));
#10085=CARTESIAN_POINT('',(133.479959834,93.73044649,-1.202673091));
#10086=CARTESIAN_POINT('',(133.480091283,93.564237185,-1.2028106));
#10087=CARTESIAN_POINT('',(133.480222732,93.39802788,-1.20294811));
#10088=CARTESIAN_POINT('',(133.480266103,93.343187695,-1.20299348));
#10089=CARTESIAN_POINT('',(133.480309474,93.288347511,-1.203038851));
#10090=CARTESIAN_POINT('',(133.480352845,93.233507326,-1.203084222));
#10091=CARTESIAN_POINT('',(133.450758141,110.821651132,-1.105167895));
#10092=CARTESIAN_POINT('',(133.449594623,108.004985246,-1.103789894));
#10093=CARTESIAN_POINT('',(133.451427223,102.363320133,-1.107575084));
#10094=CARTESIAN_POINT('',(133.448829653,96.721655021,-1.104003412));
#10095=CARTESIAN_POINT('',(133.450902885,93.896655795,-1.105710065));
#10096=CARTESIAN_POINT('',(133.451024864,93.73044649,-1.105810477));
#10097=CARTESIAN_POINT('',(133.451146843,93.564237185,-1.105910888));
#10098=CARTESIAN_POINT('',(133.451268822,93.39802788,-1.106011299));
#10099=CARTESIAN_POINT('',(133.451309068,93.343187695,-1.106044429));
#10100=CARTESIAN_POINT('',(133.451349315,93.288347511,-1.10607756));
#10101=CARTESIAN_POINT('',(133.451389562,93.233507326,-1.10611069));
#10102=CARTESIAN_POINT('',(133.396802629,110.821651132,-0.982999587));
#10103=CARTESIAN_POINT('',(133.396577968,108.004985246,-0.983540366));
#10104=CARTESIAN_POINT('',(133.396973249,102.363320133,-0.984991676));
#10105=CARTESIAN_POINT('',(133.395700095,96.721655021,-0.983540884));
#10106=CARTESIAN_POINT('',(133.39680527,93.896655795,-0.983456442));
#10107=CARTESIAN_POINT('',(133.396870293,93.730446489,-0.983451474));
#10108=CARTESIAN_POINT('',(133.396935317,93.564237184,-0.983446506));
#10109=CARTESIAN_POINT('',(133.39700034,93.398027879,-0.983441538));
#10110=CARTESIAN_POINT('',(133.397021794,93.343187695,-0.983439899));
#10111=CARTESIAN_POINT('',(133.397043248,93.288347511,-0.983438259));
#10112=CARTESIAN_POINT('',(133.397064702,93.233507326,-0.98343662));
#10113=CARTESIAN_POINT('',(133.305772464,110.821651132,-0.852064972));
#10114=CARTESIAN_POINT('',(133.30657787,108.004985246,-0.854625829));
#10115=CARTESIAN_POINT('',(133.305455306,102.363320133,-0.853002095));
#10116=CARTESIAN_POINT('',(133.305935384,96.721655021,-0.854486249));
#10117=CARTESIAN_POINT('',(133.305638496,93.896655794,-0.852253145));
#10118=CARTESIAN_POINT('',(133.305621028,93.730446489,-0.85212176));
#10119=CARTESIAN_POINT('',(133.305603561,93.564237184,-0.851990375));
#10120=CARTESIAN_POINT('',(133.305586094,93.398027879,-0.85185899));
#10121=CARTESIAN_POINT('',(133.30558033,93.343187695,-0.85181564));
#10122=CARTESIAN_POINT('',(133.305574567,93.288347511,-0.85177229));
#10123=CARTESIAN_POINT('',(133.305568804,93.233507326,-0.85172894));
#10124=CARTESIAN_POINT('',(133.209285009,110.821651132,-0.765080713));
#10125=CARTESIAN_POINT('',(133.209828815,108.004985246,-0.766537464));
#10126=CARTESIAN_POINT('',(133.209090192,102.363320133,-0.765319417));
#10127=CARTESIAN_POINT('',(133.209601359,96.721655021,-0.76647928));
#10128=CARTESIAN_POINT('',(133.209211558,93.896655794,-0.765122632));
#10129=CARTESIAN_POINT('',(133.209188624,93.730446489,-0.765042813));
#10130=CARTESIAN_POINT('',(133.20916569,93.564237184,-0.764962995));
#10131=CARTESIAN_POINT('',(133.209142756,93.398027879,-0.764883176));
#10132=CARTESIAN_POINT('',(133.209135189,93.343187695,-0.76485684));
#10133=CARTESIAN_POINT('',(133.209127622,93.288347511,-0.764830504));
#10134=CARTESIAN_POINT('',(133.209120055,93.233507326,-0.764804168));
#10135=CARTESIAN_POINT('',(133.15903258,110.821651132,-0.728029594));
#10136=CARTESIAN_POINT('',(133.159202533,108.004985246,-0.728346634));
#10137=CARTESIAN_POINT('',(133.15900326,102.363320133,-0.727973891));
#10138=CARTESIAN_POINT('',(133.159211389,96.721655021,-0.728367533));
#10139=CARTESIAN_POINT('',(133.159025104,93.896655794,-0.728024541));
#10140=CARTESIAN_POINT('',(133.159014144,93.730446489,-0.728004361));
#10141=CARTESIAN_POINT('',(133.159003184,93.564237184,-0.727984181));
#10142=CARTESIAN_POINT('',(133.158992224,93.398027879,-0.727964001));
#10143=CARTESIAN_POINT('',(133.158988607,93.343187695,-0.727957342));
#10144=CARTESIAN_POINT('',(133.158984991,93.288347511,-0.727950684));
#10145=CARTESIAN_POINT('',(133.158981375,93.233507326,-0.727944026));
#10146=B_SPLINE_SURFACE_WITH_KNOTS('',3,3,((#10047,#10048,#10049,#10050,#10051,#10052,#10053,#10054,#10055,#10056,#10057),(#10058,#10059,#10060,#10061,#10062,#10063,#10064,#10065,#10066,#10067,#10068),(#10069,#10070,#10071,#10072,#10073,#10074,#10075,#10076,#10077,#10078,#10079),(#10080,#10081,#10082,#10083,#10084,#10085,#10086,#10087,#10088,#10089,#10090),(#10091,#10092,#10093,#10094,#10095,#10096,#10097,#10098,#10099,#10100,#10101),(#10102,#10103,#10104,#10105,#10106,#10107,#10108,#10109,#10110,#10111,#10112),(#10113,#10114,#10115,#10116,#10117,#10118,#10119,#10120,#10121,#10122,#10123),(#10124,#10125,#10126,#10127,#10128,#10129,#10130,#10131,#10132,#10133,#10134),(#10135,#10136,#10137,#10138,#10139,#10140,#10141,#10142,#10143,#10144,#10145)),.UNSPECIFIED.,.F.,.F.,.U.,(4,1,1,1,1,1,4),(4,1,3,3,4),(-0.000383058,-0.000306199,-0.000204133,-0.000102067,-0.000000001,0.00020413,0.000383039),(-0.008449998,-0.,0.008474998,0.008973626,0.009138146),.UNSPECIFIED.);
#10147=ORIENTED_EDGE('',*,*,#8467,.F.);
#10148=ORIENTED_EDGE('',*,*,#8460,.F.);
#10149=ORIENTED_EDGE('',*,*,#10040,.T.);
#10150=ORIENTED_EDGE('',*,*,#8612,.T.);
#10151=ORIENTED_EDGE('',*,*,#8606,.T.);
#10152=CARTESIAN_POINT('',(133.500229779,93.233507327,-1.376538271));
#10153=CARTESIAN_POINT('',(133.500229778,93.3081515,-1.376840966));
#10154=CARTESIAN_POINT('',(133.501550436,93.334198286,-1.327481896));
#10155=CARTESIAN_POINT('',(133.486808757,93.32508844,-1.245178598));
#10156=CARTESIAN_POINT('',(133.472067078,93.315978593,-1.1628753));
#10157=CARTESIAN_POINT('',(133.445529832,93.321319044,-1.085731489));
#10158=CARTESIAN_POINT('',(133.408734952,93.341109792,-1.015133718));
#10159=CARTESIAN_POINT('',(133.371940072,93.360900541,-0.944535947));
#10160=CARTESIAN_POINT('',(133.328166324,93.366391518,-0.883620536));
#10161=CARTESIAN_POINT('',(133.268893928,93.359524506,-0.823082294));
#10162=CARTESIAN_POINT('',(133.239257731,93.356091001,-0.792813173));
#10163=CARTESIAN_POINT('',(133.208218446,93.352695667,-0.766329844));
#10164=CARTESIAN_POINT('',(133.188850356,93.362729369,-0.750856733));
#10165=CARTESIAN_POINT('',(133.169482267,93.372763071,-0.735383622));
#10166=CARTESIAN_POINT('',(133.159144755,93.392404816,-0.728075905));
#10167=CARTESIAN_POINT('',(133.159087207,93.421654607,-0.728035668));
#10168=B_SPLINE_CURVE_WITH_KNOTS('',3,(#10152,#10153,#10154,#10155,#10156,#10157,#10158,#10159,#10160,#10161,#10162,#10163,#10164,#10165,#10166,#10167),.UNSPECIFIED.,.F.,.F.,(4,3,3,3,3,4),(0.,0.25,0.5,0.75,0.875,1.),.UNSPECIFIED.);
#10169=EDGE_CURVE('',#8463,#8593,#10168,.T.);
#10170=ORIENTED_EDGE('',*,*,#10169,.F.);
#10171=EDGE_LOOP('',(#10147,#10148,#10149,#10150,#10151,#10170));
#10172=FACE_BOUND('',#10171,.T.);
#10173=ADVANCED_FACE('',(#10172),#10146,.T.);
#10174=CARTESIAN_POINT('',(133.5,93.421654578,1.751022005));
#10175=DIRECTION('',(-1.,-0.,-0.));
#10176=DIRECTION('',(-0.,0.,1.));
#10177=AXIS2_PLACEMENT_3D('',#10174,#10175,#10176);
#10178=CYLINDRICAL_SURFACE('',#10177,0.6);
#10179=CARTESIAN_POINT('',(133.158862021,92.821655188,1.751019762));
#10180=VERTEX_POINT('',#10179);
#10181=CARTESIAN_POINT('',(133.158861149,93.421654578,1.751022005));
#10182=DIRECTION('',(-1.,-0.,-0.));
#10183=DIRECTION('',(-0.,0.,1.));
#10184=AXIS2_PLACEMENT_3D('',#10181,#10182,#10183);
#10185=CIRCLE('',#10184,0.6);
#10186=EDGE_CURVE('',#10180,#8649,#10185,.T.);
#10187=ORIENTED_EDGE('',*,*,#10186,.F.);
#10188=CARTESIAN_POINT('',(132.7,92.821654578,1.751022005));
#10189=DIRECTION('',(1.,0.,0.));
#10190=VECTOR('',#10189,0.458862021);
#10191=LINE('',#10188,#10190);
#10192=EDGE_CURVE('',#8705,#10180,#10191,.T.);
#10193=ORIENTED_EDGE('',*,*,#10192,.F.);
#10194=ORIENTED_EDGE('',*,*,#8711,.F.);
#10195=ORIENTED_EDGE('',*,*,#8662,.F.);
#10196=EDGE_LOOP('',(#10187,#10193,#10194,#10195));
#10197=FACE_BOUND('',#10196,.T.);
#10198=ADVANCED_FACE('',(#10197),#10178,.F.);
#10199=CARTESIAN_POINT('',(133.5,92.821654578,6.396654583));
#10200=DIRECTION('',(0.,1.,-0.));
#10201=DIRECTION('',(0.,0.,1.));
#10202=AXIS2_PLACEMENT_3D('',#10199,#10200,#10201);
#10203=PLANE('',#10202);
#10204=CARTESIAN_POINT('',(133.158861149,92.821655799,-0.128349912));
#10205=VERTEX_POINT('',#10204);
#10206=CARTESIAN_POINT('',(133.158861149,92.821655799,-0.128349912));
#10207=CARTESIAN_POINT('',(133.158861149,92.821655799,0.498105898));
#10208=CARTESIAN_POINT('',(133.158861149,92.821655799,1.124561709));
#10209=CARTESIAN_POINT('',(133.158861149,92.821655799,1.75101752));
#10210=B_SPLINE_CURVE_WITH_KNOTS('',3,(#10206,#10207,#10208,#10209),.UNSPECIFIED.,.F.,.F.,(4,4),(0.,1.),.UNSPECIFIED.);
#10211=EDGE_CURVE('',#10205,#10180,#10210,.T.);
#10212=ORIENTED_EDGE('',*,*,#10211,.F.);
#10213=CARTESIAN_POINT('',(133.158861149,92.821654578,-0.128345426));
#10214=DIRECTION('',(-1.,-0.,-0.));
#10215=VECTOR('',#10214,0.458861149);
#10216=LINE('',#10213,#10215);
#10217=EDGE_CURVE('',#10205,#8714,#10216,.T.);
#10218=ORIENTED_EDGE('',*,*,#10217,.T.);
#10219=ORIENTED_EDGE('',*,*,#8719,.F.);
#10220=ORIENTED_EDGE('',*,*,#10192,.T.);
#10221=EDGE_LOOP('',(#10212,#10218,#10219,#10220));
#10222=FACE_BOUND('',#10221,.T.);
#10223=ADVANCED_FACE('',(#10222),#10203,.T.);
#10224=CARTESIAN_POINT('',(133.5,93.421654578,-0.128345426));
#10225=DIRECTION('',(1.,0.,0.));
#10226=DIRECTION('',(0.,0.,-1.));
#10227=AXIS2_PLACEMENT_3D('',#10224,#10225,#10226);
#10228=CYLINDRICAL_SURFACE('',#10227,0.6);
#10229=CARTESIAN_POINT('',(133.158861149,93.421654578,-0.128345426));
#10230=DIRECTION('',(-1.,-0.,-0.));
#10231=DIRECTION('',(0.,0.,-1.));
#10232=AXIS2_PLACEMENT_3D('',#10229,#10230,#10231);
#10233=CIRCLE('',#10232,0.6);
#10234=EDGE_CURVE('',#8593,#10205,#10233,.T.);
#10235=ORIENTED_EDGE('',*,*,#10234,.F.);
#10236=ORIENTED_EDGE('',*,*,#8598,.F.);
#10237=ORIENTED_EDGE('',*,*,#8726,.F.);
#10238=ORIENTED_EDGE('',*,*,#10217,.F.);
#10239=EDGE_LOOP('',(#10235,#10236,#10237,#10238));
#10240=FACE_BOUND('',#10239,.T.);
#10241=ADVANCED_FACE('',(#10240),#10228,.F.);
#10242=CARTESIAN_POINT('',(133.5,93.42165327,-1.390709561));
#10243=CARTESIAN_POINT('',(133.5,93.256508472,-1.390709227));
#10244=CARTESIAN_POINT('',(133.5,93.091355178,-1.35790319));
#10245=CARTESIAN_POINT('',(133.5,92.785788312,-1.231333919));
#10246=CARTESIAN_POINT('',(133.5,92.645875459,-1.137816696));
#10247=CARTESIAN_POINT('',(133.5,92.412190323,-0.904133307));
#10248=CARTESIAN_POINT('',(133.5,92.318786453,-0.764387121));
#10249=CARTESIAN_POINT('',(133.5,92.192232211,-0.459083192));
#10250=CARTESIAN_POINT('',(133.5,92.159292914,-0.293974793));
#10251=CARTESIAN_POINT('',(133.5,92.159291663,-0.12835486));
#10252=CARTESIAN_POINT('',(133.5,93.421653275,-1.388362061));
#10253=CARTESIAN_POINT('',(133.5,93.256815581,-1.388361728));
#10254=CARTESIAN_POINT('',(133.5,93.091969407,-1.355616697));
#10255=CARTESIAN_POINT('',(133.5,92.786970775,-1.229282795));
#10256=CARTESIAN_POINT('',(133.5,92.647318105,-1.135939477));
#10257=CARTESIAN_POINT('',(133.5,92.414067531,-0.902690647));
#10258=CARTESIAN_POINT('',(133.5,92.320837355,-0.763204334));
#10259=CARTESIAN_POINT('',(133.5,92.194518455,-0.45846815));
#10260=CARTESIAN_POINT('',(133.5,92.161640412,-0.293666788));
#10261=CARTESIAN_POINT('',(133.5,92.161639163,-0.128354842));
#10262=CARTESIAN_POINT('',(133.5,93.42165328,-1.386014561));
#10263=CARTESIAN_POINT('',(133.5,93.25712269,-1.386014228));
#10264=CARTESIAN_POINT('',(133.5,93.092583636,-1.353330204));
#10265=CARTESIAN_POINT('',(133.5,92.788153238,-1.227231671));
#10266=CARTESIAN_POINT('',(133.5,92.648760751,-1.134062258));
#10267=CARTESIAN_POINT('',(133.5,92.415944739,-0.901247988));
#10268=CARTESIAN_POINT('',(133.5,92.322888257,-0.762021547));
#10269=CARTESIAN_POINT('',(133.5,92.196804698,-0.457853108));
#10270=CARTESIAN_POINT('',(133.5,92.163987909,-0.293358783));
#10271=CARTESIAN_POINT('',(133.5,92.163986663,-0.128354825));
#10272=CARTESIAN_POINT('',(133.5,93.421653285,-1.383667062));
#10273=CARTESIAN_POINT('',(133.5,93.257429799,-1.383666729));
#10274=CARTESIAN_POINT('',(133.5,93.093197865,-1.351043711));
#10275=CARTESIAN_POINT('',(133.5,92.789335701,-1.225180547));
#10276=CARTESIAN_POINT('',(133.5,92.650203396,-1.13218504));
#10277=CARTESIAN_POINT('',(133.5,92.417821947,-0.899805328));
#10278=CARTESIAN_POINT('',(133.5,92.32493916,-0.76083876));
#10279=CARTESIAN_POINT('',(133.5,92.199090942,-0.457238066));
#10280=CARTESIAN_POINT('',(133.5,92.166335407,-0.293050777));
#10281=CARTESIAN_POINT('',(133.5,92.166334163,-0.128354807));
#10282=CARTESIAN_POINT('',(133.5,93.421653817,-1.117339732));
#10283=CARTESIAN_POINT('',(133.5,93.292271763,-1.117339471));
#10284=CARTESIAN_POINT('',(133.5,93.162883052,-1.091637708));
#10285=CARTESIAN_POINT('',(133.5,92.923487871,-0.992477501));
#10286=CARTESIAN_POINT('',(133.5,92.813873687,-0.919211794));
#10287=CARTESIAN_POINT('',(133.5,92.63079397,-0.736133446));
#10288=CARTESIAN_POINT('',(133.5,92.557617069,-0.626649836));
#10289=CARTESIAN_POINT('',(133.5,92.458468637,-0.387460652));
#10290=CARTESIAN_POINT('',(133.5,92.432662472,-0.258107115));
#10291=CARTESIAN_POINT('',(133.5,92.432661492,-0.128352818));
#10292=CARTESIAN_POINT('',(133.377023725,93.421654289,-0.881104506));
#10293=CARTESIAN_POINT('',(133.377023725,93.323176962,-0.881104307));
#10294=CARTESIAN_POINT('',(133.377023725,93.224694568,-0.861541773));
#10295=CARTESIAN_POINT('',(133.377023725,93.0424823,-0.786067379));
#10296=CARTESIAN_POINT('',(133.377023725,92.959051009,-0.730302218));
#10297=CARTESIAN_POINT('',(133.377023725,92.819702462,-0.590954713));
#10298=CARTESIAN_POINT('',(133.377023725,92.764004894,-0.507622806));
#10299=CARTESIAN_POINT('',(133.377023725,92.688539463,-0.32556733));
#10300=CARTESIAN_POINT('',(133.377023725,92.668897464,-0.227111708));
#10301=CARTESIAN_POINT('',(133.377023725,92.668896718,-0.128351053));
#10302=CARTESIAN_POINT('',(133.158861149,93.421654595,-0.728345426));
#10303=CARTESIAN_POINT('',(133.158861149,93.343161491,-0.728345267));
#10304=CARTESIAN_POINT('',(133.158861149,93.26466435,-0.712752602));
#10305=CARTESIAN_POINT('',(133.158861149,93.119428824,-0.652594395));
#10306=CARTESIAN_POINT('',(133.158861149,93.052928431,-0.608145783));
#10307=CARTESIAN_POINT('',(133.158861149,92.941858196,-0.497076378));
#10308=CARTESIAN_POINT('',(133.158861149,92.89746346,-0.430655202));
#10309=CARTESIAN_POINT('',(133.158861149,92.837312397,-0.28554465));
#10310=CARTESIAN_POINT('',(133.158861149,92.821656393,-0.207068847));
#10311=CARTESIAN_POINT('',(133.158861149,92.821655799,-0.128349912));
#10312=(BOUNDED_SURFACE()
B_SPLINE_SURFACE(3,3,((#10242,#10243,#10244,#10245,#10246,#10247,#10248,#10249,#10250,#10251),(#10252,#10253,#10254,#10255,#10256,#10257,#10258,#10259,#10260,#10261),(#10262,#10263,#10264,#10265,#10266,#10267,#10268,#10269,#10270,#10271),(#10272,#10273,#10274,#10275,#10276,#10277,#10278,#10279,#10280,#10281),(#10282,#10283,#10284,#10285,#10286,#10287,#10288,#10289,#10290,#10291),(#10292,#10293,#10294,#10295,#10296,#10297,#10298,#10299,#10300,#10301),(#10302,#10303,#10304,#10305,#10306,#10307,#10308,#10309,#10310,#10311)),.UNSPECIFIED.,.F.,.F.,.U.)
B_SPLINE_SURFACE_WITH_KNOTS((4,3,4),(4,2,2,2,4),(-0.009532378,0.,1.),(0.945655251,0.959241386,0.972827591,0.986413795,1.),.UNSPECIFIED.)
GEOMETRIC_REPRESENTATION_ITEM()
RATIONAL_B_SPLINE_SURFACE(((1.,1.,1.,1.,1.,1.,1.,1.,1.,1.),(1.,1.,1.,1.,1.,1.,1.,1.,1.,1.),(1.,1.,1.,1.,1.,1.,1.,1.,1.,1.),(1.,1.,1.,1.,1.,1.,1.,1.,1.,1.),(0.924673889,0.924673889,0.924673889,0.924673889,0.924673889,0.924673889,0.924673889,0.924673889,0.924673889,0.924673889),(0.924673889,0.924673889,0.924673889,0.924673889,0.924673889,0.924673889,0.924673889,0.924673889,0.924673889,0.924673889),(1.,1.,1.,1.,1.,1.,1.,1.,1.,1.)))
REPRESENTATION_ITEM('')
SURFACE()
);
#10313=ORIENTED_EDGE('',*,*,#10234,.T.);
#10314=CARTESIAN_POINT('',(132.7,92.166334163,-0.128354807));
#10315=DIRECTION('',(-0.,-0.00000747,1.));
#10316=DIRECTION('',(0.573576436,0.819152044,0.000006119));
#10317=AXIS2_PLACEMENT_3D('',#10314,#10315,#10316);
#10318=CIRCLE('',#10317,0.8);
#10319=EDGE_CURVE('',#8470,#10205,#10318,.T.);
#10320=ORIENTED_EDGE('',*,*,#10319,.F.);
#10321=ORIENTED_EDGE('',*,*,#8482,.F.);
#10322=ORIENTED_EDGE('',*,*,#10169,.T.);
#10323=EDGE_LOOP('',(#10313,#10320,#10321,#10322));
#10324=FACE_BOUND('',#10323,.T.);
#10325=ADVANCED_FACE('',(#10324),#10312,.T.);
#10326=CARTESIAN_POINT('',(133.5,92.166334163,-0.12835236));
#10327=CARTESIAN_POINT('',(133.5,92.166334163,-0.128351544));
#10328=CARTESIAN_POINT('',(133.5,92.166334163,-0.128350728));
#10329=CARTESIAN_POINT('',(133.5,92.166334163,-0.128349912));
#10330=CARTESIAN_POINT('',(133.5,92.166334163,0.498105899));
#10331=CARTESIAN_POINT('',(133.5,92.166334163,1.124561709));
#10332=CARTESIAN_POINT('',(133.5,92.166334163,1.75101752));
#10333=CARTESIAN_POINT('',(133.5,92.166334163,1.751018267));
#10334=CARTESIAN_POINT('',(133.5,92.166334163,1.751019015));
#10335=CARTESIAN_POINT('',(133.5,92.166334163,1.751019762));
#10336=CARTESIAN_POINT('',(133.5,92.432661492,-0.12835236));
#10337=CARTESIAN_POINT('',(133.5,92.432661492,-0.128351544));
#10338=CARTESIAN_POINT('',(133.5,92.432661492,-0.128350728));
#10339=CARTESIAN_POINT('',(133.5,92.432661492,-0.128349912));
#10340=CARTESIAN_POINT('',(133.5,92.432661492,0.498105898));
#10341=CARTESIAN_POINT('',(133.5,92.432661492,1.124561709));
#10342=CARTESIAN_POINT('',(133.5,92.432661492,1.75101752));
#10343=CARTESIAN_POINT('',(133.5,92.432661492,1.751018267));
#10344=CARTESIAN_POINT('',(133.5,92.432661492,1.751019015));
#10345=CARTESIAN_POINT('',(133.5,92.432661492,1.751019762));
#10346=CARTESIAN_POINT('',(133.377023725,92.668896718,-0.12835236));
#10347=CARTESIAN_POINT('',(133.377023725,92.668896718,-0.128351544));
#10348=CARTESIAN_POINT('',(133.377023725,92.668896718,-0.128350728));
#10349=CARTESIAN_POINT('',(133.377023725,92.668896718,-0.128349912));
#10350=CARTESIAN_POINT('',(133.377023725,92.668896718,0.498105898));
#10351=CARTESIAN_POINT('',(133.377023725,92.668896718,1.124561709));
#10352=CARTESIAN_POINT('',(133.377023725,92.668896718,1.75101752));
#10353=CARTESIAN_POINT('',(133.377023725,92.668896718,1.751018267));
#10354=CARTESIAN_POINT('',(133.377023725,92.668896718,1.751019015));
#10355=CARTESIAN_POINT('',(133.377023725,92.668896718,1.751019762));
#10356=CARTESIAN_POINT('',(133.158861149,92.821655799,-0.12835236));
#10357=CARTESIAN_POINT('',(133.158861149,92.821655799,-0.128351544));
#10358=CARTESIAN_POINT('',(133.158861149,92.821655799,-0.128350728));
#10359=CARTESIAN_POINT('',(133.158861149,92.821655799,-0.128349912));
#10360=CARTESIAN_POINT('',(133.158861149,92.821655799,0.498105898));
#10361=CARTESIAN_POINT('',(133.158861149,92.821655799,1.124561709));
#10362=CARTESIAN_POINT('',(133.158861149,92.821655799,1.75101752));
#10363=CARTESIAN_POINT('',(133.158861149,92.821655799,1.751018267));
#10364=CARTESIAN_POINT('',(133.158861149,92.821655799,1.751019015));
#10365=CARTESIAN_POINT('',(133.158861149,92.821655799,1.751019762));
#10366=(BOUNDED_SURFACE()
B_SPLINE_SURFACE(3,3,((#10326,#10327,#10328,#10329,#10330,#10331,#10332,#10333,#10334,#10335),(#10336,#10337,#10338,#10339,#10340,#10341,#10342,#10343,#10344,#10345),(#10346,#10347,#10348,#10349,#10350,#10351,#10352,#10353,#10354,#10355),(#10356,#10357,#10358,#10359,#10360,#10361,#10362,#10363,#10364,#10365)),.UNSPECIFIED.,.F.,.F.,.U.)
B_SPLINE_SURFACE_WITH_KNOTS((4,4),(4,3,3,4),(0.,1.),(-0.000001302,0.,1.,1.000001193),.UNSPECIFIED.)
GEOMETRIC_REPRESENTATION_ITEM()
RATIONAL_B_SPLINE_SURFACE(((1.,1.,1.,1.,1.,1.,1.,1.,1.,1.),(0.924673889,0.924673889,0.924673889,0.924673889,0.924673889,0.924673889,0.924673889,0.924673889,0.924673889,0.924673889),(0.924673889,0.924673889,0.924673889,0.924673889,0.924673889,0.924673889,0.924673889,0.924673889,0.924673889,0.924673889),(1.,1.,1.,1.,1.,1.,1.,1.,1.,1.)))
REPRESENTATION_ITEM('')
SURFACE()
);
#10367=ORIENTED_EDGE('',*,*,#10211,.T.);
#10368=CARTESIAN_POINT('',(132.7,92.166334163,1.751012626));
#10369=DIRECTION('',(-0.,-0.000007467,1.));
#10370=DIRECTION('',(0.573576436,0.819152044,0.000006117));
#10371=AXIS2_PLACEMENT_3D('',#10368,#10369,#10370);
#10372=CIRCLE('',#10371,0.8);
#10373=EDGE_CURVE('',#8485,#10180,#10372,.T.);
#10374=ORIENTED_EDGE('',*,*,#10373,.F.);
#10375=ORIENTED_EDGE('',*,*,#8491,.F.);
#10376=ORIENTED_EDGE('',*,*,#10319,.T.);
#10377=EDGE_LOOP('',(#10367,#10374,#10375,#10376));
#10378=FACE_BOUND('',#10377,.T.);
#10379=ADVANCED_FACE('',(#10378),#10366,.T.);
#10380=CARTESIAN_POINT('',(133.5,92.166334163,1.751015073));
#10381=CARTESIAN_POINT('',(133.5,92.166333271,1.915711803));
#10382=CARTESIAN_POINT('',(133.5,92.199086974,2.079900262));
#10383=CARTESIAN_POINT('',(133.5,92.32493268,2.3835045));
#10384=CARTESIAN_POINT('',(133.5,92.41781508,2.522473295));
#10385=CARTESIAN_POINT('',(133.5,92.650197004,2.754856953));
#10386=CARTESIAN_POINT('',(133.5,92.789330155,2.847854155));
#10387=CARTESIAN_POINT('',(133.5,93.093195522,2.973719976));
#10388=CARTESIAN_POINT('',(133.5,93.257429914,3.006343632));
#10389=CARTESIAN_POINT('',(133.5,93.421655794,3.006343632));
#10390=CARTESIAN_POINT('',(133.5,92.432661492,1.751016543));
#10391=CARTESIAN_POINT('',(133.5,92.43266079,1.880771438));
#10392=CARTESIAN_POINT('',(133.5,92.458465511,2.010125898));
#10393=CARTESIAN_POINT('',(133.5,92.557611963,2.249317873));
#10394=CARTESIAN_POINT('',(133.5,92.63078856,2.358803238));
#10395=CARTESIAN_POINT('',(133.5,92.813868651,2.541884695));
#10396=CARTESIAN_POINT('',(133.5,92.923483502,2.615151738));
#10397=CARTESIAN_POINT('',(133.5,93.162881206,2.714314037));
#10398=CARTESIAN_POINT('',(133.5,93.292271853,2.740016303));
#10399=CARTESIAN_POINT('',(133.5,93.421655794,2.740016303));
#10400=CARTESIAN_POINT('',(133.377023725,92.668896718,1.751017846));
#10401=CARTESIAN_POINT('',(133.377023725,92.668896183,1.849778957));
#10402=CARTESIAN_POINT('',(133.377023725,92.688537084,1.94823528));
#10403=CARTESIAN_POINT('',(133.377023725,92.764001008,2.130292882));
#10404=CARTESIAN_POINT('',(133.377023725,92.819698344,2.213626125));
#10405=CARTESIAN_POINT('',(133.377023725,92.959047175,2.352975996));
#10406=CARTESIAN_POINT('',(133.377023725,93.042478974,2.408742172));
#10407=CARTESIAN_POINT('',(133.377023725,93.224693163,2.484218159));
#10408=CARTESIAN_POINT('',(133.377023725,93.323177031,2.503781077));
#10409=CARTESIAN_POINT('',(133.377023725,93.421655794,2.503781077));
#10410=CARTESIAN_POINT('',(133.158861149,92.821655799,1.751018689));
#10411=CARTESIAN_POINT('',(133.158861149,92.821655372,1.829737987));
#10412=CARTESIAN_POINT('',(133.158861149,92.837310501,1.908214349));
#10413=CARTESIAN_POINT('',(133.158861149,92.897460363,2.053326595));
#10414=CARTESIAN_POINT('',(133.158861149,92.941854914,2.119748837));
#10415=CARTESIAN_POINT('',(133.158861149,93.052925375,2.230820127));
#10416=CARTESIAN_POINT('',(133.158861149,93.119426173,2.275269549));
#10417=CARTESIAN_POINT('',(133.158861149,93.26466323,2.335429025));
#10418=CARTESIAN_POINT('',(133.158861149,93.343161546,2.351021996));
#10419=CARTESIAN_POINT('',(133.158861149,93.421655794,2.351021996));
#10420=(BOUNDED_SURFACE()
B_SPLINE_SURFACE(3,3,((#10380,#10381,#10382,#10383,#10384,#10385,#10386,#10387,#10388,#10389),(#10390,#10391,#10392,#10393,#10394,#10395,#10396,#10397,#10398,#10399),(#10400,#10401,#10402,#10403,#10404,#10405,#10406,#10407,#10408,#10409),(#10410,#10411,#10412,#10413,#10414,#10415,#10416,#10417,#10418,#10419)),.UNSPECIFIED.,.F.,.F.,.U.)
B_SPLINE_SURFACE_WITH_KNOTS((4,4),(4,2,2,2,4),(0.,1.),(0.000000058,0.011685018,0.023370035,0.035055053,0.04674007),.UNSPECIFIED.)
GEOMETRIC_REPRESENTATION_ITEM()
RATIONAL_B_SPLINE_SURFACE(((1.,1.,1.,1.,1.,1.,1.,1.,1.,1.),(0.924673889,0.924673889,0.924673889,0.924673889,0.924673889,0.924673889,0.924673889,0.924673889,0.924673889,0.924673889),(0.924673889,0.924673889,0.924673889,0.924673889,0.924673889,0.924673889,0.924673889,0.924673889,0.924673889,0.924673889),(1.,1.,1.,1.,1.,1.,1.,1.,1.,1.)))
REPRESENTATION_ITEM('')
SURFACE()
);
#10421=ORIENTED_EDGE('',*,*,#10186,.T.);
#10422=ORIENTED_EDGE('',*,*,#9887,.F.);
#10423=ORIENTED_EDGE('',*,*,#8506,.F.);
#10424=ORIENTED_EDGE('',*,*,#10373,.T.);
#10425=EDGE_LOOP('',(#10421,#10422,#10423,#10424));
#10426=FACE_BOUND('',#10425,.T.);
#10427=ADVANCED_FACE('',(#10426),#10420,.T.);
#10428=CARTESIAN_POINT('',(66.49948292,110.82165449,3.006977025));
#10429=CARTESIAN_POINT('',(66.499901243,107.92165354,3.006264283));
#10430=CARTESIAN_POINT('',(66.499468719,102.121652827,3.006680892));
#10431=CARTESIAN_POINT('',(66.500075267,96.321652105,3.005691448));
#10432=CARTESIAN_POINT('',(66.49945062,93.42165234,3.006513366));
#10433=CARTESIAN_POINT('',(66.500214682,110.821655177,2.979927276));
#10434=CARTESIAN_POINT('',(66.501425162,107.921654199,2.978945501));
#10435=CARTESIAN_POINT('',(66.50059589,102.12165349,2.979848331));
#10436=CARTESIAN_POINT('',(66.501974444,96.321652743,2.978537624));
#10437=CARTESIAN_POINT('',(66.500174257,93.421653027,2.979469138));
#10438=CARTESIAN_POINT('',(66.504448526,110.821656636,2.917995605));
#10439=CARTESIAN_POINT('',(66.507233757,107.921655599,2.91659661));
#10440=CARTESIAN_POINT('',(66.505645533,102.1216549,2.918405106));
#10441=CARTESIAN_POINT('',(66.508543801,96.321654099,2.916597019));
#10442=CARTESIAN_POINT('',(66.50438278,93.421654487,2.917560152));
#10443=CARTESIAN_POINT('',(66.520384568,110.821658416,2.824551501));
#10444=CARTESIAN_POINT('',(66.524649104,107.921657311,2.823263006));
#10445=CARTESIAN_POINT('',(66.522484523,102.121656622,2.825659641));
#10446=CARTESIAN_POINT('',(66.526740531,96.321655757,2.823990017));
#10447=CARTESIAN_POINT('',(66.520257069,93.421656268,2.824187551));
#10448=CARTESIAN_POINT('',(66.549352412,110.82165971,2.727669431));
#10449=CARTESIAN_POINT('',(66.554047822,107.921658561,2.727334658));
#10450=CARTESIAN_POINT('',(66.551992199,102.121657876,2.729403066));
#10451=CARTESIAN_POINT('',(66.556502573,96.321656969,2.728890591));
#10452=CARTESIAN_POINT('',(66.549141601,93.421657563,2.727424996));
#10453=CARTESIAN_POINT('',(66.603327067,110.821660567,2.60565634));
#10454=CARTESIAN_POINT('',(66.607338986,107.921659398,2.60720759));
#10455=CARTESIAN_POINT('',(66.606134459,102.121658711,2.607927005));
#10456=CARTESIAN_POINT('',(66.609716931,96.321657784,2.609705813));
#10457=CARTESIAN_POINT('',(66.603012349,93.421658419,2.605614649));
#10458=CARTESIAN_POINT('',(66.694220752,110.821660027,2.474788466));
#10459=CARTESIAN_POINT('',(66.696085403,107.921658902,2.478266131));
#10460=CARTESIAN_POINT('',(66.696290724,102.121658206,2.476951243));
#10461=CARTESIAN_POINT('',(66.697580414,96.321657318,2.48108273));
#10462=CARTESIAN_POINT('',(66.693845043,93.421657874,2.475020343));
#10463=CARTESIAN_POINT('',(66.790876586,110.821658075,2.387443936));
#10464=CARTESIAN_POINT('',(66.79110817,107.921657055,2.389679947));
#10465=CARTESIAN_POINT('',(66.791555423,102.121656348,2.388406369));
#10466=CARTESIAN_POINT('',(66.79146661,96.32165556,2.391077268));
#10467=CARTESIAN_POINT('',(66.790532683,93.421655919,2.387759521));
#10468=CARTESIAN_POINT('',(66.841338146,110.821656835,2.350155715));
#10469=CARTESIAN_POINT('',(66.840872874,107.921655879,2.351137706));
#10470=CARTESIAN_POINT('',(66.841195381,102.121655166,2.350296477));
#10471=CARTESIAN_POINT('',(66.840616144,96.321654439,2.351489809));
#10472=CARTESIAN_POINT('',(66.841026184,93.421654677,2.350469801));
#10473=B_SPLINE_SURFACE_WITH_KNOTS('',3,3,((#10428,#10429,#10430,#10431,#10432),(#10433,#10434,#10435,#10436,#10437),(#10438,#10439,#10440,#10441,#10442),(#10443,#10444,#10445,#10446,#10447),(#10448,#10449,#10450,#10451,#10452),(#10453,#10454,#10455,#10456,#10457),(#10458,#10459,#10460,#10461,#10462),(#10463,#10464,#10465,#10466,#10467),(#10468,#10469,#10470,#10471,#10472)),.UNSPECIFIED.,.F.,.F.,.U.,(4,1,1,1,1,1,4),(4,1,4),(-0.000383683,-0.000306542,-0.000204105,-0.000101668,0.00000077,0.000205644,0.000385255),(-0.008700083,-0.00000008,0.008699919),.UNSPECIFIED.);
#10474=ORIENTED_EDGE('',*,*,#8317,.F.);
#10475=ORIENTED_EDGE('',*,*,#8310,.F.);
#10476=ORIENTED_EDGE('',*,*,#8303,.F.);
#10477=CARTESIAN_POINT('',(66.840795011,110.821654473,2.350557349));
#10478=CARTESIAN_POINT('',(66.62527984,110.821660555,2.510038995));
#10479=CARTESIAN_POINT('',(66.506955405,110.82166054,2.737212861));
#10480=CARTESIAN_POINT('',(66.499500638,110.821654507,3.006329799));
#10481=B_SPLINE_CURVE_WITH_KNOTS('',3,(#10477,#10478,#10479,#10480),.UNSPECIFIED.,.F.,.F.,(4,4),(0.,1.),.UNSPECIFIED.);
#10482=EDGE_CURVE('',#8131,#8283,#10481,.T.);
#10483=ORIENTED_EDGE('',*,*,#10482,.F.);
#10484=ORIENTED_EDGE('',*,*,#8136,.T.);
#10485=ORIENTED_EDGE('',*,*,#8128,.T.);
#10486=ORIENTED_EDGE('',*,*,#8120,.T.);
#10487=ORIENTED_EDGE('',*,*,#8174,.T.);
#10488=CARTESIAN_POINT('',(66.499455572,93.421654693,3.006328968));
#10489=CARTESIAN_POINT('',(66.506714059,93.421660752,2.736915746));
#10490=CARTESIAN_POINT('',(66.624836809,93.421660773,2.510206809));
#10491=CARTESIAN_POINT('',(66.840835124,93.421654682,2.350610935));
#10492=B_SPLINE_CURVE_WITH_KNOTS('',3,(#10488,#10489,#10490,#10491),.UNSPECIFIED.,.F.,.F.,(4,4),(0.,1.),.UNSPECIFIED.);
#10493=EDGE_CURVE('',#8320,#8163,#10492,.T.);
#10494=ORIENTED_EDGE('',*,*,#10493,.F.);
#10495=ORIENTED_EDGE('',*,*,#8324,.F.);
#10496=EDGE_LOOP('',(#10474,#10475,#10476,#10483,#10484,#10485,#10486,#10487,#10494,#10495));
#10497=FACE_BOUND('',#10496,.T.);
#10498=ADVANCED_FACE('',(#10497),#10473,.T.);
#10499=CARTESIAN_POINT('',(66.5,93.421654578,3.006343636));
#10500=CARTESIAN_POINT('',(66.5,93.257429477,3.006343636));
#10501=CARTESIAN_POINT('',(66.5,93.093195864,2.973720293));
#10502=CARTESIAN_POINT('',(66.5,92.789331711,2.84785564));
#10503=CARTESIAN_POINT('',(66.5,92.650199228,2.75485953));
#10504=CARTESIAN_POINT('',(66.5,92.417817053,2.522477355));
#10505=CARTESIAN_POINT('',(66.5,92.324820943,2.383344872));
#10506=CARTESIAN_POINT('',(66.5,92.19895629,2.079480719));
#10507=CARTESIAN_POINT('',(66.5,92.166332947,1.915247106));
#10508=CARTESIAN_POINT('',(66.5,92.166332947,1.751022005));
#10509=CARTESIAN_POINT('',(66.5,93.421654578,2.740016307));
#10510=CARTESIAN_POINT('',(66.5,93.292271251,2.740016307));
#10511=CARTESIAN_POINT('',(66.5,93.162881218,2.714314288));
#10512=CARTESIAN_POINT('',(66.5,92.92348447,2.615152909));
#10513=CARTESIAN_POINT('',(66.5,92.813870145,2.541886727));
#10514=CARTESIAN_POINT('',(66.5,92.630789856,2.358806438));
#10515=CARTESIAN_POINT('',(66.5,92.557523674,2.249192113));
#10516=CARTESIAN_POINT('',(66.5,92.458362295,2.009795365));
#10517=CARTESIAN_POINT('',(66.5,92.432660276,1.880405332));
#10518=CARTESIAN_POINT('',(66.5,92.432660276,1.751022005));
#10519=CARTESIAN_POINT('',(66.622976275,93.421654578,2.503781081));
#10520=CARTESIAN_POINT('',(66.622976275,93.323176282,2.503781081));
#10521=CARTESIAN_POINT('',(66.622976275,93.224692882,2.484218351));
#10522=CARTESIAN_POINT('',(66.622976275,93.042479421,2.408743065));
#10523=CARTESIAN_POINT('',(66.622976275,92.959048022,2.352977543));
#10524=CARTESIAN_POINT('',(66.622976275,92.81969904,2.213628561));
#10525=CARTESIAN_POINT('',(66.622976275,92.763933518,2.130197162));
#10526=CARTESIAN_POINT('',(66.622976275,92.688458231,1.947983701));
#10527=CARTESIAN_POINT('',(66.622976275,92.668895502,1.849500301));
#10528=CARTESIAN_POINT('',(66.622976275,92.668895502,1.751022005));
#10529=CARTESIAN_POINT('',(66.841138851,93.421654578,2.351022001));
#10530=CARTESIAN_POINT('',(66.841138851,93.343160703,2.351022001));
#10531=CARTESIAN_POINT('',(66.841138851,93.264662759,2.33542918));
#10532=CARTESIAN_POINT('',(66.841138851,93.119426282,2.275270261));
#10533=CARTESIAN_POINT('',(66.841138851,93.052925803,2.230821362));
#10534=CARTESIAN_POINT('',(66.841138851,92.941855222,2.11975078));
#10535=CARTESIAN_POINT('',(66.841138851,92.897406322,2.053250301));
#10536=CARTESIAN_POINT('',(66.841138851,92.837247403,1.908013825));
#10537=CARTESIAN_POINT('',(66.841138851,92.821654582,1.829515881));
#10538=CARTESIAN_POINT('',(66.841138851,92.821654582,1.751022005));
#10539=(BOUNDED_SURFACE()
B_SPLINE_SURFACE(3,3,((#10499,#10500,#10501,#10502,#10503,#10504,#10505,#10506,#10507,#10508),(#10509,#10510,#10511,#10512,#10513,#10514,#10515,#10516,#10517,#10518),(#10519,#10520,#10521,#10522,#10523,#10524,#10525,#10526,#10527,#10528),(#10529,#10530,#10531,#10532,#10533,#10534,#10535,#10536,#10537,#10538)),.UNSPECIFIED.,.F.,.F.,.U.)
B_SPLINE_SURFACE_WITH_KNOTS((4,4),(4,2,2,2,4),(0.,1.),(0.860057383,0.871742345,0.883427307,0.895112269,0.906797231),.UNSPECIFIED.)
GEOMETRIC_REPRESENTATION_ITEM()
RATIONAL_B_SPLINE_SURFACE(((1.,1.,1.,1.,1.,1.,1.,1.,1.,1.),(0.924673889,0.924673889,0.924673889,0.924673889,0.924673889,0.924673889,0.924673889,0.924673889,0.924673889,0.924673889),(0.924673889,0.924673889,0.924673889,0.924673889,0.924673889,0.924673889,0.924673889,0.924673889,0.924673889,0.924673889),(1.,1.,1.,1.,1.,1.,1.,1.,1.,1.)))
REPRESENTATION_ITEM('')
SURFACE()
);
#10540=CARTESIAN_POINT('',(66.841138851,92.821654582,1.751022005));
#10541=VERTEX_POINT('',#10540);
#10542=CARTESIAN_POINT('',(66.841138851,93.421654578,1.751022005));
#10543=DIRECTION('',(1.,-0.,-0.));
#10544=DIRECTION('',(0.,0.,1.));
#10545=AXIS2_PLACEMENT_3D('',#10542,#10543,#10544);
#10546=CIRCLE('',#10545,0.6);
#10547=EDGE_CURVE('',#8163,#10541,#10546,.T.);
#10548=ORIENTED_EDGE('',*,*,#10547,.T.);
#10549=CARTESIAN_POINT('',(67.3,92.166332947,1.751022005));
#10550=DIRECTION('',(0.,0.,-1.));
#10551=DIRECTION('',(-0.573576436,0.819152044,0.));
#10552=AXIS2_PLACEMENT_3D('',#10549,#10550,#10551);
#10553=CIRCLE('',#10552,0.8);
#10554=EDGE_CURVE('',#8327,#10541,#10553,.T.);
#10555=ORIENTED_EDGE('',*,*,#10554,.F.);
#10556=ORIENTED_EDGE('',*,*,#8339,.F.);
#10557=ORIENTED_EDGE('',*,*,#10493,.T.);
#10558=EDGE_LOOP('',(#10548,#10555,#10556,#10557));
#10559=FACE_BOUND('',#10558,.T.);
#10560=ADVANCED_FACE('',(#10559),#10539,.T.);
#10561=CARTESIAN_POINT('',(66.5,92.166332947,1.751022005));
#10562=CARTESIAN_POINT('',(66.5,92.166332947,1.124564825));
#10563=CARTESIAN_POINT('',(66.5,92.166332947,0.498107645));
#10564=CARTESIAN_POINT('',(66.5,92.166332947,-0.128349534));
#10565=CARTESIAN_POINT('',(66.5,92.432660276,1.751022005));
#10566=CARTESIAN_POINT('',(66.5,92.432660276,1.124564825));
#10567=CARTESIAN_POINT('',(66.5,92.432660276,0.498107645));
#10568=CARTESIAN_POINT('',(66.5,92.432660276,-0.128349534));
#10569=CARTESIAN_POINT('',(66.622976275,92.668895502,1.751022005));
#10570=CARTESIAN_POINT('',(66.622976275,92.668895502,1.124564825));
#10571=CARTESIAN_POINT('',(66.622976275,92.668895502,0.498107645));
#10572=CARTESIAN_POINT('',(66.622976275,92.668895502,-0.128349534));
#10573=CARTESIAN_POINT('',(66.841138851,92.821654582,1.751022005));
#10574=CARTESIAN_POINT('',(66.841138851,92.821654582,1.124564825));
#10575=CARTESIAN_POINT('',(66.841138851,92.821654582,0.498107645));
#10576=CARTESIAN_POINT('',(66.841138851,92.821654582,-0.128349534));
#10577=(BOUNDED_SURFACE()
B_SPLINE_SURFACE(3,3,((#10561,#10562,#10563,#10564),(#10565,#10566,#10567,#10568),(#10569,#10570,#10571,#10572),(#10573,#10574,#10575,#10576)),.UNSPECIFIED.,.F.,.F.,.U.)
B_SPLINE_SURFACE_WITH_KNOTS((4,4),(4,4),(0.,1.),(0.906797231,1.),.UNSPECIFIED.)
GEOMETRIC_REPRESENTATION_ITEM()
RATIONAL_B_SPLINE_SURFACE(((1.,1.,1.,1.),(0.924673889,0.924673889,0.924673889,0.924673889),(0.924673889,0.924673889,0.924673889,0.924673889),(1.,1.,1.,1.)))
REPRESENTATION_ITEM('')
SURFACE()
);
#10578=CARTESIAN_POINT('',(66.841138848,92.821654578,-0.128345426));
#10579=VERTEX_POINT('',#10578);
#10580=CARTESIAN_POINT('',(66.841138851,92.821654582,1.751022005));
#10581=CARTESIAN_POINT('',(66.841138851,92.821654582,1.124564825));
#10582=CARTESIAN_POINT('',(66.841138851,92.821654582,0.498107645));
#10583=CARTESIAN_POINT('',(66.841138851,92.821654582,-0.128349534));
#10584=B_SPLINE_CURVE_WITH_KNOTS('',3,(#10580,#10581,#10582,#10583),.UNSPECIFIED.,.F.,.F.,(4,4),(0.906797231,1.),.UNSPECIFIED.);
#10585=EDGE_CURVE('',#10541,#10579,#10584,.T.);
#10586=ORIENTED_EDGE('',*,*,#10585,.T.);
#10587=CARTESIAN_POINT('',(67.3,92.166332947,-0.128354021));
#10588=DIRECTION('',(0.,0.000006847,-1.));
#10589=DIRECTION('',(-0.573576436,0.819152044,0.000005609));
#10590=AXIS2_PLACEMENT_3D('',#10587,#10588,#10589);
#10591=CIRCLE('',#10590,0.8);
#10592=EDGE_CURVE('',#8342,#10579,#10591,.T.);
#10593=ORIENTED_EDGE('',*,*,#10592,.F.);
#10594=ORIENTED_EDGE('',*,*,#8348,.F.);
#10595=ORIENTED_EDGE('',*,*,#10554,.T.);
#10596=EDGE_LOOP('',(#10586,#10593,#10594,#10595));
#10597=FACE_BOUND('',#10596,.T.);
#10598=ADVANCED_FACE('',(#10597),#10577,.T.);
#10599=CARTESIAN_POINT('',(66.5,92.166332947,-0.128354021));
#10600=CARTESIAN_POINT('',(66.5,92.166334088,-0.293050876));
#10601=CARTESIAN_POINT('',(66.5,92.199089875,-0.457239056));
#10602=CARTESIAN_POINT('',(66.5,92.324939211,-0.76084118));
#10603=CARTESIAN_POINT('',(66.5,92.417823102,-0.899808521));
#10604=CARTESIAN_POINT('',(66.5,92.650206125,-1.132188154));
#10605=CARTESIAN_POINT('',(66.5,92.78917482,-1.225070018));
#10606=CARTESIAN_POINT('',(66.5,93.09277878,-1.350914926));
#10607=CARTESIAN_POINT('',(66.5,93.256967438,-1.383668318));
#10608=CARTESIAN_POINT('',(66.5,93.421664293,-1.383667057));
#10609=CARTESIAN_POINT('',(66.5,92.432660276,-0.128352198));
#10610=CARTESIAN_POINT('',(66.5,92.432661175,-0.258107192));
#10611=CARTESIAN_POINT('',(66.5,92.458467539,-0.387461431));
#10612=CARTESIAN_POINT('',(66.5,92.557616851,-0.626651742));
#10613=CARTESIAN_POINT('',(66.5,92.630794622,-0.73613596));
#10614=CARTESIAN_POINT('',(66.5,92.813875579,-0.919214247));
#10615=CARTESIAN_POINT('',(66.5,92.923360865,-0.992390421));
#10616=CARTESIAN_POINT('',(66.5,93.162552622,-1.091536244));
#10617=CARTESIAN_POINT('',(66.5,93.291907237,-1.117340722));
#10618=CARTESIAN_POINT('',(66.5,93.421662232,-1.117339728));
#10619=CARTESIAN_POINT('',(66.622976275,92.668895502,-0.12835058));
#10620=CARTESIAN_POINT('',(66.622976275,92.668896186,-0.227111765));
#10621=CARTESIAN_POINT('',(66.622976275,92.688538337,-0.325567922));
#10622=CARTESIAN_POINT('',(66.622976275,92.764004438,-0.507624256));
#10623=CARTESIAN_POINT('',(66.622976275,92.819702667,-0.590956626));
#10624=CARTESIAN_POINT('',(66.622976275,92.959052158,-0.730304084));
#10625=CARTESIAN_POINT('',(66.622976275,93.04238534,-0.786001098));
#10626=CARTESIAN_POINT('',(66.622976275,93.224442775,-0.861464544));
#10627=CARTESIAN_POINT('',(66.622976275,93.322899218,-0.881105258));
#10628=CARTESIAN_POINT('',(66.622976275,93.421660403,-0.881104502));
#10629=CARTESIAN_POINT('',(66.841138851,92.821654582,-0.128349534));
#10630=CARTESIAN_POINT('',(66.841138851,92.821655128,-0.207068892));
#10631=CARTESIAN_POINT('',(66.841138851,92.837311253,-0.28554512));
#10632=CARTESIAN_POINT('',(66.841138851,92.89746285,-0.430656356));
#10633=CARTESIAN_POINT('',(66.841138851,92.941858113,-0.497077902));
#10634=CARTESIAN_POINT('',(66.841138851,93.0529291,-0.608147269));
#10635=CARTESIAN_POINT('',(66.841138851,93.119351294,-0.652541564));
#10636=CARTESIAN_POINT('',(66.841138851,93.264463407,-0.712691044));
#10637=CARTESIAN_POINT('',(66.841138851,93.342939864,-0.728346024));
#10638=CARTESIAN_POINT('',(66.841138851,93.421659221,-0.728345422));
#10639=(BOUNDED_SURFACE()
B_SPLINE_SURFACE(3,3,((#10599,#10600,#10601,#10602,#10603,#10604,#10605,#10606,#10607,#10608),(#10609,#10610,#10611,#10612,#10613,#10614,#10615,#10616,#10617,#10618),(#10619,#10620,#10621,#10622,#10623,#10624,#10625,#10626,#10627,#10628),(#10629,#10630,#10631,#10632,#10633,#10634,#10635,#10636,#10637,#10638)),.UNSPECIFIED.,.F.,.F.,.U.)
B_SPLINE_SURFACE_WITH_KNOTS((4,4),(4,2,2,2,4),(0.,1.),(0.,0.25,0.5,0.75,1.),.UNSPECIFIED.)
GEOMETRIC_REPRESENTATION_ITEM()
RATIONAL_B_SPLINE_SURFACE(((1.,1.,1.,1.,1.,1.,1.,1.,1.,1.),(0.924673889,0.924673889,0.924673889,0.924673889,0.924673889,0.924673889,0.924673889,0.924673889,0.924673889,0.924673889),(0.924673889,0.924673889,0.924673889,0.924673889,0.924673889,0.924673889,0.924673889,0.924673889,0.924673889,0.924673889),(1.,1.,1.,1.,1.,1.,1.,1.,1.,1.)))
REPRESENTATION_ITEM('')
SURFACE()
);
#10640=CARTESIAN_POINT('',(66.841138851,93.421654578,-0.128345426));
#10641=DIRECTION('',(1.,-0.,-0.));
#10642=DIRECTION('',(0.,0.,1.));
#10643=AXIS2_PLACEMENT_3D('',#10640,#10641,#10642);
#10644=CIRCLE('',#10643,0.6);
#10645=EDGE_CURVE('',#10579,#8187,#10644,.T.);
#10646=ORIENTED_EDGE('',*,*,#10645,.T.);
#10647=CARTESIAN_POINT('',(66.5,93.421664293,-1.383667057));
#10648=CARTESIAN_POINT('',(66.5,93.42166334,-1.260534094));
#10649=CARTESIAN_POINT('',(66.530130444,93.42166233,-1.130028257));
#10650=CARTESIAN_POINT('',(66.590391333,93.421661434,-1.014268167));
#10651=CARTESIAN_POINT('',(66.650652222,93.421660538,-0.898508076));
#10652=CARTESIAN_POINT('',(66.740274232,93.421659768,-0.798971588));
#10653=CARTESIAN_POINT('',(66.841138851,93.421659221,-0.728345422));
#10654=B_SPLINE_CURVE_WITH_KNOTS('',3,(#10647,#10648,#10649,#10650,#10651,#10652,#10653),.UNSPECIFIED.,.F.,.F.,(4,3,4),(0.,0.5,1.),.UNSPECIFIED.);
#10655=EDGE_CURVE('',#8351,#8187,#10654,.T.);
#10656=ORIENTED_EDGE('',*,*,#10655,.F.);
#10657=ORIENTED_EDGE('',*,*,#8363,.F.);
#10658=ORIENTED_EDGE('',*,*,#10592,.T.);
#10659=EDGE_LOOP('',(#10646,#10656,#10657,#10658));
#10660=FACE_BOUND('',#10659,.T.);
#10661=ADVANCED_FACE('',(#10660),#10639,.T.);
#10662=CARTESIAN_POINT('',(71.136698241,93.421654578,-0.128345426));
#10663=DIRECTION('',(-1.,0.,0.));
#10664=DIRECTION('',(0.,0.,1.));
#10665=AXIS2_PLACEMENT_3D('',#10662,#10663,#10664);
#10666=CYLINDRICAL_SURFACE('',#10665,0.6);
#10667=ORIENTED_EDGE('',*,*,#10645,.F.);
#10668=CARTESIAN_POINT('',(67.3,92.821654578,-0.128345426));
#10669=DIRECTION('',(-1.,0.,0.));
#10670=VECTOR('',#10669,0.458861152);
#10671=LINE('',#10668,#10670);
#10672=EDGE_CURVE('',#9212,#10579,#10671,.T.);
#10673=ORIENTED_EDGE('',*,*,#10672,.F.);
#10674=ORIENTED_EDGE('',*,*,#9218,.F.);
#10675=ORIENTED_EDGE('',*,*,#8192,.T.);
#10676=EDGE_LOOP('',(#10667,#10673,#10674,#10675));
#10677=FACE_BOUND('',#10676,.T.);
#10678=ADVANCED_FACE('',(#10677),#10666,.F.);
#10679=CARTESIAN_POINT('',(71.136698241,92.821654578,0.811338289));
#10680=DIRECTION('',(0.,1.,-0.));
#10681=DIRECTION('',(0.,0.,1.));
#10682=AXIS2_PLACEMENT_3D('',#10679,#10680,#10681);
#10683=PLANE('',#10682);
#10684=ORIENTED_EDGE('',*,*,#10585,.F.);
#10685=CARTESIAN_POINT('',(67.3,92.821654578,1.751022005));
#10686=DIRECTION('',(-1.,0.,0.));
#10687=VECTOR('',#10686,0.458861155);
#10688=LINE('',#10685,#10687);
#10689=EDGE_CURVE('',#9221,#10541,#10688,.T.);
#10690=ORIENTED_EDGE('',*,*,#10689,.F.);
#10691=ORIENTED_EDGE('',*,*,#9226,.F.);
#10692=ORIENTED_EDGE('',*,*,#10672,.T.);
#10693=EDGE_LOOP('',(#10684,#10690,#10691,#10692));
#10694=FACE_BOUND('',#10693,.T.);
#10695=ADVANCED_FACE('',(#10694),#10683,.T.);
#10696=CARTESIAN_POINT('',(71.136698241,93.421654578,1.751022005));
#10697=DIRECTION('',(-1.,0.,0.));
#10698=DIRECTION('',(0.,0.,1.));
#10699=AXIS2_PLACEMENT_3D('',#10696,#10697,#10698);
#10700=CYLINDRICAL_SURFACE('',#10699,0.6);
#10701=ORIENTED_EDGE('',*,*,#10547,.F.);
#10702=ORIENTED_EDGE('',*,*,#8168,.F.);
#10703=ORIENTED_EDGE('',*,*,#9233,.F.);
#10704=ORIENTED_EDGE('',*,*,#10689,.T.);
#10705=EDGE_LOOP('',(#10701,#10702,#10703,#10704));
#10706=FACE_BOUND('',#10705,.T.);
#10707=ADVANCED_FACE('',(#10706),#10700,.F.);
#10708=CARTESIAN_POINT('',(66.5,112.076976209,1.751012626));
#10709=CARTESIAN_POINT('',(66.5,112.076977426,1.915710176));
#10710=CARTESIAN_POINT('',(66.5,112.04422371,2.07989951));
#10711=CARTESIAN_POINT('',(66.5,111.918377693,2.3835045));
#10712=CARTESIAN_POINT('',(66.5,111.825495292,2.522473295));
#10713=CARTESIAN_POINT('',(66.5,111.593113369,2.754856953));
#10714=CARTESIAN_POINT('',(66.5,111.453980217,2.847854155));
#10715=CARTESIAN_POINT('',(66.5,111.150114851,2.973719976));
#10716=CARTESIAN_POINT('',(66.5,110.985880459,3.006343632));
#10717=CARTESIAN_POINT('',(66.5,110.821654578,3.006343632));
#10718=CARTESIAN_POINT('',(66.5,111.81064888,1.751014615));
#10719=CARTESIAN_POINT('',(66.5,111.810649839,1.880770157));
#10720=CARTESIAN_POINT('',(66.5,111.784845107,2.010125305));
#10721=CARTESIAN_POINT('',(66.5,111.685698409,2.249317873));
#10722=CARTESIAN_POINT('',(66.5,111.612521812,2.358803238));
#10723=CARTESIAN_POINT('',(66.5,111.429441722,2.541884695));
#10724=CARTESIAN_POINT('',(66.5,111.31982687,2.615151738));
#10725=CARTESIAN_POINT('',(66.5,111.080429166,2.714314037));
#10726=CARTESIAN_POINT('',(66.5,110.951038519,2.740016303));
#10727=CARTESIAN_POINT('',(66.5,110.821654578,2.740016303));
#10728=CARTESIAN_POINT('',(66.622976275,111.574413654,1.751016379));
#10729=CARTESIAN_POINT('',(66.622976275,111.574414384,1.849777981));
#10730=CARTESIAN_POINT('',(66.622976275,111.554773476,1.94823483));
#10731=CARTESIAN_POINT('',(66.622976275,111.479309364,2.130292882));
#10732=CARTESIAN_POINT('',(66.622976275,111.423612029,2.213626125));
#10733=CARTESIAN_POINT('',(66.622976275,111.284263198,2.352975996));
#10734=CARTESIAN_POINT('',(66.622976275,111.200831398,2.408742172));
#10735=CARTESIAN_POINT('',(66.622976275,111.018617209,2.484218159));
#10736=CARTESIAN_POINT('',(66.622976275,110.920133342,2.503781077));
#10737=CARTESIAN_POINT('',(66.622976275,110.821654578,2.503781077));
#10738=CARTESIAN_POINT('',(66.841138851,111.421654574,1.75101752));
#10739=CARTESIAN_POINT('',(66.841138851,111.421655155,1.82973721));
#10740=CARTESIAN_POINT('',(66.841138851,111.406000021,1.90821399));
#10741=CARTESIAN_POINT('',(66.841138851,111.34585001,2.053326595));
#10742=CARTESIAN_POINT('',(66.841138851,111.301455459,2.119748837));
#10743=CARTESIAN_POINT('',(66.841138851,111.190384997,2.230820127));
#10744=CARTESIAN_POINT('',(66.841138851,111.123884199,2.275269549));
#10745=CARTESIAN_POINT('',(66.841138851,110.978647143,2.335429025));
#10746=CARTESIAN_POINT('',(66.841138851,110.900148826,2.351021996));
#10747=CARTESIAN_POINT('',(66.841138851,110.821654578,2.351021996));
#10748=(BOUNDED_SURFACE()
B_SPLINE_SURFACE(3,3,((#10708,#10709,#10710,#10711,#10712,#10713,#10714,#10715,#10716,#10717),(#10718,#10719,#10720,#10721,#10722,#10723,#10724,#10725,#10726,#10727),(#10728,#10729,#10730,#10731,#10732,#10733,#10734,#10735,#10736,#10737),(#10738,#10739,#10740,#10741,#10742,#10743,#10744,#10745,#10746,#10747)),.UNSPECIFIED.,.F.,.F.,.U.)
B_SPLINE_SURFACE_WITH_KNOTS((4,4),(4,2,2,2,4),(0.,1.),(0.,0.011685018,0.023370035,0.035055053,0.04674007),.UNSPECIFIED.)
GEOMETRIC_REPRESENTATION_ITEM()
RATIONAL_B_SPLINE_SURFACE(((1.,1.,1.,1.,1.,1.,1.,1.,1.,1.),(0.924673889,0.924673889,0.924673889,0.924673889,0.924673889,0.924673889,0.924673889,0.924673889,0.924673889,0.924673889),(0.924673889,0.924673889,0.924673889,0.924673889,0.924673889,0.924673889,0.924673889,0.924673889,0.924673889,0.924673889),(1.,1.,1.,1.,1.,1.,1.,1.,1.,1.)))
REPRESENTATION_ITEM('')
SURFACE()
);
#10749=CARTESIAN_POINT('',(66.841138851,111.421654574,1.75101752));
#10750=VERTEX_POINT('',#10749);
#10751=CARTESIAN_POINT('',(66.841138851,110.821654578,1.751022));
#10752=DIRECTION('',(1.,-0.,-0.));
#10753=DIRECTION('',(0.,0.,1.));
#10754=AXIS2_PLACEMENT_3D('',#10751,#10752,#10753);
#10755=CIRCLE('',#10754,0.6);
#10756=EDGE_CURVE('',#10750,#8131,#10755,.T.);
#10757=ORIENTED_EDGE('',*,*,#10756,.T.);
#10758=ORIENTED_EDGE('',*,*,#10482,.T.);
#10759=ORIENTED_EDGE('',*,*,#8295,.F.);
#10760=CARTESIAN_POINT('',(67.3,112.076976209,1.751012626));
#10761=DIRECTION('',(0.,0.000007467,1.));
#10762=DIRECTION('',(-0.573576436,-0.819152044,0.000006117));
#10763=AXIS2_PLACEMENT_3D('',#10760,#10761,#10762);
#10764=CIRCLE('',#10763,0.8);
#10765=EDGE_CURVE('',#8274,#10750,#10764,.T.);
#10766=ORIENTED_EDGE('',*,*,#10765,.T.);
#10767=EDGE_LOOP('',(#10757,#10758,#10759,#10766));
#10768=FACE_BOUND('',#10767,.T.);
#10769=ADVANCED_FACE('',(#10768),#10748,.T.);
#10770=CARTESIAN_POINT('',(66.5,112.076976209,-0.128349912));
#10771=CARTESIAN_POINT('',(66.5,112.076976209,0.498105899));
#10772=CARTESIAN_POINT('',(66.5,112.076976209,1.124561709));
#10773=CARTESIAN_POINT('',(66.5,112.076976209,1.75101752));
#10774=CARTESIAN_POINT('',(66.5,111.81064888,-0.128349912));
#10775=CARTESIAN_POINT('',(66.5,111.81064888,0.498105898));
#10776=CARTESIAN_POINT('',(66.5,111.81064888,1.124561709));
#10777=CARTESIAN_POINT('',(66.5,111.81064888,1.75101752));
#10778=CARTESIAN_POINT('',(66.622976275,111.574413654,-0.128349912));
#10779=CARTESIAN_POINT('',(66.622976275,111.574413654,0.498105898));
#10780=CARTESIAN_POINT('',(66.622976275,111.574413654,1.124561709));
#10781=CARTESIAN_POINT('',(66.622976275,111.574413654,1.75101752));
#10782=CARTESIAN_POINT('',(66.841138851,111.421654574,-0.128349912));
#10783=CARTESIAN_POINT('',(66.841138851,111.421654574,0.498105898));
#10784=CARTESIAN_POINT('',(66.841138851,111.421654574,1.124561709));
#10785=CARTESIAN_POINT('',(66.841138851,111.421654574,1.75101752));
#10786=(BOUNDED_SURFACE()
B_SPLINE_SURFACE(3,3,((#10770,#10771,#10772,#10773),(#10774,#10775,#10776,#10777),(#10778,#10779,#10780,#10781),(#10782,#10783,#10784,#10785)),.UNSPECIFIED.,.F.,.F.,.U.)
B_SPLINE_SURFACE_WITH_KNOTS((4,4),(4,4),(0.,1.),(0.,1.),.UNSPECIFIED.)
GEOMETRIC_REPRESENTATION_ITEM()
RATIONAL_B_SPLINE_SURFACE(((1.,1.,1.,1.),(0.924673889,0.924673889,0.924673889,0.924673889),(0.924673889,0.924673889,0.924673889,0.924673889),(1.,1.,1.,1.)))
REPRESENTATION_ITEM('')
SURFACE()
);
#10787=CARTESIAN_POINT('',(66.841138851,111.421654574,-0.128349912));
#10788=VERTEX_POINT('',#10787);
#10789=CARTESIAN_POINT('',(66.841138851,111.421654574,-0.128349912));
#10790=CARTESIAN_POINT('',(66.841138851,111.421654574,0.498105898));
#10791=CARTESIAN_POINT('',(66.841138851,111.421654574,1.124561709));
#10792=CARTESIAN_POINT('',(66.841138851,111.421654574,1.75101752));
#10793=B_SPLINE_CURVE_WITH_KNOTS('',3,(#10789,#10790,#10791,#10792),.UNSPECIFIED.,.F.,.F.,(4,4),(0.,1.),.UNSPECIFIED.);
#10794=EDGE_CURVE('',#10788,#10750,#10793,.T.);
#10795=ORIENTED_EDGE('',*,*,#10794,.T.);
#10796=ORIENTED_EDGE('',*,*,#10765,.F.);
#10797=ORIENTED_EDGE('',*,*,#8280,.F.);
#10798=CARTESIAN_POINT('',(67.3,112.076976209,-0.128354807));
#10799=DIRECTION('',(0.,0.00000747,1.));
#10800=DIRECTION('',(-0.573576436,-0.819152044,0.000006119));
#10801=AXIS2_PLACEMENT_3D('',#10798,#10799,#10800);
#10802=CIRCLE('',#10801,0.8);
#10803=EDGE_CURVE('',#8259,#10788,#10802,.T.);
#10804=ORIENTED_EDGE('',*,*,#10803,.T.);
#10805=EDGE_LOOP('',(#10795,#10796,#10797,#10804));
#10806=FACE_BOUND('',#10805,.T.);
#10807=ADVANCED_FACE('',(#10806),#10786,.T.);
#10808=CARTESIAN_POINT('',(66.5,110.821654578,-1.383667062));
#10809=CARTESIAN_POINT('',(66.5,110.9858789,-1.383667062));
#10810=CARTESIAN_POINT('',(66.5,111.150111734,-1.351044032));
#10811=CARTESIAN_POINT('',(66.5,111.453974672,-1.225180547));
#10812=CARTESIAN_POINT('',(66.5,111.593106976,-1.13218504));
#10813=CARTESIAN_POINT('',(66.5,111.825488426,-0.899805328));
#10814=CARTESIAN_POINT('',(66.5,111.918371213,-0.76083876));
#10815=CARTESIAN_POINT('',(66.5,112.044219431,-0.457238066));
#10816=CARTESIAN_POINT('',(66.5,112.076974966,-0.293050777));
#10817=CARTESIAN_POINT('',(66.5,112.076976209,-0.128354807));
#10818=CARTESIAN_POINT('',(66.5,110.821654578,-1.117339732));
#10819=CARTESIAN_POINT('',(66.5,110.951037291,-1.117339733));
#10820=CARTESIAN_POINT('',(66.5,111.080426711,-1.09163796));
#10821=CARTESIAN_POINT('',(66.5,111.319822501,-0.992477501));
#10822=CARTESIAN_POINT('',(66.5,111.429436685,-0.919211794));
#10823=CARTESIAN_POINT('',(66.5,111.612516402,-0.736133446));
#10824=CARTESIAN_POINT('',(66.5,111.685693304,-0.626649836));
#10825=CARTESIAN_POINT('',(66.5,111.784841735,-0.387460652));
#10826=CARTESIAN_POINT('',(66.5,111.8106479,-0.258107115));
#10827=CARTESIAN_POINT('',(66.5,111.81064888,-0.128352818));
#10828=CARTESIAN_POINT('',(66.622976275,110.821654578,-0.881104506));
#10829=CARTESIAN_POINT('',(66.622976275,110.920132407,-0.881104506));
#10830=CARTESIAN_POINT('',(66.622976275,111.01861534,-0.861541965));
#10831=CARTESIAN_POINT('',(66.622976275,111.200828073,-0.786067379));
#10832=CARTESIAN_POINT('',(66.622976275,111.284259364,-0.730302218));
#10833=CARTESIAN_POINT('',(66.622976275,111.423607911,-0.590954713));
#10834=CARTESIAN_POINT('',(66.622976275,111.479305478,-0.507622806));
#10835=CARTESIAN_POINT('',(66.622976275,111.55477091,-0.32556733));
#10836=CARTESIAN_POINT('',(66.622976275,111.574412908,-0.227111708));
#10837=CARTESIAN_POINT('',(66.622976275,111.574413654,-0.128351053));
#10838=CARTESIAN_POINT('',(66.841138851,110.821654578,-0.728345426));
#10839=CARTESIAN_POINT('',(66.841138851,110.900148081,-0.728345426));
#10840=CARTESIAN_POINT('',(66.841138851,110.978645653,-0.712752755));
#10841=CARTESIAN_POINT('',(66.841138851,111.123881549,-0.652594395));
#10842=CARTESIAN_POINT('',(66.841138851,111.190381942,-0.608145783));
#10843=CARTESIAN_POINT('',(66.841138851,111.301452177,-0.497076378));
#10844=CARTESIAN_POINT('',(66.841138851,111.345846912,-0.430655202));
#10845=CARTESIAN_POINT('',(66.841138851,111.405997975,-0.28554465));
#10846=CARTESIAN_POINT('',(66.841138851,111.421653979,-0.207068847));
#10847=CARTESIAN_POINT('',(66.841138851,111.421654574,-0.128349912));
#10848=(BOUNDED_SURFACE()
B_SPLINE_SURFACE(3,3,((#10808,#10809,#10810,#10811,#10812,#10813,#10814,#10815,#10816,#10817),(#10818,#10819,#10820,#10821,#10822,#10823,#10824,#10825,#10826,#10827),(#10828,#10829,#10830,#10831,#10832,#10833,#10834,#10835,#10836,#10837),(#10838,#10839,#10840,#10841,#10842,#10843,#10844,#10845,#10846,#10847)),.UNSPECIFIED.,.F.,.F.,.U.)
B_SPLINE_SURFACE_WITH_KNOTS((4,4),(4,2,2,2,4),(0.,1.),(0.945655181,0.959241386,0.972827591,0.986413795,1.),.UNSPECIFIED.)
GEOMETRIC_REPRESENTATION_ITEM()
RATIONAL_B_SPLINE_SURFACE(((1.,1.,1.,1.,1.,1.,1.,1.,1.,1.),(0.924673889,0.924673889,0.924673889,0.924673889,0.924673889,0.924673889,0.924673889,0.924673889,0.924673889,0.924673889),(0.924673889,0.924673889,0.924673889,0.924673889,0.924673889,0.924673889,0.924673889,0.924673889,0.924673889,0.924673889),(1.,1.,1.,1.,1.,1.,1.,1.,1.,1.)))
REPRESENTATION_ITEM('')
SURFACE()
);
#10849=CARTESIAN_POINT('',(66.841138851,110.821654578,-0.12834543));
#10850=DIRECTION('',(1.,-0.,-0.));
#10851=DIRECTION('',(0.,0.,1.));
#10852=AXIS2_PLACEMENT_3D('',#10849,#10850,#10851);
#10853=CIRCLE('',#10852,0.6);
#10854=EDGE_CURVE('',#8211,#10788,#10853,.T.);
#10855=ORIENTED_EDGE('',*,*,#10854,.T.);
#10856=ORIENTED_EDGE('',*,*,#10803,.F.);
#10857=ORIENTED_EDGE('',*,*,#8271,.F.);
#10858=CARTESIAN_POINT('',(66.5,110.821654578,-1.383667062));
#10859=CARTESIAN_POINT('',(66.5,110.821654578,-1.260534098));
#10860=CARTESIAN_POINT('',(66.530130444,110.821654578,-1.130028262));
#10861=CARTESIAN_POINT('',(66.590391333,110.821654578,-1.014268171));
#10862=CARTESIAN_POINT('',(66.650652222,110.821654578,-0.89850808));
#10863=CARTESIAN_POINT('',(66.740274232,110.821654578,-0.798971593));
#10864=CARTESIAN_POINT('',(66.841138851,110.821654578,-0.728345426));
#10865=B_SPLINE_CURVE_WITH_KNOTS('',3,(#10858,#10859,#10860,#10861,#10862,#10863,#10864),.UNSPECIFIED.,.F.,.F.,(4,3,4),(0.,0.5,1.),.UNSPECIFIED.);
#10866=EDGE_CURVE('',#8249,#8211,#10865,.T.);
#10867=ORIENTED_EDGE('',*,*,#10866,.T.);
#10868=EDGE_LOOP('',(#10855,#10856,#10857,#10867));
#10869=FACE_BOUND('',#10868,.T.);
#10870=ADVANCED_FACE('',(#10869),#10848,.T.);
#10871=CARTESIAN_POINT('',(71.136698241,110.821654578,-0.12834543));
#10872=DIRECTION('',(-1.,0.,0.));
#10873=DIRECTION('',(0.,0.,1.));
#10874=AXIS2_PLACEMENT_3D('',#10871,#10872,#10873);
#10875=CYLINDRICAL_SURFACE('',#10874,0.6);
#10876=ORIENTED_EDGE('',*,*,#10854,.F.);
#10877=ORIENTED_EDGE('',*,*,#8216,.T.);
#10878=ORIENTED_EDGE('',*,*,#9207,.F.);
#10879=CARTESIAN_POINT('',(67.3,111.421654578,-0.12834543));
#10880=DIRECTION('',(-1.,0.,0.));
#10881=VECTOR('',#10880,0.458861152);
#10882=LINE('',#10879,#10881);
#10883=EDGE_CURVE('',#9201,#10788,#10882,.T.);
#10884=ORIENTED_EDGE('',*,*,#10883,.T.);
#10885=EDGE_LOOP('',(#10876,#10877,#10878,#10884));
#10886=FACE_BOUND('',#10885,.T.);
#10887=ADVANCED_FACE('',(#10886),#10875,.F.);
#10888=CARTESIAN_POINT('',(71.136698241,111.421654578,0.811338285));
#10889=DIRECTION('',(0.,-1.,0.));
#10890=DIRECTION('',(0.,-0.,-1.));
#10891=AXIS2_PLACEMENT_3D('',#10888,#10889,#10890);
#10892=PLANE('',#10891);
#10893=ORIENTED_EDGE('',*,*,#10794,.F.);
#10894=ORIENTED_EDGE('',*,*,#10883,.F.);
#10895=ORIENTED_EDGE('',*,*,#9250,.F.);
#10896=CARTESIAN_POINT('',(67.3,111.421654578,1.751022));
#10897=DIRECTION('',(-1.,0.,0.));
#10898=VECTOR('',#10897,0.458861155);
#10899=LINE('',#10896,#10898);
#10900=EDGE_CURVE('',#9238,#10750,#10899,.T.);
#10901=ORIENTED_EDGE('',*,*,#10900,.T.);
#10902=EDGE_LOOP('',(#10893,#10894,#10895,#10901));
#10903=FACE_BOUND('',#10902,.T.);
#10904=ADVANCED_FACE('',(#10903),#10892,.T.);
#10905=CARTESIAN_POINT('',(71.136698241,110.821654578,1.751022));
#10906=DIRECTION('',(-1.,0.,0.));
#10907=DIRECTION('',(0.,0.,1.));
#10908=AXIS2_PLACEMENT_3D('',#10905,#10906,#10907);
#10909=CYLINDRICAL_SURFACE('',#10908,0.6);
#10910=ORIENTED_EDGE('',*,*,#10756,.F.);
#10911=ORIENTED_EDGE('',*,*,#10900,.F.);
#10912=ORIENTED_EDGE('',*,*,#9244,.F.);
#10913=ORIENTED_EDGE('',*,*,#8144,.T.);
#10914=EDGE_LOOP('',(#10910,#10911,#10912,#10913));
#10915=FACE_BOUND('',#10914,.T.);
#10916=ADVANCED_FACE('',(#10915),#10909,.F.);
#10917=CARTESIAN_POINT('',(66.84126546,110.821654438,-0.727534289));
#10918=CARTESIAN_POINT('',(66.84070539,107.921654409,-0.728724135));
#10919=CARTESIAN_POINT('',(66.84110628,102.12165397,-0.727525844));
#10920=CARTESIAN_POINT('',(66.840575388,96.321653552,-0.72869043));
#10921=CARTESIAN_POINT('',(66.840886357,93.421653157,-0.727808728));
#10922=CARTESIAN_POINT('',(66.819463623,110.821655088,-0.743757192));
#10923=CARTESIAN_POINT('',(66.819308644,107.921655044,-0.745626954));
#10924=CARTESIAN_POINT('',(66.81956185,102.121654612,-0.743862903));
#10925=CARTESIAN_POINT('',(66.819244155,96.321654185,-0.745490995));
#10926=CARTESIAN_POINT('',(66.819152718,93.421653805,-0.744051093));
#10927=CARTESIAN_POINT('',(66.771028067,110.821656522,-0.78295279));
#10928=CARTESIAN_POINT('',(66.771805085,107.921656442,-0.786095379));
#10929=CARTESIAN_POINT('',(66.771658619,102.121656027,-0.783312634));
#10930=CARTESIAN_POINT('',(66.771865414,96.32165558,-0.785776797));
#10931=CARTESIAN_POINT('',(66.770863578,93.421655234,-0.783286874));
#10932=CARTESIAN_POINT('',(66.703586043,110.821658473,-0.84966532));
#10933=CARTESIAN_POINT('',(66.705778545,107.921658344,-0.853664309));
#10934=CARTESIAN_POINT('',(66.704806015,102.121657957,-0.850384385));
#10935=CARTESIAN_POINT('',(66.705933593,96.321657479,-0.853261238));
#10936=CARTESIAN_POINT('',(66.703605852,93.421657179,-0.850042689));
#10937=CARTESIAN_POINT('',(66.640952276,110.821660221,-0.928748969));
#10938=CARTESIAN_POINT('',(66.644544511,107.921660049,-0.932382974));
#10939=CARTESIAN_POINT('',(66.642508031,102.121659694,-0.929808379));
#10940=CARTESIAN_POINT('',(66.644690775,96.321659184,-0.932102102));
#10941=CARTESIAN_POINT('',(66.641113909,93.421658923,-0.929143405));
#10942=CARTESIAN_POINT('',(66.572226188,110.821662041,-1.042404165));
#10943=CARTESIAN_POINT('',(66.577225903,107.921661828,-1.044350813));
#10944=CARTESIAN_POINT('',(66.573836921,102.12166151,-1.043784987));
#10945=CARTESIAN_POINT('',(66.57725724,96.321660966,-1.04439827));
#10946=CARTESIAN_POINT('',(66.572491292,93.421660739,-1.04277234));
#10947=CARTESIAN_POINT('',(66.517442249,110.821663276,-1.191231596));
#10948=CARTESIAN_POINT('',(66.522590022,107.921663069,-1.190472708));
#10949=CARTESIAN_POINT('',(66.51850992,102.121662763,-1.192549006));
#10950=CARTESIAN_POINT('',(66.522415296,96.321662211,-1.19093026));
#10951=CARTESIAN_POINT('',(66.517670608,93.421661976,-1.191469564));
#10952=CARTESIAN_POINT('',(66.501181818,110.821663327,-1.320796712));
#10953=CARTESIAN_POINT('',(66.503697491,107.921663207,-1.319535566));
#10954=CARTESIAN_POINT('',(66.501481488,102.121662842,-1.32135991));
#10955=CARTESIAN_POINT('',(66.503514716,96.321662351,-1.319878718));
#10956=CARTESIAN_POINT('',(66.501260196,93.421662032,-1.320834186));
#10957=CARTESIAN_POINT('',(66.499436033,110.821663151,-1.383857377));
#10958=CARTESIAN_POINT('',(66.500105095,107.921663091,-1.382781592));
#10959=CARTESIAN_POINT('',(66.499303353,102.121662682,-1.383917493));
#10960=CARTESIAN_POINT('',(66.499961202,96.321662233,-1.382959102));
#10961=CARTESIAN_POINT('',(66.499420797,93.42166186,-1.383779371));
#10962=B_SPLINE_SURFACE_WITH_KNOTS('',3,3,((#10917,#10918,#10919,#10920,#10921),(#10922,#10923,#10924,#10925,#10926),(#10927,#10928,#10929,#10930,#10931),(#10932,#10933,#10934,#10935,#10936),(#10937,#10938,#10939,#10940,#10941),(#10942,#10943,#10944,#10945,#10946),(#10947,#10948,#10949,#10950,#10951),(#10952,#10953,#10954,#10955,#10956),(#10957,#10958,#10959,#10960,#10961)),.UNSPECIFIED.,.F.,.F.,.U.,(4,1,1,1,1,1,4),(4,1,4),(-0.000383548,-0.000306519,-0.000204103,-0.000101688,0.000000727,0.000205558,0.000385001),(-0.008700001,-0.000000001,0.008700001),.UNSPECIFIED.);
#10963=ORIENTED_EDGE('',*,*,#8256,.T.);
#10964=ORIENTED_EDGE('',*,*,#8375,.F.);
#10965=ORIENTED_EDGE('',*,*,#8370,.F.);
#10966=ORIENTED_EDGE('',*,*,#10655,.T.);
#10967=ORIENTED_EDGE('',*,*,#8238,.T.);
#10968=ORIENTED_EDGE('',*,*,#8232,.T.);
#10969=ORIENTED_EDGE('',*,*,#8224,.F.);
#10970=ORIENTED_EDGE('',*,*,#10866,.F.);
#10971=EDGE_LOOP('',(#10963,#10964,#10965,#10966,#10967,#10968,#10969,#10970));
#10972=FACE_BOUND('',#10971,.T.);
#10973=ADVANCED_FACE('',(#10972),#10962,.T.);
#10974=CARTESIAN_POINT('',(129.025024749,113.621654578,-2.328345422));
#10975=DIRECTION('',(0.,0.,-1.));
#10976=DIRECTION('',(-1.,0.,0.));
#10977=AXIS2_PLACEMENT_3D('',#10974,#10975,#10976);
#10978=DEGENERATE_TOROIDAL_SURFACE('',#10977,21.578125314,22.778125309,.F.);
#10979=CARTESIAN_POINT('',(128.225024749,113.621654578,1.921654578));
#10980=VERTEX_POINT('',#10979);
#10981=CARTESIAN_POINT('',(150.603150063,113.621654578,-2.328345422));
#10982=DIRECTION('',(-0.,1.,-0.));
#10983=DIRECTION('',(-1.,0.,0.));
#10984=AXIS2_PLACEMENT_3D('',#10981,#10982,#10983);
#10985=CIRCLE('',#10984,22.778125309);
#10986=EDGE_CURVE('',#8043,#10980,#10985,.T.);
#10987=ORIENTED_EDGE('',*,*,#10986,.T.);
#10988=CARTESIAN_POINT('',(129.025024749,114.421654578,1.921654578));
#10989=VERTEX_POINT('',#10988);
#10990=CARTESIAN_POINT('',(129.025024749,113.621654578,1.921654578));
#10991=DIRECTION('',(0.,0.,-1.));
#10992=DIRECTION('',(-1.,0.,0.));
#10993=AXIS2_PLACEMENT_3D('',#10990,#10991,#10992);
#10994=CIRCLE('',#10993,0.8);
#10995=EDGE_CURVE('',#10980,#10989,#10994,.T.);
#10996=ORIENTED_EDGE('',*,*,#10995,.T.);
#10997=CARTESIAN_POINT('',(129.025024749,92.043529264,-2.328345422));
#10998=DIRECTION('',(-1.,0.,0.));
#10999=DIRECTION('',(0.,0.,-1.));
#11000=AXIS2_PLACEMENT_3D('',#10997,#10998,#10999);
#11001=CIRCLE('',#11000,22.778125309);
#11002=EDGE_CURVE('',#10989,#8041,#11001,.T.);
#11003=ORIENTED_EDGE('',*,*,#11002,.T.);
#11004=ORIENTED_EDGE('',*,*,#8056,.F.);
#11005=EDGE_LOOP('',(#10987,#10996,#11003,#11004));
#11006=FACE_BOUND('',#11005,.T.);
#11007=ADVANCED_FACE('',(#11006),#10978,.F.);
#11008=CARTESIAN_POINT('',(158.025024749,102.121654578,1.921654578));
#11009=DIRECTION('',(0.,0.,-1.));
#11010=DIRECTION('',(0.,1.,0.));
#11011=AXIS2_PLACEMENT_3D('',#11008,#11009,#11010);
#11012=PLANE('',#11011);
#11013=ORIENTED_EDGE('',*,*,#10995,.F.);
#11014=CARTESIAN_POINT('',(129.025024749,113.621654578,1.921654578));
#11015=DIRECTION('',(0.,0.,-1.));
#11016=DIRECTION('',(-1.,0.,0.));
#11017=AXIS2_PLACEMENT_3D('',#11014,#11015,#11016);
#11018=CIRCLE('',#11017,0.8);
#11019=EDGE_CURVE('',#10989,#10980,#11018,.T.);
#11020=ORIENTED_EDGE('',*,*,#11019,.F.);
#11021=EDGE_LOOP('',(#11013,#11020));
#11022=FACE_BOUND('',#11021,.T.);
#11023=ADVANCED_FACE('',(#11022),#11012,.F.);
#11024=CARTESIAN_POINT('',(129.025024749,90.621654578,-2.328345422));
#11025=DIRECTION('',(0.,0.,-1.));
#11026=DIRECTION('',(-1.,0.,0.));
#11027=AXIS2_PLACEMENT_3D('',#11024,#11025,#11026);
#11028=DEGENERATE_TOROIDAL_SURFACE('',#11027,21.578125314,22.778125309,.F.);
#11029=CARTESIAN_POINT('',(128.225024749,90.621654578,1.921654578));
#11030=VERTEX_POINT('',#11029);
#11031=CARTESIAN_POINT('',(150.603150063,90.621654578,-2.328345422));
#11032=DIRECTION('',(-0.,1.,-0.));
#11033=DIRECTION('',(-1.,0.,0.));
#11034=AXIS2_PLACEMENT_3D('',#11031,#11032,#11033);
#11035=CIRCLE('',#11034,22.778125309);
#11036=EDGE_CURVE('',#7983,#11030,#11035,.T.);
#11037=ORIENTED_EDGE('',*,*,#11036,.T.);
#11038=CARTESIAN_POINT('',(129.025024749,91.421654578,1.921654578));
#11039=VERTEX_POINT('',#11038);
#11040=CARTESIAN_POINT('',(129.025024749,90.621654578,1.921654578));
#11041=DIRECTION('',(0.,0.,-1.));
#11042=DIRECTION('',(-1.,0.,0.));
#11043=AXIS2_PLACEMENT_3D('',#11040,#11041,#11042);
#11044=CIRCLE('',#11043,0.8);
#11045=EDGE_CURVE('',#11030,#11039,#11044,.T.);
#11046=ORIENTED_EDGE('',*,*,#11045,.T.);
#11047=CARTESIAN_POINT('',(129.025024749,69.043529264,-2.328345422));
#11048=DIRECTION('',(-1.,0.,0.));
#11049=DIRECTION('',(0.,0.,-1.));
#11050=AXIS2_PLACEMENT_3D('',#11047,#11048,#11049);
#11051=CIRCLE('',#11050,22.778125309);
#11052=EDGE_CURVE('',#11039,#7981,#11051,.T.);
#11053=ORIENTED_EDGE('',*,*,#11052,.T.);
#11054=ORIENTED_EDGE('',*,*,#7996,.F.);
#11055=EDGE_LOOP('',(#11037,#11046,#11053,#11054));
#11056=FACE_BOUND('',#11055,.T.);
#11057=ADVANCED_FACE('',(#11056),#11028,.F.);
#11058=CARTESIAN_POINT('',(158.025024749,79.121654578,1.921654578));
#11059=DIRECTION('',(0.,0.,-1.));
#11060=DIRECTION('',(0.,1.,0.));
#11061=AXIS2_PLACEMENT_3D('',#11058,#11059,#11060);
#11062=PLANE('',#11061);
#11063=ORIENTED_EDGE('',*,*,#11045,.F.);
#11064=CARTESIAN_POINT('',(129.025024749,90.621654578,1.921654578));
#11065=DIRECTION('',(0.,0.,-1.));
#11066=DIRECTION('',(-1.,0.,0.));
#11067=AXIS2_PLACEMENT_3D('',#11064,#11065,#11066);
#11068=CIRCLE('',#11067,0.8);
#11069=EDGE_CURVE('',#11039,#11030,#11068,.T.);
#11070=ORIENTED_EDGE('',*,*,#11069,.F.);
#11071=EDGE_LOOP('',(#11063,#11070));
#11072=FACE_BOUND('',#11071,.T.);
#11073=ADVANCED_FACE('',(#11072),#11062,.F.);
#11074=CARTESIAN_POINT('',(71.,90.621654578,-2.328345422));
#11075=DIRECTION('',(0.,0.,-1.));
#11076=DIRECTION('',(-1.,0.,0.));
#11077=AXIS2_PLACEMENT_3D('',#11074,#11075,#11076);
#11078=DEGENERATE_TOROIDAL_SURFACE('',#11077,21.578125314,22.778125309,.F.);
#11079=CARTESIAN_POINT('',(70.2,90.621654578,1.921654578));
#11080=VERTEX_POINT('',#11079);
#11081=CARTESIAN_POINT('',(92.578125314,90.621654578,-2.328345422));
#11082=DIRECTION('',(-0.,1.,-0.));
#11083=DIRECTION('',(-1.,0.,0.));
#11084=AXIS2_PLACEMENT_3D('',#11081,#11082,#11083);
#11085=CIRCLE('',#11084,22.778125309);
#11086=EDGE_CURVE('',#8023,#11080,#11085,.T.);
#11087=ORIENTED_EDGE('',*,*,#11086,.T.);
#11088=CARTESIAN_POINT('',(71.,91.421654578,1.921654578));
#11089=VERTEX_POINT('',#11088);
#11090=CARTESIAN_POINT('',(71.,90.621654578,1.921654578));
#11091=DIRECTION('',(0.,0.,-1.));
#11092=DIRECTION('',(-1.,0.,0.));
#11093=AXIS2_PLACEMENT_3D('',#11090,#11091,#11092);
#11094=CIRCLE('',#11093,0.8);
#11095=EDGE_CURVE('',#11080,#11089,#11094,.T.);
#11096=ORIENTED_EDGE('',*,*,#11095,.T.);
#11097=CARTESIAN_POINT('',(71.,69.043529264,-2.328345422));
#11098=DIRECTION('',(-1.,0.,0.));
#11099=DIRECTION('',(0.,0.,-1.));
#11100=AXIS2_PLACEMENT_3D('',#11097,#11098,#11099);
#11101=CIRCLE('',#11100,22.778125309);
#11102=EDGE_CURVE('',#11089,#8021,#11101,.T.);
#11103=ORIENTED_EDGE('',*,*,#11102,.T.);
#11104=ORIENTED_EDGE('',*,*,#8036,.F.);
#11105=EDGE_LOOP('',(#11087,#11096,#11103,#11104));
#11106=FACE_BOUND('',#11105,.T.);
#11107=ADVANCED_FACE('',(#11106),#11078,.F.);
#11108=CARTESIAN_POINT('',(71.,113.621654578,-2.328345422));
#11109=DIRECTION('',(0.,0.,-1.));
#11110=DIRECTION('',(-1.,0.,0.));
#11111=AXIS2_PLACEMENT_3D('',#11108,#11109,#11110);
#11112=DEGENERATE_TOROIDAL_SURFACE('',#11111,21.578125314,22.778125309,.F.);
#11113=CARTESIAN_POINT('',(70.2,113.621654578,1.921654578));
#11114=VERTEX_POINT('',#11113);
#11115=CARTESIAN_POINT('',(92.578125314,113.621654578,-2.328345422));
#11116=DIRECTION('',(-0.,1.,-0.));
#11117=DIRECTION('',(-1.,0.,0.));
#11118=AXIS2_PLACEMENT_3D('',#11115,#11116,#11117);
#11119=CIRCLE('',#11118,22.778125309);
#11120=EDGE_CURVE('',#8003,#11114,#11119,.T.);
#11121=ORIENTED_EDGE('',*,*,#11120,.T.);
#11122=CARTESIAN_POINT('',(71.,114.421654578,1.921654578));
#11123=VERTEX_POINT('',#11122);
#11124=CARTESIAN_POINT('',(71.,113.621654578,1.921654578));
#11125=DIRECTION('',(0.,0.,-1.));
#11126=DIRECTION('',(-1.,0.,0.));
#11127=AXIS2_PLACEMENT_3D('',#11124,#11125,#11126);
#11128=CIRCLE('',#11127,0.8);
#11129=EDGE_CURVE('',#11114,#11123,#11128,.T.);
#11130=ORIENTED_EDGE('',*,*,#11129,.T.);
#11131=CARTESIAN_POINT('',(71.,92.043529264,-2.328345422));
#11132=DIRECTION('',(-1.,0.,0.));
#11133=DIRECTION('',(0.,0.,-1.));
#11134=AXIS2_PLACEMENT_3D('',#11131,#11132,#11133);
#11135=CIRCLE('',#11134,22.778125309);
#11136=EDGE_CURVE('',#11123,#8001,#11135,.T.);
#11137=ORIENTED_EDGE('',*,*,#11136,.T.);
#11138=ORIENTED_EDGE('',*,*,#8016,.F.);
#11139=EDGE_LOOP('',(#11121,#11130,#11137,#11138));
#11140=FACE_BOUND('',#11139,.T.);
#11141=ADVANCED_FACE('',(#11140),#11112,.F.);
#11142=CARTESIAN_POINT('',(100.,79.121654578,1.921654578));
#11143=DIRECTION('',(0.,0.,-1.));
#11144=DIRECTION('',(0.,1.,0.));
#11145=AXIS2_PLACEMENT_3D('',#11142,#11143,#11144);
#11146=PLANE('',#11145);
#11147=ORIENTED_EDGE('',*,*,#11095,.F.);
#11148=CARTESIAN_POINT('',(71.,90.621654578,1.921654578));
#11149=DIRECTION('',(0.,0.,-1.));
#11150=DIRECTION('',(-1.,0.,0.));
#11151=AXIS2_PLACEMENT_3D('',#11148,#11149,#11150);
#11152=CIRCLE('',#11151,0.8);
#11153=EDGE_CURVE('',#11089,#11080,#11152,.T.);
#11154=ORIENTED_EDGE('',*,*,#11153,.F.);
#11155=EDGE_LOOP('',(#11147,#11154));
#11156=FACE_BOUND('',#11155,.T.);
#11157=ADVANCED_FACE('',(#11156),#11146,.F.);
#11158=CARTESIAN_POINT('',(100.,102.121654578,1.921654578));
#11159=DIRECTION('',(0.,0.,-1.));
#11160=DIRECTION('',(0.,1.,0.));
#11161=AXIS2_PLACEMENT_3D('',#11158,#11159,#11160);
#11162=PLANE('',#11161);
#11163=ORIENTED_EDGE('',*,*,#11129,.F.);
#11164=CARTESIAN_POINT('',(71.,113.621654578,1.921654578));
#11165=DIRECTION('',(0.,0.,-1.));
#11166=DIRECTION('',(-1.,0.,0.));
#11167=AXIS2_PLACEMENT_3D('',#11164,#11165,#11166);
#11168=CIRCLE('',#11167,0.8);
#11169=EDGE_CURVE('',#11123,#11114,#11168,.T.);
#11170=ORIENTED_EDGE('',*,*,#11169,.F.);
#11171=EDGE_LOOP('',(#11163,#11170));
#11172=FACE_BOUND('',#11171,.T.);
#11173=ADVANCED_FACE('',(#11172),#11162,.F.);
#11174=CARTESIAN_POINT('',(80.95,113.791654578,-2.928345422));
#11175=CARTESIAN_POINT('',(80.95,113.791654578,-2.328345422));
#11176=CARTESIAN_POINT('',(81.405195279,113.791654578,-2.928345422));
#11177=CARTESIAN_POINT('',(81.405195279,113.791654578,-2.328345422));
#11178=CARTESIAN_POINT('',(81.727817459,114.113837119,-2.928345422));
#11179=CARTESIAN_POINT('',(81.727817459,114.113837119,-2.328345422));
#11180=CARTESIAN_POINT('',(82.049688829,114.435269872,-2.928345422));
#11181=CARTESIAN_POINT('',(82.049688829,114.435269872,-2.328345422));
#11182=CARTESIAN_POINT('',(82.05,114.891654578,-2.928345422));
#11183=CARTESIAN_POINT('',(82.05,114.891654578,-2.328345422));
#11184=CARTESIAN_POINT('',(82.050310149,115.346539285,-2.928345422));
#11185=CARTESIAN_POINT('',(82.050310149,115.346539285,-2.328345422));
#11186=CARTESIAN_POINT('',(81.727817459,115.669472037,-2.928345422));
#11187=CARTESIAN_POINT('',(81.727817459,115.669472037,-2.328345422));
#11188=CARTESIAN_POINT('',(81.406073959,115.991654578,-2.928345422));
#11189=CARTESIAN_POINT('',(81.406073959,115.991654578,-2.328345422));
#11190=CARTESIAN_POINT('',(80.95,115.991654578,-2.928345422));
#11191=CARTESIAN_POINT('',(80.95,115.991654578,-2.328345422));
#11192=B_SPLINE_SURFACE_WITH_KNOTS('',2,1,((#11174,#11175),(#11176,#11177),(#11178,#11179),(#11180,#11181),(#11182,#11183),(#11184,#11185),(#11186,#11187),(#11188,#11189),(#11190,#11191)),.UNSPECIFIED.,.F.,.F.,.U.,(3,2,2,2,3),(2,2),(0.,0.25,0.5,0.75,1.),(0.,1.),.UNSPECIFIED.);
#11193=ORIENTED_EDGE('',*,*,#8074,.T.);
#11194=CARTESIAN_POINT('',(80.95,115.991654578,-2.928345422));
#11195=VERTEX_POINT('',#11194);
#11196=CARTESIAN_POINT('',(80.95,115.991654578,-2.928345422));
#11197=DIRECTION('',(-0.,-0.,1.));
#11198=VECTOR('',#11197,0.6);
#11199=LINE('',#11196,#11198);
#11200=EDGE_CURVE('',#11195,#8063,#11199,.T.);
#11201=ORIENTED_EDGE('',*,*,#11200,.F.);
#11202=CARTESIAN_POINT('',(80.95,113.791654578,-2.928345422));
#11203=VERTEX_POINT('',#11202);
#11204=CARTESIAN_POINT('',(80.95,113.791654578,-2.928345422));
#11205=CARTESIAN_POINT('',(81.405195279,113.791654578,-2.928345422));
#11206=CARTESIAN_POINT('',(81.727817459,114.113837119,-2.928345422));
#11207=CARTESIAN_POINT('',(82.049688829,114.435269872,-2.928345422));
#11208=CARTESIAN_POINT('',(82.05,114.891654578,-2.928345422));
#11209=CARTESIAN_POINT('',(82.050310149,115.346539285,-2.928345422));
#11210=CARTESIAN_POINT('',(81.727817459,115.669472037,-2.928345422));
#11211=CARTESIAN_POINT('',(81.406073959,115.991654578,-2.928345422));
#11212=CARTESIAN_POINT('',(80.95,115.991654578,-2.928345422));
#11213=B_SPLINE_CURVE_WITH_KNOTS('',2,(#11204,#11205,#11206,#11207,#11208,#11209,#11210,#11211,#11212),.UNSPECIFIED.,.F.,.F.,(3,2,2,2,3),(0.,0.25,0.5,0.75,1.),.UNSPECIFIED.);
#11214=EDGE_CURVE('',#11203,#11195,#11213,.T.);
#11215=ORIENTED_EDGE('',*,*,#11214,.F.);
#11216=CARTESIAN_POINT('',(80.95,113.791654578,-2.928345422));
#11217=DIRECTION('',(-0.,-0.,1.));
#11218=VECTOR('',#11217,0.6);
#11219=LINE('',#11216,#11218);
#11220=EDGE_CURVE('',#11203,#8061,#11219,.T.);
#11221=ORIENTED_EDGE('',*,*,#11220,.T.);
#11222=EDGE_LOOP('',(#11193,#11201,#11215,#11221));
#11223=FACE_BOUND('',#11222,.T.);
#11224=ADVANCED_FACE('',(#11223),#11192,.F.);
#11225=CARTESIAN_POINT('',(129.025024749,113.791654578,-2.928345422));
#11226=DIRECTION('',(0.,-1.,0.));
#11227=DIRECTION('',(0.,0.,-1.));
#11228=AXIS2_PLACEMENT_3D('',#11225,#11226,#11227);
#11229=PLANE('',#11228);
#11230=ORIENTED_EDGE('',*,*,#8082,.T.);
#11231=ORIENTED_EDGE('',*,*,#11220,.F.);
#11232=CARTESIAN_POINT('',(75.87,113.791654578,-2.928345422));
#11233=VERTEX_POINT('',#11232);
#11234=CARTESIAN_POINT('',(75.87,113.791654578,-2.928345422));
#11235=DIRECTION('',(1.,0.,0.));
#11236=VECTOR('',#11235,5.08);
#11237=LINE('',#11234,#11236);
#11238=EDGE_CURVE('',#11233,#11203,#11237,.T.);
#11239=ORIENTED_EDGE('',*,*,#11238,.F.);
#11240=CARTESIAN_POINT('',(75.87,113.791654578,-2.928345422));
#11241=DIRECTION('',(-0.,-0.,1.));
#11242=VECTOR('',#11241,0.6);
#11243=LINE('',#11240,#11242);
#11244=EDGE_CURVE('',#11233,#8077,#11243,.T.);
#11245=ORIENTED_EDGE('',*,*,#11244,.T.);
#11246=EDGE_LOOP('',(#11230,#11231,#11239,#11245));
#11247=FACE_BOUND('',#11246,.T.);
#11248=ADVANCED_FACE('',(#11247),#11229,.F.);
#11249=CARTESIAN_POINT('',(75.87,115.991654578,-2.928345422));
#11250=CARTESIAN_POINT('',(75.87,115.991654578,-2.328345422));
#11251=CARTESIAN_POINT('',(75.414804721,115.991654578,-2.928345422));
#11252=CARTESIAN_POINT('',(75.414804721,115.991654578,-2.328345422));
#11253=CARTESIAN_POINT('',(75.092182541,115.669472037,-2.928345422));
#11254=CARTESIAN_POINT('',(75.092182541,115.669472037,-2.328345422));
#11255=CARTESIAN_POINT('',(74.770311171,115.348039285,-2.928345422));
#11256=CARTESIAN_POINT('',(74.770311171,115.348039285,-2.328345422));
#11257=CARTESIAN_POINT('',(74.77,114.891654578,-2.928345422));
#11258=CARTESIAN_POINT('',(74.77,114.891654578,-2.328345422));
#11259=CARTESIAN_POINT('',(74.769689851,114.436769871,-2.928345422));
#11260=CARTESIAN_POINT('',(74.769689851,114.436769871,-2.328345422));
#11261=CARTESIAN_POINT('',(75.092182541,114.113837119,-2.928345422));
#11262=CARTESIAN_POINT('',(75.092182541,114.113837119,-2.328345422));
#11263=CARTESIAN_POINT('',(75.413926041,113.791654578,-2.928345422));
#11264=CARTESIAN_POINT('',(75.413926041,113.791654578,-2.328345422));
#11265=CARTESIAN_POINT('',(75.87,113.791654578,-2.928345422));
#11266=CARTESIAN_POINT('',(75.87,113.791654578,-2.328345422));
#11267=B_SPLINE_SURFACE_WITH_KNOTS('',2,1,((#11249,#11250),(#11251,#11252),(#11253,#11254),(#11255,#11256),(#11257,#11258),(#11259,#11260),(#11261,#11262),(#11263,#11264),(#11265,#11266)),.UNSPECIFIED.,.F.,.F.,.U.,(3,2,2,2,3),(2,2),(0.,0.25,0.5,0.75,1.),(0.,1.),.UNSPECIFIED.);
#11268=ORIENTED_EDGE('',*,*,#8096,.T.);
#11269=ORIENTED_EDGE('',*,*,#11244,.F.);
#11270=CARTESIAN_POINT('',(75.87,115.991654578,-2.928345422));
#11271=VERTEX_POINT('',#11270);
#11272=CARTESIAN_POINT('',(75.87,115.991654578,-2.928345422));
#11273=CARTESIAN_POINT('',(75.414804721,115.991654578,-2.928345422));
#11274=CARTESIAN_POINT('',(75.092182541,115.669472037,-2.928345422));
#11275=CARTESIAN_POINT('',(74.770311171,115.348039285,-2.928345422));
#11276=CARTESIAN_POINT('',(74.77,114.891654578,-2.928345422));
#11277=CARTESIAN_POINT('',(74.769689851,114.436769871,-2.928345422));
#11278=CARTESIAN_POINT('',(75.092182541,114.113837119,-2.928345422));
#11279=CARTESIAN_POINT('',(75.413926041,113.791654578,-2.928345422));
#11280=CARTESIAN_POINT('',(75.87,113.791654578,-2.928345422));
#11281=B_SPLINE_CURVE_WITH_KNOTS('',2,(#11272,#11273,#11274,#11275,#11276,#11277,#11278,#11279,#11280),.UNSPECIFIED.,.F.,.F.,(3,2,2,2,3),(0.,0.25,0.5,0.75,1.),.UNSPECIFIED.);
#11282=EDGE_CURVE('',#11271,#11233,#11281,.T.);
#11283=ORIENTED_EDGE('',*,*,#11282,.F.);
#11284=CARTESIAN_POINT('',(75.87,115.991654578,-2.928345422));
#11285=DIRECTION('',(-0.,-0.,1.));
#11286=VECTOR('',#11285,0.6);
#11287=LINE('',#11284,#11286);
#11288=EDGE_CURVE('',#11271,#8085,#11287,.T.);
#11289=ORIENTED_EDGE('',*,*,#11288,.T.);
#11290=EDGE_LOOP('',(#11268,#11269,#11283,#11289));
#11291=FACE_BOUND('',#11290,.T.);
#11292=ADVANCED_FACE('',(#11291),#11267,.F.);
#11293=CARTESIAN_POINT('',(129.025024749,115.991654578,-2.928345422));
#11294=DIRECTION('',(0.,-1.,0.));
#11295=DIRECTION('',(0.,0.,-1.));
#11296=AXIS2_PLACEMENT_3D('',#11293,#11294,#11295);
#11297=PLANE('',#11296);
#11298=ORIENTED_EDGE('',*,*,#8102,.F.);
#11299=ORIENTED_EDGE('',*,*,#11288,.F.);
#11300=CARTESIAN_POINT('',(75.87,115.991654578,-2.928345422));
#11301=DIRECTION('',(1.,0.,0.));
#11302=VECTOR('',#11301,5.08);
#11303=LINE('',#11300,#11302);
#11304=EDGE_CURVE('',#11271,#11195,#11303,.T.);
#11305=ORIENTED_EDGE('',*,*,#11304,.T.);
#11306=ORIENTED_EDGE('',*,*,#11200,.T.);
#11307=EDGE_LOOP('',(#11298,#11299,#11305,#11306));
#11308=FACE_BOUND('',#11307,.T.);
#11309=ADVANCED_FACE('',(#11308),#11297,.T.);
#11310=CARTESIAN_POINT('',(129.025024749,113.621654578,-2.928345422));
#11311=DIRECTION('',(0.,0.,-1.));
#11312=DIRECTION('',(0.,1.,0.));
#11313=AXIS2_PLACEMENT_3D('',#11310,#11311,#11312);
#11314=PLANE('',#11313);
#11315=ORIENTED_EDGE('',*,*,#11214,.T.);
#11316=ORIENTED_EDGE('',*,*,#11304,.F.);
#11317=ORIENTED_EDGE('',*,*,#11282,.T.);
#11318=ORIENTED_EDGE('',*,*,#11238,.T.);
#11319=EDGE_LOOP('',(#11315,#11316,#11317,#11318));
#11320=FACE_BOUND('',#11319,.T.);
#11321=ADVANCED_FACE('',(#11320),#11314,.F.);
#11322=CARTESIAN_POINT('',(129.025024749,113.621654578,-2.328345422));
#11323=DIRECTION('',(0.,0.,-1.));
#11324=DIRECTION('',(-1.,0.,0.));
#11325=AXIS2_PLACEMENT_3D('',#11322,#11323,#11324);
#11326=DEGENERATE_TOROIDAL_SURFACE('',#11325,21.578125314,22.778125309,.F.);
#11327=ORIENTED_EDGE('',*,*,#10986,.F.);
#11328=ORIENTED_EDGE('',*,*,#8049,.F.);
#11329=ORIENTED_EDGE('',*,*,#11002,.F.);
#11330=ORIENTED_EDGE('',*,*,#11019,.T.);
#11331=EDGE_LOOP('',(#11327,#11328,#11329,#11330));
#11332=FACE_BOUND('',#11331,.T.);
#11333=ADVANCED_FACE('',(#11332),#11326,.F.);
#11334=CARTESIAN_POINT('',(129.025024749,90.621654578,-2.328345422));
#11335=DIRECTION('',(0.,0.,-1.));
#11336=DIRECTION('',(-1.,0.,0.));
#11337=AXIS2_PLACEMENT_3D('',#11334,#11335,#11336);
#11338=DEGENERATE_TOROIDAL_SURFACE('',#11337,21.578125314,22.778125309,.F.);
#11339=ORIENTED_EDGE('',*,*,#11036,.F.);
#11340=ORIENTED_EDGE('',*,*,#7989,.F.);
#11341=ORIENTED_EDGE('',*,*,#11052,.F.);
#11342=ORIENTED_EDGE('',*,*,#11069,.T.);
#11343=EDGE_LOOP('',(#11339,#11340,#11341,#11342));
#11344=FACE_BOUND('',#11343,.T.);
#11345=ADVANCED_FACE('',(#11344),#11338,.F.);
#11346=CARTESIAN_POINT('',(71.,90.621654578,-2.328345422));
#11347=DIRECTION('',(0.,0.,-1.));
#11348=DIRECTION('',(-1.,0.,0.));
#11349=AXIS2_PLACEMENT_3D('',#11346,#11347,#11348);
#11350=DEGENERATE_TOROIDAL_SURFACE('',#11349,21.578125314,22.778125309,.F.);
#11351=ORIENTED_EDGE('',*,*,#11086,.F.);
#11352=ORIENTED_EDGE('',*,*,#8029,.F.);
#11353=ORIENTED_EDGE('',*,*,#11102,.F.);
#11354=ORIENTED_EDGE('',*,*,#11153,.T.);
#11355=EDGE_LOOP('',(#11351,#11352,#11353,#11354));
#11356=FACE_BOUND('',#11355,.T.);
#11357=ADVANCED_FACE('',(#11356),#11350,.F.);
#11358=CARTESIAN_POINT('',(71.,113.621654578,-2.328345422));
#11359=DIRECTION('',(0.,0.,-1.));
#11360=DIRECTION('',(-1.,0.,0.));
#11361=AXIS2_PLACEMENT_3D('',#11358,#11359,#11360);
#11362=DEGENERATE_TOROIDAL_SURFACE('',#11361,21.578125314,22.778125309,.F.);
#11363=ORIENTED_EDGE('',*,*,#11120,.F.);
#11364=ORIENTED_EDGE('',*,*,#8009,.F.);
#11365=ORIENTED_EDGE('',*,*,#11136,.F.);
#11366=ORIENTED_EDGE('',*,*,#11169,.T.);
#11367=EDGE_LOOP('',(#11363,#11364,#11365,#11366));
#11368=FACE_BOUND('',#11367,.T.);
#11369=ADVANCED_FACE('',(#11368),#11362,.F.);
#11370=CLOSED_SHELL('',(#8106,#8178,#8242,#8413,#8568,#8616,#8672,#8755,#8780,#8805,#8870,#8927,#9010,#9050,#9098,#9122,#9146,#9170,#9194,#9279,#9297,#9315,#9333,#9345,#9363,#9393,
#9415,#9445,#9467,#9497,#9519,#9543,#9561,#9579,#9597,#9615,#9633,#9651,#9669,#9681,#9712,#9743,#9765,#9777,#9789,#9893,#9947,#9989,#10046,#10173,#10198,
#10223,#10241,#10325,#10379,#10427,#10498,#10560,#10598,#10661,#10678,#10695,#10707,#10769,#10807,#10870,#10887,#10904,#10916,#10973,#11007,#11023,#11057,#11073,#11107,#11141,
#11157,#11173,#11224,#11248,#11292,#11309,#11321,#11333,#11345,#11357,#11369));
#11371=MANIFOLD_SOLID_BREP('Face sheet.012',#11370);
#7888=STYLED_ITEM('',(),#11371);
#16=SHAPE_REPRESENTATION('export',(#15),#10);
#17=ADVANCED_BREP_SHAPE_REPRESENTATION('export',(#2732,#7585,#7736,#7887,#11371),#10);
#11379=SHAPE_REPRESENTATION_RELATIONSHIP('','',#16,#17);
#11380=APPLICATION_CONTEXT('configuration controlled 3D design of mechanical parts and assemblies');
#11381=APPLICATION_PROTOCOL_DEFINITION('international standard','configuration_control_3d_design_ed2_mim',2004,#11380);
#11382=PRODUCT_CONTEXT('',#11380,'mechanical');
#11383=PRODUCT_DEFINITION_CONTEXT('part definition',#11380,'design');
#24=PRODUCT('export','export','',(#11382));
#11384=PRODUCT_RELATED_PRODUCT_CATEGORY('part','',(#24));
#11385=PRODUCT_DEFINITION_FORMATION_WITH_SPECIFIED_SOURCE('','',#24,.NOT_KNOWN.);
#25=PRODUCT_DEFINITION('design','',#11385,#11383);
#23=PRODUCT_DEFINITION_SHAPE('','',#25);
#11386=SHAPE_DEFINITION_REPRESENTATION(#23,#16);
#11=DRAUGHTING_MODEL('',(),#10);
#1=MECHANICAL_DESIGN_GEOMETRIC_PRESENTATION_REPRESENTATION('',(#26,#2733,#7586,#7737,#7888),#10);
ENDSEC;
END-ISO-10303-21;
